idx,t_dev_ms,t_host_ms,ir,red,ax,ay,az,gx,gy,gz
164,1640,1791070272673,725,869,-0.9319,-0.3765,0.179,4.82,-5.48,4.72
165,1650,1791070272673,723,873,-0.9539,-0.2935,0.1914,7.79,-5.21,7.51
166,1660,1791070272673,724,876,-0.9392,-0.25,0.2605,4.49,-8.26,4.92
167,1670,1791070272673,720,882,-0.9153,-0.2402,0.3057,-0.63,-5.04,0.23
168,1680,1791070272718,723,873,-0.9048,-0.2393,0.2473,-5.08,2.61,-4.85
169,1690,1791070272718,718,871,-0.8953,-0.2637,0.1597,-8.69,5.59,-9.33
170,1700,1791070272718,721,873,-0.8552,-0.2637,0.1001,-9.33,3.88,-11.21
171,1710,1791070272718,727,878,-0.8579,-0.282,0.1047,-8.34,1.73,-11.39
172,1720,1791070272747,727,875,-0.8301,-0.2766,0.0889,-8.11,1.56,-9.91
173,1730,1791070272747,725,878,-0.8552,-0.3145,0.0605,-3.47,-4.82,-7.74
174,1740,1791070272747,722,870,-0.9119,-0.3379,0.2107,7.19,-20.43,-4.09
175,1750,1791070272747,722,873,-0.929,-0.3123,0.4067,17.24,-27.22,-0.23
176,1760,1791070272794,716,872,-0.9395,-0.2666,0.4409,22.09,-19.63,1.53
177,1770,1791070272794,723,865,-0.9502,-0.207,0.4233,25.97,-12.12,-0.81
178,1780,1791070272794,719,874,-0.9336,-0.21,0.4255,23.02,-9.3,-6.98
179,1790,1791070272794,721,875,-0.8989,-0.2295,0.3796,14.41,-3.37,-13.98
180,1800,1791070272838,720,874,-0.8774,-0.2317,0.3086,6.24,3.44,-19.89
181,1810,1791070272838,725,876,-0.8601,-0.292,0.2346,-1.88,4.47,-24.7
182,1820,1791070272838,723,880,-0.843,-0.4163,0.2212,-7.82,2.05,-25.62
183,1830,1791070272838,719,882,-0.9067,-0.5015,0.2786,-2.21,-2.81,-18.79
184,1840,1791070272867,721,877,-0.9211,-0.4792,0.3452,8.5,-6.34,-8.87
185,1850,1791070272867,718,871,-0.8987,-0.3738,0.3804,16.21,-6.89,-1.71
186,1860,1791070272867,726,874,-0.8669,-0.3298,0.3848,15.6,-4.38,-1.88
187,1870,1791070272867,720,878,-0.8613,-0.3298,0.3735,8.84,-1.02,-5.53
188,1880,1791070272912,720,878,-0.8586,-0.3403,0.3169,1.28,3.56,-8.98
189,1890,1791070272912,726,882,-0.8586,-0.3254,0.2302,-2.61,5.27,-11.27
190,1900,1791070272912,720,874,-0.8411,-0.2869,0.1877,-3.25,1.59,-13.28
191,1910,1791070272912,722,875,-0.8093,-0.3005,0.2009,-3.33,-3.86,-15.13
192,1920,1791070272957,720,877,-0.7769,-0.3337,0.2397,-5.21,-3.02,-15.94
193,1930,1791070272957,721,874,-0.76,-0.3601,0.2249,-6.23,0.58,-14.02
194,1940,1791070272957,723,873,-0.7351,-0.3689,0.1826,-3.91,0.32,-9.95
195,1950,1791070272957,720,875,-0.7178,-0.3704,0.1821,2.75,-1.97,-5.5
196,1960,1791070272989,720,883,-0.7463,-0.3704,0.2319,12.43,-8.41,-0.64
197,1970,1791070272989,721,872,-0.7837,-0.3772,0.3286,22.08,-15.53,3.39
198,1980,1791070272989,725,872,-0.7971,-0.3459,0.415,27.24,-15.36,6.89
199,1990,1791070272989,716,871,-0.8079,-0.2832,0.4038,27.16,-6.35,7.71
200,2000,1791070273032,717,871,-0.8628,-0.2703,0.3779,25.42,-0.34,4.21
201,2010,1791070273032,720,878,-0.8865,-0.3606,0.4424,21.91,-4.11,-0.81
202,2020,1791070273032,724,871,-0.8789,-0.4451,0.5376,21.62,-5.65,-3.01
203,2030,1791070273032,727,873,-0.8572,-0.4883,0.5447,23.74,0.92,-1.21
204,2040,1791070273077,720,873,-0.8564,-0.5085,0.4185,26.37,12.72,4.26
205,2050,1791070273077,718,872,-0.8386,-0.4575,0.2554,27.8,19.88,9.92
206,2060,1791070273077,720,873,-0.8179,-0.3696,0.1963,27.37,16.18,11.48
207,2070,1791070273077,726,876,-0.7891,-0.356,0.188,22.27,9.5,9.25
208,2080,1791070273107,727,874,-0.8103,-0.3469,0.2061,19.89,6.27,7.53
209,2090,1791070273107,726,881,-0.8296,-0.3062,0.2068,16.52,7.44,7.71
210,2100,1791070273107,724,875,-0.8677,-0.262,0.228,18.64,6.47,7.79
211,2110,1791070273107,728,870,-0.8748,-0.248,0.2988,23.5,4.69,6.29
212,2120,1791070273152,724,873,-0.8574,-0.1929,0.2495,24.29,9.54,3.07
213,2130,1791070273152,720,873,-0.9053,-0.2021,0.1973,20.02,14.35,-4.03
214,2140,1791070273152,722,870,-0.8928,-0.2646,0.0737,7.5,16.46,-10.49
215,2150,1791070273152,725,870,-0.8987,-0.2563,0.0046,-0.87,9.89,-14.66
216,2160,1791070273197,724,873,-0.9248,-0.2942,0.0542,-9.13,-4.69,-16.93
217,2170,1791070273197,721,876,-0.9714,-0.3613,0.123,-14.49,-9.18,-15.91
218,2180,1791070273197,725,872,-1.0356,-0.3877,0.1326,-8.27,-13.54,-8.61
219,2190,1791070273197,721,876,-1.0742,-0.4192,0.2183,8.35,-28.02,0.75
220,2200,1791070273226,723,871,-1.0583,-0.4075,0.3047,27.04,-40.41,9.82
221,2210,1791070273226,724,875,-1.0325,-0.3748,0.3931,42.93,-43.97,16.05
222,2220,1791070273226,727,870,-1.0315,-0.3792,0.4202,48.08,-40.06,18.09
223,2230,1791070273226,723,871,-1.0129,-0.3633,0.4241,46.31,-32.84,16.08
224,2240,1791070273272,721,874,-0.9604,-0.3826,0.438,35.42,-24.06,10.64
225,2250,1791070273272,727,873,-0.9265,-0.4753,0.4541,17.47,-9.3,5.92
226,2260,1791070273272,728,879,-0.9019,-0.4998,0.2832,1.51,12.93,7.11
227,2270,1791070273272,726,878,-0.8665,-0.4226,0.0425,-13.92,23.45,12.0
228,2280,1791070273317,726,877,-0.8955,-0.3542,0.0203,-20.37,11.56,15.68
229,2290,1791070273317,727,880,-0.9507,-0.2756,0.2263,-10.56,-13.44,19.86
230,2300,1791070273317,726,874,-0.8921,-0.2339,0.4231,5.59,-26.18,21.39
231,2310,1791070273317,725,877,-0.927,-0.2063,0.4426,20.69,-22.06,20.78
232,2320,1791070273347,725,871,-0.9375,-0.1941,0.4392,41.22,-18.21,14.96
233,2330,1791070273347,724,869,-0.8992,-0.2227,0.4949,45.6,-18.11,7.15
234,2340,1791070273347,721,879,-0.8589,-0.2532,0.4802,39.95,-4.63,-0.26
235,2350,1791070273347,719,873,-0.8364,-0.2676,0.3022,33.15,13.97,-4.82
236,2360,1791070273393,720,874,-0.8833,-0.292,0.093,23.02,23.68,-4.6
237,2370,1791070273393,720,873,-0.9202,-0.2659,-0.0562,15.18,20.34,-0.41
238,2380,1791070273393,720,876,-0.9744,-0.207,-0.0134,14.66,3.08,4.7
239,2390,1791070273393,728,876,-0.98,-0.1318,0.1584,16.85,-14.32,5.01
240,2400,1791070273437,722,875,-0.9771,-0.1514,0.3345,15.08,-20.38,-0.21
241,2410,1791070273437,725,872,-1.0537,-0.2373,0.4292,15.16,-15.3,-5.33
242,2420,1791070273437,723,876,-1.1543,-0.3435,0.4465,15.94,-6.98,-7.42
243,2430,1791070273437,724,876,-1.5481,-0.2871,-0.0059,-5.85,34.08,5.11
244,2440,1791070273466,726,875,-1.7275,-0.4043,-0.0999,0.27,32.44,-9.73
245,2450,1791070273466,724,877,-1.0945,-0.2803,0.7263,15.63,-63.88,-6.11
246,2460,1791070273466,723,878,-0.6665,-0.2747,1.0547,-6.9,-46.02,1.27
247,2470,1791070273466,724,877,-0.7881,-0.2896,0.311,-6.49,66.99,5.08
248,2480,1791070273512,725,872,-1.0977,-0.2573,-0.3289,-0.2,81.05,2.87
249,2490,1791070273512,719,878,-1.0134,-0.4167,-0.0562,-19.56,-3.56,-3.04
250,2500,1791070273512,716,878,-0.8972,-0.4861,0.4465,-21.47,-42.09,0.09
251,2510,1791070273512,719,873,-0.9404,-0.4485,0.5999,-10.23,-21.27,12.06
252,2520,1791070273557,722,875,-0.9487,-0.3982,0.4558,-0.29,3.05,21.04
253,2530,1791070273557,721,874,-0.9316,-0.3086,0.3401,9.89,9.6,26.14
254,2540,1791070273557,726,875,-0.8594,-0.2378,0.3374,6.89,3.08,26.81
255,2550,1791070273557,725,876,-0.7817,-0.1775,0.2957,-1.76,5.59,24.98
256,2560,1791070273587,717,873,-0.7532,-0.0979,0.2358,-8.41,9.07,21.42
257,2570,1791070273587,720,883,-0.7434,-0.0784,0.2529,-13.88,3.89,16.14
258,2580,1791070273587,719,887,-0.7161,-0.1191,0.3489,-14.9,-1.02,10.35
259,2590,1791070273587,716,875,-0.751,-0.1702,0.3979,-12.63,0.34,8.18
260,2600,1791070273633,721,875,-0.8025,-0.2393,0.4031,-4.78,4.23,8.47
261,2610,1791070273633,719,871,-0.8403,-0.2327,0.4255,8.38,5.83,12.47
262,2620,1791070273633,720,870,-0.8606,-0.2012,0.4446,18.46,7.28,15.6
263,2630,1791070273633,725,879,-0.8398,-0.1372,0.4189,19.62,11.48,15.22
264,2640,1791070273693,718,874,-0.8123,-0.0684,0.3438,14.06,19.24,9.89
265,2650,1791070273693,724,873,-0.8242,-0.0234,0.2502,3.19,25.6,0.53
266,2660,1791070273693,727,875,-0.8374,-0.0249,0.1685,-10.98,26.84,-10.6
267,2670,1791070273693,721,873,-0.8174,-0.0242,0.1143,-21.54,23.8,-21.85
268,2680,1791070273706,720,875,-0.8108,-0.0596,0.1113,-27.13,18.63,-32.85
269,2690,1791070273706,725,880,-0.8652,-0.2476,0.2236,-30.98,11.56,-43.34
270,2700,1791070273706,721,877,-0.9216,-0.4888,0.3196,-28.75,8.0,-44.76
271,2710,1791070273706,721,879,-0.9453,-0.6152,0.3313,-16.31,9.57,-34.85
272,2720,1791070273752,727,872,-0.95,-0.6501,0.2537,-1.3,6.63,-19.8
273,2730,1791070273752,723,880,-0.8694,-0.4978,0.1511,6.47,1.76,-5.89
274,2740,1791070273752,718,873,-0.8237,-0.3147,0.0889,1.37,-3.44,-0.24
275,2750,1791070273752,721,869,-0.813,-0.2334,0.0439,-11.57,-8.37,-3.21
276,2760,1791070273796,718,872,-0.821,-0.2097,0.0159,-22.44,-13.05,-9.79
277,2770,1791070273796,722,874,-0.8484,-0.2263,0.0132,-29.25,-20.55,-14.38
278,2780,1791070273796,723,882,-0.8845,-0.2883,0.0818,-28.02,-30.89,-15.15
279,2790,1791070273796,725,876,-0.9519,-0.3623,0.2427,-17.76,-42.79,-10.93
280,2800,1791070273841,718,884,-0.9607,-0.407,0.3772,-4.75,-45.42,-2.75
281,2810,1791070273841,720,876,-0.9592,-0.3501,0.4055,5.4,-39.24,6.23
282,2820,1791070273841,723,875,-0.978,-0.3403,0.4495,10.61,-32.14,12.46
283,2830,1791070273841,724,874,-0.9685,-0.312,0.4524,11.97,-26.69,17.39
284,2840,1791070273871,722,881,-0.9204,-0.231,0.4238,10.17,-20.7,19.19
285,2850,1791070273871,723,881,-0.8501,-0.1492,0.354,4.37,-14.27,17.92
286,2860,1791070273871,723,874,-0.8101,-0.1013,0.2957,-3.05,-10.09,13.27
287,2870,1791070273871,721,875,-0.7834,-0.1096,0.2832,-7.24,-8.67,7.86
288,2880,1791070273917,725,875,-0.8098,-0.1418,0.2969,-4.29,-11.18,4.11
289,2890,1791070273917,721,876,-0.833,-0.1807,0.3889,2.78,-16.84,2.38
290,2900,1791070273917,727,871,-0.8369,-0.2449,0.4675,10.11,-17.56,2.75
291,2910,1791070273917,727,871,-0.8464,-0.2446,0.4534,18.99,-10.93,4.35
292,2920,1791070273947,726,871,-0.8499,-0.2234,0.4075,24.53,-8.15,3.47
293,2930,1791070273947,722,880,-0.8274,-0.2234,0.4131,21.74,-7.76,-0.18
294,2940,1791070273947,724,877,-0.8213,-0.217,0.3525,14.75,-0.09,-3.88
295,2950,1791070273947,727,875,-0.8333,-0.1643,0.2571,7.63,6.76,-9.37
296,2960,1791070273992,719,877,-0.8472,-0.1516,0.2444,-1.3,4.26,-17.21
297,2970,1791070273992,720,877,-0.8584,-0.2007,0.3196,-7.8,-0.93,-25.97
298,2980,1791070273992,721,872,-0.8835,-0.313,0.387,-9.18,-3.33,-31.94
299,2990,1791070273992,725,874,-0.927,-0.4478,0.4441,-4.6,-2.75,-30.81
300,3000,1791070274080,721,876,-0.9475,-0.5156,0.4441,4.61,-1.76,-24.37
301,3010,1791070274080,721,878,-0.8979,-0.4868,0.3457,9.48,2.66,-15.1
302,3020,1791070274080,721,876,-0.876,-0.366,0.1875,8.49,7.18,-9.56
303,3030,1791070274080,718,874,-0.8831,-0.2886,0.136,-0.53,-1.89,-10.78
304,3040,1791070274082,718,877,-0.8767,-0.3071,0.1433,-9.59,-10.38,-15.34
305,3050,1791070274082,719,871,-0.9377,-0.3831,0.1611,-14.47,-15.68,-18.76
306,3060,1791070274082,725,874,-0.9824,-0.4719,0.2405,-13.59,-24.99,-17.36
307,3070,1791070274082,724,869,-0.9849,-0.5154,0.365,-7.57,-33.91,-11.22
308,3080,1791070274142,719,874,-0.9763,-0.541,0.4885,0.27,-32.67,-3.31
309,3090,1791070274142,723,877,-0.9912,-0.5217,0.489,9.15,-25.53,5.16
310,3100,1791070274142,728,872,-0.9609,-0.4604,0.4692,12.85,-21.42,10.06
311,3110,1791070274142,723,875,-0.9221,-0.4077,0.4854,8.85,-19.13,10.99
312,3120,1791070274201,725,873,-0.876,-0.3911,0.4912,1.27,-11.01,9.19
313,3130,1791070274201,723,875,-0.8665,-0.3679,0.427,-4.73,-0.15,7.62
314,3140,1791070274201,722,886,-0.855,-0.2937,0.3564,-7.51,2.38,6.9
315,3150,1791070274201,726,873,-0.8062,-0.1663,0.3564,-8.38,0.61,4.89
316,3160,1791070274202,726,877,-0.7749,-0.0754,0.3911,-12.7,3.16,-1.95
317,3170,1791070274202,726,877,-0.8015,-0.0857,0.4392,-14.55,5.47,-9.88
318,3180,1791070274202,726,875,-0.8088,-0.1157,0.4856,-9.94,5.83,-16.0
319,3190,1791070274202,721,877,-0.833,-0.1309,0.5559,-0.56,5.11,-19.07
320,3200,1791070274261,726,875,-0.8359,-0.1387,0.5674,8.96,7.25,-22.05
321,3210,1791070274261,724,880,-0.8496,-0.1589,0.5955,15.85,8.05,-26.6
322,3220,1791070274261,724,875,-0.8203,-0.2375,0.6067,11.21,12.63,-32.85
323,3230,1791070274261,727,876,-0.8242,-0.3164,0.5002,5.79,24.38,-37.48
324,3240,1791070274322,720,873,-0.8523,-0.3572,0.4041,2.08,28.02,-39.37
325,3250,1791070274322,722,877,-0.8066,-0.366,0.3196,-0.56,23.19,-39.89
326,3260,1791070274322,722,876,-0.7756,-0.3655,0.272,-5.66,19.82,-40.82
327,3270,1791070274322,722,877,-0.7896,-0.446,0.2407,-10.08,18.53,-40.29
328,3280,1791070274322,720,871,-0.7812,-0.449,0.2114,-11.65,14.49,-37.85
329,3290,1791070274322,721,878,-0.7983,-0.4739,0.2144,-9.44,7.91,-35.66
330,3300,1791070274322,724,885,-0.8237,-0.5154,0.2488,-5.21,0.17,-34.0
331,3310,1791070274322,727,877,-0.8528,-0.574,0.3059,-1.24,-7.37,-31.33
332,3320,1791070274382,725,877,-0.8594,-0.6194,0.3403,2.69,-11.18,-27.15
333,3330,1791070274382,723,875,-0.8447,-0.6577,0.3271,8.46,-9.42,-19.69
334,3340,1791070274382,730,869,-0.8191,-0.6155,0.271,17.08,-3.18,-10.87
335,3350,1791070274382,729,876,-0.8174,-0.5518,0.196,20.32,2.6,-3.05
336,3360,1791070274440,726,876,-0.8389,-0.5312,0.156,16.9,-1.86,1.33
337,3370,1791070274440,721,875,-0.8694,-0.5154,0.2185,16.27,-15.15,6.23
338,3380,1791070274440,721,875,-0.8223,-0.4136,0.2329,18.44,-24.18,8.63
339,3390,1791070274440,724,880,-0.7974,-0.3962,0.2769,15.57,-26.09,5.31
340,3400,1791070274442,724,874,-0.8235,-0.4663,0.3223,10.72,-24.38,1.07
341,3410,1791070274442,725,875,-0.8313,-0.5415,0.3855,3.27,-18.73,-2.14
342,3420,1791070274442,720,875,-0.824,-0.5715,0.3711,-3.73,-11.08,-0.21
343,3430,1791070274442,731,884,-0.8274,-0.5662,0.3201,-6.27,-4.85,4.11
344,3440,1791070274501,730,880,-0.8401,-0.5493,0.251,-7.15,-7.15,9.97
345,3450,1791070274501,730,877,-0.8374,-0.4949,0.2283,-3.77,-14.66,16.72
346,3460,1791070274501,723,878,-0.8394,-0.4453,0.2803,-0.95,-23.02,22.05
347,3470,1791070274501,725,877,-0.8425,-0.3779,0.3391,3.22,-28.14,26.64
348,3480,1791070274562,724,877,-0.8389,-0.2637,0.3879,15.34,-30.58,29.69
349,3490,1791070274562,724,873,-0.8242,-0.1672,0.4788,26.69,-29.94,27.82
350,3500,1791070274562,727,875,-0.8101,-0.1572,0.6035,31.42,-21.83,20.9
351,3510,1791070274562,724,873,-0.8862,-0.1362,0.5342,35.45,-9.82,16.44
352,3520,1791070274562,729,876,-0.9028,-0.1372,0.5432,39.39,-16.32,12.26
353,3530,1791070274562,726,875,-0.9136,-0.1838,0.5986,45.3,-22.47,6.89
354,3540,1791070274562,729,882,-0.8821,-0.2559,0.5713,50.31,-19.77,2.73
355,3550,1791070274562,724,882,-0.8674,-0.3206,0.5022,53.85,-16.72,3.33
356,3560,1791070274622,728,880,-0.8574,-0.3528,0.48,51.74,-14.37,4.69
357,3570,1791070274622,722,878,-0.8005,-0.3586,0.4827,45.04,-10.93,9.66
358,3580,1791070274622,730,873,-0.8672,-0.2744,0.512,37.8,-7.24,20.44
359,3590,1791070274622,724,879,-0.8674,-0.2212,0.53,22.5,1.95,12.14
360,3600,1791070274681,725,877,-0.8582,-0.2161,0.4707,8.93,4.95,2.37
361,3610,1791070274681,730,886,-0.8606,-0.3186,0.4033,2.9,0.66,-6.03
362,3620,1791070274681,728,878,-0.8999,-0.3374,0.3923,8.09,-9.71,-12.24
363,3630,1791070274681,725,877,-0.9028,-0.2878,0.4268,6.73,-22.61,-22.14
364,3640,1791070274682,720,878,-0.8564,-0.2888,0.4324,0.14,-36.14,-38.0
365,3650,1791070274682,727,873,-0.8083,-0.4224,0.5339,-0.17,-37.25,-52.03
366,3660,1791070274682,727,878,-0.8218,-0.5298,0.551,1.08,-29.07,-48.93
367,3670,1791070274682,724,880,-0.7976,-0.5908,0.5457,4.6,-12.14,-39.8
368,3680,1791070274742,727,877,-0.8228,-0.5325,0.4651,8.82,6.14,-30.06
369,3690,1791070274742,726,872,-0.8052,-0.4287,0.3831,6.5,9.92,-22.79
370,3700,1791070274742,725,877,-0.7585,-0.4131,0.3691,4.4,1.79,-19.21
371,3710,1791070274742,726,876,-0.7444,-0.4148,0.428,5.37,-1.24,-16.98
372,3720,1791070274802,725,876,-0.6987,-0.4221,0.4109,8.84,5.92,-14.73
373,3730,1791070274802,730,877,-0.7534,-0.4763,0.4072,10.08,10.35,-9.37
374,3740,1791070274802,726,882,-0.7407,-0.4612,0.4309,8.7,14.08,-1.51
375,3750,1791070274802,723,880,-0.6826,-0.4011,0.4314,13.25,7.36,17.89
376,3760,1791070274803,726,878,-0.7678,-0.2573,0.5447,10.81,4.53,33.51
377,3770,1791070274803,723,881,-0.8064,-0.2476,0.4941,6.26,13.19,29.57
378,3780,1791070274803,726,875,-0.8325,-0.2229,0.5078,12.0,15.57,20.9
379,3790,1791070274803,731,872,-0.8943,-0.0654,0.3687,26.38,16.79,21.97
380,3800,1791070274861,726,875,-0.7576,-0.3267,0.3806,15.66,-8.52,13.57
381,3810,1791070274861,733,877,-0.7974,-0.4016,0.4971,24.85,-8.46,13.5
382,3820,1791070274861,726,883,-0.7642,-0.4753,0.4543,28.4,3.42,20.06
383,3830,1791070274861,727,884,-0.7817,-0.3057,0.4031,22.76,9.82,29.4
384,3840,1791070274923,724,878,-0.8262,-0.2634,0.4043,13.44,7.16,29.02
385,3850,1791070274923,732,881,-0.8162,-0.2605,0.4033,4.5,7.63,19.57
386,3860,1791070274923,725,872,-0.8191,-0.3125,0.3779,1.77,4.29,13.54
387,3870,1791070274923,723,877,-0.8516,-0.3596,0.3159,2.61,-5.76,13.56
388,3880,1791070274923,729,872,-0.8467,-0.2561,0.3701,8.02,-27.74,18.35
389,3890,1791070274923,726,876,-0.8723,-0.144,0.4055,13.19,-37.57,13.76
390,3900,1791070274923,728,871,-0.7705,-0.1169,0.4731,2.56,-35.92,-6.66
391,3910,1791070274923,726,874,-0.7324,-0.197,0.4187,-13.15,-26.11,-23.95
392,3920,1791070274982,727,875,-0.7219,-0.3374,0.5046,-17.85,-17.77,-26.52
393,3930,1791070274982,725,874,-0.7781,-0.2793,0.376,-17.05,-4.24,-29.37
394,3940,1791070274982,731,878,-0.8606,-0.2974,0.3398,-18.93,-21.22,-28.14
395,3950,1791070274982,728,881,-0.8313,-0.3328,0.4341,-17.3,-49.98,-26.31
396,3960,1791070275040,727,879,-0.8132,-0.4033,0.6382,-0.69,-59.88,-18.44
397,3970,1791070275040,723,881,-0.762,-0.3821,0.6812,14.29,-46.37,-10.44
398,3980,1791070275040,725,881,-0.7817,-0.3381,0.5938,22.81,-22.52,-4.24
399,3990,1791070275040,728,877,-0.8115,-0.3303,0.5447,20.09,-16.37,-4.78
400,4000,1791070275041,725,891,-0.7932,-0.3503,0.5066,13.48,-20.67,-4.34
401,4010,1791070275041,729,872,-0.8079,-0.3503,0.52,6.37,-21.69,-5.24
402,4020,1791070275041,731,878,-0.7974,-0.3257,0.5,-4.95,-18.29,-7.94
403,4030,1791070275041,729,880,-0.8062,-0.3127,0.5061,-9.69,-16.4,-10.43
404,4040,1791070275102,729,876,-0.7844,-0.3132,0.5149,-11.48,-14.87,-12.58
405,4050,1791070275102,726,879,-0.7864,-0.3962,0.5598,-10.31,-8.73,-11.89
406,4060,1791070275102,729,881,-0.7844,-0.4185,0.5542,-5.39,5.16,-8.24
407,4070,1791070275102,732,884,-0.78,-0.427,0.4937,-5.63,15.66,-3.57
408,4080,1791070275161,729,877,-0.781,-0.4104,0.4458,-6.56,19.31,1.33
409,4090,1791070275161,728,878,-0.7717,-0.3828,0.4104,-8.67,14.43,4.38
410,4100,1791070275161,723,880,-0.7837,-0.3433,0.4282,-10.67,5.04,6.06
411,4110,1791070275161,730,883,-0.8167,-0.5107,0.4756,-12.78,-2.44,6.46
412,4120,1791070275163,733,879,-0.7632,-0.3401,0.5454,-1.21,0.2,10.61
413,4130,1791070275163,731,884,-0.7498,-0.3379,0.5444,-10.6,5.92,8.53
414,4140,1791070275163,731,877,-0.7849,-0.3853,0.5029,-10.84,15.82,7.98
415,4150,1791070275163,730,882,-0.8145,-0.3525,0.4707,-6.7,14.89,8.17
416,4160,1791070275222,729,877,-0.802,-0.3667,0.4636,-4.35,3.11,7.39
417,4170,1791070275222,727,877,-0.7903,-0.3457,0.4756,-0.76,-5.62,8.0
418,4180,1791070275222,726,881,-0.7922,-0.365,0.5308,-0.92,-11.31,8.29
419,4190,1791070275222,729,881,-0.7649,-0.3525,0.5813,-1.97,-7.56,9.4
420,4200,1791070275281,732,876,-0.7708,-0.2861,0.5247,-4.53,3.42,9.54
421,4210,1791070275281,728,875,-0.7866,-0.2854,0.4912,-6.55,4.79,7.13
422,4220,1791070275281,724,877,-0.7988,-0.291,0.5085,-7.25,-2.24,4.5
423,4230,1791070275281,730,877,-0.7808,-0.3259,0.5078,-7.76,-5.02,1.74
424,4240,1791070275282,728,878,-0.7859,-0.3464,0.4915,-5.13,-2.31,0.66
425,4250,1791070275282,730,876,-0.7966,-0.3613,0.4661,-5.22,-1.3,1.3
426,4260,1791070275282,727,882,-0.7988,-0.3501,0.4783,-2.52,-2.24,2.56
427,4270,1791070275282,728,876,-0.8162,-0.3701,0.5056,-2.49,-0.52,3.65
428,4280,1791070275342,725,878,-0.8352,-0.4155,0.4834,-2.67,0.23,5.77
429,4290,1791070275342,731,881,-0.8354,-0.4102,0.4456,-1.15,-3.11,9.21
430,4300,1791070275342,724,887,-0.8162,-0.4019,0.4385,-1.92,-10.79,12.5
431,4310,1791070275342,728,881,-0.8281,-0.3772,0.4534,-2.9,-18.63,14.75
432,4320,1791070275402,726,879,-0.7969,-0.3262,0.4875,-3.21,-22.93,15.18
433,4330,1791070275402,734,878,-0.7949,-0.2358,0.5967,-2.58,-22.53,12.95
434,4340,1791070275402,731,883,-0.7695,-0.2417,0.6455,-7.76,-6.84,7.51
435,4350,1791070275402,729,880,-0.8164,-0.2878,0.5659,-0.81,2.72,4.96
436,4360,1791070275402,730,878,-0.7722,-0.3054,0.5557,2.99,9.24,1.53
437,4370,1791070275402,727,885,-0.7854,-0.3064,0.4287,3.47,14.81,0.78
438,4380,1791070275402,729,882,-0.8147,-0.3696,0.3364,4.17,3.21,1.33
439,4390,1791070275402,727,882,-0.7952,-0.4421,0.3662,2.21,-18.76,5.86
440,4400,1791070275461,730,882,-0.8347,-0.4763,0.4609,2.53,-32.85,14.37
441,4410,1791070275461,730,884,-0.8245,-0.4062,0.5327,5.3,-38.93,22.79
442,4420,1791070275461,726,883,-0.8101,-0.3235,0.6926,-0.47,-35.25,24.44
443,4430,1791070275461,727,877,-0.7578,-0.2483,0.772,-6.61,-16.03,21.59
444,4440,1791070275521,726,883,-0.7625,-0.2021,0.7185,-4.92,16.11,15.74
445,4450,1791070275521,729,883,-0.8088,-0.2224,0.5374,-0.44,35.85,7.02
446,4460,1791070275521,726,884,-0.7952,-0.2209,0.4905,-0.44,30.64,2.44
447,4470,1791070275521,733,882,-0.769,-0.2292,0.5032,-0.5,21.8,-2.63
448,4480,1791070275522,728,885,-0.7561,-0.2725,0.4966,-7.13,20.99,-11.5
449,4490,1791070275522,727,886,-0.812,-0.4507,0.5083,-11.56,26.27,-11.73
450,4500,1791070275522,734,890,-0.7395,-0.4121,0.5015,-10.89,31.44,-7.1
451,4510,1791070275522,730,888,-0.73,-0.3687,0.427,-15.4,44.15,-2.34
452,4520,1791070275581,730,895,-0.8354,-0.3833,0.3005,-18.61,47.24,0.46
453,4530,1791070275581,732,910,-0.8701,-0.3582,0.2427,-17.51,20.02,1.5
454,4540,1791070275581,735,954,-0.8386,-0.3284,0.4329,-19.92,-12.05,0.72
455,4550,1791070275581,740,1024,-0.8069,-0.2974,0.582,-21.45,-16.35,-0.93
456,4560,1791070275641,743,1104,-0.8347,-0.3108,0.5789,-21.02,-0.38,-3.62
457,4570,1791070275641,748,1229,-0.845,-0.3027,0.498,-17.04,9.88,-5.1
458,4580,1791070275641,755,1344,-0.8604,-0.3115,0.4553,-10.37,7.97,-6.67
459,4590,1791070275641,763,1449,-1.0024,-0.436,0.3215,-3.44,-2.34,-6.58
460,4600,1791070275642,767,1539,-0.7864,-0.4187,0.6277,14.2,-64.78,-0.43
461,4610,1791070275642,776,1638,-0.7561,-0.3318,0.613,13.47,-47.02,0.47
462,4620,1791070275642,802,1832,-0.7705,-0.3198,0.5093,11.05,-21.07,1.6
463,4630,1791070275642,836,2051,-0.7329,-0.2837,0.5154,1.6,-9.02,1.4
464,4640,1791070275701,880,2261,-0.6714,-0.2939,0.5747,-14.49,0.73,-2.14
465,4650,1791070275701,948,2475,-0.9402,-0.2087,0.2361,-0.67,-30.98,2.27
466,4660,1791070275701,1039,2754,-0.6218,-0.3335,0.77,-8.43,-53.65,-2.99
467,4670,1791070275701,1213,3265,-0.7668,-0.2908,0.5625,-8.96,-3.6,-6.03
468,4680,1791070275761,1383,3813,-0.8181,-0.283,0.3782,0.52,-0.47,-5.85
469,4690,1791070275761,1464,4155,-0.7849,-0.3354,0.5054,-2.82,-18.24,-6.53
470,4700,1791070275761,1518,4472,-0.7317,-0.3232,0.5691,-3.6,-16.0,-6.08
471,4710,1791070275761,1580,4809,-0.7554,-0.3098,0.4805,3.47,-4.43,-4.67
472,4720,1791070275762,1695,5147,-0.7729,-0.3203,0.4329,5.69,-6.81,-2.58
473,4730,1791070275762,1864,5505,-0.7544,-0.3047,0.449,4.85,-13.47,-1.44
474,4740,1791070275762,2143,5957,-0.7439,-0.3052,0.501,0.34,-15.62,-0.84
475,4750,1791070275762,2560,6598,-0.7708,-0.3074,0.541,-4.52,-14.14,-0.35
476,4760,1791070275821,3054,7249,-0.7305,-0.3154,0.5508,-7.68,-4.6,-0.4
477,4770,1791070275821,3449,7597,-0.709,-0.3462,0.5459,-13.04,14.37,-1.05
478,4780,1791070275821,3607,7442,-0.8486,-0.3677,0.3435,-15.28,17.63,-0.46
479,4790,1791070275821,3648,7084,-0.7783,-0.3562,0.5667,-10.09,-9.76,1.97
480,4800,1791070275880,3833,7044,-0.7439,-0.324,0.6155,-10.06,-1.04,2.79
481,4810,1791070275880,4012,7175,-0.7825,-0.3137,0.5156,-8.37,11.45,1.31
482,4820,1791070275880,3904,6972,-0.7996,-0.3113,0.4622,-3.59,5.16,2.2
483,4830,1791070275880,3737,6581,-0.7537,-0.3975,0.605,6.43,-1.22,3.24
484,4840,1791070275882,3846,6362,-0.7961,-0.3755,0.4209,15.3,6.89,6.08
485,4850,1791070275882,4003,6136,-0.7776,-0.3418,0.519,13.19,-0.29,6.87
486,4860,1791070275882,4029,5744,-0.7529,-0.29,0.4814,9.59,2.35,4.99
487,4870,1791070275882,3855,5220,-0.7949,-0.3403,0.4343,0.63,2.06,0.41
488,4880,1791070275941,3527,4611,-0.7842,-0.3965,0.447,-5.53,-5.77,-0.34
489,4890,1791070275941,3241,4108,-0.7749,-0.405,0.4827,-9.24,-8.31,1.07
490,4900,1791070275941,3073,3763,-0.7937,-0.4175,0.6682,-9.76,-2.21,3.45
491,4910,1791070275941,3002,3535,-0.7251,-0.3096,0.5801,-3.68,16.03,3.22
492,4920,1791070276001,2953,3383,-0.7957,-0.2651,0.375,-4.08,23.25,-0.2
493,4930,1791070276001,2949,3311,-0.8411,-0.3218,0.4285,0.5,5.8,-2.27
494,4940,1791070276001,3080,3421,-0.8174,-0.3384,0.4727,7.33,-10.6,-1.21
495,4950,1791070276001,3316,3662,-0.7866,-0.3486,0.4626,8.47,-17.85,0.2
496,4960,1791070276060,3585,3923,-0.8062,-0.3728,0.4377,5.11,-22.0,1.02
497,4970,1791070276060,3814,4148,-0.7991,-0.3677,0.5068,-1.02,-28.66,2.92
498,4980,1791070276060,3985,4320,-0.7812,-0.3799,0.5615,-9.77,-24.72,2.93
499,4990,1791070276060,4085,4430,-0.7705,-0.3862,0.5688,-15.27,-15.4,3.15
500,5000,1791070276061,4092,4457,-0.7871,-0.3491,0.4365,-18.92,-4.06,2.06
501,5010,1791070276061,4062,4433,-0.7732,-0.3245,0.5208,-19.02,-7.8,0.6
502,5020,1791070276061,4169,4523,-0.7595,-0.3284,0.5249,-12.78,-2.06,0.5
503,5030,1791070276061,4476,4844,-0.8091,-0.3701,0.457,-5.4,2.05,1.54
504,5040,1791070276063,4861,5305,-0.7998,-0.3877,0.4851,4.05,-7.01,4.21
505,5050,1791070276063,5285,5808,-0.7871,-0.3481,0.5488,11.62,-10.03,7.11
506,5060,1791070276063,5663,6209,-0.7754,-0.3022,0.582,15.11,-6.5,7.89
507,5070,1791070276063,5856,6397,-0.8074,-0.2898,0.501,12.73,-4.78,6.9
508,5080,1791070276121,5947,6428,-0.8018,-0.2671,0.5317,9.39,-12.08,5.19
509,5090,1791070276121,6165,6578,-0.7646,-0.2815,0.6262,5.85,-13.07,2.96
510,5100,1791070276121,6575,6931,-0.7881,-0.2751,0.5745,3.6,-6.78,0.64
511,5110,1791070276121,6906,7249,-0.7898,-0.3125,0.5178,-1.8,-6.15,-1.63
512,5120,1791070276182,7129,7427,-0.7795,-0.3452,0.5195,-5.8,-6.08,-3.13
513,5130,1791070276182,7437,7666,-0.7903,-0.3438,0.5154,-5.83,-4.53,-2.93
514,5140,1791070276182,7934,8098,-0.7915,-0.3787,0.5713,-3.4,-10.52,-1.82
515,5150,1791070276182,8632,8793,-0.7793,-0.3818,0.5469,0.2,-3.74,-0.06
516,5160,1791070276241,9390,9601,-0.7681,-0.3145,0.4993,3.97,0.56,1.3
517,5170,1791070276241,9972,10255,-0.762,-0.3022,0.5081,4.72,-1.08,0.7
518,5180,1791070276241,10590,10900,-0.7581,-0.2947,0.5051,6.11,-0.21,0.41
519,5190,1791070276241,11358,11714,-0.7896,-0.2839,0.4829,7.28,-3.18,0.15
520,5200,1791070276242,12150,12610,-0.7588,-0.2825,0.5364,3.74,-8.9,-3.34
521,5210,1791070276242,12688,13249,-0.7529,-0.3054,0.5469,0.23,-10.5,-7.56
522,5220,1791070276242,12716,13282,-0.7722,-0.3762,0.5571,-2.4,-9.18,-8.76
523,5230,1791070276242,12668,13129,-0.7615,-0.4194,0.5142,-4.34,-5.95,-6.58
524,5240,1791070276301,13060,13414,-0.7595,-0.4214,0.5071,-5.6,-3.82,-2.55
525,5250,1791070276301,14223,14531,-0.7478,-0.3242,0.5188,-2.37,-1.73,0.35
526,5260,1791070276301,15864,16266,-0.761,-0.3035,0.5376,0.09,-2.66,0.41
527,5270,1791070276301,17822,18386,-0.7686,-0.324,0.5547,2.84,-3.42,-0.2
528,5280,1791070276361,20254,21030,-0.7522,-0.3145,0.5571,5.97,-0.6,0.12
529,5290,1791070276361,22899,24025,-0.7717,-0.3169,0.5022,8.63,3.63,0.06
530,5300,1791070276361,25315,26872,-0.7676,-0.321,0.4954,9.19,1.22,-0.93
531,5310,1791070276361,26993,28978,-0.7593,-0.3396,0.5293,5.02,-1.69,-2.85
532,5320,1791070276362,27197,29370,-0.7708,-0.3743,0.5073,0.41,-1.56,-3.1
533,5330,1791070276362,26430,28454,-0.7795,-0.4048,0.4871,-1.85,-3.8,-1.53
534,5340,1791070276362,25869,27673,-0.7686,-0.428,0.5049,-4.69,-5.27,0.96
535,5350,1791070276362,26289,27965,-0.7527,-0.4001,0.5269,-6.03,-4.34,3.36
536,5360,1791070276421,27702,29478,-0.7366,-0.3386,0.5063,-5.8,0.56,4.4
537,5370,1791070276421,29894,32016,-0.7803,-0.3315,0.5327,-5.21,0.11,3.51
538,5380,1791070276421,34672,37445,-0.7566,-0.2949,0.5884,-3.86,-0.76,2.23
539,5390,1791070276421,44210,48475,-0.7632,-0.2988,0.5911,0.89,3.21,0.78
540,5400,1791070276481,58454,65696,-0.7827,-0.311,0.5471,4.73,7.05,0.29
541,5410,1791070276481,74043,84859,-0.5991,-0.3899,0.9814,7.28,11.19,0.14
542,5420,1791070276481,84573,92952,-0.7795,-0.3181,0.502,9.34,46.49,1.08
543,5430,1791070276481,86671,89905,-0.7891,-0.3103,0.4858,5.95,37.36,0.32
544,5440,1791070276482,88587,90509,-0.7976,-0.3247,0.502,3.71,26.89,0.09
545,5450,1791070276482,91238,92572,-0.79,-0.3333,0.4944,1.98,19.24,-0.11
546,5460,1791070276482,92690,93798,-0.7993,-0.3538,0.4526,0.34,12.85,0.03
547,5470,1791070276482,93479,94358,-0.7983,-0.363,0.4851,-0.84,8.47,0.12
548,5480,1791070276541,93998,94682,-0.7681,-0.3726,0.5508,-3.01,9.05,0.15
549,5490,1791070276541,94522,94792,-0.7742,-0.356,0.6118,-5.1,22.89,-0.95
550,5500,1791070276541,95541,94679,-0.7751,-0.3513,0.5347,-5.16,39.53,-2.15
551,5510,1791070276541,97146,95474,-0.7751,-0.3386,0.5012,-2.27,46.05,-1.45
552,5520,1791070276601,98445,96256,-0.8154,-0.3296,0.4451,2.03,44.99,-0.08
553,5530,1791070276601,99484,96796,-0.8267,-0.3225,0.4158,3.15,33.4,0.81
554,5540,1791070276601,100445,97180,-0.8171,-0.2913,0.4697,4.76,17.95,0.61
555,5550,1791070276601,101290,97516,-0.7939,-0.2793,0.5188,3.74,9.94,-0.17
556,5560,1791070276602,102087,97896,-0.8159,-0.3159,0.4614,0.69,13.25,-2.55
557,5570,1791070276602,102843,98223,-0.8323,-0.3496,0.4192,-0.38,11.86,-3.18
558,5580,1791070276602,103619,98416,-0.8242,-0.3506,0.3762,-0.64,0.9,-1.39
559,5590,1791070276602,104177,98739,-0.7903,-0.334,0.4417,-1.83,-10.63,-0.26
560,5600,1791070276660,104672,99013,-0.7356,-0.3088,0.6216,-1.02,-4.9,-0.37
561,5610,1791070276660,105176,99280,-0.7258,-0.3096,0.604,-1.47,31.5,-3.21
562,5620,1791070276660,105900,99667,-0.7798,-0.3574,0.4106,-0.32,53.4,-3.45
563,5630,1791070276660,106590,100039,-0.8013,-0.3455,0.3909,3.21,52.34,-0.47
564,5640,1791070276721,107213,100348,-0.8262,-0.3267,0.3516,3.57,41.11,0.7
565,5650,1791070276721,107677,100575,-0.8208,-0.3149,0.4011,-1.74,27.47,-0.03
566,5660,1791070276721,108040,100719,-0.7549,-0.3254,0.3816,-7.91,20.5,-4.32
567,5670,1791070276721,108331,100829,-0.8069,-0.3904,0.3896,-11.66,18.06,-6.58
568,5680,1791070276722,108589,100926,-0.7869,-0.3682,0.3303,-12.09,15.42,-5.05
569,5690,1791070276722,108793,100998,-0.8503,-0.3477,0.3738,-9.94,12.49,-3.68
570,5700,1791070276722,108962,101030,-0.875,-0.3176,0.4019,-3.21,3.83,-0.46
571,5710,1791070276722,109102,101051,-0.9092,-0.3206,0.4277,2.29,-3.13,1.27
572,5720,1791070276781,109211,101083,-0.842,-0.3118,0.4619,6.5,-10.26,1.91
573,5730,1791070276781,109301,101095,-0.7544,-0.3411,0.458,9.59,-1.98,2.08
574,5740,1791070276781,109386,101101,-0.7654,-0.3076,0.4192,7.56,14.02,-1.45
575,5750,1791070276781,109516,101118,-0.8618,-0.3379,0.3513,1.98,20.56,-6.18
576,5760,1791070276841,109662,101149,-0.8384,-0.3977,0.3594,0.06,15.05,-5.6
577,5770,1791070276841,109786,101161,-0.8569,-0.3745,0.375,1.02,8.87,-1.92
578,5780,1791070276841,109899,101175,-0.823,-0.3501,0.3696,2.09,4.24,1.05
579,5790,1791070276841,110016,101202,-0.8589,-0.3181,0.3726,5.68,-1.73,1.82
580,5800,1791070276842,110092,101230,-0.8645,-0.3218,0.3948,8.24,-10.0,0.26
581,5810,1791070276842,110162,101248,-0.821,-0.3123,0.53,9.82,-12.99,-1.57
582,5820,1791070276842,110187,101218,-0.8435,-0.2996,0.5391,16.61,-11.97,-1.65
583,5830,1791070276842,110252,101191,-0.8213,-0.375,0.4277,16.67,-2.66,-2.18
584,5840,1791070276901,110351,101220,-0.824,-0.3906,0.3821,19.5,-6.17,-1.4
585,5850,1791070276901,110465,101246,-0.8086,-0.3691,0.4053,23.8,-14.6,1.5
586,5860,1791070276901,110560,101260,-0.8093,-0.353,0.4282,24.32,-22.29,2.76
587,5870,1791070276901,110656,101280,-0.79,-0.3342,0.4846,22.56,-22.63,1.62
588,5880,1791070276961,110751,101292,-0.7861,-0.3542,0.4199,21.01,-17.53,-0.79
589,5890,1791070276961,110833,101299,-0.7998,-0.3611,0.3818,19.85,-19.92,-1.4
590,5900,1791070276961,110934,101313,-0.8032,-0.3372,0.4146,17.48,-26.44,-0.9
591,5910,1791070276961,111023,101328,-0.8037,-0.3213,0.4565,12.53,-32.93,-0.99
592,5920,1791070276962,111086,101330,-0.7866,-0.3186,0.4993,9.94,-36.66,-2.96
593,5930,1791070276962,111134,101326,-0.7646,-0.3118,0.5569,9.4,-26.73,-6.46
594,5940,1791070276962,111147,101317,-0.803,-0.3188,0.5645,7.45,-12.29,-8.81
595,5950,1791070276962,111139,101289,-0.8311,-0.311,0.5237,1.4,-7.05,-13.36
596,5960,1791070277021,111106,101251,-0.8313,-0.3362,0.4934,-5.02,-9.69,-17.16
597,5970,1791070277021,111022,101214,-0.8379,-0.3542,0.4739,-8.52,-17.82,-18.63
598,5980,1791070277021,110944,101194,-0.8354,-0.3562,0.4524,-10.63,-25.59,-18.66
599,5990,1791070277021,110862,101164,-0.8198,-0.3669,0.4282,-12.15,-37.69,-17.71
600,6000,1791070277081,110783,101137,-0.8103,-0.3689,0.4409,-11.91,-50.75,-16.75
601,6010,1791070277081,110708,101121,-0.7654,-0.3608,0.4963,-12.84,-56.96,-14.43
602,6020,1791070277081,110634,101090,-0.7642,-0.3574,0.5496,-9.59,-52.64,-12.34
603,6030,1791070277081,110568,101066,-0.7324,-0.3481,0.6975,-7.59,-41.76,-13.05
604,6040,1791070277082,110508,101054,-0.7029,-0.3467,0.7002,-10.95,-10.6,-15.21
605,6050,1791070277082,110470,101038,-0.7563,-0.3933,0.5154,-10.84,11.44,-14.58
606,6060,1791070277082,110498,101016,-0.8135,-0.4387,0.4441,-6.64,6.5,-13.04
607,6070,1791070277082,110541,101029,-0.8022,-0.3845,0.4956,-4.79,-3.94,-9.25
608,6080,1791070277141,110596,101038,-0.8052,-0.3521,0.5032,-6.76,-7.8,-12.52
609,6090,1791070277141,110637,101060,-0.8066,-0.3503,0.4875,-10.84,-10.56,-18.32
610,6100,1791070277141,110709,101098,-0.8032,-0.3479,0.4763,-12.02,-17.92,-19.34
611,6110,1791070277141,110790,101139,-0.7639,-0.3469,0.5356,-12.38,-27.76,-17.34
612,6120,1791070277201,110872,101160,-0.7708,-0.3894,0.5569,-15.71,-27.51,-16.82
613,6130,1791070277201,110903,101163,-0.7129,-0.4138,0.5259,-19.66,-26.03,-14.43
614,6140,1791070277201,110938,101182,-0.5547,-0.4897,0.4089,-27.59,-35.89,4.99
615,6150,1791070277201,110929,101187,-0.9414,-0.2483,0.5176,-34.06,-52.82,24.78
616,6160,1791070277202,110891,101146,-0.8567,-0.439,0.5098,-24.72,-49.42,-5.74
617,6170,1791070277202,110973,101190,-0.718,-0.3928,0.6079,-15.73,-56.05,-10.98
618,6180,1791070277202,111015,101241,-0.719,-0.3596,0.6172,-12.93,-50.02,-6.81
619,6190,1791070277202,111058,101258,-0.6721,-0.4231,0.5933,-9.27,-35.88,-6.84
620,6200,1791070277262,111093,101270,-0.6963,-0.3931,0.5283,-5.51,-19.6,-5.92
621,6210,1791070277262,111097,101265,-0.7056,-0.3955,0.5984,-6.5,-7.37,-6.5
622,6220,1791070277262,111089,101262,-0.7476,-0.3816,0.5769,-8.0,-1.65,-7.34
623,6230,1791070277262,111081,101240,-0.729,-0.376,0.564,-10.56,-1.94,-7.39
624,6240,1791070277321,111075,101226,-0.7402,-0.3838,0.5586,-10.81,-0.64,-7.42
625,6250,1791070277321,111062,101226,-0.7554,-0.3594,0.5762,-14.53,2.37,-10.47
626,6260,1791070277321,111049,101208,-0.771,-0.3926,0.5906,-21.89,-0.32,-13.88
627,6270,1791070277321,111050,101215,-0.4792,-0.6658,0.5154,-35.37,-10.18,-16.64
628,6280,1791070277322,111037,101236,-0.4917,-0.5613,0.4495,-53.04,-38.24,31.13
629,6290,1791070277322,110848,101163,-0.7043,-0.5015,0.3501,-27.24,-41.66,57.79
630,6300,1791070277322,110639,101056,-0.863,-0.2971,0.6819,26.21,-23.57,45.04
631,6310,1791070277322,110593,101041,-0.8755,-0.2825,0.7939,21.21,-10.02,19.02
632,6320,1791070277382,110602,101052,-0.7454,-0.3496,0.6716,-12.46,-1.15,2.41
633,6330,1791070277382,110569,101031,-0.6965,-0.4104,0.5903,-23.5,8.38,0.64
634,6340,1791070277382,110523,101001,-0.7,-0.4509,0.5144,-19.05,15.37,4.35
635,6350,1791070277382,110499,100976,-0.7441,-0.4514,0.4355,-4.5,18.63,5.5
636,6360,1791070277442,110481,100969,-0.7256,-0.4189,0.4597,10.41,12.79,4.64
637,6370,1791070277442,110506,100979,-0.7048,-0.4028,0.5315,14.61,4.08,5.91
638,6380,1791070277442,110550,100991,-0.7725,-0.2817,0.7046,-5.59,2.18,2.14
639,6390,1791070277442,110587,101014,-0.7153,-0.4128,0.572,-16.52,13.54,-3.39
640,6400,1791070277442,110658,101050,-0.7231,-0.3755,0.5579,-16.47,15.19,-3.27
641,6410,1791070277442,110719,101090,-0.7576,-0.4109,0.4822,-21.13,10.52,-5.15
642,6420,1791070277442,110818,101150,-0.7383,-0.4116,0.5063,-26.69,-4.27,-1.13
643,6430,1791070277442,110865,101177,-0.7156,-0.4131,0.5032,-32.87,-14.98,2.37
644,6440,1791070277501,110821,101146,-0.7043,-0.4451,0.5149,-29.85,-14.47,5.24
645,6450,1791070277501,110672,101046,-0.7034,-0.447,0.5049,-20.31,-11.05,7.88
646,6460,1791070277501,110472,100902,-0.6875,-0.4668,0.5051,-7.1,-6.41,10.18
647,6470,1791070277501,110302,100769,-0.6819,-0.4453,0.4995,9.65,2.85,12.06
648,6480,1791070277560,110169,100686,-0.6926,-0.4172,0.5322,25.97,19.91,11.36
649,6490,1791070277560,110175,100705,-0.71,-0.4099,0.5308,32.82,30.29,10.87
650,6500,1791070277560,110338,100839,-0.7173,-0.4053,0.5676,27.6,29.18,9.27
651,6510,1791070277560,110498,100960,-0.7415,-0.3691,0.5815,14.27,24.43,12.44
652,6520,1791070277623,110567,101002,-0.8005,-0.3894,0.551,-0.49,17.5,10.2
653,6530,1791070277623,110567,101006,-0.7744,-0.4048,0.5608,-13.48,5.21,7.16
654,6540,1791070277623,110520,100963,-0.7395,-0.4043,0.5613,-24.66,4.67,3.94
655,6550,1791070277623,110419,100883,-0.7302,-0.4314,0.5225,-31.28,9.02,1.25
656,6560,1791070277623,110303,100780,-0.7222,-0.4128,0.5283,-33.28,14.0,-0.06
657,6570,1791070277623,110093,100626,-0.708,-0.4058,0.5344,-27.85,21.28,0.0
658,6580,1791070277623,109787,100409,-0.7278,-0.395,0.5547,-19.82,33.21,-1.44
659,6590,1791070277623,109477,100161,-0.6519,-0.4358,0.4731,-12.34,43.6,-0.99
660,6600,1791070277623,109187,99935,-0.6521,-0.5002,0.5078,1.21,50.82,13.88
661,6610,1791070277623,109083,99850,-0.8484,-0.4512,0.5247,12.93,72.02,23.77
662,6620,1791070277623,109145,99928,-0.8765,-0.4604,0.3271,13.73,65.44,17.69
663,6630,1791070277623,109285,100066,-0.8767,-0.3997,0.3254,4.12,34.5,13.04
664,6640,1791070277682,109289,100071,-0.8894,-0.3718,0.4458,-2.95,13.34,7.1
665,6650,1791070277682,109215,99997,-0.7546,-0.4324,0.5061,3.22,7.97,2.47
666,6660,1791070277682,109218,99972,-0.7644,-0.427,0.4919,19.86,20.5,4.82
667,6670,1791070277682,109289,100019,-0.8457,-0.3945,0.4526,21.11,18.7,5.3
668,6680,1791070277742,109457,100143,-0.8477,-0.3887,0.4126,10.92,-3.04,5.97
669,6690,1791070277742,109678,100286,-0.8359,-0.3347,0.4631,-5.36,-27.6,7.04
670,6700,1791070277742,109869,100395,-0.7615,-0.3369,0.5195,-30.69,-38.89,3.27
671,6710,1791070277742,109936,100404,-0.7139,-0.3542,0.5581,-38.46,-30.63,1.04
672,6720,1791070277802,110014,100413,-0.7214,-0.4797,0.5442,-32.26,-9.18,1.57
673,6730,1791070277802,110258,100513,-0.7622,-0.4729,0.4141,-18.63,2.44,4.21
674,6740,1791070277802,110650,100710,-0.7581,-0.4487,0.3699,-6.41,3.88,10.44
675,6750,1791070277802,110959,100853,-0.7983,-0.4202,0.4021,-0.58,-0.44,14.58
676,6760,1791070277802,111183,100939,-0.7922,-0.3716,0.4758,-4.38,-8.7,14.18
677,6770,1791070277802,111321,100973,-0.7698,-0.3801,0.5166,-11.13,-13.79,11.15
678,6780,1791070277802,111395,100972,-0.7478,-0.376,0.533,-7.51,-2.2,7.76
679,6790,1791070277802,111486,100964,-0.7747,-0.3838,0.4651,-5.54,10.55,5.21
680,6800,1791070277861,111633,101017,-0.7659,-0.3799,0.4133,-7.37,18.09,1.82
681,6810,1791070277861,111798,101092,-0.8108,-0.3674,0.4131,-12.93,16.27,0.0
682,6820,1791070277861,111948,101170,-0.8206,-0.3821,0.4583,-21.68,1.98,0.12
683,6830,1791070277861,112052,101217,-0.7981,-0.3596,0.5374,-29.24,-11.1,-0.06
684,6840,1791070277921,112095,101224,-0.7437,-0.311,0.52,-34.67,-17.02,-0.24
685,6850,1791070277921,112120,101231,-0.7175,-0.3481,0.4866,-36.72,-16.37,-1.65
686,6860,1791070277921,112235,101287,-0.7349,-0.3774,0.4614,-30.5,-8.2,-3.91
687,6870,1791070277921,112405,101392,-0.7725,-0.3696,0.4485,-23.95,-3.76,-4.41
688,6880,1791070277922,112568,101494,-0.7788,-0.3572,0.4248,-15.71,-8.98,-1.74
689,6890,1791070277922,112664,101541,-0.7727,-0.3796,0.4175,-7.48,-14.63,2.58
690,6900,1791070277922,112694,101536,-0.7644,-0.4551,0.5015,-5.37,-10.82,1.37
691,6910,1791070277922,112682,101508,-0.7371,-0.4641,0.522,7.86,17.63,-3.11
692,6920,1791070277981,112706,101477,-0.791,-0.4897,0.4653,21.31,44.09,-4.75
693,6930,1791070277981,112791,101512,-0.8767,-0.4622,0.4258,21.47,43.51,-5.53
694,6940,1791070277981,112907,101558,-0.8364,-0.4746,0.3987,9.95,25.16,-3.51
695,6950,1791070277981,113015,101609,-0.8218,-0.4431,0.4036,-2.21,3.63,-0.95
696,6960,1791070278042,113094,101660,-0.7517,-0.4463,0.4116,-11.27,-11.74,2.64
697,6970,1791070278042,113159,101703,-0.7366,-0.4402,0.3906,-19.11,-8.73,1.68
698,6980,1791070278042,113220,101743,-0.6921,-0.4082,0.4395,-23.82,12.24,-1.73
699,6990,1791070278042,113251,101782,-0.7188,-0.4587,0.377,-13.37,42.52,-2.55
700,7000,1791070278043,113297,101832,-0.7698,-0.4463,0.3438,1.66,60.76,-1.54
701,7010,1791070278043,113361,101875,-0.7705,-0.4644,0.335,14.5,68.43,0.47
702,7020,1791070278043,113427,101902,-0.8396,-0.4465,0.4192,36.76,59.82,2.85
703,7030,1791070278043,113476,101889,-0.7468,-0.4492,0.5889,48.14,61.18,9.3
704,7040,1791070278101,113532,101864,-0.8633,-0.376,0.4412,59.24,68.79,11.63
705,7050,1791070278101,113582,101828,-0.9236,-0.4106,0.3879,49.44,47.77,15.98
706,7060,1791070278101,113650,101799,-0.8447,-0.3921,0.3428,41.31,25.33,16.9
707,7070,1791070278101,113680,101766,-0.7759,-0.3877,0.3738,45.69,11.01,19.36
708,7080,1791070278162,113710,101755,-0.8225,-0.3921,0.4409,40.31,4.46,21.16
709,7090,1791070278162,113745,101761,-0.8367,-0.3521,0.4775,26.7,8.75,16.61
710,7100,1791070278162,113813,101785,-0.8438,-0.344,0.4705,9.54,13.16,9.39
711,7110,1791070278162,113896,101812,-0.8481,-0.3621,0.3594,-2.67,12.11,3.63
712,7120,1791070278163,113968,101799,-0.8474,-0.3635,0.3186,-8.5,-2.08,5.73
713,7130,1791070278163,114029,101789,-0.825,-0.325,0.3818,-14.79,-21.57,9.28
714,7140,1791070278163,114057,101765,-0.7659,-0.2864,0.4185,-11.25,-28.81,12.55
715,7150,1791070278163,114084,101731,-0.8142,-0.3311,0.4983,1.73,-24.78,18.02
716,7160,1791070278222,114107,101715,-0.8464,-0.3657,0.4617,20.21,-11.34,19.91
717,7170,1791070278222,114143,101685,-0.8521,-0.4062,0.4031,35.36,-0.64,20.81
718,7180,1791070278222,114216,101680,-0.8347,-0.3792,0.3513,41.13,-1.37,22.14
719,7190,1791070278222,114285,101683,-0.7766,-0.3757,0.3132,44.05,-4.27,23.01
720,7200,1791070278282,114342,101695,-0.8059,-0.4045,0.3982,47.34,-5.05,22.89
721,7210,1791070278282,114329,101699,-0.8328,-0.3801,0.4758,51.68,7.39,18.26
722,7220,1791070278282,114266,101684,-0.8367,-0.3354,0.4041,52.38,26.11,13.13
723,7230,1791070278282,114182,101670,-0.8193,-0.3308,0.3406,46.75,36.81,9.28
724,7240,1791070278282,114117,101678,-0.8313,-0.3464,0.3354,41.92,30.67,11.54
725,7250,1791070278282,114070,101685,-0.884,-0.2668,0.3809,41.89,19.45,16.11
726,7260,1791070278282,114049,101680,-0.9072,-0.2817,0.4524,25.89,5.53,15.85
727,7270,1791070278282,114059,101695,-0.8462,-0.2483,0.4692,11.34,-15.24,14.92
728,7280,1791070278341,114066,101697,-0.8584,-0.3145,0.4753,14.85,-18.27,13.5
729,7290,1791070278341,114053,101683,-0.8213,-0.3215,0.4609,14.78,-16.5,11.34
730,7300,1791070278341,114049,101686,-0.8376,-0.3308,0.375,8.99,-14.32,9.05
731,7310,1791070278341,114054,101684,-0.7886,-0.238,0.3691,-2.82,-18.58,8.69
732,7320,1791070278404,114081,101695,-0.822,-0.2939,0.3489,-9.02,-23.77,4.44
733,7330,1791070278404,114114,101693,-0.8225,-0.3362,0.2886,-9.24,-22.37,-1.01
734,7340,1791070278404,114138,101694,-0.8267,-0.3188,0.3665,-12.08,-22.79,-3.4
735,7350,1791070278404,114144,101688,-0.8237,-0.2854,0.4727,-15.07,-18.96,-7.6
736,7360,1791070278462,114155,101684,-0.824,-0.3044,0.4841,-17.66,-10.79,-13.88
737,7370,1791070278462,114175,101684,-0.8713,-0.2927,0.4771,-17.07,-8.24,-17.83
738,7380,1791070278462,114183,101700,-0.8892,-0.3103,0.5046,-15.6,-17.59,-14.32
739,7390,1791070278462,114149,101684,-0.865,-0.304,0.5254,-15.6,-26.92,-5.24
740,7400,1791070278462,114109,101663,-0.833,-0.3301,0.4739,-14.0,-32.95,2.21
741,7410,1791070278462,114094,101647,-0.835,-0.3298,0.4521,-12.29,-33.95,2.64
742,7420,1791070278462,114094,101635,-0.8167,-0.3252,0.4233,-10.66,-26.23,1.83
743,7430,1791070278462,114114,101634,-0.7451,-0.3645,0.4062,-9.74,-25.57,6.63
744,7440,1791070278464,114136,101637,-0.7783,-0.3145,0.4819,-3.8,-19.45,4.81
745,7450,1791070278464,114112,101622,-0.8433,-0.2705,0.4922,-1.62,-10.81,9.4
746,7460,1791070278464,114109,101582,-0.8447,-0.2673,0.5017,3.39,0.41,11.07
747,7470,1791070278464,114103,101563,-0.8799,-0.2139,0.4714,7.36,0.35,13.02
748,7480,1791070278521,114097,101543,-0.8843,-0.2656,0.479,8.85,-4.27,19.8
749,7490,1791070278521,114081,101528,-0.8267,-0.3367,0.5376,2.55,-16.44,22.61
750,7500,1791070278521,114059,101496,-0.8718,-0.2488,0.5198,-11.95,-26.24,17.01
751,7510,1791070278521,114006,101463,-0.8271,-0.2881,0.5876,-24.96,-35.59,12.82
752,7520,1791070278581,113954,101436,-0.802,-0.3706,0.4846,-21.31,-33.15,10.98
753,7530,1791070278581,113903,101428,-0.7581,-0.4128,0.3889,-9.56,-23.42,10.75
754,7540,1791070278581,113858,101397,-0.7402,-0.3127,0.4434,9.13,-9.16,9.91
755,7550,1791070278581,113833,101384,-0.8098,-0.3049,0.498,18.67,10.9,10.17
756,7560,1791070278642,113820,101377,-0.8477,-0.2739,0.4609,22.87,35.56,3.16
757,7570,1791070278642,113827,101378,-0.8674,-0.259,0.4448,22.78,38.24,3.85
758,7580,1791070278642,113865,101381,-0.8428,-0.2258,0.5029,21.05,36.89,5.85
759,7590,1791070278642,113889,101383,-0.8821,-0.2727,0.5022,11.68,26.75,9.39
760,7600,1791070278642,113931,101388,-0.9478,-0.301,0.5225,-0.31,12.02,9.44
761,7610,1791070278642,113957,101396,-0.8794,-0.2925,0.5588,-12.05,-1.11,8.98
762,7620,1791070278642,113980,101411,-0.8469,-0.2871,0.561,-10.47,0.35,4.37
763,7630,1791070278642,114003,101408,-0.8093,-0.3462,0.4636,-2.72,2.82,3.71
764,7640,1791070278701,114021,101422,-0.7688,-0.3293,0.4246,7.31,2.11,4.11
765,7650,1791070278701,114036,101438,-0.8086,-0.3103,0.3931,10.23,3.62,2.5
766,7660,1791070278701,114076,101453,-0.8384,-0.2974,0.3994,5.91,3.97,-0.52
767,7670,1791070278701,114110,101470,-0.8435,-0.2908,0.4441,-1.77,4.7,-3.18
768,7680,1791070278762,114141,101493,-0.8594,-0.2874,0.4539,-8.35,8.63,-5.91
769,7690,1791070278762,114159,101494,-0.8682,-0.2803,0.4749,-14.4,6.61,-8.21
770,7700,1791070278762,114200,101502,-0.8572,-0.2754,0.5085,-18.17,0.98,-8.26
771,7710,1791070278762,114233,101514,-0.8306,-0.2742,0.5339,-16.02,2.2,-7.24
772,7720,1791070278762,114279,101550,-0.8313,-0.2751,0.5151,-8.6,9.88,-7.62
773,7730,1791070278762,114329,101566,-0.8279,-0.2959,0.4512,-0.85,16.15,-7.24
774,7740,1791070278762,114384,101583,-0.8308,-0.2903,0.3992,6.4,13.69,-4.38
775,7750,1791070278762,114438,101614,-0.832,-0.2922,0.3848,9.33,5.33,-1.05
776,7760,1791070278822,114487,101649,-0.8303,-0.2908,0.3928,8.46,-3.39,1.63
777,7770,1791070278822,114513,101665,-0.8308,-0.3044,0.3843,3.74,-9.8,2.79
778,7780,1791070278822,114540,101669,-0.8145,-0.3308,0.407,-1.97,-14.78,4.47
779,7790,1791070278822,114533,101666,-0.8176,-0.3086,0.4709,-5.18,-7.6,4.06
780,7800,1791070278881,114520,101661,-0.8257,-0.3059,0.4775,-6.96,-0.2,1.56
781,7810,1791070278881,114511,101652,-0.8174,-0.3,0.4895,-4.82,2.31,0.67
782,7820,1791070278881,114509,101639,-0.8413,-0.2878,0.4771,0.56,4.61,0.72
783,7830,1791070278881,114480,101621,-0.8501,-0.2874,0.4639,0.31,0.58,0.75
784,7840,1791070278882,114439,101601,-0.8318,-0.2844,0.4429,-1.48,-3.25,0.66
785,7850,1791070278882,114381,101577,-0.8364,-0.2944,0.4304,-2.69,-7.07,1.19
786,7860,1791070278882,114323,101561,-0.8374,-0.2996,0.4368,-2.98,-11.21,2.18
787,7870,1791070278882,114258,101544,-0.821,-0.2915,0.4258,-1.97,-13.37,3.25
788,7880,1791070278941,114204,101522,-0.8203,-0.3071,0.4277,-2.72,-14.02,3.79
789,7890,1791070278941,114145,101512,-0.8132,-0.3123,0.4358,-2.82,-14.26,3.95
790,7900,1791070278941,114118,101504,-0.8118,-0.3069,0.4727,-1.6,-9.8,2.99
791,7910,1791070278941,114088,101498,-0.8096,-0.3074,0.4966,-0.67,-0.43,1.42
792,7920,1791070279001,114073,101494,-0.8252,-0.2939,0.4807,1.02,9.66,-1.37
793,7930,1791070279001,114080,101498,-0.8433,-0.2986,0.4619,1.63,12.66,-2.72
794,7940,1791070279001,114101,101511,-0.8496,-0.2974,0.4395,1.47,9.24,-1.79
795,7950,1791070279001,114125,101519,-0.8477,-0.3013,0.4336,1.21,1.3,0.6
796,7960,1791070279002,114156,101525,-0.8435,-0.2961,0.4424,0.55,-6.84,3.01
797,7970,1791070279002,114163,101527,-0.8311,-0.2986,0.4695,0.08,-13.16,5.08
798,7980,1791070279002,114185,101527,-0.8152,-0.3044,0.4941,1.63,-10.99,5.1
799,7990,1791070279002,114201,101542,-0.8191,-0.303,0.4863,5.08,-1.85,3.21
800,8000,1791070279062,114225,101538,-0.8342,-0.3015,0.4602,6.98,6.35,1.48
801,8010,1791070279062,114259,101558,-0.8323,-0.2939,0.4294,7.45,8.0,1.19
802,8020,1791070279062,114309,101571,-0.8342,-0.2859,0.4299,5.92,6.0,1.19
803,8030,1791070279062,114355,101590,-0.8271,-0.2834,0.4778,2.32,6.4,0.96
804,8040,1791070279122,114381,101612,-0.8293,-0.2805,0.4438,-0.55,9.54,-0.81
805,8050,1791070279122,114404,101630,-0.8384,-0.2896,0.4307,-1.15,7.28,-1.31
806,8060,1791070279122,114450,101632,-0.8425,-0.2944,0.4233,-1.47,3.05,-0.44
807,8070,1791070279122,114471,101630,-0.8452,-0.2917,0.4424,-2.78,-1.69,0.03
808,8080,1791070279123,114492,101638,-0.8271,-0.291,0.4546,-1.74,-4.6,1.01
809,8090,1791070279123,114502,101633,-0.822,-0.301,0.4502,0.17,-6.11,2.17
810,8100,1791070279123,114512,101644,-0.8325,-0.3054,0.4543,1.01,-5.94,2.58
811,8110,1791070279123,114525,101650,-0.8372,-0.2952,0.4521,-2.24,-4.49,0.73
812,8120,1791070279182,114528,101649,-0.832,-0.2949,0.4849,-6.72,-2.63,-0.93
813,8130,1791070279182,114527,101652,-0.8318,-0.2861,0.4771,-8.09,5.86,-3.74
814,8140,1791070279182,114533,101650,-0.8398,-0.292,0.4617,-7.68,7.91,-4.12
815,8150,1791070279182,114541,101648,-0.8389,-0.2883,0.4448,-5.57,5.22,-2.18
816,8160,1791070279241,114554,101656,-0.8572,-0.2812,0.4402,-4.95,-0.43,-0.43
817,8170,1791070279241,114553,101655,-0.8435,-0.301,0.4229,-7.33,-6.81,-0.26
818,8180,1791070279241,114573,101654,-0.8259,-0.3093,0.4253,-8.15,-9.19,-0.46
819,8190,1791070279241,114584,101664,-0.8188,-0.3096,0.4517,-7.27,-7.82,-0.18
820,8200,1791070279301,114602,101666,-0.8145,-0.3132,0.4507,-4.47,-5.88,-0.5
821,8210,1791070279301,114619,101669,-0.8237,-0.3059,0.4524,-1.22,-3.4,-0.08
822,8220,1791070279301,114649,101673,-0.8296,-0.3105,0.449,1.05,-1.82,-0.24
823,8230,1791070279301,114628,101694,-0.8206,-0.3096,0.4502,1.88,-1.37,0.02
824,8240,1791070279302,114512,101707,-0.8313,-0.3037,0.4663,2.76,-0.64,0.24
825,8250,1791070279302,114524,101712,-0.8279,-0.2952,0.4983,3.65,3.44,-0.23
826,8260,1791070279302,114571,101716,-0.8271,-0.303,0.4978,3.57,11.66,-1.74
827,8270,1791070279302,114607,101729,-0.8271,-0.302,0.468,5.25,16.7,-2.75
828,8280,1791070279303,114661,101739,-0.8406,-0.2949,0.4539,6.37,17.57,-2.79
829,8290,1791070279303,114707,101761,-0.8472,-0.2925,0.4368,5.19,13.89,-1.62
830,8300,1791070279303,114747,101762,-0.8472,-0.3071,0.4202,3.05,7.15,-0.53
831,8310,1791070279303,114784,101782,-0.8391,-0.301,0.4075,1.22,-0.93,1.76
832,8320,1791070279361,114816,101785,-0.8511,-0.3013,0.4011,-2.84,-9.74,3.51
833,8330,1791070279361,114826,101792,-0.8455,-0.3035,0.4333,-6.87,-16.47,4.15
834,8340,1791070279361,114839,101789,-0.8235,-0.2939,0.4727,-8.78,-15.44,3.11
835,8350,1791070279361,114829,101794,-0.8235,-0.2996,0.4888,-6.4,-9.66,2.29
836,8360,1791070279422,114820,101789,-0.8179,-0.304,0.4753,-1.47,-4.0,1.37
837,8370,1791070279422,114823,101787,-0.8293,-0.2949,0.4509,3.22,1.95,1.1
838,8380,1791070279422,114831,101795,-0.8269,-0.2957,0.4363,4.52,3.57,1.28
839,8390,1791070279422,114848,101805,-0.8254,-0.3013,0.4175,3.18,4.18,0.98
840,8400,1791070279481,114867,101812,-0.8259,-0.3037,0.4036,1.39,1.91,1.24
841,8410,1791070279481,114881,101819,-0.8264,-0.2981,0.4065,0.44,-3.01,2.21
842,8420,1791070279481,114904,101837,-0.8411,-0.2993,0.4084,-1.37,-10.47,3.44
843,8430,1791070279481,114915,101840,-0.8333,-0.2944,0.4346,-4.9,-18.84,4.56
844,8440,1791070279482,114907,101831,-0.8271,-0.3008,0.4714,-8.23,-22.05,4.49
845,8450,1791070279482,114861,101820,-0.8206,-0.2937,0.5098,-7.89,-19.24,3.48
846,8460,1791070279482,114794,101798,-0.8167,-0.3008,0.522,-5.62,-10.69,1.65
847,8470,1791070279482,114706,101761,-0.8335,-0.2979,0.5127,-2.52,0.52,-0.37
848,8480,1791070279541,114621,101732,-0.8523,-0.2976,0.5002,-1.48,5.79,-1.56
849,8490,1791070279541,114530,101701,-0.8425,-0.3035,0.4595,-0.96,4.79,-1.16
850,8500,1791070279541,114458,101666,-0.8438,-0.2996,0.4558,0.11,0.81,0.32
851,8510,1791070279541,114395,101648,-0.8296,-0.3049,0.436,0.6,-2.44,1.16
852,8520,1791070279602,114339,101626,-0.8247,-0.304,0.4385,0.69,-2.66,1.13
853,8530,1791070279602,114283,101610,-0.8318,-0.3044,0.428,0.27,-0.5,0.87
854,8540,1791070279602,114248,101587,-0.8398,-0.3086,0.4312,-0.32,-1.39,1.13
855,8550,1791070279602,114228,101581,-0.8376,-0.3008,0.4419,-0.34,-3.6,1.97
856,8560,1791070279602,114214,101579,-0.8345,-0.3074,0.4456,0.03,-6.4,3.02
857,8570,1791070279602,114217,101574,-0.8267,-0.3047,0.4602,0.37,-7.92,3.56
858,8580,1791070279602,114231,101581,-0.8208,-0.2996,0.4758,2.85,-6.4,3.44
859,8590,1791070279602,114239,101585,-0.8169,-0.2832,0.5002,5.79,-1.24,2.15
860,8600,1791070279662,114249,101585,-0.8347,-0.2952,0.4778,7.19,3.63,0.93
861,8610,1791070279662,114266,101580,-0.8306,-0.2905,0.4766,7.21,4.52,0.6
862,8620,1791070279662,114277,101590,-0.8323,-0.302,0.4595,6.9,4.37,1.16
863,8630,1791070279662,114297,101596,-0.8323,-0.3042,0.4622,7.07,0.92,2.66
864,8640,1791070279721,114323,101599,-0.8252,-0.3118,0.4553,5.56,-2.34,4.09
865,8650,1791070279721,114341,101609,-0.8247,-0.3096,0.4668,3.77,-1.74,3.82
866,8660,1791070279721,114381,101617,-0.8164,-0.3042,0.4954,3.83,5.4,2.37
867,8670,1791070279721,114410,101620,-0.8232,-0.2925,0.4614,5.07,13.36,0.93
868,8680,1791070279722,114444,101627,-0.8303,-0.2839,0.4651,5.51,14.14,0.81
869,8690,1791070279722,114478,101636,-0.8394,-0.2747,0.469,6.38,11.63,1.51
870,8700,1791070279722,114500,101647,-0.8381,-0.2754,0.4546,7.07,7.36,1.98
871,8710,1791070279722,114518,101649,-0.8372,-0.2737,0.4543,6.87,3.98,2.4
872,8720,1791070279781,114515,101647,-0.8308,-0.2776,0.459,4.32,1.39,1.74
873,8730,1791070279781,114522,101651,-0.8101,-0.2705,0.4683,3.07,5.6,0.38
874,8740,1791070279781,114515,101655,-0.8237,-0.2749,0.4387,2.84,10.99,-1.27
875,8750,1791070279781,114517,101658,-0.8335,-0.2781,0.418,2.61,8.96,-0.81
876,8760,1791070279841,114536,101667,-0.8491,-0.2686,0.4138,0.29,1.91,0.34
877,8770,1791070279841,114549,101682,-0.8396,-0.2798,0.4351,-5.95,-7.11,1.01
878,8780,1791070279841,114561,101681,-0.8176,-0.2795,0.4578,-8.98,-7.63,0.23
879,8790,1791070279841,114565,101688,-0.8247,-0.2932,0.4565,-8.99,-2.03,-1.16
880,8800,1791070279842,114567,101692,-0.8247,-0.2869,0.4565,-6.32,0.87,-0.79
881,8810,1791070279842,114587,101706,-0.8374,-0.2864,0.4604,-1.31,3.39,-0.29
882,8820,1791070279842,114605,101699,-0.8608,-0.2852,0.4678,2.79,2.6,0.96
883,8830,1791070279842,114631,101705,-0.8516,-0.29,0.4573,4.11,-0.81,2.53
884,8840,1791070279902,114654,101719,-0.8354,-0.2886,0.4485,5.66,-3.76,3.56
885,8850,1791070279902,114688,101731,-0.8318,-0.2815,0.4353,6.61,-2.47,3.33
886,8860,1791070279902,114712,101743,-0.8398,-0.281,0.4397,5.45,-3.02,3.04
887,8870,1791070279902,114741,101754,-0.8225,-0.2812,0.4883,3.37,-1.66,2.69
888,8880,1791070279961,114766,101766,-0.8308,-0.281,0.4763,3.51,6.85,0.55
889,8890,1791070279961,114781,101767,-0.8447,-0.2915,0.4548,3.45,8.46,-0.09
890,8900,1791070279961,114807,101779,-0.8501,-0.2891,0.4436,2.99,7.57,-0.2
891,8910,1791070279961,114836,101781,-0.8577,-0.2883,0.4348,1.16,3.92,-0.37
892,8920,1791070279962,114877,101788,-0.8552,-0.2961,0.4299,-1.8,-1.11,0.02
893,8930,1791070279962,114905,101797,-0.8452,-0.29,0.4453,-4.41,-4.72,0.56
894,8940,1791070279962,114956,101812,-0.8276,-0.2908,0.48,-5.15,-2.87,-0.26
895,8950,1791070279962,114989,101828,-0.8132,-0.2925,0.4751,-1.68,6.02,-0.98
896,8960,1791070280021,115014,101836,-0.8396,-0.2891,0.4543,3.88,10.49,-0.38
897,8970,1791070280021,115032,101834,-0.8521,-0.2771,0.4426,5.97,9.63,0.32
898,8980,1791070280021,115071,101841,-0.8579,-0.2834,0.4451,4.09,4.49,1.16
899,8990,1791070280021,115087,101845,-0.8389,-0.3037,0.4258,1.51,-0.37,1.79
900,9000,1791070280081,115099,101845,-0.8069,-0.3015,0.3967,-1.4,0.29,0.79
901,9010,1791070280081,115115,101851,-0.8289,-0.3193,0.4006,-4.98,3.34,-0.75
902,9020,1791070280081,115126,101858,-0.8286,-0.3115,0.4368,-6.12,5.69,-0.05
903,9030,1791070280081,115129,101849,-0.8352,-0.2861,0.4541,-6.92,4.52,1.02
904,9040,1791070280142,115150,101838,-0.8464,-0.2913,0.4324,-8.4,3.48,0.08
905,9050,1791070280142,115160,101836,-0.8665,-0.2932,0.4219,-6.79,-2.55,2.18
906,9060,1791070280142,115138,101820,-0.8591,-0.2822,0.4448,-5.6,-9.8,3.42
907,9070,1791070280142,115094,101799,-0.8418,-0.2898,0.4504,-5.3,-14.4,3.83
908,9080,1791070280142,115023,101763,-0.8196,-0.2837,0.4736,-5.47,-11.94,2.67
909,9090,1791070280142,114938,101723,-0.8374,-0.2793,0.4761,-6.72,-4.03,0.26
910,9100,1791070280142,114853,101705,-0.8552,-0.2925,0.4524,-9.13,0.72,-1.71
911,9110,1791070280142,114785,101680,-0.8545,-0.2864,0.4397,-10.11,1.71,-2.02
912,9120,1791070280144,114746,101656,-0.8452,-0.291,0.4346,-9.3,0.06,-1.39
913,9130,1791070280144,114708,101654,-0.8386,-0.2993,0.4316,-5.5,0.14,-0.52
914,9140,1791070280144,114676,101641,-0.8379,-0.2903,0.4385,-1.45,0.55,0.47
915,9150,1791070280144,114641,101626,-0.8213,-0.2876,0.4536,1.11,2.27,0.56
916,9160,1791070280201,114617,101624,-0.8477,-0.2864,0.4224,2.21,3.86,0.9
917,9170,1791070280201,114607,101616,-0.8367,-0.2942,0.4248,2.23,0.7,1.63
918,9180,1791070280201,114601,101603,-0.8408,-0.2871,0.4316,1.95,-0.82,2.6
919,9190,1791070280201,114612,101599,-0.8521,-0.2998,0.4255,0.35,-2.14,2.79
920,9200,1791070280261,114629,101602,-0.835,-0.3,0.425,-1.13,-4.69,3.22
921,9210,1791070280261,114649,101606,-0.8313,-0.2852,0.447,-1.27,-5.76,3.62
922,9220,1791070280261,114681,101621,-0.8289,-0.2847,0.4597,-1.07,-2.7,2.78
923,9230,1791070280261,114713,101623,-0.8423,-0.2822,0.4509,-0.18,0.41,1.62
924,9240,1791070280322,114749,101638,-0.8293,-0.291,0.437,0.84,-0.06,2.14
925,9250,1791070280322,114763,101648,-0.8337,-0.2861,0.4399,2.96,-1.31,3.13
926,9260,1791070280322,114794,101656,-0.8418,-0.2852,0.4509,2.75,-2.37,2.99
927,9270,1791070280322,114826,101660,-0.8293,-0.2812,0.4534,1.94,-1.31,1.8
928,9280,1791070280322,114861,101672,-0.853,-0.2878,0.4387,0.64,0.93,1.18
929,9290,1791070280322,114896,101682,-0.8418,-0.2947,0.4626,0.31,0.67,1.19
930,9300,1791070280322,114926,101696,-0.8376,-0.2881,0.4531,2.96,4.17,1.27
931,9310,1791070280322,114949,101702,-0.8384,-0.2822,0.4487,4.75,4.46,1.73
932,9320,1791070280381,114975,101702,-0.8396,-0.2803,0.4409,5.42,4.87,1.76
933,9330,1791070280381,114983,101695,-0.8496,-0.2773,0.4377,5.92,2.49,2.27
934,9340,1791070280381,114986,101696,-0.8467,-0.2712,0.439,5.98,-0.21,2.63
935,9350,1791070280381,114986,101687,-0.8552,-0.2786,0.4368,4.27,-1.89,2.2
936,9360,1791070280441,114982,101682,-0.8533,-0.2798,0.4504,1.66,-5.21,1.77
937,9370,1791070280441,114969,101671,-0.8398,-0.2793,0.4458,-1.08,-6.61,1.33
938,9380,1791070280441,114966,101665,-0.8464,-0.2866,0.4426,-2.52,-6.43,0.78
939,9390,1791070280441,114960,101657,-0.8369,-0.2886,0.4316,-4.12,-5.92,0.08
940,9400,1791070280442,114956,101663,-0.8384,-0.2822,0.4326,-5.3,-6.47,0.38
941,9410,1791070280442,114961,101682,-0.8374,-0.2932,0.46,-5.8,-6.49,0.56
942,9420,1791070280442,114958,101678,-0.8274,-0.2883,0.4727,-4.4,-1.66,-0.12
943,9430,1791070280442,114975,101680,-0.8369,-0.2971,0.4468,-2.18,2.55,-0.89
944,9440,1791070280501,114974,101685,-0.8503,-0.2908,0.4373,-0.18,3.42,-0.56
945,9450,1791070280501,114979,101683,-0.8496,-0.2859,0.4346,0.5,1.97,0.09
946,9460,1791070280501,114986,101675,-0.8369,-0.282,0.4368,1.04,0.49,1.05
947,9470,1791070280501,115002,101667,-0.8396,-0.2808,0.4358,2.5,0.38,1.25
948,9480,1791070280561,115021,101661,-0.8418,-0.2847,0.4224,2.53,-1.1,1.19
949,9490,1791070280561,115045,101663,-0.8452,-0.2795,0.4307,-0.27,-3.76,1.19
950,9500,1791070280561,115068,101675,-0.8452,-0.2769,0.4622,-2.56,-6.67,1.02
951,9510,1791070280561,115096,101687,-0.8018,-0.2856,0.4651,-3.82,-5.07,-0.08
952,9520,1791070280562,115121,101688,-0.8613,-0.2852,0.457,-5.82,-0.11,-1.47
953,9530,1791070280562,115122,101695,-0.8428,-0.2871,0.4495,-6.09,-2.99,-1.1
954,9540,1791070280562,115137,101692,-0.8354,-0.2749,0.45,-4.41,-4.08,0.0
955,9550,1791070280562,115145,101699,-0.8359,-0.2812,0.4458,-2.79,-3.98,0.26
956,9560,1791070280621,115162,101703,-0.8306,-0.2825,0.4343,-1.19,-2.99,1.01
957,9570,1791070280621,115168,101701,-0.8408,-0.2803,0.4275,0.12,-2.6,1.45
958,9580,1791070280621,115180,101695,-0.8335,-0.2822,0.4355,2.17,-2.44,2.26
959,9590,1791070280621,115184,101697,-0.8384,-0.2849,0.4434,3.37,-1.28,2.66
960,9600,1791070280680,115188,101691,-0.8425,-0.2908,0.4348,3.01,-0.81,2.49
961,9610,1791070280680,115181,101683,-0.8516,-0.2876,0.4441,0.89,-3.59,2.58
962,9620,1791070280680,115193,101682,-0.8523,-0.2854,0.4487,-2.27,-6.02,2.21
963,9630,1791070280680,115203,101674,-0.8496,-0.2927,0.4697,-4.67,-5.6,0.87
964,9640,1791070280681,115220,101678,-0.8423,-0.291,0.4595,-6.2,-4.02,-0.66
965,9650,1791070280681,115237,101682,-0.8269,-0.293,0.457,-5.91,-1.6,-2.06
966,9660,1791070280681,115251,101692,-0.8411,-0.2832,0.4639,-5.3,0.17,-2.43
967,9670,1791070280681,115259,101694,-0.8491,-0.2861,0.4651,-5.19,-1.3,-2.05
968,9680,1791070280741,115262,101703,-0.8494,-0.2883,0.4602,-4.26,-3.97,-1.1
969,9690,1791070280741,115239,101697,-0.8389,-0.2878,0.4651,-3.07,-5.89,-0.35
970,9700,1791070280741,115204,101685,-0.8279,-0.2942,0.4592,-1.68,-5.95,0.56
971,9710,1791070280741,115142,101673,-0.823,-0.2812,0.4656,1.57,0.6,0.31
972,9720,1791070280801,115063,101645,-0.8345,-0.2842,0.4392,3.37,5.5,-0.4
973,9730,1791070280801,114980,101615,-0.8428,-0.2871,0.4148,4.02,5.48,-0.38
974,9740,1791070280801,114912,101591,-0.8547,-0.2793,0.4226,3.13,4.55,-0.29
975,9750,1791070280801,114841,101566,-0.8486,-0.283,0.4331,0.85,1.94,-0.52
976,9760,1791070280802,114786,101541,-0.8511,-0.2861,0.4636,-1.63,0.49,-0.56
977,9770,1791070280802,114723,101517,-0.8494,-0.282,0.4707,-2.63,2.03,-0.98
978,9780,1791070280802,114686,101506,-0.8452,-0.2878,0.4736,-2.29,0.76,-0.6
979,9790,1791070280802,114659,101496,-0.8481,-0.2856,0.4778,-1.02,-1.05,-0.06
980,9800,1791070280860,114647,101499,-0.8474,-0.283,0.4741,0.12,-4.6,1.37
981,9810,1791070280860,114651,101500,-0.8406,-0.2859,0.4797,-0.08,-7.33,1.85
982,9820,1791070280860,114667,101501,-0.8262,-0.2881,0.4675,-0.67,-5.6,0.9
983,9830,1791070280860,114683,101511,-0.8206,-0.2944,0.4688,-1.63,1.22,-0.66
984,9840,1791070280921,114701,101521,-0.8254,-0.3013,0.4387,-2.35,8.15,-2.63
985,9850,1791070280921,114711,101526,-0.8311,-0.2866,0.4265,-2.2,11.31,-2.81
986,9860,1791070280921,114738,101539,-0.834,-0.2991,0.3997,-0.35,8.9,-1.44
987,9870,1791070280921,114761,101541,-0.8269,-0.2878,0.3958,3.22,1.98,1.97
988,9880,1791070280922,114790,101553,-0.8259,-0.2908,0.4182,4.06,-4.23,4.44
989,9890,1791070280922,114810,101556,-0.8215,-0.2883,0.4119,5.4,-6.38,5.15
990,9900,1791070280922,114846,101562,-0.822,-0.2939,0.4131,6.06,-7.76,5.04
991,9910,1791070280922,114874,101572,-0.833,-0.2942,0.4084,4.17,-7.57,3.4
992,9920,1791070280981,114911,101582,-0.856,-0.2844,0.4441,-0.4,-9.59,2.11
993,9930,1791070280981,114926,101582,-0.8413,-0.2842,0.4797,-4.08,-11.76,1.44
994,9940,1791070280981,114946,101593,-0.8401,-0.2825,0.5012,-6.58,-11.34,0.55
995,9950,1791070280981,114950,101605,-0.8318,-0.2893,0.5146,-7.11,-8.14,-0.47
996,9960,1791070281041,114953,101610,-0.8237,-0.2837,0.5115,-4.27,-0.6,-1.62
997,9970,1791070281041,114948,101617,-0.8445,-0.2896,0.4614,-1.02,4.41,-2.24
998,9980,1791070281041,114946,101616,-0.8416,-0.2876,0.4436,0.63,2.76,-1.48
999,9990,1791070281041,114946,101616,-0.8401,-0.2861,0.4387,0.17,-0.38,-0.35
1000,10000,1791070281042,114928,101618,-0.8513,-0.2891,0.4326,-0.37,-4.64,0.5
1001,10010,1791070281042,114921,101614,-0.8335,-0.2993,0.4268,-1.37,-7.47,1.34
1002,10020,1791070281042,114905,101612,-0.8408,-0.2949,0.4343,-2.61,-6.75,1.31
1003,10030,1791070281042,114889,101607,-0.8369,-0.3079,0.4529,-2.67,-6.18,1.21
1004,10040,1791070281102,114873,101607,-0.8235,-0.2944,0.4585,-0.23,-2.55,0.41
1005,10050,1791070281102,114867,101602,-0.8496,-0.2803,0.4558,0.29,-0.79,0.08
1006,10060,1791070281102,114872,101604,-0.8445,-0.2881,0.4531,-1.62,-4.58,0.49
1007,10070,1791070281102,114883,101619,-0.832,-0.2878,0.4565,-2.41,-6.72,0.64
1008,10080,1791070281162,114893,101626,-0.822,-0.2927,0.4678,-1.74,-5.85,0.38
1009,10090,1791070281162,114890,101632,-0.8203,-0.292,0.4636,0.02,0.17,-0.61
1010,10100,1791070281162,114899,101638,-0.8435,-0.302,0.4468,0.26,4.35,-1.83
1011,10110,1791070281162,114916,101643,-0.8499,-0.29,0.448,-1.45,3.82,-1.63
1012,10120,1791070281162,114927,101649,-0.8438,-0.2893,0.4631,-3.56,1.28,-0.82
1013,10130,1791070281162,114944,101660,-0.8303,-0.2942,0.4629,-3.33,0.32,0.14
1014,10140,1791070281162,114963,101668,-0.8279,-0.2798,0.4734,-0.61,-0.06,1.33
1015,10150,1791070281162,114981,101669,-0.8286,-0.2874,0.457,1.68,-0.4,1.98
1016,10160,1791070281221,114988,101680,-0.8223,-0.2874,0.4485,3.54,1.11,1.37
1017,10170,1791070281221,114997,101678,-0.833,-0.291,0.4517,3.42,2.58,1.01
1018,10180,1791070281221,115015,101683,-0.8416,-0.2859,0.4478,2.76,3.1,0.55
1019,10190,1791070281221,115023,101686,-0.8376,-0.2837,0.4285,1.59,2.53,0.2
1020,10200,1791070281282,115030,101689,-0.8528,-0.2888,0.436,0.4,-0.63,0.6
1021,10210,1791070281282,115029,101690,-0.8462,-0.2903,0.4399,-2.55,-4.76,0.35
1022,10220,1791070281282,115042,101695,-0.8252,-0.3035,0.4602,-6.52,-5.6,-0.53
1023,10230,1791070281282,115042,101702,-0.8213,-0.3057,0.4553,-7.69,-0.26,-1.86
1024,10240,1791070281282,115049,101702,-0.8323,-0.2974,0.4685,-7.18,4.82,-2.73
1025,10250,1791070281282,115045,101708,-0.8372,-0.3083,0.4568,-5.01,6.89,-2.43
1026,10260,1791070281282,115062,101707,-0.8521,-0.2991,0.4524,-0.76,4.27,-0.64
1027,10270,1791070281282,115060,101708,-0.8335,-0.2839,0.4539,2.26,-0.11,1.08
1028,10280,1791070281342,115080,101710,-0.8281,-0.2812,0.4421,3.71,-2.14,1.83
1029,10290,1791070281342,115082,101729,-0.8257,-0.2834,0.4287,3.86,-3.21,1.69
1030,10300,1791070281342,115088,101713,-0.834,-0.2886,0.4351,1.08,-3.76,0.66
1031,10310,1791070281342,115081,101717,-0.8284,-0.2893,0.4346,-2.9,-5.24,-0.27
1032,10320,1791070281401,115067,101708,-0.823,-0.2986,0.4309,-6.38,-6.79,-0.73
1033,10330,1791070281401,115051,101704,-0.8152,-0.3032,0.4529,-7.19,-5.37,-0.92
1034,10340,1791070281401,115011,101695,-0.8093,-0.3103,0.4407,-5.92,1.73,-2.5
1035,10350,1791070281401,114954,101681,-0.8254,-0.2947,0.4304,-3.88,3.44,-2.31
1036,10360,1791070281402,114888,101652,-0.8235,-0.293,0.4414,-1.86,1.76,-1.45
1037,10370,1791070281402,114793,101634,-0.8391,-0.2927,0.4485,-0.47,-0.7,-0.66
1038,10380,1791070281402,114690,101604,-0.8325,-0.2881,0.4573,0.41,-3.98,-0.14
1039,10390,1791070281402,114573,101572,-0.8335,-0.2888,0.467,-0.03,-5.16,0.18
1040,10400,1791070281462,114451,101525,-0.8296,-0.293,0.4829,0.37,-3.77,0.17
1041,10410,1791070281462,114322,101484,-0.8389,-0.3,0.4741,1.13,-0.24,-0.24
1042,10420,1791070281462,114199,101452,-0.8423,-0.3022,0.4529,1.77,0.73,-0.03
1043,10430,1791070281462,114100,101412,-0.844,-0.3,0.4504,-0.03,-1.56,0.63
1044,10440,1791070281521,114018,101389,-0.835,-0.2927,0.4504,-1.97,-2.92,0.84
1045,10450,1791070281521,113952,101359,-0.8313,-0.2976,0.4507,-2.6,-3.5,1.16
1046,10460,1791070281521,113902,101333,-0.8328,-0.2908,0.4597,-2.29,-3.8,1.36
1047,10470,1791070281521,113857,101329,-0.8406,-0.2903,0.458,-1.83,-4.08,1.56
1048,10480,1791070281522,113830,101326,-0.8376,-0.2998,0.4661,-1.21,-4.5,1.74
1049,10490,1791070281522,113802,101314,-0.8379,-0.2974,0.4683,-0.44,-4.76,1.97
1050,10500,1791070281522,113791,101303,-0.825,-0.2966,0.4648,-0.09,-3.11,2.02
1051,10510,1791070281522,113788,101296,-0.8279,-0.2986,0.4629,1.18,-0.18,1.47
1052,10520,1791070281581,113794,101309,-0.8376,-0.3018,0.4377,1.91,1.18,1.21
1053,10530,1791070281581,113804,101313,-0.8433,-0.3032,0.436,0.43,-0.41,1.25
1054,10540,1791070281581,113824,101313,-0.833,-0.2986,0.4485,-1.48,-1.94,0.95
1055,10550,1791070281581,113850,101322,-0.8289,-0.2952,0.4456,-3.54,-2.06,0.37
1056,10560,1791070281640,113864,101329,-0.8433,-0.2878,0.4778,-4.96,-2.35,0.02
1057,10570,1791070281640,113880,101330,-0.8362,-0.2898,0.4795,-4.73,-2.09,-0.08
1058,10580,1791070281640,113895,101335,-0.8381,-0.2896,0.4646,-2.73,-1.68,0.41
1059,10590,1791070281640,113894,101342,-0.8362,-0.2959,0.45,-1.16,-1.68,0.64
1060,10600,1791070281641,113894,101344,-0.8335,-0.2927,0.4399,-0.29,-1.94,0.96
1061,10610,1791070281641,113885,101336,-0.8293,-0.2942,0.4578,0.15,-1.83,1.45
1062,10620,1791070281641,113866,101333,-0.8359,-0.301,0.4417,0.73,-0.2,1.3
1063,10630,1791070281641,113853,101320,-0.833,-0.2979,0.4412,1.57,-0.38,1.37
1064,10640,1791070281701,113841,101318,-0.832,-0.3008,0.46,1.34,-1.4,1.73
1065,10650,1791070281701,113827,101312,-0.8262,-0.2974,0.4568,0.76,0.21,0.75
1066,10660,1791070281701,113810,101308,-0.8291,-0.291,0.4658,0.23,3.66,-0.52
1067,10670,1791070281701,113793,101303,-0.8328,-0.2891,0.4622,0.02,5.79,-1.19
1068,10680,1791070281761,113774,101290,-0.8413,-0.2832,0.4521,0.81,5.92,-1.4
1069,10690,1791070281761,113772,101290,-0.8547,-0.2854,0.4465,-0.69,3.16,-0.85
1070,10700,1791070281761,113771,101297,-0.8494,-0.2891,0.4443,-2.93,-1.22,-0.35
1071,10710,1791070281761,113777,101297,-0.8364,-0.2927,0.4514,-3.04,-3.85,0.41
1072,10720,1791070281762,113775,101295,-0.8347,-0.2991,0.4495,-1.51,-4.38,1.19
1073,10730,1791070281762,113777,101299,-0.8269,-0.2927,0.4541,0.37,-4.7,1.88
1074,10740,1791070281762,113785,101297,-0.825,-0.2917,0.4651,0.81,-3.69,1.98
1075,10750,1791070281762,113800,101302,-0.8293,-0.293,0.4739,0.64,-1.94,1.39
1076,10760,1791070281821,113816,101308,-0.8367,-0.2966,0.4502,0.53,-0.58,1.07
1077,10770,1791070281821,113839,101312,-0.8296,-0.2971,0.4304,-0.14,-1.48,1.08
1078,10780,1791070281821,113854,101333,-0.8291,-0.2986,0.4373,-1.5,-1.57,0.89
1079,10790,1791070281821,113876,101329,-0.8196,-0.2976,0.4399,-2.0,0.76,-0.26
1080,10800,1791070281881,113899,101335,-0.8274,-0.2959,0.4456,-1.19,2.89,-0.79
1081,10810,1791070281881,113915,101338,-0.8301,-0.2944,0.4497,0.12,2.78,-0.29
1082,10820,1791070281881,113939,101350,-0.8342,-0.2908,0.457,1.15,1.5,0.41
1083,10830,1791070281881,113970,101365,-0.8196,-0.2915,0.4631,2.87,1.21,0.7
1084,10840,1791070281882,114002,101366,-0.8293,-0.2866,0.4512,4.29,2.84,0.49
1085,10850,1791070281882,114039,101387,-0.8303,-0.2883,0.4426,2.73,2.17,0.29
1086,10860,1791070281882,114065,101397,-0.8389,-0.2944,0.428,-0.9,-0.29,0.17
1087,10870,1791070281882,114094,101400,-0.8345,-0.3071,0.4482,-5.31,-3.53,-0.09
1088,10880,1791070281941,114114,101406,-0.8289,-0.303,0.4646,-9.08,-3.15,-0.82
1089,10890,1791070281941,114105,101406,-0.8308,-0.3042,0.4641,-8.0,-1.77,-0.72
1090,10900,1791070281941,114119,101402,-0.832,-0.3025,0.4702,-3.83,-1.76,0.84
1091,10910,1791070281941,114132,101405,-0.8308,-0.3071,0.4517,0.44,-1.76,1.95
1092,10920,1791070282001,114152,101416,-0.8242,-0.2993,0.4504,3.31,-0.05,2.03
1093,10930,1791070282001,114171,101415,-0.8262,-0.2981,0.4304,4.92,1.5,1.88
1094,10940,1791070282001,114191,101421,-0.8291,-0.2961,0.4321,5.83,0.82,2.27
1095,10950,1791070282001,114207,101423,-0.8462,-0.3069,0.416,4.47,-2.06,2.66
1096,10960,1791070282002,114230,101426,-0.8337,-0.3037,0.4333,2.49,-5.88,2.99
1097,10970,1791070282002,114247,101430,-0.8347,-0.2986,0.4561,-0.78,-5.56,2.46
1098,10980,1791070282002,114264,101436,-0.8394,-0.2996,0.4497,-3.15,-4.15,1.56
1099,10990,1791070282002,114258,101431,-0.8406,-0.29,0.4602,-4.26,-4.18,0.76
1100,11000,1791070282062,114241,101422,-0.8318,-0.2874,0.4595,-4.23,-3.4,0.06
1101,11010,1791070282062,114182,101406,-0.8359,-0.2891,0.468,-3.86,-2.21,-0.35
1102,11020,1791070282062,114094,101376,-0.8313,-0.2908,0.4626,-1.79,-0.32,-0.47
1103,11030,1791070282062,113971,101341,-0.8398,-0.2937,0.4604,1.18,1.51,-0.2
1104,11040,1791070282122,113849,101293,-0.8474,-0.2932,0.47,3.02,0.81,0.61
1105,11050,1791070282122,113714,101255,-0.8435,-0.302,0.4836,2.11,-0.17,0.64
1106,11060,1791070282122,113593,101218,-0.8254,-0.2966,0.4846,0.76,3.92,-0.46
1107,11070,1791070282122,113484,101173,-0.8369,-0.303,0.4597,-0.09,7.54,-1.19
1108,11080,1791070282122,113410,101143,-0.8433,-0.2935,0.4451,-0.46,7.57,-1.22
1109,11090,1791070282122,113353,101124,-0.842,-0.2937,0.4221,-1.59,4.72,-0.46
1110,11100,1791070282122,113335,101117,-0.8433,-0.3042,0.4165,-3.33,-0.14,0.47
1111,11110,1791070282122,113322,101109,-0.822,-0.3027,0.4248,-2.6,-3.85,1.85
1112,11120,1791070282181,113325,101106,-0.8237,-0.3032,0.4478,0.44,-1.82,1.97
1113,11130,1791070282181,113336,101110,-0.8379,-0.2756,0.4849,4.37,2.38,1.36
1114,11140,1791070282181,113368,101121,-0.8499,-0.2913,0.4321,5.8,0.92,2.26
1115,11150,1791070282181,113405,101135,-0.8125,-0.2898,0.4636,3.94,-3.91,3.28
1116,11160,1791070282182,113445,101140,-0.8247,-0.2886,0.4541,3.4,0.21,1.83
1117,11170,1791070282182,113490,101159,-0.8306,-0.283,0.4553,1.89,0.99,0.99
1118,11180,1791070282182,113535,101171,-0.8306,-0.2798,0.4619,-0.73,-0.99,0.61
1119,11190,1791070282182,113581,101186,-0.825,-0.2927,0.4519,-4.14,-2.02,-0.2
1120,11200,1791070282241,113620,101199,-0.8279,-0.3022,0.4402,-6.52,-1.94,-0.89
1121,11210,1791070282241,113661,101214,-0.8279,-0.2981,0.4343,-8.2,-2.93,-0.93
1122,11220,1791070282241,113705,101234,-0.8274,-0.2952,0.4302,-7.69,-2.29,-1.13
1123,11230,1791070282241,113742,101246,-0.8293,-0.303,0.4231,-6.38,-2.95,-0.46
1124,11240,1791070282301,113763,101256,-0.8193,-0.2961,0.4541,-2.61,-1.48,0.02
1125,11250,1791070282301,113776,101261,-0.8293,-0.3005,0.4441,2.2,2.15,0.26
1126,11260,1791070282301,113797,101270,-0.8289,-0.302,0.4407,5.05,2.27,0.53
1127,11270,1791070282301,113802,101267,-0.8313,-0.2981,0.4541,5.34,3.6,0.87
1128,11280,1791070282360,113822,101271,-0.8347,-0.2942,0.4607,3.83,5.01,0.49
1129,11290,1791070282360,113835,101273,-0.8462,-0.2935,0.4543,2.73,3.34,0.79
1130,11300,1791070282360,113850,101280,-0.8474,-0.2915,0.4543,1.05,0.24,1.08
1131,11310,1791070282360,113854,101275,-0.8496,-0.2905,0.4624,-1.8,-4.56,1.45
1132,11320,1791070282361,113852,101268,-0.8367,-0.291,0.4575,-4.27,-6.82,1.15
1133,11330,1791070282361,113847,101264,-0.8374,-0.2976,0.4497,-4.96,-5.79,0.5
1134,11340,1791070282361,113837,101274,-0.8357,-0.2959,0.4592,-4.41,-3.5,0.2
1135,11350,1791070282361,113834,101266,-0.8367,-0.2961,0.4446,-3.07,-0.55,-0.24
1136,11360,1791070282421,113828,101256,-0.8347,-0.3008,0.4417,-1.59,0.5,-0.14
1137,11370,1791070282421,113843,101259,-0.8289,-0.3027,0.437,0.92,1.68,0.06
1138,11380,1791070282421,113862,101274,-0.8298,-0.2988,0.4348,3.53,3.37,0.4
1139,11390,1791070282421,113904,101287,-0.8362,-0.2988,0.4246,4.37,3.42,0.66
1140,11400,1791070282422,113948,101296,-0.8354,-0.2925,0.4365,3.1,2.08,0.64
1141,11410,1791070282422,114001,101319,-0.8374,-0.2876,0.4502,1.01,1.53,0.4
1142,11420,1791070282422,114043,101331,-0.8401,-0.2883,0.4514,-1.62,-1.05,0.34
1143,11430,1791070282422,114097,101343,-0.8376,-0.2908,0.4497,-2.87,-3.5,0.63
1144,11440,1791070282481,114131,101360,-0.8362,-0.2883,0.4482,-4.08,-5.36,0.75
1145,11450,1791070282481,114161,101375,-0.8303,-0.2893,0.4849,-3.74,-4.7,0.56
1146,11460,1791070282481,114190,101388,-0.8269,-0.2922,0.4724,-1.4,-0.78,0.34
1147,11470,1791070282481,114213,101393,-0.8386,-0.2954,0.449,1.02,0.15,0.84
1148,11480,1791070282541,114251,101397,-0.8337,-0.3066,0.4399,1.42,-1.86,1.13
1149,11490,1791070282541,114282,101403,-0.8225,-0.3003,0.4458,1.77,-1.21,0.96
1150,11500,1791070282541,114319,101419,-0.8281,-0.2976,0.4424,2.23,1.07,0.29
1151,11510,1791070282541,114350,101431,-0.8301,-0.2971,0.4238,1.04,1.31,-0.49
1152,11520,1791070282542,114397,101440,-0.8369,-0.3018,0.4102,-2.2,-0.11,-1.1
1153,11530,1791070282542,114434,101456,-0.8242,-0.291,0.4294,-5.8,-3.34,-1.27
1154,11540,1791070282542,114462,101468,-0.8245,-0.2883,0.4404,-7.94,-5.01,-1.57
1155,11550,1791070282542,114489,101477,-0.8352,-0.2974,0.4521,-7.77,-5.68,-1.08
1156,11560,1791070282600,114492,101478,-0.8372,-0.302,0.4595,-6.23,-6.53,-0.21
1157,11570,1791070282600,114505,101490,-0.8452,-0.2971,0.4692,-4.4,-7.89,1.02
1158,11580,1791070282600,114517,101481,-0.8364,-0.3052,0.481,-2.61,-6.4,1.53
1159,11590,1791070282600,114523,101495,-0.8323,-0.3083,0.4602,-1.59,-4.35,1.27
1160,11600,1791070282662,114543,101493,-0.8367,-0.3079,0.4656,-0.85,-1.83,0.84
1161,11610,1791070282662,114561,101496,-0.8325,-0.3171,0.46,-1.3,-0.46,0.31
1162,11620,1791070282662,114589,101503,-0.8318,-0.3127,0.4529,-1.62,0.93,0.09
1163,11630,1791070282662,114604,101506,-0.835,-0.3108,0.4458,-1.56,0.95,0.06
1164,11640,1791070282723,114611,101511,-0.8347,-0.3137,0.4421,-0.99,0.64,0.44
1165,11650,1791070282723,114592,101509,-0.8325,-0.3096,0.446,1.51,-0.15,1.74
1166,11660,1791070282723,114555,101487,-0.8325,-0.2993,0.4482,4.18,0.95,2.73
1167,11670,1791070282723,114490,101464,-0.8516,-0.3013,0.4517,4.7,0.76,3.05
1168,11680,1791070282723,114399,101443,-0.8464,-0.2908,0.448,3.54,-0.79,3.1
1169,11690,1791070282723,114303,101407,-0.8389,-0.2961,0.4744,0.87,-1.25,2.61
1170,11700,1791070282723,114216,101363,-0.8416,-0.2869,0.4836,-0.5,2.38,1.59
1171,11710,1791070282723,114117,101336,-0.8562,-0.2864,0.488,-0.95,4.09,1.11
1172,11720,1791070282782,114040,101305,-0.8564,-0.2883,0.4707,-1.68,3.69,0.92
1173,11730,1791070282782,113982,101280,-0.843,-0.2874,0.4749,-2.41,0.92,1.34
1174,11740,1791070282782,113941,101275,-0.8301,-0.2922,0.4497,-1.71,1.33,1.19
1175,11750,1791070282782,113921,101262,-0.8342,-0.2988,0.4329,-0.55,2.41,1.13
1176,11760,1791070282841,113916,101259,-0.8237,-0.2932,0.4084,-0.02,2.55,1.19
1177,11770,1791070282841,113930,101257,-0.8352,-0.2952,0.4067,0.23,-0.21,1.89
1178,11780,1791070282841,113952,101275,-0.8298,-0.2947,0.4309,-0.03,-3.62,2.34
1179,11790,1791070282841,113983,101291,-0.8206,-0.2947,0.4392,0.06,-3.89,2.17
1180,11800,1791070282842,114023,101289,-0.8213,-0.2976,0.4431,0.37,-1.74,1.25
1181,11810,1791070282842,114057,101309,-0.8232,-0.2905,0.4534,0.99,2.2,0.29
1182,11820,1791070282842,114101,101318,-0.8301,-0.2886,0.4463,1.97,4.35,-0.02
1183,11830,1791070282842,114158,101338,-0.8281,-0.28,0.4456,1.33,3.3,0.37
1184,11840,1791070282901,114222,101367,-0.834,-0.2844,0.4734,-0.12,3.08,-0.2
1185,11850,1791070282901,114272,101380,-0.8369,-0.292,0.4529,-1.05,3.37,-0.7
1186,11860,1791070282901,114333,101399,-0.8359,-0.2917,0.4492,-2.08,-0.12,-0.27
1187,11870,1791070282901,114395,101422,-0.834,-0.2898,0.4551,-2.47,-2.47,0.17
1188,11880,1791070282902,114452,101439,-0.8271,-0.2991,0.4397,-2.43,-3.24,0.34
1189,11890,1791070282902,114486,101449,-0.8284,-0.3044,0.4307,-1.77,-3.1,0.49
1190,11900,1791070282902,114502,101466,-0.8357,-0.2976,0.4346,-1.39,-2.89,0.52
1191,11910,1791070282902,114529,101465,-0.833,-0.2966,0.4304,-0.85,-3.1,0.7
1192,11920,1791070282961,114547,101473,-0.8369,-0.3044,0.4336,0.09,-3.86,0.93
1193,11930,1791070282961,114532,101470,-0.8325,-0.3035,0.4541,0.96,-2.32,0.49
1194,11940,1791070282961,114523,101462,-0.8333,-0.2947,0.4487,0.9,0.17,-0.08
1195,11950,1791070282961,114514,101468,-0.8369,-0.2935,0.4604,0.49,1.13,-0.06
1196,11960,1791070283021,114496,101452,-0.8503,-0.2935,0.4565,0.64,1.56,0.11
1197,11970,1791070283021,114474,101450,-0.8406,-0.2939,0.4619,0.05,-0.79,0.7
1198,11980,1791070283021,114466,101445,-0.8328,-0.29,0.4583,-0.11,-1.85,1.16
1199,11990,1791070283021,114454,101441,-0.834,-0.3015,0.4524,-0.03,-0.35,0.85
1200,12000,1791070283022,114458,101442,-0.8394,-0.2957,0.4414,-0.46,0.92,0.17
1201,12010,1791070283022,114464,101440,-0.8462,-0.3022,0.4395,-1.28,-1.33,0.61
1202,12020,1791070283022,114482,101447,-0.8459,-0.304,0.4551,-2.87,-4.06,0.58
1203,12030,1791070283022,114499,101449,-0.8359,-0.3086,0.4429,-3.24,-3.39,0.14
1204,12040,1791070283080,114510,101452,-0.8303,-0.2942,0.4189,-2.93,-1.71,0.06
1205,12050,1791070283080,114518,101461,-0.8325,-0.3015,0.439,-2.69,-1.05,0.49
1206,12060,1791070283080,114539,101471,-0.8328,-0.2971,0.4551,-1.42,-0.2,0.76
1207,12070,1791070283080,114556,101477,-0.8262,-0.2976,0.4478,-0.31,-0.6,1.39
1208,12080,1791070283141,114580,101485,-0.8308,-0.2964,0.4487,1.98,0.56,1.51
1209,12090,1791070283141,114615,101491,-0.8374,-0.2883,0.4529,3.28,3.18,0.92
1210,12100,1791070283141,114648,101503,-0.8406,-0.2903,0.4375,2.81,4.87,0.5
1211,12110,1791070283141,114691,101513,-0.8413,-0.281,0.4443,2.69,1.98,1.02
1212,12120,1791070283142,114725,101526,-0.8501,-0.2839,0.4382,1.82,-1.97,1.68
1213,12130,1791070283142,114753,101538,-0.8418,-0.2979,0.447,-0.43,-5.91,2.12
1214,12140,1791070283142,114787,101552,-0.8281,-0.3054,0.4397,-2.32,-7.19,1.85
1215,12150,1791070283142,114808,101553,-0.8357,-0.3059,0.4512,-3.37,-4.96,0.79
1216,12160,1791070283201,114836,101552,-0.835,-0.2952,0.4421,-4.31,-1.98,-0.56
1217,12170,1791070283201,114839,101561,-0.8396,-0.2839,0.4468,-4.29,0.43,-1.05
1218,12180,1791070283201,114859,101554,-0.8384,-0.2917,0.4448,-2.05,0.58,-0.6
1219,12190,1791070283201,114874,101564,-0.8352,-0.2834,0.4463,0.81,-1.15,0.27
1220,12200,1791070283260,114890,101579,-0.8308,-0.2893,0.4377,2.9,-2.18,1.15
1221,12210,1791070283260,114907,101586,-0.8254,-0.2993,0.4199,2.66,-1.28,0.31
1222,12220,1791070283260,114927,101586,-0.8179,-0.2986,0.4304,0.12,0.87,-0.87
1223,12230,1791070283260,114940,101595,-0.8298,-0.2935,0.4429,-1.18,1.97,-1.71
1224,12240,1791070283261,114958,101598,-0.8467,-0.2905,0.4561,-2.0,0.03,-1.21
1225,12250,1791070283261,114966,101606,-0.8586,-0.2942,0.4717,-3.54,-3.91,-0.14
1226,12260,1791070283261,114989,101612,-0.8472,-0.303,0.4592,-4.82,-6.18,0.12
1227,12270,1791070283261,114995,101611,-0.8376,-0.2981,0.4492,-4.72,-6.55,0.43
1228,12280,1791070283321,114996,101615,-0.8267,-0.3013,0.4495,-3.33,-5.83,0.6
1229,12290,1791070283321,115005,101615,-0.8171,-0.3008,0.4421,-0.95,-2.55,0.32
1230,12300,1791070283321,115000,101618,-0.8296,-0.3044,0.4551,0.93,1.4,-0.44
1231,12310,1791070283321,114993,101618,-0.8303,-0.2942,0.4392,2.95,2.7,-0.52
1232,12320,1791070283381,114994,101612,-0.8301,-0.3025,0.4333,3.94,1.54,0.08
1233,12330,1791070283381,114973,101609,-0.824,-0.3059,0.436,2.69,0.0,0.17
1234,12340,1791070283381,114933,101583,-0.834,-0.3069,0.4341,-0.37,1.18,-0.52
1235,12350,1791070283381,114854,101557,-0.8403,-0.2959,0.4358,-3.31,-0.84,-0.6
1236,12360,1791070283382,114758,101520,-0.8447,-0.3,0.4592,-5.34,-4.87,0.09
1237,12370,1791070283382,114639,101484,-0.8403,-0.3015,0.479,-6.35,-6.43,0.31
1238,12380,1791070283382,114510,101448,-0.8359,-0.3,0.4858,-4.98,-3.71,0.26
1239,12390,1791070283382,114381,101399,-0.8467,-0.302,0.4705,-2.41,-1.51,0.66
1240,12400,1791070283443,114255,101361,-0.8337,-0.313,0.467,0.24,0.31,0.82
1241,12410,1791070283443,114165,101323,-0.8394,-0.2961,0.4739,1.59,3.07,0.99
1242,12420,1791070283443,114081,101299,-0.8418,-0.2915,0.4722,2.7,4.06,0.92
1243,12430,1791070283443,114032,101287,-0.8418,-0.2969,0.4487,3.85,3.22,1.33
1244,12440,1791070283501,114002,101271,-0.8342,-0.3018,0.4141,2.78,-0.05,1.91
1245,12450,1791070283501,114001,101265,-0.822,-0.301,0.4229,0.41,-2.63,1.88
1246,12460,1791070283501,114003,101268,-0.8167,-0.302,0.4216,-1.91,-2.98,1.13
1247,12470,1791070283501,114014,101275,-0.8254,-0.2986,0.4141,-3.39,-1.44,0.09
1248,12480,1791070283502,114026,101282,-0.8367,-0.2983,0.4399,-5.47,-2.18,-0.53
1249,12490,1791070283502,114023,101284,-0.8269,-0.2969,0.4468,-6.11,-2.31,-0.35
1250,12500,1791070283502,114032,101283,-0.8298,-0.2979,0.4568,-3.01,-2.31,0.23
1251,12510,1791070283502,114043,101288,-0.8274,-0.2996,0.481,-0.06,-1.88,1.21
1252,12520,1791070283562,114056,101293,-0.8325,-0.2988,0.4788,1.28,1.05,0.66
1253,12530,1791070283562,114093,101304,-0.833,-0.3035,0.4546,2.53,3.57,0.06
1254,12540,1791070283562,114123,101321,-0.832,-0.3035,0.4512,2.52,2.52,0.14
1255,12550,1791070283562,114171,101330,-0.8401,-0.3057,0.4363,0.87,0.84,0.26
1256,12560,1791070283621,114214,101340,-0.8367,-0.2991,0.438,-1.36,-1.57,0.44
1257,12570,1791070283621,114245,101358,-0.8303,-0.3037,0.4353,-2.46,-3.76,0.81
1258,12580,1791070283621,114272,101369,-0.832,-0.304,0.4314,-2.14,-3.54,0.78
1259,12590,1791070283621,114281,101366,-0.8323,-0.3042,0.426,-1.01,-1.73,0.84
1260,12600,1791070283622,114288,101372,-0.8291,-0.2952,0.4446,0.32,-0.82,0.82
1261,12610,1791070283622,114285,101376,-0.8374,-0.2927,0.4565,2.23,2.23,0.26
1262,12620,1791070283622,114278,101362,-0.8464,-0.2849,0.4551,3.56,3.4,0.12
1263,12630,1791070283622,114275,101356,-0.8511,-0.2891,0.4509,3.25,1.56,0.32
1264,12640,1791070283683,114271,101368,-0.8474,-0.293,0.4438,1.15,-1.21,0.72
1265,12650,1791070283683,114260,101354,-0.8462,-0.2939,0.4524,-2.69,-3.65,0.38
1266,12660,1791070283683,114240,101354,-0.8379,-0.3005,0.4504,-6.56,-4.53,-0.52
1267,12670,1791070283683,114222,101342,-0.8386,-0.3049,0.449,-8.2,-5.51,-0.52
1268,12680,1791070283742,114199,101343,-0.8372,-0.3032,0.4722,-7.47,-5.19,-0.21
1269,12690,1791070283742,114180,101334,-0.8364,-0.3113,0.4624,-5.4,-3.74,0.09
1270,12700,1791070283742,114151,101337,-0.8311,-0.3035,0.46,-1.6,-1.92,0.37
1271,12710,1791070283742,114149,101335,-0.8257,-0.3096,0.4421,2.2,0.46,0.98
1272,12720,1791070283742,114163,101338,-0.8291,-0.3081,0.4348,4.66,2.05,1.42
1273,12730,1791070283742,114186,101341,-0.8293,-0.3057,0.4348,4.99,3.07,1.25
1274,12740,1791070283742,114221,101358,-0.8284,-0.3069,0.4355,4.79,4.79,0.87
1275,12750,1791070283742,114257,101364,-0.8394,-0.301,0.4377,3.74,4.67,0.9
1276,12760,1791070283801,114296,101376,-0.8369,-0.2942,0.4375,1.65,2.64,0.92
1277,12770,1791070283801,114335,101383,-0.834,-0.2939,0.4419,-0.24,0.63,0.66
1278,12780,1791070283801,114377,101397,-0.8267,-0.2896,0.4419,-1.25,-1.11,1.04
1279,12790,1791070283801,114402,101412,-0.8306,-0.2871,0.4541,-1.24,-2.09,0.99
1280,12800,1791070283862,114443,101424,-0.8357,-0.2932,0.4507,-1.51,-2.18,0.95
1281,12810,1791070283862,114463,101425,-0.8367,-0.2932,0.4375,-1.97,-3.62,0.82
1282,12820,1791070283862,114498,101439,-0.8325,-0.3044,0.4465,-2.67,-6.06,1.4
1283,12830,1791070283862,114521,101447,-0.8325,-0.3091,0.4507,-2.93,-5.31,0.84
1284,12840,1791070283862,114545,101450,-0.8333,-0.3137,0.4495,-4.06,-3.24,0.0
1285,12850,1791070283862,114564,101451,-0.8281,-0.3191,0.4438,-4.58,-1.51,-0.32
1286,12860,1791070283862,114582,101462,-0.8298,-0.3188,0.4402,-3.1,-0.63,-0.37
1287,12870,1791070283862,114604,101465,-0.8284,-0.3103,0.4558,-1.51,0.93,0.14
1288,12880,1791070283921,114621,101474,-0.8259,-0.3049,0.4456,1.62,3.11,0.08
1289,12890,1791070283921,114645,101483,-0.832,-0.2957,0.448,4.6,5.07,0.61
1290,12900,1791070283921,114673,101487,-0.8367,-0.293,0.4336,5.34,4.43,0.99
1291,12910,1791070283921,114697,101496,-0.8364,-0.2957,0.4431,3.94,2.03,1.28
1292,12920,1791070283981,114732,101509,-0.8367,-0.2925,0.4465,1.39,-1.6,1.56
1293,12930,1791070283981,114755,101518,-0.8293,-0.2957,0.4509,-0.82,-3.89,1.33
1294,12940,1791070283981,114775,101525,-0.8303,-0.2905,0.4446,-2.46,-3.83,1.04
1295,12950,1791070283981,114786,101537,-0.8357,-0.2971,0.4541,-4.06,-4.5,0.66
1296,12960,1791070283981,114799,101540,-0.823,-0.2988,0.4619,-3.76,-4.55,0.69
1297,12970,1791070283981,114815,101544,-0.8301,-0.2983,0.4443,-3.11,-0.75,-0.56
1298,12980,1791070283981,114823,101553,-0.8357,-0.3057,0.4209,-3.1,1.02,-1.16
1299,12990,1791070283981,114843,101557,-0.8367,-0.3054,0.415,-2.93,-0.87,-0.06
1300,13000,1791070284044,114863,101562,-0.8284,-0.3052,0.4265,-2.31,-3.1,0.61
1301,13010,1791070284044,114871,101570,-0.825,-0.3147,0.4358,-1.37,-3.53,0.96
1302,13020,1791070284044,114879,101561,-0.8235,-0.3081,0.4465,0.61,-1.77,0.99
1303,13030,1791070284044,114876,101564,-0.8359,-0.3032,0.4612,2.52,1.22,0.75
1304,13040,1791070284101,114855,101548,-0.8384,-0.2964,0.468,3.44,3.11,0.56
1305,13050,1791070284101,114788,101533,-0.8486,-0.2913,0.4641,3.73,2.75,0.95
1306,13060,1791070284101,114719,101501,-0.8508,-0.29,0.4629,3.21,0.82,1.37
1307,13070,1791070284101,114631,101479,-0.8569,-0.2898,0.4597,0.56,-2.89,1.53
1308,13080,1791070284102,114522,101434,-0.844,-0.2954,0.4485,-2.76,-5.48,1.27
1309,13090,1791070284102,114403,101404,-0.8372,-0.3022,0.4473,-4.92,-5.15,0.82
1310,13100,1791070284102,114292,101364,-0.8401,-0.3003,0.4436,-5.4,-3.86,0.12
1311,13110,1791070284102,114175,101331,-0.8379,-0.3086,0.4341,-5.11,-2.79,-0.03
1312,13120,1791070284162,114074,101298,-0.8347,-0.3088,0.4412,-4.18,-2.08,0.12
1313,13130,1791070284162,113973,101276,-0.8315,-0.3088,0.4404,-2.05,-1.28,0.69
1314,13140,1791070284162,113916,101236,-0.8281,-0.3069,0.437,0.63,-0.73,1.59
1315,13150,1791070284162,113862,101230,-0.8301,-0.3069,0.4336,2.55,-0.64,2.18
1316,13160,1791070284221,113841,101221,-0.8325,-0.3057,0.4404,2.79,-0.89,2.08
1317,13170,1791070284221,113836,101224,-0.8293,-0.2991,0.4492,1.63,-0.5,1.66
1318,13180,1791070284221,113867,101220,-0.8342,-0.2971,0.4644,-0.15,-0.67,1.31
1319,13190,1791070284221,113890,101226,-0.8418,-0.2969,0.469,-1.25,-1.56,1.34
1320,13200,1791070284222,113932,101243,-0.8342,-0.2979,0.4705,-1.18,-2.18,1.11
1321,13210,1791070284222,113962,101256,-0.8369,-0.2974,0.4714,-0.35,-1.31,1.02
1322,13220,1791070284222,113988,101257,-0.8289,-0.2917,0.4541,0.64,0.34,0.55
1323,13230,1791070284222,114017,101267,-0.8303,-0.2925,0.4414,0.76,1.31,0.52
1324,13240,1791070284281,114047,101280,-0.8301,-0.2878,0.4355,-0.11,0.4,0.58
1325,13250,1791070284281,114076,101284,-0.8274,-0.2949,0.4292,-1.42,-1.33,0.5
1326,13260,1791070284281,114105,101300,-0.8271,-0.3008,0.4302,-2.47,-2.9,0.67
1327,13270,1791070284281,114143,101308,-0.8264,-0.3052,0.4346,-2.43,-4.58,1.02
1328,13280,1791070284341,114170,101312,-0.8171,-0.3081,0.429,-1.76,-2.93,0.41
1329,13290,1791070284341,114179,101316,-0.8311,-0.3062,0.4277,-1.82,-1.39,0.09
1330,13300,1791070284341,114202,101320,-0.8337,-0.3066,0.448,-1.91,-2.26,0.37
1331,13310,1791070284341,114207,101323,-0.8262,-0.3057,0.4666,-0.67,-2.29,0.82
1332,13320,1791070284342,114200,101326,-0.8359,-0.3071,0.4658,1.39,-0.49,0.76
1333,13330,1791070284342,114196,101318,-0.8389,-0.3025,0.4563,3.16,2.15,0.56
1334,13340,1791070284342,114189,101319,-0.8394,-0.2986,0.4565,3.19,1.85,0.73
1335,13350,1791070284342,114194,101313,-0.8362,-0.293,0.4712,1.91,1.37,0.53
1336,13360,1791070284401,114191,101310,-0.8394,-0.2964,0.4658,-0.32,-0.08,0.26
1337,13370,1791070284401,114190,101316,-0.8374,-0.2976,0.4568,-2.15,-0.69,0.05
1338,13380,1791070284401,114189,101319,-0.8374,-0.2988,0.4434,-3.47,-2.14,-0.06
1339,13390,1791070284401,114188,101315,-0.8357,-0.3059,0.4365,-3.94,-2.95,0.43
1340,13400,1791070284461,114184,101315,-0.8252,-0.3044,0.4275,-3.89,-3.83,1.15
1341,13410,1791070284461,114183,101319,-0.8269,-0.3101,0.4539,-3.1,-2.64,1.18
1342,13420,1791070284461,114184,101322,-0.8328,-0.3076,0.4292,-1.45,0.31,0.72
1343,13430,1791070284461,114194,101324,-0.8291,-0.3064,0.4456,-0.56,0.61,0.92
1344,13440,1791070284462,114210,101328,-0.8318,-0.2998,0.4534,0.35,1.05,1.08
1345,13450,1791070284462,114229,101336,-0.8374,-0.3015,0.4529,1.57,0.87,1.47
1346,13460,1791070284462,114252,101333,-0.8352,-0.2986,0.4531,2.55,-0.06,1.73
1347,13470,1791070284462,114272,101337,-0.8298,-0.3,0.4578,1.94,0.26,1.34
1348,13480,1791070284522,114311,101349,-0.8311,-0.293,0.4448,0.79,1.37,0.5
1349,13490,1791070284522,114348,101362,-0.835,-0.2932,0.4409,-0.52,0.64,0.29
1350,13500,1791070284522,114388,101378,-0.8408,-0.2932,0.4434,-1.71,-1.18,0.55
1351,13510,1791070284522,114440,101388,-0.8406,-0.2988,0.4473,-3.05,-3.21,0.38
1352,13520,1791070284583,114487,101401,-0.8342,-0.2988,0.4473,-3.97,-3.36,-0.06
1353,13530,1791070284583,114513,101411,-0.822,-0.2974,0.4419,-3.19,-2.58,0.31
1354,13540,1791070284583,114533,101424,-0.8271,-0.3027,0.4453,-1.48,-1.83,0.64
1355,13550,1791070284583,114556,101430,-0.8301,-0.3057,0.4351,0.43,-1.27,1.01
1356,13560,1791070284583,114579,101436,-0.8232,-0.2986,0.4485,1.56,-1.19,1.45
1357,13570,1791070284583,114594,101440,-0.8306,-0.3015,0.4536,1.89,0.21,1.15
1358,13580,1791070284583,114625,101448,-0.8289,-0.3049,0.447,1.24,1.02,0.73
1359,13590,1791070284583,114654,101457,-0.8281,-0.3027,0.45,0.56,0.92,0.53
1360,13600,1791070284642,114689,101462,-0.8376,-0.3049,0.4377,-0.6,-0.27,0.37
1361,13610,1791070284642,114727,101474,-0.8418,-0.2993,0.4395,-1.44,-2.0,0.49
1362,13620,1791070284642,114749,101489,-0.8345,-0.3003,0.4521,-1.62,-2.46,0.56
1363,13630,1791070284642,114776,101498,-0.8328,-0.2971,0.4563,-0.55,-1.97,0.7
1364,13640,1791070284702,114798,101502,-0.8413,-0.2932,0.4558,0.96,-0.06,0.84
1365,13650,1791070284702,114826,101511,-0.842,-0.2932,0.4578,1.8,0.12,1.04
1366,13660,1791070284702,114849,101527,-0.8335,-0.2917,0.4456,2.21,0.35,1.44
1367,13670,1791070284702,114871,101529,-0.8325,-0.2952,0.447,1.4,-0.81,1.59
1368,13680,1791070284703,114897,101534,-0.8333,-0.2922,0.4507,-0.09,-2.18,1.53
1369,13690,1791070284703,114929,101549,-0.8311,-0.2959,0.4419,-1.71,-3.27,1.08
1370,13700,1791070284703,114943,101550,-0.8193,-0.3008,0.4368,-3.16,-3.94,0.81
1371,13710,1791070284703,114963,101549,-0.8501,-0.2974,0.437,-4.24,0.12,-0.03
1372,13720,1791070284762,114970,101555,-0.8494,-0.3064,0.4426,-5.74,-4.14,0.11
1373,13730,1791070284762,114994,101565,-0.8203,-0.2898,0.4373,-2.87,-4.73,0.67
1374,13740,1791070284762,115001,101566,-0.8225,-0.3113,0.4482,-1.76,-3.16,0.72
1375,13750,1791070284762,115016,101570,-0.8269,-0.3103,0.4399,-0.14,-0.06,0.12
1376,13760,1791070284821,115041,101578,-0.8291,-0.2947,0.4546,-0.02,-0.02,-0.38
1377,13770,1791070284821,115053,101577,-0.8281,-0.2952,0.4604,-0.03,-0.81,-0.38
1378,13780,1791070284821,115059,101587,-0.8325,-0.2966,0.4604,0.14,-1.5,-0.41
1379,13790,1791070284821,115051,101587,-0.8315,-0.2922,0.4626,0.7,-1.18,-0.34
1380,13800,1791070284822,115012,101581,-0.8286,-0.2922,0.4612,0.02,-1.54,-0.46
1381,13810,1791070284822,114935,101555,-0.8423,-0.2949,0.4453,-0.89,-1.21,-0.64
1382,13820,1791070284822,114845,101526,-0.8452,-0.3049,0.4207,-1.8,-2.53,-0.31
1383,13830,1791070284822,114738,101491,-0.8403,-0.3086,0.4368,-3.36,-5.94,0.44
1384,13840,1791070284881,114611,101470,-0.8342,-0.3179,0.4465,-4.37,-7.59,0.92
1385,13850,1791070284881,114489,101421,-0.8298,-0.3149,0.4583,-3.08,-6.78,1.34
1386,13860,1791070284881,114367,101365,-0.8247,-0.3132,0.4534,-0.52,-4.49,1.62
1387,13870,1791070284881,114246,101334,-0.8281,-0.3057,0.4644,2.44,-1.24,2.05
1388,13880,1791070284941,114159,101302,-0.8347,-0.3062,0.4775,5.1,2.85,1.86
1389,13890,1791070284941,114086,101276,-0.8372,-0.2939,0.45,6.79,5.44,1.65
1390,13900,1791070284941,114064,101257,-0.845,-0.2942,0.436,6.93,4.38,2.15
1391,13910,1791070284941,114062,101266,-0.844,-0.2905,0.4424,4.78,0.96,2.32
1392,13920,1791070284942,114081,101266,-0.8423,-0.2905,0.4456,0.95,-1.59,1.53
1393,13930,1791070284942,114104,101269,-0.8396,-0.2964,0.4292,-3.21,-2.73,0.34
1394,13940,1791070284942,114125,101281,-0.8308,-0.2981,0.4402,-6.32,-4.05,-0.26
1395,13950,1791070284942,114150,101289,-0.8298,-0.2957,0.4438,-8.08,-4.23,-0.81
1396,13960,1791070285004,114156,101293,-0.8347,-0.3088,0.4661,-8.79,-4.23,-0.87
1397,13970,1791070285004,114159,101296,-0.8337,-0.3052,0.4844,-5.39,-1.21,-0.81
1398,13980,1791070285004,114166,101299,-0.8357,-0.3123,0.4854,-2.21,0.69,-0.29
1399,13990,1791070285004,114169,101296,-0.8391,-0.3147,0.4873,-0.47,1.97,0.34
1400,14000,1791070285064,114175,101301,-0.8413,-0.3149,0.48,1.44,2.98,0.79
1401,14010,1791070285064,114185,101302,-0.8362,-0.3081,0.4651,2.35,2.87,1.51
1402,14020,1791070285064,114211,101301,-0.8337,-0.3083,0.4451,2.09,1.59,2.14
1403,14030,1791070285064,114228,101309,-0.8298,-0.3047,0.4351,0.9,-0.72,2.95
1404,14040,1791070285064,114250,101315,-0.8269,-0.303,0.428,-0.96,-3.21,3.27
1405,14050,1791070285064,114261,101322,-0.823,-0.3064,0.429,-2.61,-4.37,3.15
1406,14060,1791070285064,114261,101313,-0.8157,-0.3047,0.4341,-2.84,-4.49,3.16
1407,14070,1791070285064,114260,101313,-0.8232,-0.3074,0.4438,-1.59,-2.66,2.27
1408,14080,1791070285122,114257,101315,-0.834,-0.3005,0.4575,-0.12,-0.64,1.79
1409,14090,1791070285122,114260,101309,-0.8228,-0.2957,0.4573,1.68,1.33,1.19
1410,14100,1791070285122,114246,101311,-0.8237,-0.2915,0.4456,3.01,2.84,1.27
1411,14110,1791070285122,114240,101300,-0.8345,-0.2856,0.4561,3.83,2.72,1.66
1412,14120,1791070285181,114225,101287,-0.8286,-0.2874,0.4592,4.66,1.07,2.52
1413,14130,1791070285181,114224,101284,-0.8281,-0.2834,0.4514,4.72,-0.05,2.87
1414,14140,1791070285181,114220,101287,-0.8369,-0.2871,0.4451,2.2,0.5,1.94
1415,14150,1791070285181,114228,101289,-0.8362,-0.2871,0.4419,-1.18,0.02,0.92
1416,14160,1791070285183,114243,101288,-0.8315,-0.2908,0.4309,-2.89,-0.58,0.38
1417,14170,1791070285183,114252,101286,-0.8411,-0.2893,0.4543,-4.24,-0.56,-0.4
1418,14180,1791070285183,114274,101292,-0.8455,-0.2927,0.4385,-5.24,-1.86,-0.98
1419,14190,1791070285183,114310,101306,-0.8459,-0.2915,0.4536,-5.07,-4.09,-0.63
1420,14200,1791070285245,114336,101319,-0.8369,-0.302,0.479,-4.93,-5.1,-0.11
1421,14210,1791070285245,114353,101327,-0.8242,-0.2947,0.4839,-3.95,-1.51,-1.25
1422,14220,1791070285245,114380,101331,-0.8416,-0.3088,0.4783,-0.02,3.16,-0.89
1423,14230,1791070285245,114393,101338,-0.8396,-0.2935,0.469,3.07,4.92,-0.66
1424,14240,1791070285304,114420,101350,-0.8379,-0.2881,0.4824,3.36,3.59,-0.05
1425,14250,1791070285304,114444,101352,-0.8474,-0.29,0.4592,3.1,1.51,0.76
1426,14260,1791070285304,114473,101355,-0.8347,-0.2917,0.4412,1.54,-1.63,1.11
1427,14270,1791070285304,114496,101360,-0.8301,-0.3015,0.4187,-1.56,-3.74,1.37
1428,14280,1791070285305,114514,101366,-0.825,-0.303,0.4075,-4.31,-5.28,1.15
1429,14290,1791070285305,114527,101367,-0.8196,-0.3079,0.4028,-5.45,-6.03,0.85
1430,14300,1791070285305,114536,101369,-0.821,-0.3127,0.4104,-4.82,-6.12,0.98
1431,14310,1791070285305,114555,101374,-0.8208,-0.3057,0.4373,-3.01,-5.44,0.78
1432,14320,1791070285362,114562,101381,-0.8196,-0.2969,0.4595,-1.11,-3.25,0.4
1433,14330,1791070285362,114584,101381,-0.833,-0.291,0.4546,1.04,1.98,-0.87
1434,14340,1791070285362,114606,101384,-0.844,-0.2944,0.4421,1.77,3.68,-1.47
1435,14350,1791070285362,114630,101399,-0.8408,-0.2927,0.4504,0.75,0.5,-1.04
1436,14360,1791070285423,114661,101409,-0.8401,-0.2998,0.4536,-2.41,-2.31,-0.96
1437,14370,1791070285423,114683,101424,-0.8362,-0.3057,0.4558,-5.15,-4.34,-0.85
1438,14380,1791070285423,114706,101433,-0.8218,-0.3135,0.4709,-6.29,-5.25,-0.61
1439,14390,1791070285423,114713,101442,-0.8279,-0.3127,0.4644,-6.82,-3.6,-0.76
1440,14400,1791070285424,114720,101443,-0.8362,-0.3093,0.4661,-6.44,-3.71,-0.21
1441,14410,1791070285424,114711,101442,-0.8259,-0.312,0.469,-3.77,-4.47,0.98
1442,14420,1791070285424,114709,101459,-0.8215,-0.3098,0.4631,0.69,-2.76,1.92
1443,14430,1791070285424,114698,101439,-0.8564,-0.3105,0.4551,7.11,0.53,2.2
1444,14440,1791070285482,114705,101435,-0.824,-0.313,0.4438,9.42,-1.36,3.16
1445,14450,1791070285482,114712,101436,-0.8015,-0.3049,0.4229,9.77,1.34,2.98
1446,14460,1791070285482,114728,101443,-0.8232,-0.2976,0.4053,7.05,3.48,2.2
1447,14470,1791070285482,114772,101454,-0.8325,-0.2896,0.4255,2.52,2.6,1.11
1448,14480,1791070285540,114814,101463,-0.8403,-0.2852,0.4277,-1.1,-1.07,1.15
1449,14490,1791070285540,114843,101476,-0.8264,-0.2983,0.4626,-5.66,-6.46,1.08
1450,14500,1791070285540,114856,101487,-0.8232,-0.3052,0.4717,-7.59,-4.72,-0.06
1451,14510,1791070285540,114863,101483,-0.8347,-0.3035,0.4504,-6.92,-2.32,-0.61
1452,14520,1791070285542,114874,101483,-0.832,-0.3,0.4775,-6.35,-2.34,-0.17
1453,14530,1791070285542,114886,101480,-0.8416,-0.2991,0.467,-4.95,-2.64,0.38
1454,14540,1791070285542,114905,101480,-0.8438,-0.3049,0.4473,-3.28,-3.74,0.79
1455,14550,1791070285542,114927,101490,-0.8176,-0.3005,0.4343,-1.34,-3.95,0.96
1456,14560,1791070285601,114951,101498,-0.8223,-0.3052,0.4236,0.31,-2.05,0.89
1457,14570,1791070285601,114979,101501,-0.8203,-0.3096,0.418,0.56,-2.02,0.85
1458,14580,1791070285601,115010,101515,-0.8108,-0.3022,0.4363,-0.58,-2.7,0.84
1459,14590,1791070285601,115024,101524,-0.8223,-0.2966,0.459,-2.09,-2.7,0.44
1460,14600,1791070285660,115026,101521,-0.8293,-0.3032,0.4539,-4.21,-2.43,-0.23
1461,14610,1791070285660,114987,101506,-0.8311,-0.303,0.4717,-4.09,-1.25,-0.84
1462,14620,1791070285660,114915,101486,-0.8462,-0.3,0.4775,-3.28,0.05,-1.22
1463,14630,1791070285660,114812,101449,-0.8508,-0.3022,0.4812,-3.01,-0.78,-0.95
1464,14640,1791070285662,114690,101408,-0.845,-0.3015,0.4875,-2.43,-2.98,0.24
1465,14650,1791070285662,114555,101361,-0.8335,-0.2988,0.4866,-1.34,-3.27,0.96
1466,14660,1791070285662,114421,101323,-0.8315,-0.2979,0.478,1.1,-1.59,1.18
1467,14670,1791070285662,114292,101278,-0.8286,-0.3005,0.4534,3.91,0.82,1.28
1468,14680,1791070285721,114189,101241,-0.8352,-0.3013,0.4417,5.11,1.98,1.04
1469,14690,1791070285721,114107,101215,-0.8264,-0.2988,0.4282,5.44,1.98,0.87
1470,14700,1791070285721,114055,101190,-0.8228,-0.2988,0.4077,5.71,0.78,1.11
1471,14710,1791070285721,114037,101180,-0.834,-0.2878,0.4504,5.89,-1.42,1.54
1472,14720,1791070285781,114031,101184,-0.845,-0.3044,0.4309,5.28,-4.24,2.08
1473,14730,1791070285781,114032,101182,-0.8076,-0.303,0.4485,4.14,-6.06,2.08
1474,14740,1791070285781,114043,101180,-0.8264,-0.2986,0.4609,1.68,-3.34,0.49
1475,14750,1791070285781,114081,101182,-0.8269,-0.2917,0.4607,-1.1,-3.02,-0.37
1476,14760,1791070285782,114105,101197,-0.8252,-0.2893,0.4792,-2.66,-4.34,-0.27
1477,14770,1791070285782,114139,101207,-0.8228,-0.2886,0.4924,-3.47,-3.34,-0.61
1478,14780,1791070285782,114164,101220,-0.8389,-0.3035,0.4746,-2.47,-1.48,-0.41
1479,14790,1791070285782,114188,101233,-0.8271,-0.3022,0.4541,-0.12,-1.97,0.12
1480,14800,1791070285841,114210,101233,-0.8225,-0.3071,0.4519,1.71,-1.39,0.55
1481,14810,1791070285841,114229,101235,-0.8157,-0.3044,0.4365,3.24,-0.27,0.9
1482,14820,1791070285841,114262,101252,-0.8245,-0.3079,0.4231,3.48,-0.34,1.05
1483,14830,1791070285841,114291,101255,-0.8313,-0.3188,0.4417,1.44,-1.24,1.19
1484,14840,1791070285901,114322,101257,-0.8247,-0.3169,0.4512,-0.37,-1.77,1.45
1485,14850,1791070285901,114345,101261,-0.8274,-0.3152,0.4565,1.59,-1.62,2.29
1486,14860,1791070285901,114362,101269,-0.8276,-0.3081,0.4565,4.26,-2.11,3.28
1487,14870,1791070285901,114387,101273,-0.8284,-0.3083,0.4666,4.47,-1.51,3.15
1488,14880,1791070285902,114405,101274,-0.8291,-0.3022,0.468,4.23,-0.61,2.75
1489,14890,1791070285902,114416,101267,-0.832,-0.2861,0.4744,3.63,-0.9,2.47
1490,14900,1791070285902,114419,101272,-0.8372,-0.2859,0.4822,2.49,-2.47,2.5
1491,14910,1791070285902,114410,101265,-0.8347,-0.2861,0.4917,1.1,-3.79,2.38
1492,14920,1791070285961,114387,101259,-0.8357,-0.2905,0.4753,-0.78,-3.44,1.94
1493,14930,1791070285961,114369,101259,-0.8071,-0.2925,0.4487,-1.36,-2.27,0.43
1494,14940,1791070285961,114353,101255,-0.8193,-0.3,0.429,-1.07,-2.17,1.22
1495,14950,1791070285961,114332,101253,-0.8101,-0.2964,0.4236,-1.44,-2.56,1.21
1496,14960,1791070286020,114319,101257,-0.8079,-0.2849,0.4324,-3.3,-3.86,1.07
1497,14970,1791070286020,114318,101241,-0.8176,-0.2839,0.4348,-4.44,-5.6,0.93
1498,14980,1791070286020,114302,101245,-0.8276,-0.2842,0.4658,-5.53,-7.48,0.69
1499,14990,1791070286020,114298,101249,-0.8247,-0.2849,0.4766,-6.46,-9.6,0.69
1500,15000,1791070286022,114301,101240,-0.8201,-0.2876,0.5034,-7.36,-9.74,0.69
1501,15010,1791070286022,114305,101238,-0.8247,-0.2927,0.5034,-6.69,-8.02,0.41
1502,15020,1791070286022,114326,101247,-0.8196,-0.2976,0.5022,-4.64,-5.83,-0.18
1503,15030,1791070286022,114351,101254,-0.8235,-0.3025,0.4607,-3.08,-4.14,-0.06
1504,15040,1791070286080,114382,101261,-0.8213,-0.304,0.4673,-2.99,-5.63,0.12
1505,15050,1791070286080,114401,101265,-0.8223,-0.3081,0.448,-2.37,-9.19,0.99
1506,15060,1791070286080,114443,101264,-0.8125,-0.2881,0.4714,-2.24,-10.29,0.96
1507,15070,1791070286080,114488,101284,-0.8425,-0.2959,0.4534,-3.45,-9.47,0.14
1508,15080,1791070286141,114522,101284,-0.8342,-0.3008,0.4885,-4.31,-12.66,0.76
1509,15090,1791070286141,114546,101290,-0.8411,-0.3054,0.4673,-4.2,-13.48,0.52
1510,15100,1791070286141,114575,101290,-0.8203,-0.3188,0.4753,-4.58,-10.52,0.58
1511,15110,1791070286141,114598,101292,-0.8267,-0.3167,0.478,-3.51,-6.44,0.08
1512,15120,1791070286142,114628,101299,-0.8208,-0.3096,0.4648,-1.37,-4.79,0.84
1513,15130,1791070286142,114659,101309,-0.8337,-0.3101,0.4753,-1.66,-4.64,1.08
1514,15140,1791070286142,114686,101318,-0.8364,-0.3003,0.4834,-3.73,-6.02,1.07
1515,15150,1791070286142,114721,101323,-0.8291,-0.2998,0.4792,-5.08,-7.36,1.18
1516,15160,1791070286201,114752,101326,-0.8323,-0.2983,0.4863,-5.79,-7.85,1.34
1517,15170,1791070286201,114775,101336,-0.832,-0.2991,0.48,-5.47,-9.24,2.14
1518,15180,1791070286201,114797,101346,-0.8274,-0.3025,0.4854,-5.53,-9.56,2.58
1519,15190,1791070286201,114820,101348,-0.8123,-0.3142,0.4841,-4.92,-7.95,2.93
1520,15200,1791070286261,114836,101361,-0.824,-0.2988,0.4788,-4.0,-5.16,3.16
1521,15210,1791070286261,114855,101363,-0.8311,-0.3103,0.4788,-4.02,-5.3,2.87
1522,15220,1791070286261,114872,101353,-0.8347,-0.2998,0.4734,-4.5,-6.89,3.22
1523,15230,1791070286261,114881,101352,-0.8213,-0.2988,0.4949,-4.72,-9.73,4.18
1524,15240,1791070286321,114891,101352,-0.8152,-0.293,0.4995,-3.56,-9.19,4.38
1525,15250,1791070286321,114888,101349,-0.8157,-0.2952,0.4907,-2.08,-6.03,3.6
1526,15260,1791070286321,114890,101348,-0.8171,-0.2976,0.4812,-1.37,-3.6,2.89
1527,15270,1791070286321,114886,101339,-0.8167,-0.2947,0.4878,-0.5,-5.04,3.77
1528,15280,1791070286323,114884,101333,-0.8074,-0.2859,0.5081,-0.08,-5.02,3.82
1529,15290,1791070286323,114897,101323,-0.8108,-0.291,0.4829,-1.01,-2.98,2.63
1530,15300,1791070286323,114908,101322,-0.8208,-0.2886,0.4746,-3.25,-3.63,2.15
1531,15310,1791070286323,114933,101311,-0.8062,-0.2886,0.4783,-5.82,-5.86,2.23
1532,15320,1791070286382,114950,101314,-0.8103,-0.2915,0.481,-7.33,-6.69,2.03
1533,15330,1791070286382,114972,101320,-0.8015,-0.2959,0.467,-6.52,-6.61,2.21
1534,15340,1791070286382,114984,101318,-0.8035,-0.3032,0.4685,-5.88,-5.5,1.66
1535,15350,1791070286382,115008,101323,-0.8086,-0.2935,0.4734,-3.79,-5.16,1.69
1536,15360,1791070286383,115028,101328,-0.8123,-0.2917,0.4807,-2.23,-5.77,1.5
1537,15370,1791070286383,115041,101324,-0.8137,-0.2937,0.4834,-1.04,-5.8,1.59
1538,15380,1791070286383,115069,101330,-0.8118,-0.2971,0.4795,-0.14,-6.98,2.05
1539,15390,1791070286383,115091,101332,-0.7964,-0.2908,0.4878,0.26,-8.17,2.78
1540,15400,1791070286442,115111,101330,-0.7979,-0.293,0.4976,0.24,-8.02,2.82
1541,15410,1791070286442,115119,101342,-0.8018,-0.2817,0.4971,-0.67,-8.26,2.5
1542,15420,1791070286442,115119,101340,-0.8035,-0.3008,0.5332,-3.73,-8.69,2.21
1543,15430,1791070286442,115084,101324,-0.7866,-0.2798,0.5449,-2.46,-5.16,0.87
1544,15440,1791070286501,115012,101296,-0.8071,-0.3037,0.5098,-0.12,-2.12,-0.2
1545,15450,1791070286501,114912,101263,-0.7742,-0.2859,0.5308,-0.08,0.34,-1.16
1546,15460,1791070286501,114805,101225,-0.8042,-0.3062,0.4934,1.15,5.19,-2.27
1547,15470,1791070286501,114689,101199,-0.8064,-0.2971,0.4805,0.47,4.95,-1.97
1548,15480,1791070286502,114566,101165,-0.7771,-0.3022,0.6194,0.87,3.02,-1.36
1549,15490,1791070286502,114447,101132,-0.8123,-0.3013,0.4512,2.99,-1.16,0.75
1550,15500,1791070286502,114326,101098,-0.8115,-0.3,0.4714,2.82,-6.06,2.67
1551,15510,1791070286502,114219,101058,-0.8186,-0.3005,0.4907,2.0,-7.51,2.52
1552,15520,1791070286562,114123,101028,-0.811,-0.3008,0.4932,0.17,-8.06,2.46
1553,15530,1791070286562,114042,101002,-0.8069,-0.3008,0.5068,-1.31,-9.47,2.76
1554,15540,1791070286562,113992,100984,-0.8025,-0.2964,0.5364,-1.86,-10.79,3.16
1555,15550,1791070286562,113964,100971,-0.7917,-0.3005,0.5376,-0.96,-6.64,1.91
1556,15560,1791070286621,113936,100971,-0.8047,-0.3032,0.5093,-0.73,0.32,0.31
1557,15570,1791070286621,113922,100960,-0.8066,-0.3115,0.4849,-0.76,2.61,-0.75
1558,15580,1791070286621,113926,100958,-0.8013,-0.3032,0.491,-1.3,1.07,-0.32
1559,15590,1791070286621,113929,100962,-0.8079,-0.3081,0.4807,-2.11,-1.05,0.21
1560,15600,1791070286622,113930,100961,-0.8037,-0.3032,0.4861,-1.73,-2.24,0.79
1561,15610,1791070286622,113926,100966,-0.7954,-0.3005,0.478,-0.18,-1.6,1.13
1562,15620,1791070286622,113921,100961,-0.7969,-0.3037,0.4836,1.71,-1.11,1.92
1563,15630,1791070286622,113928,100964,-0.8018,-0.2986,0.4812,3.22,-0.52,2.61
1564,15640,1791070286682,113938,100965,-0.8237,-0.3113,0.5005,2.53,-1.37,2.93
1565,15650,1791070286682,113956,100970,-0.821,-0.2922,0.5042,0.03,-2.24,2.85
1566,15660,1791070286682,113981,100972,-0.8113,-0.3018,0.5251,-2.0,-5.4,2.72
1567,15670,1791070286682,114012,100984,-0.8032,-0.3018,0.5327,-3.89,-1.6,0.99
1568,15680,1791070286802,114033,100994,-0.8049,-0.3081,0.5146,-3.51,1.37,0.09
1569,15690,1791070286802,114032,100984,-0.8027,-0.3003,0.5015,-1.44,2.08,-0.05
1570,15700,1791070286802,114027,100978,-0.8071,-0.3032,0.509,-0.27,0.72,0.53
1571,15710,1791070286802,114019,100975,-0.8042,-0.3022,0.5024,1.01,-0.35,1.18
1572,15720,1791070286802,114003,100971,-0.8047,-0.2961,0.4885,1.82,-1.15,1.3
1573,15730,1791070286802,113973,100963,-0.812,-0.3,0.4707,1.98,-2.37,1.76
1574,15740,1791070286802,113952,100953,-0.8035,-0.2942,0.468,2.72,-4.08,2.18
1575,15750,1791070286802,113922,100953,-0.8052,-0.2935,0.4712,2.26,-5.62,2.72
1576,15760,1791070286803,113888,100938,-0.802,-0.2937,0.4954,1.79,-4.76,2.32
1577,15770,1791070286803,113865,100940,-0.7981,-0.2939,0.5129,0.87,-1.91,1.62
1578,15780,1791070286803,113837,100920,-0.8054,-0.2971,0.5117,1.08,1.19,0.4
1579,15790,1791070286803,113831,100910,-0.8132,-0.2981,0.5066,1.01,1.71,0.05
1580,15800,1791070286862,113817,100922,-0.8176,-0.2952,0.5066,-0.27,1.16,-0.09
1581,15810,1791070286862,113805,100919,-0.8096,-0.3018,0.5049,-2.08,-0.58,-0.03
1582,15820,1791070286862,113810,100913,-0.8042,-0.2976,0.5059,-3.05,-2.06,0.7
1583,15830,1791070286862,113809,100908,-0.8064,-0.2979,0.5205,-3.69,-2.37,0.75
1584,15840,1791070286862,113809,100913,-0.8069,-0.3008,0.5149,-4.37,-2.79,0.61
1585,15850,1791070286862,113816,100919,-0.8044,-0.3003,0.5085,-2.87,-1.69,0.6
1586,15860,1791070286862,113815,100919,-0.7947,-0.2927,0.5125,-0.26,1.89,0.38
1587,15870,1791070286862,113821,100919,-0.8057,-0.2954,0.4971,2.72,5.37,0.32
1588,15880,1791070286921,113842,100924,-0.8086,-0.2905,0.4805,4.75,6.2,0.44
1589,15890,1791070286921,113870,100939,-0.8074,-0.2878,0.4795,4.85,4.38,1.02
1590,15900,1791070286921,113908,100935,-0.8079,-0.2886,0.4854,3.27,1.15,1.71
1591,15910,1791070286921,113960,100941,-0.8152,-0.2913,0.4995,0.64,-0.08,1.42
1592,15920,1791070286981,113994,100964,-0.8135,-0.2932,0.4937,-1.92,0.41,0.55
1593,15930,1791070286981,114019,100977,-0.8018,-0.2893,0.5024,-2.61,0.4,0.23
1594,15940,1791070286981,114051,100970,-0.8074,-0.2913,0.5181,-1.69,-0.09,0.34
1595,15950,1791070286981,114079,100979,-0.8071,-0.2952,0.5054,-0.98,0.05,0.23
1596,15960,1791070286982,114108,100987,-0.8018,-0.2935,0.4939,0.27,-0.14,0.11
1597,15970,1791070286982,114130,101006,-0.8081,-0.2927,0.4968,0.95,-1.33,0.4
1598,15980,1791070286982,114153,101006,-0.8015,-0.2913,0.4888,-0.41,-1.82,0.03
1599,15990,1791070286982,114174,101022,-0.8037,-0.2971,0.4924,-1.53,-1.57,-0.26
1600,16000,1791070287044,114192,101024,-0.8147,-0.3003,0.4998,-2.21,-1.3,-0.44
1601,16010,1791070287044,114200,101030,-0.8079,-0.2983,0.4968,-2.69,-1.15,-0.11
1602,16020,1791070287044,114219,101039,-0.8064,-0.2983,0.4968,-2.06,0.14,-0.09
1603,16030,1791070287044,114224,101045,-0.8081,-0.3022,0.5051,-0.5,1.53,0.21
1604,16040,1791070287103,114242,101045,-0.8096,-0.2983,0.5039,1.51,2.02,0.26
1605,16050,1791070287103,114254,101051,-0.8101,-0.2935,0.5051,2.6,3.22,0.26
1606,16060,1791070287103,114274,101063,-0.8137,-0.2834,0.5271,3.16,3.19,0.43
1607,16070,1791070287103,114273,101066,-0.8083,-0.2874,0.5042,3.3,2.93,0.53
1608,16080,1791070287103,114279,101068,-0.7935,-0.2939,0.4976,2.41,3.3,0.02
1609,16090,1791070287103,114291,101071,-0.8164,-0.2915,0.4885,0.29,5.05,-0.79
1610,16100,1791070287103,114306,101079,-0.8247,-0.2927,0.4717,-2.69,2.53,-0.67
1611,16110,1791070287103,114335,101075,-0.8071,-0.3027,0.4827,-4.7,-1.91,-0.53
1612,16120,1791070287162,114357,101089,-0.7979,-0.2952,0.4873,-5.11,-1.39,-0.53
1613,16130,1791070287162,114379,101105,-0.7917,-0.2947,0.4839,-4.52,1.45,-0.93
1614,16140,1791070287162,114408,101117,-0.7976,-0.3003,0.4634,-3.65,3.48,-1.27
1615,16150,1791070287162,114439,101138,-0.8013,-0.2983,0.4656,-2.49,2.9,-0.93
1616,16160,1791070287222,114475,101135,-0.793,-0.2957,0.4888,0.05,1.19,-0.6
1617,16170,1791070287222,114490,101144,-0.7756,-0.2883,0.4946,2.53,1.18,-0.27
1618,16180,1791070287222,114495,101153,-0.8132,-0.2864,0.4958,1.65,3.25,-0.37
1619,16190,1791070287222,114475,101148,-0.814,-0.2917,0.4966,0.75,1.85,-1.18
1620,16200,1791070287222,114419,101130,-0.8203,-0.2961,0.5022,-1.28,-1.4,0.06
1621,16210,1791070287222,114317,101097,-0.8147,-0.3069,0.5156,-3.21,-2.93,-0.24
1622,16220,1791070287222,114193,101057,-0.8086,-0.3022,0.511,-3.94,-1.57,-0.11
1623,16230,1791070287222,114050,101014,-0.8208,-0.3047,0.5022,-3.63,-0.06,-0.27
1624,16240,1791070287283,113900,100966,-0.813,-0.3044,0.5095,-3.71,-0.17,-0.08
1625,16250,1791070287283,113759,100919,-0.814,-0.3098,0.499,-2.08,0.92,0.06
1626,16260,1791070287283,113631,100886,-0.8174,-0.3098,0.4932,0.18,1.83,0.64
1627,16270,1791070287283,113507,100841,-0.8105,-0.3059,0.4929,2.35,1.45,1.07
1628,16280,1791070287342,113419,100816,-0.8169,-0.2988,0.4927,2.69,-0.24,1.56
1629,16290,1791070287342,113349,100790,-0.8142,-0.3025,0.4888,1.02,-1.42,1.53
1630,16300,1791070287342,113316,100782,-0.8098,-0.2944,0.4839,0.23,-0.38,0.92
1631,16310,1791070287342,113303,100776,-0.8069,-0.3057,0.4817,-0.81,0.44,0.81
1632,16320,1791070287342,113312,100774,-0.8081,-0.304,0.5049,-1.85,2.37,0.81
1633,16330,1791070287342,113341,100778,-0.8069,-0.3059,0.5059,-0.82,8.41,0.18
1634,16340,1791070287342,113401,100801,-0.8223,-0.3008,0.489,1.37,9.24,0.21
1635,16350,1791070287342,113487,100817,-0.8179,-0.2952,0.4854,2.96,6.18,1.13
1636,16360,1791070287401,113586,100839,-0.813,-0.2939,0.48,2.02,3.42,1.5
1637,16370,1791070287401,113669,100873,-0.8042,-0.2952,0.478,1.18,0.17,1.71
1638,16380,1791070287401,113758,100894,-0.8101,-0.2915,0.4719,-0.84,-2.47,1.73
1639,16390,1791070287401,113827,100923,-0.7979,-0.2961,0.4856,-2.32,-3.98,1.42
1640,16400,1791070287461,113887,100947,-0.8044,-0.3054,0.4602,-2.34,-3.85,1.15
1641,16410,1791070287461,113936,100963,-0.8083,-0.3037,0.4824,-2.61,-5.33,1.33
1642,16420,1791070287461,113992,100976,-0.8101,-0.302,0.4849,-1.31,-5.4,1.48
1643,16430,1791070287461,114035,100991,-0.8079,-0.3027,0.501,-0.56,-3.07,1.34
1644,16440,1791070287462,114065,101009,-0.8035,-0.3008,0.5002,0.61,0.61,0.44
1645,16450,1791070287462,114087,101022,-0.8076,-0.2966,0.4983,2.53,4.32,-0.17
1646,16460,1791070287462,114120,101028,-0.8188,-0.2915,0.4897,3.5,5.22,-0.14
1647,16470,1791070287462,114135,101043,-0.8164,-0.29,0.4895,3.45,3.11,0.66
1648,16480,1791070287521,114151,101045,-0.8196,-0.2839,0.4849,2.03,2.15,0.79
1649,16490,1791070287521,114165,101042,-0.8193,-0.2932,0.4871,-0.06,1.68,0.41
1650,16500,1791070287521,114183,101045,-0.8184,-0.2905,0.4893,-1.95,0.08,0.61
1651,16510,1791070287521,114193,101053,-0.823,-0.2983,0.4893,-3.13,-1.79,1.05
1652,16520,1791070287585,114205,101046,-0.825,-0.2976,0.5007,-3.53,-2.34,0.75
1653,16530,1791070287585,114215,101054,-0.8213,-0.3025,0.4919,-4.21,-2.24,0.52
1654,16540,1791070287585,114220,101058,-0.8179,-0.3059,0.4844,-3.79,-2.02,0.4
1655,16550,1791070287585,114229,101064,-0.8108,-0.304,0.4902,-0.9,-0.55,0.67
1656,16560,1791070287586,114243,101069,-0.8208,-0.3018,0.479,2.23,2.08,-0.14
1657,16570,1791070287586,114254,101075,-0.8167,-0.2979,0.4888,3.28,3.98,-0.53
1658,16580,1791070287586,114278,101092,-0.8215,-0.2903,0.4929,2.35,4.93,-0.58
1659,16590,1791070287586,114304,101101,-0.8191,-0.2913,0.4712,1.53,4.11,-0.24
1660,16600,1791070287641,114345,101112,-0.8208,-0.2908,0.4724,0.75,1.24,0.72
1661,16610,1791070287641,114377,101124,-0.8213,-0.2883,0.4763,-1.18,-2.4,1.56
1662,16620,1791070287641,114423,101145,-0.8215,-0.2925,0.479,-3.15,-2.43,1.21
1663,16630,1791070287641,114464,101156,-0.8157,-0.2922,0.4866,-3.89,-2.5,1.07
1664,16640,1791070287701,114512,101171,-0.8101,-0.2961,0.488,-2.69,-1.48,0.69
1665,16650,1791070287701,114536,101179,-0.8118,-0.303,0.4771,-1.22,-0.21,0.66
1666,16660,1791070287701,114585,101192,-0.8083,-0.3047,0.4695,1.1,0.63,0.52
1667,16670,1791070287701,114639,101210,-0.8086,-0.2991,0.4668,2.12,1.65,0.32
1668,16680,1791070287702,114684,101224,-0.8096,-0.3032,0.4609,1.4,1.5,0.31
1669,16690,1791070287702,114720,101238,-0.8135,-0.2974,0.4893,0.18,-0.14,0.64
1670,16700,1791070287702,114765,101249,-0.8162,-0.2959,0.4971,-1.18,-1.15,0.84
1671,16710,1791070287702,114799,101255,-0.8076,-0.2964,0.4966,-0.72,-1.89,1.16
1672,16720,1791070287763,114830,101264,-0.8088,-0.2993,0.5098,0.05,-1.39,1.04
1673,16730,1791070287763,114863,101273,-0.8127,-0.3013,0.4893,0.98,0.81,0.55
1674,16740,1791070287763,114900,101285,-0.8196,-0.3027,0.4736,1.28,2.15,0.05
1675,16750,1791070287763,114939,101298,-0.822,-0.2986,0.458,1.18,0.84,0.41
1676,16760,1791070287823,114969,101319,-0.8147,-0.2891,0.4783,1.37,-0.73,0.99
1677,16770,1791070287823,114989,101333,-0.8101,-0.2869,0.4788,1.39,-1.44,1.34
1678,16780,1791070287823,115019,101327,-0.8064,-0.2908,0.4822,1.65,-2.02,1.25
1679,16790,1791070287823,115040,101335,-0.8103,-0.2888,0.4827,0.82,-1.79,0.99
1680,16800,1791070287823,115049,101353,-0.8081,-0.2935,0.4849,-0.31,-0.95,0.41
1681,16810,1791070287823,115058,101356,-0.8135,-0.2964,0.4771,-1.47,0.58,-0.29
1682,16820,1791070287823,115089,101358,-0.8159,-0.3035,0.4597,-2.93,0.29,-0.82
1683,16830,1791070287823,115120,101375,-0.8218,-0.3008,0.4641,-4.31,-2.69,-0.08
1684,16840,1791070287883,115152,101375,-0.8228,-0.3088,0.5,-5.1,-5.54,0.31
1685,16850,1791070287883,115172,101379,-0.8132,-0.3132,0.4988,-4.35,-4.67,0.17
1686,16860,1791070287883,115195,101383,-0.8181,-0.3101,0.5071,-0.92,-2.7,0.44
1687,16870,1791070287883,115205,101385,-0.8191,-0.304,0.5142,2.5,-1.59,1.22
1688,16880,1791070287941,115190,101390,-0.8157,-0.2964,0.5066,5.01,0.55,1.08
1689,16890,1791070287941,115153,101371,-0.8108,-0.2861,0.5007,5.92,4.53,0.58
1690,16900,1791070287941,115075,101346,-0.8281,-0.2866,0.4685,5.01,5.5,0.37
1691,16910,1791070287941,114978,101312,-0.8242,-0.2849,0.4661,2.7,2.41,1.08
1692,16920,1791070287942,114867,101280,-0.8237,-0.2881,0.4802,-1.68,-1.28,1.5
1693,16930,1791070287942,114746,101243,-0.8196,-0.2949,0.4888,-5.16,-2.15,1.07
1694,16940,1791070287942,114625,101206,-0.8218,-0.3003,0.4912,-6.4,-1.95,0.64
1695,16950,1791070287942,114523,101167,-0.8218,-0.3008,0.4966,-5.01,-1.85,1.07
1696,16960,1791070288001,114443,101139,-0.812,-0.3076,0.4927,-2.05,-0.75,1.18
1697,16970,1791070288001,114378,101123,-0.8105,-0.3103,0.4883,0.72,1.36,1.04
1698,16980,1791070288001,114350,101110,-0.8054,-0.301,0.4648,3.4,3.85,0.43
1699,16990,1791070288001,114353,101112,-0.8154,-0.3005,0.4397,4.44,4.43,0.49
1700,17000,1791070288062,114364,101117,-0.8086,-0.2993,0.4375,4.17,1.62,0.99
1701,17010,1791070288062,114388,101126,-0.8132,-0.2817,0.469,1.89,-1.91,1.42
1702,17020,1791070288062,114422,101132,-0.8059,-0.2935,0.4817,-0.89,-3.21,0.9
1703,17030,1791070288062,114464,101162,-0.8113,-0.2896,0.4885,-3.18,-2.43,0.17
1704,17040,1791070288062,114504,101164,-0.8096,-0.29,0.5012,-5.19,-1.57,-0.38
1705,17050,1791070288062,114537,101188,-0.8132,-0.2856,0.5071,-5.83,-0.84,-0.87
1706,17060,1791070288062,114581,101196,-0.8152,-0.2974,0.5103,-5.01,-0.2,-1.05
1707,17070,1791070288062,114621,101206,-0.8147,-0.2983,0.4922,-3.6,0.46,-0.4
1708,17080,1791070288122,114665,101219,-0.8179,-0.3047,0.4778,-1.94,0.29,0.31
1709,17090,1791070288122,114697,101235,-0.8196,-0.3022,0.4744,-0.31,-0.17,1.11
1710,17100,1791070288122,114738,101246,-0.8132,-0.3081,0.4666,1.48,-1.34,1.85
1711,17110,1791070288122,114784,101254,-0.811,-0.3088,0.4707,3.53,-2.38,2.47
1712,17120,1791070288182,114831,101280,-0.8157,-0.2971,0.4683,5.05,-1.5,2.52
1713,17130,1791070288182,114852,101279,-0.8145,-0.2954,0.469,4.4,-0.95,1.94
1714,17140,1791070288182,114890,101276,-0.823,-0.2864,0.4734,2.67,-1.5,1.63
1715,17150,1791070288182,114914,101301,-0.8247,-0.291,0.478,0.4,-2.14,0.79
1716,17160,1791070288182,114928,101288,-0.8269,-0.2834,0.4932,-1.01,-0.93,-0.15
1717,17170,1791070288182,114934,101290,-0.8313,-0.2866,0.4958,-2.4,0.44,-0.66
1718,17180,1791070288182,114932,101294,-0.8293,-0.2876,0.4915,-3.65,-0.46,-0.85
1719,17190,1791070288182,114921,101289,-0.8223,-0.2888,0.4895,-3.5,-1.57,-0.7
1720,17200,1791070288242,114899,101282,-0.8164,-0.2981,0.4846,-3.92,-2.21,-0.6
1721,17210,1791070288242,114877,101281,-0.8179,-0.2983,0.4783,-3.48,-2.14,-0.46
1722,17220,1791070288242,114849,101276,-0.8191,-0.2949,0.478,-2.89,-2.09,-0.49
1723,17230,1791070288242,114828,101273,-0.8181,-0.3069,0.4639,-3.4,-2.55,-0.18
1724,17240,1791070288301,114814,101266,-0.821,-0.3037,0.47,-3.76,-3.18,-0.12
1725,17250,1791070288301,114807,101270,-0.8088,-0.3052,0.4634,-3.8,-3.8,0.23
1726,17260,1791070288301,114802,101275,-0.8059,-0.3081,0.4797,-2.78,-2.93,0.6
1727,17270,1791070288301,114808,101277,-0.8081,-0.303,0.4951,-0.6,-0.37,0.23
1728,17280,1791070288302,114817,101277,-0.814,-0.2998,0.4963,1.62,2.63,-0.15
1729,17290,1791070288302,114821,101278,-0.8152,-0.2935,0.4973,3.48,3.34,0.34
1730,17300,1791070288302,114832,101298,-0.8137,-0.2915,0.4922,4.35,2.32,1.05
1731,17310,1791070288302,114858,101291,-0.8164,-0.2876,0.4802,3.82,0.53,1.13
1732,17320,1791070288361,114886,101298,-0.8271,-0.293,0.47,0.15,-1.47,1.13
1733,17330,1791070288361,114912,101316,-0.8147,-0.2893,0.4695,-3.25,-2.85,0.56
1734,17340,1791070288361,114943,101330,-0.8096,-0.292,0.4773,-4.84,-4.43,0.56
1735,17350,1791070288361,114968,101334,-0.8135,-0.2939,0.4851,-4.81,-5.18,0.81
1736,17360,1791070288421,114996,101335,-0.8113,-0.2976,0.4924,-3.66,-4.24,1.01
1737,17370,1791070288421,115001,101343,-0.8103,-0.3076,0.4861,-1.05,-1.13,0.58
1738,17380,1791070288421,115020,101351,-0.8169,-0.3,0.4775,1.45,1.19,0.6
1739,17390,1791070288421,115043,101361,-0.814,-0.3025,0.4763,2.09,2.15,0.7
1740,17400,1791070288422,115073,101366,-0.8174,-0.3054,0.467,1.98,1.62,0.72
1741,17410,1791070288422,115105,101374,-0.8201,-0.301,0.4758,1.63,0.05,1.08
1742,17420,1791070288422,115133,101369,-0.8098,-0.3013,0.4724,0.5,-0.64,0.78
1743,17430,1791070288422,115159,101379,-0.8159,-0.2966,0.4709,-0.7,-1.33,0.64
1744,17440,1791070288481,115185,101397,-0.8157,-0.2986,0.4817,-2.6,-2.37,0.44
1745,17450,1791070288481,115191,101410,-0.8105,-0.2922,0.5125,-3.02,-2.11,0.56
1746,17460,1791070288481,115214,101408,-0.8079,-0.2905,0.5071,-1.62,0.78,-0.15
1747,17470,1791070288481,115229,101411,-0.8252,-0.2903,0.4919,-0.09,1.98,-0.17
1748,17480,1791070288542,115240,101416,-0.8252,-0.2988,0.4841,0.52,0.11,0.21
1749,17490,1791070288542,115265,101420,-0.814,-0.2998,0.4749,0.32,-1.6,1.04
1750,17500,1791070288542,115290,101431,-0.8057,-0.3042,0.4622,-0.08,-1.77,1.21
1751,17510,1791070288542,115315,101436,-0.8062,-0.3062,0.4475,-0.93,-2.38,0.9
1752,17520,1791070288542,115336,101443,-0.8069,-0.3074,0.4656,-2.38,-3.54,0.78
1753,17530,1791070288542,115348,101446,-0.8057,-0.3086,0.4768,-3.62,-3.5,0.32
1754,17540,1791070288542,115364,101447,-0.8081,-0.3054,0.4951,-2.98,-3.05,0.14
1755,17550,1791070288542,115361,101455,-0.8171,-0.3047,0.4907,-1.59,-3.47,0.29
1756,17560,1791070288600,115339,101444,-0.8145,-0.3022,0.4883,-0.7,-3.1,0.23
1757,17570,1791070288600,115288,101429,-0.8201,-0.3005,0.4875,-0.24,-1.59,0.23
1758,17580,1791070288600,115197,101399,-0.8276,-0.3005,0.4832,-0.37,-0.61,0.21
1759,17590,1791070288600,115079,101362,-0.8279,-0.3037,0.4858,-0.89,-2.05,0.78
1760,17600,1791070288661,114947,101322,-0.822,-0.302,0.5027,-1.21,-3.01,1.28
1761,17610,1791070288661,114803,101286,-0.822,-0.3008,0.5066,-0.96,-2.89,1.57
1762,17620,1791070288661,114658,101227,-0.8184,-0.3,0.5081,-0.63,-2.14,1.68
1763,17630,1791070288661,114542,101179,-0.8203,-0.3066,0.4985,-1.62,-0.82,1.13
1764,17640,1791070288662,114432,101147,-0.8188,-0.3025,0.4854,-2.32,-0.12,0.87
1765,17650,1791070288662,114358,101116,-0.8149,-0.2976,0.4832,-1.59,-0.32,1.08
1766,17660,1791070288662,114291,101104,-0.8203,-0.3083,0.4626,-0.98,0.29,1.01
1767,17670,1791070288662,114264,101085,-0.813,-0.3044,0.4595,-1.22,-1.1,1.05
1768,17680,1791070288722,114248,101093,-0.8069,-0.3037,0.4673,-1.4,-0.95,0.81
1769,17690,1791070288722,114240,101096,-0.8057,-0.304,0.4863,-1.56,0.05,0.58
1770,17700,1791070288722,114260,101090,-0.8108,-0.3013,0.4976,-0.99,1.42,0.4
1771,17710,1791070288722,114280,101094,-0.8159,-0.2979,0.49,-0.81,0.05,0.5
1772,17720,1791070288785,114319,101108,-0.8135,-0.2976,0.4885,-0.61,-1.88,0.78
1773,17730,1791070288785,114358,101118,-0.8088,-0.2935,0.4861,-0.92,-2.34,0.69
1774,17740,1791070288785,114391,101134,-0.813,-0.2969,0.48,-1.74,-1.88,0.55
1775,17750,1791070288785,114430,101147,-0.8127,-0.3032,0.4729,-2.81,-3.18,0.84
1776,17760,1791070288785,114460,101160,-0.812,-0.3037,0.488,-3.39,-3.89,1.3
1777,17770,1791070288785,114489,101166,-0.8008,-0.3079,0.5015,-3.3,-2.81,1.08
1778,17780,1791070288785,114520,101170,-0.8108,-0.3062,0.5042,-1.82,0.61,0.61
1779,17790,1791070288785,114551,101192,-0.8191,-0.3035,0.4839,-0.02,2.31,0.23
1780,17800,1791070288841,114586,101196,-0.8154,-0.3035,0.4658,1.85,0.7,0.87
1781,17810,1791070288841,114610,101203,-0.8154,-0.3,0.4709,3.04,-1.24,1.66
1782,17820,1791070288841,114636,101202,-0.8184,-0.2971,0.4641,2.49,-1.79,1.19
1783,17830,1791070288841,114638,101219,-0.8125,-0.3042,0.4663,0.58,-1.3,0.56
1784,17840,1791070288902,114648,101206,-0.8184,-0.302,0.4697,-0.84,-1.56,0.38
1785,17850,1791070288902,114640,101205,-0.8093,-0.2957,0.4929,-1.54,-1.36,0.18
1786,17860,1791070288902,114623,101203,-0.8145,-0.2932,0.4963,-1.6,0.6,-0.47
1787,17870,1791070288902,114595,101196,-0.821,-0.2913,0.4941,-1.63,2.7,-0.9
1788,17880,1791070288903,114571,101188,-0.8298,-0.2993,0.4744,-2.35,1.98,-0.56
1789,17890,1791070288903,114533,101180,-0.8235,-0.3042,0.4878,-2.67,-0.49,0.38
1790,17900,1791070288903,114505,101156,-0.8127,-0.3064,0.4871,-2.11,-1.02,0.98
1791,17910,1791070288903,114477,101154,-0.8159,-0.3044,0.4763,-0.87,-1.07,1.4
1792,17920,1791070288962,114451,101151,-0.8181,-0.304,0.4866,0.02,-1.86,1.71
1793,17930,1791070288962,114437,101135,-0.8196,-0.3069,0.4856,-0.23,-2.58,1.83
1794,17940,1791070288962,114433,101140,-0.8054,-0.3079,0.4768,-0.03,-1.36,1.3
1795,17950,1791070288962,114441,101134,-0.8074,-0.3049,0.4753,0.5,0.03,0.96
1796,17960,1791070289021,114447,101140,-0.8149,-0.2996,0.4839,0.15,0.53,0.73
1797,17970,1791070289021,114458,101140,-0.8193,-0.2964,0.4883,-0.37,0.46,0.37
1798,17980,1791070289021,114476,101146,-0.8113,-0.2949,0.4761,-0.7,2.55,-0.58
1799,17990,1791070289021,114485,101163,-0.8118,-0.2966,0.4749,-0.84,2.96,-0.47
1800,18000,1791070289022,114519,101165,-0.8135,-0.2888,0.4727,-0.49,0.9,0.03
1801,18010,1791070289022,114540,101175,-0.8132,-0.2959,0.4771,-0.05,-1.83,0.89
1802,18020,1791070289022,114580,101176,-0.8113,-0.2976,0.4839,-0.12,-2.99,0.96
1803,18030,1791070289022,114598,101183,-0.8118,-0.3037,0.4722,-0.84,-2.09,0.63
1804,18040,1791070289082,114632,101188,-0.8123,-0.3032,0.4729,-2.24,-2.0,0.32
1805,18050,1791070289082,114664,101209,-0.8147,-0.3101,0.4661,-3.97,-3.22,0.08
1806,18060,1791070289082,114685,101207,-0.8171,-0.3101,0.4805,-4.63,-4.44,0.14
1807,18070,1791070289082,114704,101213,-0.8108,-0.3123,0.4893,-4.64,-4.46,0.6
1808,18080,1791070289141,114712,101218,-0.8049,-0.3088,0.4832,-3.05,-1.65,0.21
1809,18090,1791070289141,114715,101216,-0.8169,-0.3052,0.49,-1.02,0.37,0.24
1810,18100,1791070289141,114726,101220,-0.8171,-0.302,0.4805,0.69,0.34,0.47
1811,18110,1791070289141,114738,101227,-0.813,-0.3037,0.4858,2.43,0.92,0.58
1812,18120,1791070289142,114755,101228,-0.8171,-0.302,0.4751,3.5,1.65,0.9
1813,18130,1791070289142,114763,101230,-0.822,-0.304,0.4573,3.42,0.76,1.37
1814,18140,1791070289142,114778,101240,-0.8169,-0.2986,0.4819,2.63,-1.51,1.89
1815,18150,1791070289142,114792,101243,-0.8057,-0.2996,0.4912,1.31,-0.82,1.6
1816,18160,1791070289201,114798,101247,-0.8127,-0.2939,0.4829,0.14,0.02,1.11
1817,18170,1791070289201,114811,101244,-0.8188,-0.2942,0.4792,-0.67,-1.63,1.45
1818,18180,1791070289201,114831,101251,-0.8142,-0.2969,0.4871,-0.87,-3.28,1.69
1819,18190,1791070289201,114843,101257,-0.8079,-0.2969,0.4785,-0.73,-3.92,1.39
1820,18200,1791070289262,114858,101255,-0.8042,-0.302,0.4707,-1.25,-2.11,1.1
1821,18210,1791070289262,114872,101264,-0.8147,-0.302,0.4624,-2.17,-0.43,0.24
1822,18220,1791070289262,114890,101273,-0.8179,-0.303,0.4824,-4.12,-2.08,0.0
1823,18230,1791070289262,114906,101282,-0.8105,-0.2993,0.4927,-4.46,-3.71,-0.12
1824,18240,1791070289262,114923,101279,-0.8108,-0.3079,0.4885,-3.59,-3.47,0.0
1825,18250,1791070289262,114909,101280,-0.812,-0.3062,0.4963,-1.95,-2.08,-0.11
1826,18260,1791070289262,114881,101259,-0.8191,-0.3027,0.4976,-0.21,-0.66,-0.14
1827,18270,1791070289262,114818,101244,-0.8235,-0.3076,0.4763,0.44,-1.24,0.67
1828,18280,1791070289321,114713,101211,-0.821,-0.3032,0.4851,1.04,-2.78,1.8
1829,18290,1791070289321,114577,101166,-0.8154,-0.3042,0.4878,1.42,-1.37,1.77
1830,18300,1791070289321,114426,101115,-0.8274,-0.3022,0.49,0.56,-0.49,1.6
1831,18310,1791070289321,114268,101068,-0.8276,-0.304,0.4912,-1.05,-0.95,1.19
1832,18320,1791070289383,114125,101017,-0.8267,-0.3059,0.4919,-2.47,-1.77,0.93
1833,18330,1791070289383,113977,100967,-0.823,-0.3064,0.4873,-3.19,-1.31,0.52
1834,18340,1791070289383,113864,100930,-0.8162,-0.304,0.4888,-3.05,-0.98,0.35
1835,18350,1791070289383,113753,100898,-0.8193,-0.3015,0.488,-2.21,-0.35,0.52
1836,18360,1791070289383,113672,100870,-0.8186,-0.3008,0.49,-1.42,-1.36,0.98
1837,18370,1791070289383,113616,100854,-0.8103,-0.2993,0.4856,-0.72,-1.74,1.37
1838,18380,1791070289383,113596,100851,-0.8059,-0.3003,0.4844,-0.41,-1.54,1.59
1839,18390,1791070289383,113596,100837,-0.8081,-0.2961,0.4839,-0.46,1.37,0.98
1840,18400,1791070289443,113608,100840,-0.8123,-0.301,0.4688,-1.02,2.61,0.56
1841,18410,1791070289443,113628,100852,-0.8098,-0.292,0.4897,-1.73,0.73,0.75
1842,18420,1791070289443,113666,100865,-0.8057,-0.2983,0.4836,-2.0,0.47,0.73
1843,18430,1791070289443,113694,100872,-0.8125,-0.3008,0.4707,-1.59,-0.5,1.04
1844,18440,1791070289501,113725,100882,-0.8098,-0.3018,0.4883,-2.38,-2.32,1.07
1845,18450,1791070289501,113750,100887,-0.8066,-0.3008,0.4863,-3.36,-1.01,0.5
1846,18460,1791070289501,113782,100891,-0.814,-0.304,0.4819,-2.64,-1.18,0.35
1847,18470,1791070289501,113815,100893,-0.8088,-0.3074,0.4832,-1.53,-2.61,0.66
1848,18480,1791070289502,113853,100909,-0.8086,-0.302,0.4944,-1.4,-3.08,0.73
1849,18490,1791070289502,113885,100925,-0.8059,-0.3025,0.4885,-0.64,-2.4,0.53
1850,18500,1791070289502,113925,100942,-0.8047,-0.3018,0.4929,1.85,-0.69,0.26
1851,18510,1791070289502,113961,100946,-0.8135,-0.3,0.479,2.89,2.44,-0.12
1852,18520,1791070289561,113982,100955,-0.8264,-0.3,0.4639,2.24,1.63,0.09
1853,18530,1791070289561,113994,100964,-0.8191,-0.3015,0.4714,0.12,-1.74,0.79
1854,18540,1791070289561,113998,100964,-0.8186,-0.3013,0.4841,-2.09,-3.62,1.1
1855,18550,1791070289561,113991,100967,-0.8164,-0.2993,0.4902,-2.85,-1.66,0.6
1856,18560,1791070289622,113978,100959,-0.8198,-0.3059,0.4919,-1.85,-0.72,0.26
1857,18570,1791070289622,113946,100943,-0.8264,-0.3018,0.4897,-0.93,-1.66,0.89
1858,18580,1791070289622,113917,100928,-0.8149,-0.3018,0.4949,-0.41,-2.0,1.02
1859,18590,1791070289622,113894,100921,-0.8132,-0.3032,0.4856,-0.52,-1.59,0.61
1860,18600,1791070289622,113858,100914,-0.8181,-0.3074,0.4714,-0.75,0.35,0.08
1861,18610,1791070289622,113838,100900,-0.8167,-0.3108,0.4607,-0.73,-0.23,0.35
1862,18620,1791070289622,113813,100898,-0.8162,-0.3059,0.4731,-1.07,-2.24,0.66
1863,18630,1791070289622,113806,100893,-0.8125,-0.2991,0.4888,-2.11,-3.66,1.07
1864,18640,1791070289681,113810,100897,-0.8091,-0.3035,0.4868,-2.78,-2.66,0.79
1865,18650,1791070289681,113836,100898,-0.814,-0.3047,0.4822,-2.63,-1.47,0.72
1866,18660,1791070289681,113862,100909,-0.8154,-0.3054,0.4731,-1.39,-0.92,1.13
1867,18670,1791070289681,113896,100921,-0.8149,-0.3025,0.4851,0.18,-0.7,1.51
1868,18680,1791070289742,113925,100930,-0.8171,-0.3101,0.4783,2.17,-0.98,2.09
1869,18690,1791070289742,113968,100939,-0.8164,-0.3032,0.4802,3.48,-1.63,2.7
1870,18700,1791070289742,114018,100959,-0.8159,-0.2954,0.4971,2.18,-3.77,2.92
1871,18710,1791070289742,114078,100975,-0.8169,-0.2954,0.5005,-1.73,-4.14,2.09
1872,18720,1791070289803,114139,100991,-0.8154,-0.3035,0.4832,-4.69,-3.88,1.07
1873,18730,1791070289803,114195,101007,-0.8005,-0.3025,0.4985,-6.08,-4.32,0.85
1874,18740,1791070289803,114255,101036,-0.8174,-0.3074,0.4932,-6.09,-2.67,-0.14
1875,18750,1791070289803,114312,101045,-0.8184,-0.3074,0.4883,-6.55,-3.62,-0.31
1876,18760,1791070289803,114364,101061,-0.8147,-0.3049,0.4812,-5.94,-4.9,0.31
1877,18770,1791070289803,114403,101083,-0.8115,-0.3052,0.4802,-6.52,-5.98,0.75
1878,18780,1791070289803,114447,101080,-0.8296,-0.3047,0.4937,-6.87,-7.68,1.25
1879,18790,1791070289803,114481,101102,-0.8228,-0.3091,0.4717,-6.37,-10.43,1.54
1880,18800,1791070289863,114502,101117,-0.8206,-0.313,0.5244,-5.6,-6.66,1.07
1881,18810,1791070289863,114518,101118,-0.8328,-0.3289,0.4851,-7.4,-2.72,-0.23
1882,18820,1791070289863,114539,101119,-0.7871,-0.3054,0.4761,-4.4,-1.82,-0.55
1883,18830,1791070289863,114564,101130,-0.8105,-0.2986,0.4727,-0.41,1.73,-0.27
1884,18840,1791070289864,114584,101138,-0.8101,-0.3096,0.4402,0.69,-1.18,0.64
1885,18850,1791070289864,114592,101145,-0.7971,-0.3135,0.4631,-1.62,-4.67,1.08
1886,18860,1791070289864,114606,101148,-0.8027,-0.303,0.4507,-4.2,-4.63,0.53
1887,18870,1791070289864,114617,101151,-0.7922,-0.3005,0.4812,-6.02,-4.87,0.03
1888,18880,1791070289921,114625,101158,-0.802,-0.303,0.4788,-6.81,-4.08,-0.31
1889,18890,1791070289921,114628,101160,-0.8152,-0.3083,0.478,-7.19,-6.05,-0.31
1890,18900,1791070289921,114630,101166,-0.804,-0.3049,0.4812,-5.08,-8.24,0.46
1891,18910,1791070289921,114634,101168,-0.7944,-0.301,0.5078,-2.84,-9.54,0.79
1892,18920,1791070289981,114637,101166,-0.7991,-0.3123,0.4902,-3.24,-10.14,0.56
1893,18930,1791070289981,114650,101170,-0.8208,-0.3123,0.4839,-3.73,-9.42,0.31
1894,18940,1791070289981,114670,101180,-0.8062,-0.3171,0.5083,-4.89,-10.89,0.27
1895,18950,1791070289981,114678,101184,-0.7886,-0.3088,0.4932,-2.66,-7.8,-0.46
1896,18960,1791070289982,114683,101179,-0.8157,-0.2947,0.5146,-4.46,-7.27,-1.11
1897,18970,1791070289982,114651,101178,-0.8083,-0.3208,0.5271,-5.69,-9.4,-0.11
1898,18980,1791070289982,114619,101161,-0.8169,-0.3059,0.551,-3.89,-3.97,-0.2
1899,18990,1791070289982,114539,101141,-0.8081,-0.3225,0.5664,-3.08,2.82,0.63
1900,19000,1791070290042,114453,101117,-0.8113,-0.3142,0.5759,-2.29,7.07,-1.08
1901,19010,1791070290042,114369,101093,-0.8303,-0.3394,0.5452,0.47,10.84,-1.71
1902,19020,1791070290042,114291,101057,-0.8486,-0.3206,0.5166,3.21,9.3,-0.96
1903,19030,1791070290042,114229,101034,-0.8352,-0.3083,0.5098,3.42,2.63,1.37
1904,19040,1791070290101,114169,101022,-0.8235,-0.3103,0.5103,3.97,-2.6,3.1
1905,19050,1791070290101,114107,100999,-0.8301,-0.3057,0.5107,3.68,-4.05,3.53
1906,19060,1791070290101,114064,100981,-0.8137,-0.3064,0.4902,0.53,-1.21,2.2
1907,19070,1791070290101,114040,100972,-0.8135,-0.3027,0.4758,-3.18,2.05,0.78
1908,19080,1791070290102,114035,100979,-0.8103,-0.3169,0.46,-6.81,0.79,-0.55
1909,19090,1791070290102,114053,100986,-0.7927,-0.324,0.4932,-9.25,-0.55,-0.73
1910,19100,1791070290102,114080,100995,-0.7842,-0.3311,0.5659,-8.93,4.23,-0.6
1911,19110,1791070290102,114108,101008,-0.7961,-0.3203,0.613,0.29,14.37,-1.6
1912,19120,1791070290163,114163,101035,-0.8284,-0.3191,0.5896,9.91,22.29,-2.08
1913,19130,1791070290163,114236,101065,-0.8418,-0.3191,0.551,18.52,22.47,-0.43
1914,19140,1791070290163,114322,101087,-0.8423,-0.3225,0.5286,26.17,16.2,2.44
1915,19150,1791070290163,114414,101111,-0.8169,-0.3242,0.5254,32.03,12.79,4.85
1916,19160,1791070290222,114510,101148,-0.7969,-0.3015,0.5322,35.66,18.02,5.02
1917,19170,1791070290222,114624,101184,-0.783,-0.2959,0.4858,36.81,28.44,2.29
1918,19180,1791070290222,114753,101223,-0.8,-0.2817,0.4331,33.19,32.6,0.6
1919,19190,1791070290222,114916,101264,-0.8225,-0.2847,0.4167,26.66,29.66,-0.15
1920,19200,1791070290222,115075,101308,-0.8066,-0.2849,0.3965,17.53,23.36,-0.37
1921,19210,1791070290222,115205,101352,-0.8113,-0.2964,0.4568,6.6,16.29,-0.18
1922,19220,1791070290222,115327,101379,-0.8254,-0.272,0.5002,1.44,16.92,-0.6
1923,19230,1791070290222,115413,101405,-0.8403,-0.2722,0.5061,0.84,17.5,-1.47
1924,19240,1791070290281,115498,101428,-0.8489,-0.2788,0.4727,1.91,14.98,-0.58
1925,19250,1791070290281,115560,101449,-0.8518,-0.2744,0.4219,5.02,10.17,0.61
1926,19260,1791070290281,115598,101458,-0.8398,-0.2993,0.4419,7.89,7.62,1.68
1927,19270,1791070290281,115611,101451,-0.8118,-0.2954,0.4353,9.68,11.44,1.59
1928,19280,1791070290342,115613,101439,-0.8152,-0.2876,0.4258,10.09,14.15,0.35
1929,19290,1791070290342,115635,101427,-0.8213,-0.2781,0.4404,8.12,16.2,-0.87
1930,19300,1791070290342,115657,101428,-0.8252,-0.2805,0.4182,5.18,17.19,-2.46
1931,19310,1791070290342,115678,101423,-0.8164,-0.2878,0.4255,3.63,17.92,-3.89
1932,19320,1791070290402,115698,101422,-0.834,-0.2866,0.4116,4.0,17.83,-3.91
1933,19330,1791070290402,115733,101424,-0.8521,-0.2937,0.4055,1.63,12.7,-2.79
1934,19340,1791070290402,115758,101428,-0.8555,-0.3064,0.4016,-2.03,8.29,-1.28
1935,19350,1791070290402,115783,101421,-0.8633,-0.3167,0.375,-5.27,4.5,-0.14
1936,19360,1791070290402,115804,101418,-0.8496,-0.3091,0.3804,-7.89,-0.66,1.47
1937,19370,1791070290402,115822,101421,-0.8408,-0.3113,0.3857,-7.37,-4.11,2.98
1938,19380,1791070290402,115841,101420,-0.8401,-0.2996,0.4353,-4.82,-6.15,4.03
1939,19390,1791070290402,115845,101416,-0.8291,-0.2961,0.4822,-1.89,-2.49,4.41
1940,19400,1791070290460,115859,101404,-0.8252,-0.2927,0.5146,2.31,9.24,1.82
1941,19410,1791070290460,115859,101395,-0.8381,-0.2922,0.4751,6.87,21.94,-1.16
1942,19420,1791070290460,115892,101383,-0.8572,-0.283,0.4375,11.01,24.12,-1.53
1943,19430,1791070290460,115943,101399,-0.8635,-0.2817,0.4197,11.71,20.05,-0.69
1944,19440,1791070290461,116001,101403,-0.8633,-0.2739,0.4307,11.33,15.33,0.38
1945,19450,1791070290461,116050,101421,-0.856,-0.2769,0.4219,12.03,12.53,0.92
1946,19460,1791070290461,116097,101416,-0.8569,-0.2808,0.4082,13.07,8.98,2.15
1947,19470,1791070290461,116135,101422,-0.8494,-0.28,0.4001,10.61,4.75,2.34
1948,19480,1791070290522,116177,101430,-0.8589,-0.2842,0.3909,5.19,0.31,2.02
1949,19490,1791070290522,116224,101444,-0.8647,-0.291,0.3843,-1.89,-4.81,0.95
1950,19500,1791070290522,116244,101445,-0.8574,-0.2871,0.4023,-9.68,-8.26,-0.21
1951,19510,1791070290522,116255,101443,-0.8464,-0.2891,0.428,-16.98,-9.79,-1.54
1952,19520,1791070290581,116253,101450,-0.8428,-0.2913,0.4468,-20.69,-7.8,-2.61
1953,19530,1791070290581,116256,101463,-0.8398,-0.3027,0.4446,-19.5,-1.33,-4.53
1954,19540,1791070290581,116260,101465,-0.8462,-0.3059,0.446,-14.41,4.26,-5.16
1955,19550,1791070290581,116283,101490,-0.8618,-0.3013,0.4458,-7.56,5.89,-4.35
1956,19560,1791070290582,116300,101500,-0.8894,-0.3049,0.447,-3.05,3.5,-2.35
1957,19570,1791070290582,116317,101507,-0.8728,-0.3069,0.4487,-0.75,0.78,-0.93
1958,19580,1791070290582,116320,101504,-0.8687,-0.3096,0.4282,0.17,-1.97,0.5
1959,19590,1791070290582,116326,101502,-0.8591,-0.2957,0.4248,-1.24,-2.5,0.58
1960,19600,1791070290641,116334,101508,-0.8486,-0.3037,0.4104,-4.06,-2.03,0.2
1961,19610,1791070290641,116332,101504,-0.8398,-0.304,0.4092,-6.06,0.61,-0.12
1962,19620,1791070290641,116339,101505,-0.8491,-0.2998,0.4126,-8.02,2.5,-2.12
1963,19630,1791070290641,116355,101509,-0.876,-0.3198,0.3914,-10.29,4.63,-4.11
1964,19640,1791070290702,116377,101521,-0.8813,-0.3057,0.373,-11.91,-0.12,-2.82
1965,19650,1791070290702,116394,101533,-0.8806,-0.3237,0.3433,-11.94,-5.92,-2.21
1966,19660,1791070290702,116422,101552,-0.8711,-0.3298,0.3323,-9.39,-8.76,0.09
1967,19670,1791070290702,116441,101570,-0.8784,-0.2849,0.4021,-8.06,-11.63,2.67
1968,19680,1791070290702,116474,101598,-0.8496,-0.2715,0.4568,-9.1,-12.72,2.27
1969,19690,1791070290702,116492,101611,-0.8469,-0.281,0.4485,-9.39,-9.59,1.22
1970,19700,1791070290702,116507,101620,-0.8562,-0.2886,0.4641,-11.18,-8.75,0.46
1971,19710,1791070290702,116499,101619,-0.8499,-0.3103,0.45,-13.65,-8.12,-0.02
1972,19720,1791070290762,116476,101609,-0.8452,-0.3125,0.4243,-13.25,-8.84,0.69
1973,19730,1791070290762,116426,101596,-0.8352,-0.3047,0.426,-11.76,-12.64,1.42
1974,19740,1791070290762,116327,101573,-0.8149,-0.3027,0.4419,-13.37,-15.3,2.23
1975,19750,1791070290762,116193,101531,-0.7886,-0.2986,0.4783,-16.2,-9.1,0.38
1976,19760,1791070290821,116030,101474,-0.8049,-0.3083,0.4548,-17.1,4.85,-3.65
1977,19770,1791070290821,115857,101416,-0.8054,-0.3035,0.4092,-15.79,9.53,-4.66
1978,19780,1791070290821,115693,101370,-0.7905,-0.3044,0.4231,-14.34,9.89,-4.15
1979,19790,1791070290821,115564,101332,-0.8198,-0.3027,0.4233,-10.81,10.85,-4.08
1980,19800,1791070290822,115462,101301,-0.8245,-0.3015,0.4072,-5.25,8.2,-3.22
1981,19810,1791070290822,115372,101267,-0.8018,-0.2903,0.4065,-1.01,2.73,-1.21
1982,19820,1791070290822,115296,101249,-0.7974,-0.3032,0.3948,0.27,0.84,-0.23
1983,19830,1791070290822,115230,101228,-0.8076,-0.2969,0.3765,0.69,0.11,0.02
1984,19840,1791070290881,115183,101217,-0.7993,-0.2979,0.3496,1.63,-1.02,0.96
1985,19850,1791070290881,115146,101204,-0.8035,-0.2812,0.345,1.24,-4.56,1.57
1986,19860,1791070290881,115128,101195,-0.8013,-0.2773,0.4036,-1.8,-7.47,1.53
1987,19870,1791070290881,115110,101184,-0.8171,-0.2979,0.4075,-5.08,-5.71,-0.05
1988,19880,1791070290942,115083,101183,-0.8086,-0.3027,0.4104,-6.26,-5.54,-0.81
1989,19890,1791070290942,115050,101168,-0.8044,-0.3096,0.4275,-5.48,-4.79,-1.95
1990,19900,1791070290942,115025,101160,-0.8184,-0.3118,0.4502,-4.09,-2.03,-1.68
1991,19910,1791070290942,115013,101158,-0.8147,-0.3259,0.467,-0.29,0.78,-1.56
1992,19920,1791070290943,115009,101157,-0.8225,-0.3269,0.4502,5.13,3.92,-0.93
1993,19930,1791070290943,115028,101160,-0.8235,-0.3237,0.4316,10.31,6.55,-0.58
1994,19940,1791070290943,115061,101175,-0.8257,-0.3201,0.3931,10.99,7.27,-0.76
1995,19950,1791070290943,115111,101181,-0.8196,-0.3257,0.385,8.78,5.98,-0.98
1996,19960,1791070291002,115156,101193,-0.8213,-0.3181,0.3723,7.36,4.24,-0.72
1997,19970,1791070291002,115204,101212,-0.832,-0.3054,0.3762,4.72,1.1,-0.72
1998,19980,1791070291002,115236,101225,-0.8369,-0.3052,0.3865,0.69,-2.75,-0.76
1999,19990,1791070291002,115264,101229,-0.8401,-0.3088,0.3911,-4.53,-6.92,-0.52
2000,20000,1791070291061,115273,101236,-0.8306,-0.3145,0.4146,-8.89,-8.6,-0.61
2001,20010,1791070291061,115261,101248,-0.8433,-0.3245,0.4465,-9.62,-4.41,-1.33
2002,20020,1791070291061,115250,101232,-0.8438,-0.3262,0.4656,-5.48,0.38,-1.63
2003,20030,1791070291061,115243,101234,-0.8489,-0.3379,0.4678,0.11,3.45,-1.16
2004,20040,1791070291062,115226,101234,-0.8525,-0.3206,0.4468,3.92,4.66,-1.01
2005,20050,1791070291062,115219,101225,-0.8604,-0.325,0.4199,4.67,2.5,-1.05
2006,20060,1791070291062,115206,101224,-0.8438,-0.3188,0.4097,2.89,-2.0,-0.76
2007,20070,1791070291062,115184,101218,-0.8826,-0.3289,0.375,-0.37,-8.75,-0.9
2008,20080,1791070291120,115165,101224,-0.9639,-0.2234,0.0486,-1.33,-13.24,-1.57
2009,20090,1791070291120,115095,101223,-0.8562,-0.342,0.427,-4.09,-13.07,-0.6
2010,20100,1791070291120,115022,101214,-0.8518,-0.3125,0.4016,-0.46,-9.16,1.05
2011,20110,1791070291120,114963,101202,-0.8628,-0.3269,0.4031,0.69,-5.19,0.02
2012,20120,1791070291181,114926,101211,-0.8489,-0.3313,0.408,2.73,-3.63,0.9
2013,20130,1791070291181,114889,101217,-0.8442,-0.3103,0.4282,4.2,-5.27,1.85
2014,20140,1791070291181,114876,101216,-0.6414,0.0117,0.6133,1.4,-6.6,1.5
2015,20150,1791070291181,114855,101223,-0.9246,-0.394,0.3809,2.41,1.74,2.32
2016,20160,1791070291181,114839,101210,-0.8552,-0.3376,0.4116,3.15,0.0,0.0
2017,20170,1791070291181,114866,101208,-0.8425,-0.2871,0.4636,1.48,-1.51,0.24
2018,20180,1791070291181,114887,101217,-0.8411,-0.3081,0.4521,0.75,-6.09,1.07
2019,20190,1791070291181,114911,101228,-0.8447,-0.3323,0.4485,6.15,-6.84,1.76
2020,20200,1791070291242,114919,101220,-0.8538,-0.3474,0.4282,9.82,-3.86,2.72
2021,20210,1791070291242,114914,101223,-0.8135,-0.333,0.4226,12.32,1.82,1.85
2022,20220,1791070291242,114929,101218,-0.8389,-0.3274,0.3628,13.44,7.3,0.4
2023,20230,1791070291242,114940,101210,-0.8208,-0.3142,0.3721,8.58,5.56,-1.05
2024,20240,1791070291302,114976,101207,-0.8162,-0.3164,0.3901,5.5,2.31,-1.21
2025,20250,1791070291302,115010,101215,-0.8276,-0.3018,0.4229,4.26,-0.85,-1.08
2026,20260,1791070291302,115042,101217,-0.8323,-0.3032,0.4465,0.49,-5.21,-0.75
2027,20270,1791070291302,115059,101233,-0.834,-0.3169,0.4395,-1.02,-6.29,-0.18
2028,20280,1791070291302,115075,101236,-0.8193,-0.3137,0.4319,0.92,-7.39,1.11
2029,20290,1791070291302,115078,101242,-0.8335,-0.3149,0.3997,2.78,-9.92,2.53
2030,20300,1791070291302,115085,101243,-0.8169,-0.3037,0.4209,3.51,-13.33,3.36
2031,20310,1791070291302,115074,101233,-0.8044,-0.3035,0.4351,2.47,-13.92,3.91
2032,20320,1791070291362,115057,101222,-0.7991,-0.3118,0.4438,2.32,-11.33,3.42
2033,20330,1791070291362,115046,101212,-0.8047,-0.2964,0.4504,3.63,-7.85,2.17
2034,20340,1791070291362,115047,101217,-0.8223,-0.3093,0.4434,2.41,-1.89,0.09
2035,20350,1791070291362,115051,101210,-0.822,-0.3062,0.405,1.08,1.11,-0.72
2036,20360,1791070291421,115067,101213,-0.8079,-0.3079,0.3943,0.56,-2.26,-0.32
2037,20370,1791070291421,115090,101221,-0.7969,-0.2954,0.4033,1.42,-5.71,0.14
2038,20380,1791070291421,115119,101218,-0.78,-0.2942,0.3914,0.6,-4.73,-0.96
2039,20390,1791070291421,115148,101240,-0.7783,-0.2986,0.4326,-1.89,-0.66,-1.79
2040,20400,1791070291422,115181,101243,-0.7847,-0.3047,0.4651,-2.87,2.75,-2.64
2041,20410,1791070291422,115217,101255,-0.8081,-0.3,0.4563,-1.07,8.53,-4.29
2042,20420,1791070291422,115268,101271,-0.8079,-0.2991,0.4255,0.41,7.83,-4.84
2043,20430,1791070291422,115324,101290,-0.8225,-0.314,0.4004,2.5,1.34,-4.32
2044,20440,1791070291482,115350,101299,-0.8113,-0.3223,0.4087,4.98,-4.14,-2.52
2045,20450,1791070291482,115328,101291,-0.7832,-0.3264,0.418,7.01,-4.72,-0.78
2046,20460,1791070291482,115267,101256,-0.7786,-0.3201,0.4216,10.92,-0.12,-0.26
2047,20470,1791070291482,115187,101237,-0.7908,-0.3174,0.3877,16.15,4.15,0.43
2048,20480,1791070291543,115119,101205,-0.7822,-0.3115,0.3765,18.7,2.95,2.18
2049,20490,1791070291543,115040,101182,-0.7598,-0.2871,0.4065,19.24,3.91,3.21
2050,20500,1791070291543,114964,101144,-0.7649,-0.3105,0.3792,16.98,4.21,4.44
2051,20510,1791070291543,114903,101125,-0.7505,-0.3035,0.3965,13.79,3.83,5.24
2052,20520,1791070291544,114882,101106,-0.7598,-0.3257,0.4761,13.91,9.79,5.37
2053,20530,1791070291544,114896,101099,-0.7927,-0.3027,0.4949,18.75,18.58,3.69
2054,20540,1791070291544,114950,101107,-0.8269,-0.2952,0.4719,22.47,20.29,3.39
2055,20550,1791070291544,115019,101113,-0.8315,-0.3027,0.4216,25.27,11.74,6.02
2056,20560,1791070291601,115098,101128,-0.8318,-0.2981,0.3933,26.5,-2.31,9.83
2057,20570,1791070291601,115171,101141,-0.822,-0.311,0.3489,26.17,-13.07,12.21
2058,20580,1791070291601,115239,101176,-0.8267,-0.2825,0.3481,24.21,-23.94,14.03
2059,20590,1791070291601,115316,101197,-0.8235,-0.2776,0.3667,17.47,-34.6,15.07
2060,20600,1791070291663,115379,101220,-0.8074,-0.2698,0.3887,9.59,-41.27,14.63
2061,20610,1791070291663,115421,101252,-0.8174,-0.2698,0.4031,3.04,-45.53,14.29
2062,20620,1791070291663,115423,101265,-0.8259,-0.2673,0.4426,-2.98,-47.13,13.4
2063,20630,1791070291663,115416,101271,-0.8328,-0.2666,0.4907,-7.24,-48.15,12.21
2064,20640,1791070291663,115387,101273,-0.8367,-0.2593,0.5249,-9.1,-48.37,11.08
2065,20650,1791070291663,115351,101294,-0.8364,-0.2651,0.5293,-10.4,-48.24,9.92
2066,20660,1791070291663,115317,101300,-0.8469,-0.2595,0.5227,-10.89,-49.94,9.34
2067,20670,1791070291663,115269,101306,-0.8252,-0.2598,0.5217,-11.36,-51.19,8.35
2068,20680,1791070291726,115186,101291,-0.7942,-0.2598,0.5359,-12.58,-47.85,6.95
2069,20690,1791070291726,115081,101268,-0.8059,-0.2852,0.5193,-13.19,-41.07,4.7
2070,20700,1791070291726,114945,101234,-0.8071,-0.2852,0.5312,-15.4,-37.69,3.6
2071,20710,1791070291726,114813,101182,-0.812,-0.3015,0.5618,-15.85,-35.1,2.87
2072,20720,1791070291782,114684,101137,-0.8181,-0.2993,0.6055,-14.55,-33.22,2.82
2073,20730,1791070291782,114572,101100,-0.8391,-0.2925,0.6262,-15.45,-31.94,1.8
2074,20740,1791070291782,114476,101057,-0.8613,-0.3123,0.6204,-19.51,-31.86,-0.41
2075,20750,1791070291782,114372,101025,-0.8398,-0.313,0.6726,-22.32,-30.82,0.24
2076,20760,1791070291782,114255,101002,-0.8376,-0.303,0.6919,-21.34,-23.48,-0.26
2077,20770,1791070291782,114162,100967,-0.8467,-0.312,0.6587,-15.95,-13.95,-0.17
2078,20780,1791070291782,114071,100949,-0.8635,-0.3081,0.6208,-9.19,-11.8,1.51
2079,20790,1791070291782,114011,100937,-0.8528,-0.3003,0.6443,-1.77,-13.92,4.55
2080,20800,1791070291843,113958,100915,-0.8403,-0.3022,0.6487,4.06,-10.5,6.61
2081,20810,1791070291843,113909,100889,-0.8464,-0.2976,0.6243,4.96,-3.4,6.29
2082,20820,1791070291843,113881,100874,-0.8403,-0.3027,0.604,3.44,0.5,5.27
2083,20830,1791070291843,113871,100854,-0.844,-0.2986,0.5896,1.11,2.12,3.91
2084,20840,1791070291903,113843,100839,-0.8306,-0.2944,0.5767,-4.06,3.65,2.73
2085,20850,1791070291903,113817,100823,-0.8074,-0.2896,0.5679,-6.78,4.9,1.28
2086,20860,1791070291903,113795,100810,-0.8081,-0.2871,0.5398,-6.47,4.85,0.78
2087,20870,1791070291903,113782,100803,-0.8303,-0.2808,0.5144,-6.2,2.34,0.93
2088,20880,1791070291904,113767,100794,-0.8274,-0.2837,0.5115,-8.05,-2.38,1.04
2089,20890,1791070291904,113739,100783,-0.813,-0.2849,0.5388,-10.09,-2.7,0.9
2090,20900,1791070291904,113692,100750,-0.7976,-0.2842,0.5408,-11.18,1.21,0.26
2091,20910,1791070291904,113652,100728,-0.7925,-0.2878,0.5505,-10.56,6.2,-0.55
2092,20920,1791070291963,113635,100723,-0.8059,-0.2773,0.5381,-8.05,10.06,-1.28
2093,20930,1791070291963,113642,100724,-0.8059,-0.2837,0.5269,-5.08,9.73,-1.59
2094,20940,1791070291963,113653,100714,-0.8015,-0.2874,0.5513,-1.22,7.44,-0.75
2095,20950,1791070291963,113671,100710,-0.7812,-0.2769,0.5955,2.18,6.67,-0.61
2096,20960,1791070292021,113683,100718,-0.7996,-0.2654,0.5508,3.04,7.33,-1.1
2097,20970,1791070292021,113687,100714,-0.792,-0.2668,0.5327,1.05,6.61,-1.53
2098,20980,1791070292021,113681,100717,-0.7842,-0.2668,0.5305,-0.93,7.5,-2.18
2099,20990,1791070292021,113668,100718,-0.7876,-0.2808,0.5068,-1.08,8.32,-2.34
2100,21000,1791070292022,113639,100698,-0.78,-0.2747,0.5239,-0.44,5.77,-1.19
2101,21010,1791070292022,113618,100696,-0.7903,-0.2781,0.5425,0.99,5.42,-0.52
2102,21020,1791070292022,113620,100688,-0.7903,-0.281,0.5464,2.31,5.62,-0.23
2103,21030,1791070292022,113630,100685,-0.7866,-0.2859,0.541,4.11,6.73,-0.03
2104,21040,1791070292082,113647,100690,-0.7817,-0.2874,0.5103,5.76,7.68,0.09
2105,21050,1791070292082,113665,100691,-0.7732,-0.2825,0.5029,6.92,6.82,0.17
2106,21060,1791070292082,113676,100702,-0.7727,-0.2803,0.4932,7.44,5.83,1.05
2107,21070,1791070292082,113692,100703,-0.7566,-0.2805,0.5083,7.53,4.84,1.62
2108,21080,1791070292142,113685,100703,-0.76,-0.2788,0.5222,7.79,7.89,1.48
2109,21090,1791070292142,113665,100702,-0.7732,-0.2661,0.5247,7.21,11.8,0.79
2110,21100,1791070292142,113643,100692,-0.7917,-0.2754,0.5059,5.97,11.16,0.61
2111,21110,1791070292142,113592,100671,-0.7859,-0.2693,0.5139,5.13,5.31,2.05
2112,21120,1791070292200,113492,100640,-0.7866,-0.2749,0.5229,5.47,3.11,2.03
2113,21130,1791070292200,113356,100598,-0.781,-0.28,0.5042,5.34,2.11,2.37
2114,21140,1791070292200,113216,100553,-0.772,-0.28,0.4897,5.15,2.31,2.34
2115,21150,1791070292200,113076,100507,-0.7715,-0.2793,0.4832,4.76,1.98,2.67
2116,21160,1791070292202,112940,100460,-0.7832,-0.2766,0.5002,2.85,-1.37,3.21
2117,21170,1791070292202,112826,100429,-0.7798,-0.2729,0.531,-0.93,-3.63,3.3
2118,21180,1791070292202,112728,100389,-0.7878,-0.2798,0.5452,-2.87,-2.66,2.38
2119,21190,1791070292202,112651,100361,-0.7742,-0.2766,0.5232,-0.98,-1.92,1.94
2120,21200,1791070292261,112601,100341,-0.7834,-0.2905,0.5205,1.53,-1.27,2.12
2121,21210,1791070292261,112576,100335,-0.7837,-0.2827,0.5142,3.54,0.76,1.76
2122,21220,1791070292261,112578,100332,-0.7822,-0.2827,0.501,4.79,2.43,1.39
2123,21230,1791070292261,112597,100338,-0.7949,-0.2805,0.5037,4.2,2.56,1.45
2124,21240,1791070292262,112646,100350,-0.8044,-0.2834,0.4961,2.69,-0.09,1.76
2125,21250,1791070292262,112707,100372,-0.7908,-0.2915,0.519,1.6,-3.65,2.72
2126,21260,1791070292262,112766,100395,-0.7971,-0.2837,0.5569,1.48,-4.53,2.78
2127,21270,1791070292262,112837,100418,-0.7932,-0.2866,0.552,1.39,-3.19,1.74
2128,21280,1791070292322,112915,100441,-0.7988,-0.2896,0.5295,2.08,-1.94,0.7
2129,21290,1791070292322,112984,100463,-0.7966,-0.2839,0.5215,2.55,-1.8,0.23
2130,21300,1791070292322,113055,100482,-0.7947,-0.283,0.5183,2.21,-2.7,0.32
2131,21310,1791070292322,113117,100505,-0.7964,-0.2769,0.5249,1.3,-3.02,0.24
2132,21320,1791070292383,113171,100534,-0.8079,-0.2771,0.522,-0.61,-3.39,0.03
2133,21330,1791070292383,113209,100550,-0.8027,-0.2742,0.522,-2.5,-2.96,-0.11
2134,21340,1791070292383,113233,100550,-0.8022,-0.2771,0.5354,-4.06,-2.31,-0.24
2135,21350,1791070292383,113234,100554,-0.7983,-0.2754,0.5205,-4.43,-0.66,-0.4
2136,21360,1791070292383,113231,100550,-0.7998,-0.29,0.501,-3.4,-0.89,0.31
2137,21370,1791070292383,113207,100552,-0.8083,-0.2688,0.5308,-1.24,-1.47,1.15
2138,21380,1791070292383,113188,100544,-0.7898,-0.2729,0.5364,0.7,-2.35,1.6
2139,21390,1791070292383,113160,100536,-0.8008,-0.2712,0.5564,4.29,0.58,1.57
2140,21400,1791070292441,113119,100533,-0.8086,-0.2717,0.543,7.11,2.21,1.28
2141,21410,1791070292441,113091,100520,-0.8069,-0.2681,0.541,6.31,0.37,1.8
2142,21420,1791070292441,113062,100503,-0.8066,-0.2766,0.5481,3.98,-1.3,2.09
2143,21430,1791070292441,113039,100500,-0.8093,-0.2729,0.5381,0.99,-1.89,1.3
2144,21440,1791070292500,113033,100492,-0.8071,-0.2761,0.5347,-2.29,-2.5,0.81
2145,21450,1791070292500,113012,100495,-0.8047,-0.2778,0.5371,-5.42,-2.4,0.47
2146,21460,1791070292500,113003,100487,-0.8066,-0.2761,0.5425,-7.66,-2.24,0.03
2147,21470,1791070292500,113011,100490,-0.7952,-0.2751,0.5571,-7.4,-1.48,0.14
2148,21480,1791070292502,113031,100492,-0.7949,-0.2761,0.5552,-4.12,2.24,0.05
2149,21490,1791070292502,113059,100517,-0.793,-0.2788,0.512,1.1,6.03,-0.05
2150,21500,1791070292502,113094,100519,-0.7983,-0.2693,0.5176,5.74,4.99,1.19
2151,21510,1791070292502,113139,100542,-0.7939,-0.2649,0.5203,8.64,5.68,1.71
2152,21520,1791070292562,113200,100560,-0.7959,-0.2578,0.5027,9.19,7.47,1.47
2153,21530,1791070292562,113262,100579,-0.8086,-0.2617,0.5051,6.76,4.85,1.53
2154,21540,1791070292562,113337,100608,-0.8035,-0.2656,0.5208,2.4,1.08,2.08
2155,21550,1791070292562,113398,100630,-0.8013,-0.2705,0.5293,-1.59,-1.4,1.83
2156,21560,1791070292621,113448,100647,-0.8062,-0.2722,0.5356,-3.89,-2.99,1.56
2157,21570,1791070292621,113486,100663,-0.7964,-0.2729,0.5522,-4.93,-3.36,1.51
2158,21580,1791070292621,113524,100674,-0.7866,-0.2688,0.5554,-3.92,0.49,0.79
2159,21590,1791070292621,113557,100686,-0.7913,-0.2676,0.5369,-1.01,4.44,-0.27
2160,21600,1791070292622,113604,100692,-0.7969,-0.2651,0.5144,1.39,5.3,-0.37
2161,21610,1791070292622,113652,100722,-0.8022,-0.2703,0.5039,2.92,3.24,0.17
2162,21620,1791070292622,113711,100742,-0.8022,-0.2664,0.5066,2.92,2.23,0.32
2163,21630,1791070292622,113766,100749,-0.8,-0.2695,0.491,2.12,1.53,0.2
2164,21640,1791070292682,113807,100775,-0.8145,-0.2791,0.4746,0.31,-1.02,0.56
2165,21650,1791070292682,113838,100784,-0.8066,-0.2815,0.467,-2.18,-3.44,1.13
2166,21660,1791070292682,113854,100787,-0.8025,-0.2839,0.5125,-4.5,-4.35,1.19
2167,21670,1791070292682,113856,100788,-0.7944,-0.2812,0.5312,-4.76,-2.76,0.99
2168,21680,1791070292742,113860,100786,-0.7937,-0.2727,0.5454,-3.4,-1.83,0.63
2169,21690,1791070292742,113858,100782,-0.7979,-0.272,0.5408,-1.6,-0.37,0.15
2170,21700,1791070292742,113877,100790,-0.7993,-0.2659,0.533,-1.07,0.0,-0.41
2171,21710,1791070292742,113884,100792,-0.8054,-0.2683,0.5171,-1.51,-1.6,-0.46
2172,21720,1791070292742,113895,100796,-0.7998,-0.2666,0.5286,-3.05,-3.11,-0.47
2173,21730,1791070292742,113910,100802,-0.8032,-0.2678,0.5281,-5.68,-4.03,-0.64
2174,21740,1791070292742,113932,100809,-0.8049,-0.2695,0.5303,-7.97,-4.73,-0.82
2175,21750,1791070292742,113938,100817,-0.8076,-0.2805,0.5183,-9.3,-5.44,-0.82
2176,21760,1791070292802,113944,100815,-0.801,-0.2856,0.5237,-7.57,-6.92,0.24
2177,21770,1791070292802,113937,100820,-0.7991,-0.2908,0.5161,-3.85,-4.85,0.43
2178,21780,1791070292802,113948,100812,-0.7981,-0.2966,0.4995,-0.08,-2.23,1.05
2179,21790,1791070292802,113944,100822,-0.803,-0.2876,0.5083,3.21,-2.67,2.09
2180,21800,1791070292865,113950,100823,-0.7996,-0.2842,0.5222,3.68,-3.24,2.73
2181,21810,1791070292865,113965,100824,-0.7971,-0.282,0.5334,3.47,-0.89,2.63
2182,21820,1791070292865,113960,100826,-0.8022,-0.2776,0.5322,3.59,2.47,1.94
2183,21830,1791070292865,113946,100819,-0.8059,-0.2708,0.532,3.24,3.48,1.63
2184,21840,1791070292865,113893,100805,-0.8008,-0.2673,0.519,1.89,1.95,1.6
2185,21850,1791070292865,113793,100774,-0.7969,-0.2671,0.5232,-0.53,-0.63,1.77
2186,21860,1791070292865,113652,100734,-0.8015,-0.2585,0.5361,-2.35,-2.18,1.6
2187,21870,1791070292865,113478,100671,-0.8015,-0.2598,0.5376,-4.43,-1.98,1.08
2188,21880,1791070292926,113295,100614,-0.8127,-0.2722,0.5251,-5.5,-2.2,0.79
2189,21890,1791070292926,113092,100547,-0.8098,-0.2737,0.5176,-5.85,-2.9,0.66
2190,21900,1791070292926,112900,100490,-0.8105,-0.2773,0.5244,-4.63,-3.89,0.98
2191,21910,1791070292926,112738,100428,-0.8025,-0.2786,0.5232,-1.91,-2.92,1.71
2192,21920,1791070292983,112589,100382,-0.8049,-0.2817,0.5051,1.48,-1.74,1.91
2193,21930,1791070292983,112470,100336,-0.8005,-0.2756,0.5144,2.58,-1.62,2.14
2194,21940,1791070292983,112379,100304,-0.8013,-0.27,0.5134,1.54,-1.11,2.08
2195,21950,1791070292983,112314,100283,-0.7981,-0.272,0.5249,0.7,-0.79,1.76
2196,21960,1791070292984,112284,100271,-0.7957,-0.2656,0.533,0.85,-0.27,1.28
2197,21970,1791070292984,112274,100263,-0.7979,-0.2727,0.53,1.05,0.6,0.76
2198,21980,1791070292984,112292,100268,-0.7986,-0.2678,0.5027,0.38,0.08,0.14
2199,21990,1791070292984,112314,100275,-0.791,-0.2866,0.481,-3.33,-1.71,0.52
2200,22000,1791070293041,112346,100292,-0.7915,-0.2805,0.5088,-7.76,-0.38,-0.31
2201,22010,1791070293041,112384,100306,-0.7864,-0.2896,0.4839,-9.56,0.14,-0.05
2202,22020,1791070293041,112406,100331,-0.801,-0.2869,0.5425,-9.85,-1.66,0.87
2203,22030,1791070293041,112435,100335,-0.824,-0.2815,0.5671,-6.64,-1.76,2.03
2204,22040,1791070293102,112463,100355,-0.8008,-0.28,0.5933,-2.5,-2.78,2.76
2205,22050,1791070293102,112486,100366,-0.8179,-0.2825,0.5947,4.21,-0.64,3.51
2206,22060,1791070293102,112509,100376,-0.8193,-0.2739,0.5891,11.37,4.38,3.65
2207,22070,1791070293102,112516,100382,-0.8027,-0.2454,0.5574,15.22,8.43,3.02
2208,22080,1791070293103,112516,100388,-0.8096,-0.2766,0.5063,15.73,6.49,3.19
2209,22090,1791070293103,112490,100385,-0.7805,-0.2463,0.4487,12.14,3.25,3.91
2210,22100,1791070293103,112454,100356,-0.7983,-0.2715,0.437,3.57,-1.92,3.94
2211,22110,1791070293103,112425,100365,-0.77,-0.2676,0.4336,-4.56,-4.14,2.78
2212,22120,1791070293161,112388,100353,-0.7939,-0.2708,0.4553,-12.47,-1.1,0.32
2213,22130,1791070293161,112333,100340,-0.8147,-0.2825,0.5125,-16.78,2.55,-1.4
2214,22140,1791070293161,112269,100324,-0.7966,-0.2717,0.5422,-15.22,3.08,-1.62
2215,22150,1791070293161,112217,100309,-0.7944,-0.2683,0.5791,-10.5,4.14,-1.56
2216,22160,1791070293223,112190,100313,-0.811,-0.2979,0.6021,-0.24,6.23,-1.15
2217,22170,1791070293223,112152,100318,-0.7905,-0.2095,0.6619,13.04,7.45,3.31
2218,22180,1791070293223,112108,100302,-0.8125,-0.2703,0.5671,22.99,7.65,5.97
2219,22190,1791070293223,112082,100303,-0.823,-0.2661,0.5164,26.09,11.16,6.12
2220,22200,1791070293223,112094,100302,-0.8311,-0.2339,0.5149,22.64,10.98,5.6
2221,22210,1791070293223,112129,100312,-0.7903,-0.209,0.5095,14.44,4.58,5.95
2222,22220,1791070293223,112162,100302,-0.7805,-0.2146,0.4519,9.86,-0.89,5.62
2223,22230,1791070293223,112167,100287,-0.782,-0.2253,0.4019,2.4,-7.1,4.24
2224,22240,1791070293281,112143,100290,-0.7419,-0.2041,0.4487,-6.69,-9.65,0.75
2225,22250,1791070293281,112082,100271,-0.7744,-0.2314,0.3845,-14.67,-2.61,-4.5
2226,22260,1791070293281,111965,100224,-0.8494,-0.3135,0.4673,-22.44,5.39,-5.42
2227,22270,1791070293281,111921,100176,-0.8723,-0.3181,0.5088,-19.25,2.99,-3.63
2228,22280,1791070293342,111911,100126,-0.8477,-0.2717,0.6199,-12.85,-3.82,-0.55
2229,22290,1791070293342,111910,100081,-0.7944,-0.2654,0.6787,2.43,-6.89,2.89
2230,22300,1791070293342,111834,100007,-0.7795,-0.22,0.6357,18.95,-4.27,3.71
2231,22310,1791070293342,111758,99943,-0.7642,-0.1887,0.542,29.02,-0.5,3.1
2232,22320,1791070293342,111653,99900,-0.8203,-0.2319,0.489,25.71,3.07,2.63
2233,22330,1791070293342,111548,99861,-0.7964,-0.2385,0.4565,17.25,2.6,1.16
2234,22340,1791070293342,111443,99835,-0.813,-0.248,0.4612,8.08,1.22,0.75
2235,22350,1791070293342,111320,99792,-0.825,-0.2642,0.4373,1.1,-4.84,0.72
2236,22360,1791070293402,111129,99698,-0.7954,-0.2517,0.416,-7.34,-14.02,0.87
2237,22370,1791070293402,110746,99488,-0.7605,-0.2812,0.448,-17.53,-14.81,-0.49
2238,22380,1791070293402,110261,99233,-0.7815,-0.3296,0.4438,-26.29,0.26,-3.08
2239,22390,1791070293402,109912,99038,-0.8311,-0.3259,0.5164,-32.69,18.98,-6.9
2240,22400,1791070293464,109976,99035,-0.8467,-0.3213,0.5735,-28.38,24.81,-7.86
2241,22410,1791070293464,110217,99087,-0.8206,-0.2998,0.5723,-14.4,19.83,-4.21
2242,22420,1791070293464,110415,99141,-0.8215,-0.2971,0.5388,-0.41,13.11,-0.92
2243,22430,1791070293464,110517,99145,-0.8274,-0.2732,0.5059,7.45,3.71,0.58
2244,22440,1791070293464,110557,99128,-0.8169,-0.2566,0.4614,6.64,-6.41,1.76
2245,22450,1791070293464,110508,99077,-0.8,-0.2537,0.4604,1.16,-15.89,2.4
2246,22460,1791070293464,110387,98983,-0.8054,-0.2512,0.4824,-5.4,-17.5,1.91
2247,22470,1791070293464,110205,98861,-0.8088,-0.2649,0.5032,-12.12,-14.43,0.09
2248,22480,1791070293523,110013,98771,-0.8262,-0.2808,0.5127,-16.34,-11.71,0.05
2249,22490,1791070293523,109872,98691,-0.8362,-0.2913,0.5225,-20.27,-8.7,0.12
2250,22500,1791070293523,109815,98652,-0.8052,-0.2805,0.5293,-20.84,-8.73,-0.82
2251,22510,1791070293523,109802,98632,-0.8157,-0.2678,0.5139,-21.31,-7.77,0.29
2252,22520,1791070293582,109789,98610,-0.8079,-0.2681,0.5056,-20.2,-12.23,-0.27
2253,22530,1791070293582,109758,98562,-0.7881,-0.2734,0.519,-18.79,-15.89,-0.44
2254,22540,1791070293582,109604,98419,-0.7861,-0.2749,0.5273,-16.53,-14.64,-1.45
2255,22550,1791070293582,109379,98252,-0.8137,-0.302,0.5823,-13.97,-12.79,-1.66
2256,22560,1791070293582,109118,98101,-0.7949,-0.2883,0.5208,-15.79,-8.2,-3.08
2257,22570,1791070293582,108810,97938,-0.7947,-0.311,0.5105,-12.34,-6.27,-2.4
2258,22580,1791070293582,108547,97817,-0.8091,-0.2444,0.5229,-11.62,0.9,-2.85
2259,22590,1791070293582,108322,97724,-0.7881,-0.3025,0.543,-15.11,-0.32,-2.41
2260,22600,1791070293642,108153,97646,-0.7944,-0.3015,0.5532,-12.35,1.95,0.12
2261,22610,1791070293642,108041,97566,-0.8467,-0.2832,0.5249,-11.68,0.2,0.64
2262,22620,1791070293642,108013,97551,-0.8091,-0.2969,0.5247,-11.97,-9.94,3.21
2263,22630,1791070293642,107980,97528,-0.7915,-0.2937,0.5288,-11.56,-13.71,5.22
2264,22640,1791070293707,107923,97491,-0.7854,-0.3008,0.4783,-15.08,-11.57,3.44
2265,22650,1791070293707,107817,97444,-0.791,-0.2969,0.4783,-15.68,-9.4,4.17
2266,22660,1791070293707,107676,97361,-0.8291,-0.2969,0.4946,-15.27,-14.12,5.44
2267,22670,1791070293707,107545,97276,-0.8091,-0.2952,0.5508,-15.68,-14.17,5.33
2268,22680,1791070293761,107433,97160,-0.7866,-0.3081,0.5649,-14.79,-6.09,3.83
2269,22690,1791070293761,107416,97113,-0.7815,-0.3035,0.5513,-13.59,0.17,3.21
2270,22700,1791070293761,107478,97099,-0.7964,-0.3054,0.5186,-12.29,4.6,4.08
2271,22710,1791070293761,107602,97128,-0.8066,-0.2622,0.5117,-11.45,0.27,5.56
2272,22720,1791070293762,107678,97126,-0.7949,-0.3018,0.5168,-15.89,-3.08,8.08
2273,22730,1791070293762,107625,97053,-0.7756,-0.3369,0.5251,-18.69,-3.63,4.09
2274,22740,1791070293762,107525,96959,-0.7568,-0.3345,0.5227,-19.11,-3.3,-1.48
2275,22750,1791070293762,107390,96882,-0.7632,-0.335,0.5344,-18.41,-6.43,-6.4
2276,22760,1791070293822,107280,96839,-0.7732,-0.3118,0.5435,-16.0,-5.15,-5.57
2277,22770,1791070293822,107201,96830,-0.8032,-0.3113,0.5186,-12.66,-1.76,-3.68
2278,22780,1791070293822,107215,96864,-0.7808,-0.3013,0.5215,-11.47,-1.47,-1.91
2279,22790,1791070293822,107236,96904,-0.7708,-0.3049,0.511,-8.9,0.87,-0.23
2280,22800,1791070293823,107285,96928,-0.781,-0.3176,0.499,-5.94,2.73,-0.12
2281,22810,1791070293823,107366,96964,-0.7764,-0.3159,0.479,-2.46,8.43,-2.43
2282,22820,1791070293823,107460,97000,-0.7444,-0.3259,0.4788,-0.49,12.67,-3.48
2283,22830,1791070293823,107577,97050,-0.7468,-0.3289,0.5044,3.01,17.44,-2.15
2284,22840,1791070293881,107700,97100,-0.7844,-0.3125,0.5347,8.09,18.53,-2.06
2285,22850,1791070293881,107889,97196,-0.8291,-0.302,0.5396,9.95,13.79,-1.91
2286,22860,1791070293881,108117,97297,-0.8364,-0.2942,0.5212,10.46,9.13,-0.93
2287,22870,1791070293881,108324,97430,-0.8154,-0.2886,0.5068,7.33,5.19,0.9
2288,22880,1791070293941,108458,97544,-0.8508,-0.3059,0.4714,6.66,7.37,2.34
2289,22890,1791070293941,108441,97574,-0.8323,-0.2913,0.4648,2.9,7.54,2.23
2290,22900,1791070293941,108309,97531,-0.7854,-0.3064,0.4534,-1.92,9.8,3.73
2291,22910,1791070293941,108098,97425,-0.7688,-0.314,0.4822,-3.69,16.96,5.1
2292,22920,1791070293943,107890,97322,-0.7668,-0.3047,0.5403,-4.75,29.77,5.11
2293,22930,1791070293943,107809,97278,-0.8127,-0.342,0.5532,0.35,47.18,0.61
2294,22940,1791070293943,108080,97408,-0.8022,-0.3269,0.5574,-6.31,51.68,2.18
2295,22950,1791070293943,108551,97704,-0.8098,-0.3384,0.5066,-9.18,44.92,5.34
2296,22960,1791070294001,108963,97981,-0.8218,-0.3379,0.4795,-0.24,35.27,5.62
2297,22970,1791070294001,109303,98218,-0.7881,-0.3293,0.4507,5.05,22.35,5.15
2298,22980,1791070294001,109633,98461,-0.8157,-0.3269,0.4482,7.65,9.69,7.68
2299,22990,1791070294001,109933,98693,-0.8831,-0.2844,0.416,12.98,7.42,5.66
2300,23000,1791070294062,110164,98899,-0.9189,-0.2881,0.417,7.31,7.34,-1.4
2301,23010,1791070294062,110360,99079,-0.8569,-0.2847,0.4214,3.51,7.59,-8.27
2302,23020,1791070294062,110591,99249,-0.8054,-0.2754,0.5093,0.35,7.18,-8.55
2303,23030,1791070294062,110812,99419,-0.7856,-0.2761,0.4995,-6.66,17.57,-3.68
2304,23040,1791070294063,111047,99557,-0.8103,-0.312,0.4717,-5.24,23.82,0.72
2305,23050,1791070294063,111274,99705,-0.8357,-0.3174,0.4807,3.69,27.66,0.89
2306,23060,1791070294063,111541,99865,-0.8557,-0.3071,0.4607,8.38,26.21,-3.74
2307,23070,1791070294063,111801,100049,-0.865,-0.3152,0.4194,5.19,18.06,-5.8
2308,23080,1791070294122,111962,100182,-0.8823,-0.2971,0.4009,1.62,8.05,-4.23
2309,23090,1791070294122,112068,100265,-0.8562,-0.2603,0.4224,-3.51,0.03,-1.94
2310,23100,1791070294122,112124,100297,-0.8711,-0.314,0.3809,-10.47,0.26,-5.54
2311,23110,1791070294122,112146,100316,-0.7935,-0.3352,0.3811,-12.98,-7.16,-5.94
2312,23120,1791070294181,112133,100307,-0.762,-0.3352,0.4221,-6.47,-8.61,-1.34
2313,23130,1791070294181,112066,100270,-0.7573,-0.3481,0.4453,-1.19,8.05,-1.05
2314,23140,1791070294181,112007,100248,-0.77,-0.3765,0.4526,6.08,24.52,-2.02
2315,23150,1791070294181,112047,100265,-0.7957,-0.3018,0.45,9.88,34.96,-1.59
2316,23160,1791070294182,112181,100323,-0.8567,-0.3037,0.4094,5.97,32.14,-1.13
2317,23170,1791070294182,112369,100417,-0.8782,-0.2876,0.4128,4.02,22.49,0.09
2318,23180,1791070294182,112541,100502,-0.8979,-0.2856,0.3857,3.83,8.58,0.27
2319,23190,1791070294182,112680,100565,-0.9099,-0.2808,0.3679,2.55,-8.17,-0.35
2320,23200,1791070294243,112740,100595,-0.8831,-0.2998,0.3823,-0.2,-26.03,0.38
2321,23210,1791070294243,112733,100581,-0.7939,-0.3274,0.3855,-3.24,-36.69,2.11
2322,23220,1791070294243,112706,100563,-0.769,-0.3245,0.3845,-3.65,-29.21,2.87
2323,23230,1791070294243,112698,100540,-0.813,-0.3411,0.4531,-6.05,-18.38,3.01
2324,23240,1791070294302,112732,100527,-0.7874,-0.3223,0.4668,-5.11,-2.5,1.8
2325,23250,1791070294302,112825,100544,-0.8306,-0.3245,0.4673,-0.87,10.14,0.96
2326,23260,1791070294302,112966,100585,-0.8528,-0.3367,0.4709,5.8,15.89,1.1
2327,23270,1791070294302,113096,100618,-0.8525,-0.3262,0.4526,10.99,16.17,0.31
2328,23280,1791070294303,113219,100662,-0.8643,-0.3091,0.4375,14.31,12.96,-0.12
2329,23290,1791070294303,113281,100688,-0.8748,-0.2942,0.4072,12.75,3.45,2.49
2330,23300,1791070294303,113277,100679,-0.8591,-0.2854,0.4038,7.18,-8.29,3.15
2331,23310,1791070294303,113232,100652,-0.8347,-0.3093,0.426,-1.45,-14.11,3.51
2332,23320,1791070294362,113149,100628,-0.8325,-0.3088,0.4382,-7.15,-14.0,2.92
2333,23330,1791070294362,113068,100589,-0.8147,-0.3218,0.4224,-8.21,-13.76,2.34
2334,23340,1791070294362,112999,100549,-0.8499,-0.304,0.4412,-6.99,-10.4,2.17
2335,23350,1791070294362,112958,100527,-0.8298,-0.3057,0.4314,-2.18,-9.82,0.87
2336,23360,1791070294422,112952,100500,-0.8218,-0.2896,0.4287,-0.47,-2.63,-0.96
2337,23370,1791070294422,112955,100470,-0.8333,-0.3303,0.4739,-3.34,14.17,-0.78
2338,23380,1791070294422,112987,100443,-0.8264,-0.3479,0.4451,-2.2,25.8,-1.27
2339,23390,1791070294422,113045,100401,-0.8594,-0.2905,0.4485,3.83,24.37,-0.81
2340,23400,1791070294422,113135,100393,-0.8484,-0.3015,0.4417,8.52,17.69,-0.49
2341,23410,1791070294422,113254,100393,-0.864,-0.2817,0.3701,7.94,9.97,0.67
2342,23420,1791070294422,113397,100422,-0.8467,-0.2988,0.3579,3.11,-2.47,1.54
2343,23430,1791070294422,113548,100477,-0.8411,-0.302,0.3457,-0.08,-14.85,3.48
2344,23440,1791070294483,113690,100530,-0.8359,-0.2852,0.4055,-0.38,-27.79,5.05
2345,23450,1791070294483,113808,100575,-0.833,-0.2971,0.4307,-4.67,-30.09,4.87
2346,23460,1791070294483,113931,100638,-0.8435,-0.2979,0.4294,-10.15,-23.73,1.69
2347,23470,1791070294483,114023,100680,-0.8242,-0.2952,0.4214,-14.37,-19.91,-0.93
2348,23480,1791070294544,114104,100715,-0.8254,-0.3113,0.4602,-15.88,-13.97,-1.62
2349,23490,1791070294544,114168,100748,-0.8213,-0.3286,0.4734,-14.56,-8.0,-3.39
2350,23500,1791070294544,114218,100772,-0.8313,-0.3301,0.4604,-11.37,-3.66,-3.85
2351,23510,1791070294544,114269,100786,-0.7671,-0.3884,0.499,-7.08,-3.56,-2.78
2352,23520,1791070294601,114308,100807,-0.834,-0.2786,0.3994,-0.11,2.79,-3.21
2353,23530,1791070294601,114339,100825,-0.8662,-0.3384,0.3962,-1.02,0.47,-2.61
2354,23540,1791070294601,114395,100835,-0.8147,-0.3394,0.4568,-1.48,-9.07,-0.73
2355,23550,1791070294601,114427,100866,-0.8149,-0.3296,0.468,-0.61,-9.69,0.21
2356,23560,1791070294602,114451,100897,-0.8259,-0.3313,0.4526,-0.35,-7.94,0.02
2357,23570,1791070294602,114485,100924,-0.8425,-0.311,0.4702,1.54,-8.08,0.0
2358,23580,1791070294602,114513,100943,-0.8584,-0.3083,0.4736,4.7,-11.07,1.48
2359,23590,1791070294602,114538,100966,-0.8264,-0.3105,0.4902,5.4,-13.74,2.78
2360,23600,1791070294661,114566,100989,-0.834,-0.3142,0.4705,3.62,-6.0,2.35
2361,23610,1791070294661,114575,101006,-0.8267,-0.3096,0.4495,2.34,0.21,2.11
2362,23620,1791070294661,114604,101005,-0.8313,-0.2988,0.4387,2.98,2.23,2.81
2363,23630,1791070294661,114640,101015,-0.8376,-0.3091,0.4238,2.69,-1.11,3.59
2364,23640,1791070294662,114675,101031,-0.8323,-0.3069,0.4207,3.31,-2.67,3.18
2365,23650,1791070294662,114698,101037,-0.8335,-0.312,0.4189,0.84,-8.92,2.89
2366,23660,1791070294662,114732,101043,-0.8167,-0.3093,0.4526,0.44,-11.48,2.64
2367,23670,1791070294662,114740,101044,-0.8213,-0.3081,0.4692,1.57,-10.69,2.52
2368,23680,1791070294722,114751,101053,-0.8186,-0.3086,0.4744,3.31,-9.62,2.43
2369,23690,1791070294722,114758,101046,-0.8152,-0.311,0.4827,2.72,-7.88,2.82
2370,23700,1791070294722,114787,101057,-0.8237,-0.3047,0.4688,1.94,-4.06,1.73
2371,23710,1791070294722,114810,101064,-0.8215,-0.3081,0.4812,1.24,-2.12,0.53
2372,23720,1791070294781,114857,101081,-0.823,-0.2988,0.4705,2.84,-1.18,0.7
2373,23730,1791070294781,114895,101100,-0.8328,-0.2991,0.4509,5.1,-1.57,1.33
2374,23740,1791070294781,114957,101118,-0.835,-0.2969,0.437,5.19,-4.44,2.14
2375,23750,1791070294781,115002,101139,-0.814,-0.303,0.4551,4.18,-5.11,2.29
2376,23760,1791070294782,115026,101154,-0.8135,-0.3032,0.4426,3.68,0.26,1.27
2377,23770,1791070294782,115042,101152,-0.8284,-0.3064,0.4333,4.93,0.93,0.5
2378,23780,1791070294782,115074,101166,-0.8147,-0.3105,0.4487,6.03,-2.14,0.5
2379,23790,1791070294782,115094,101165,-0.8193,-0.3044,0.4578,5.62,-2.81,0.38
2380,23800,1791070294841,115105,101173,-0.8252,-0.3047,0.4531,4.32,-2.53,0.08
2381,23810,1791070294841,115121,101177,-0.823,-0.3022,0.4446,2.4,-2.9,-0.26
2382,23820,1791070294841,115143,101198,-0.8225,-0.3054,0.4473,1.28,-4.55,-0.06
2383,23830,1791070294841,115159,101199,-0.8254,-0.2964,0.4575,-1.95,-5.28,-0.24
2384,23840,1791070294901,115185,101203,-0.8347,-0.2964,0.4561,-3.79,-3.21,-0.82
2385,23850,1791070294901,115197,101200,-0.8262,-0.3025,0.4644,-3.36,-2.7,-0.5
2386,23860,1791070294901,115190,101209,-0.8271,-0.2971,0.4878,-2.08,0.21,0.7
2387,23870,1791070294901,115195,101212,-0.8301,-0.3059,0.4829,0.47,4.5,0.29
2388,23880,1791070294902,115227,101214,-0.8235,-0.3132,0.469,2.69,4.96,0.98
2389,23890,1791070294902,115260,101222,-0.8254,-0.3049,0.4663,5.86,3.3,1.4
2390,23900,1791070294902,115293,101239,-0.8394,-0.3101,0.4773,6.73,1.24,1.6
2391,23910,1791070294902,115321,101239,-0.8281,-0.3081,0.4802,5.44,-0.63,1.8
2392,23920,1791070294961,115341,101235,-0.8254,-0.3074,0.4688,3.95,-3.1,1.04
2393,23930,1791070294961,115349,101236,-0.8203,-0.303,0.4761,2.34,-5.65,0.72
2394,23940,1791070294961,115357,101241,-0.8147,-0.3103,0.4824,1.47,-7.8,0.35
2395,23950,1791070294961,115352,101235,-0.812,-0.3101,0.4797,1.27,-8.9,0.53
2396,23960,1791070295024,115327,101228,-0.8076,-0.3088,0.4724,1.24,-6.75,-0.12
2397,23970,1791070295024,115284,101220,-0.8105,-0.3025,0.4556,2.02,-4.29,0.02
2398,23980,1791070295024,115231,101207,-0.8062,-0.3162,0.459,4.12,-4.89,1.13
2399,23990,1791070295024,115168,101197,-0.8079,-0.302,0.4839,5.76,-0.52,1.79
2400,24000,1791070295024,115105,101187,-0.8167,-0.3083,0.4617,6.27,4.79,0.27
2401,24010,1791070295024,115039,101163,-0.8232,-0.3088,0.4656,4.67,4.75,0.34
2402,24020,1791070295024,115004,101148,-0.8074,-0.3113,0.4609,3.21,4.63,0.31
2403,24030,1791070295024,114993,101137,-0.8201,-0.3071,0.4692,3.1,4.49,0.27
2404,24040,1791070295082,114978,101150,-0.8274,-0.3015,0.4802,2.85,0.98,1.08
2405,24050,1791070295082,114985,101153,-0.824,-0.2976,0.491,1.28,-0.56,0.76
2406,24060,1791070295082,115003,101147,-0.8274,-0.3008,0.4766,-0.76,-0.89,-0.17
2407,24070,1791070295082,115017,101155,-0.8262,-0.2981,0.4822,-1.65,-3.18,0.0
2408,24080,1791070295142,115035,101166,-0.824,-0.2993,0.4661,-1.18,-4.37,0.56
2409,24090,1791070295142,115042,101159,-0.8291,-0.3042,0.4741,-0.99,-5.97,1.22
2410,24100,1791070295142,115056,101169,-0.8291,-0.3022,0.4856,-1.8,-7.79,1.22
2411,24110,1791070295142,115065,101173,-0.8201,-0.3047,0.5027,-3.39,-5.74,1.63
2412,24120,1791070295142,115068,101169,-0.8174,-0.3164,0.4807,-2.4,-1.66,0.7
2413,24130,1791070295142,115077,101168,-0.8132,-0.3042,0.4612,-1.07,1.66,0.69
2414,24140,1791070295142,115087,101170,-0.8169,-0.2974,0.4395,-0.99,2.12,0.47
2415,24150,1791070295142,115112,101178,-0.8232,-0.3005,0.4387,-2.11,0.41,0.27
2416,24160,1791070295203,115136,101183,-0.8289,-0.2986,0.4417,-3.42,0.26,0.0
2417,24170,1791070295203,115161,101189,-0.8215,-0.3022,0.4399,-3.47,-1.92,-0.52
2418,24180,1791070295203,115188,101199,-0.8201,-0.3015,0.4512,-3.63,-4.61,-0.08
2419,24190,1791070295203,115208,101206,-0.8479,-0.3135,0.4766,-3.48,-7.34,0.53
2420,24200,1791070295262,115232,101218,-0.8254,-0.3,0.4939,-0.93,-9.6,1.39
2421,24210,1791070295262,115251,101237,-0.8206,-0.3047,0.5005,2.06,-9.79,2.15
2422,24220,1791070295262,115251,101235,-0.8252,-0.2949,0.4873,4.41,-8.53,2.58
2423,24230,1791070295262,115247,101237,-0.8225,-0.2891,0.4961,3.62,-8.15,2.47
2424,24240,1791070295322,115232,101239,-0.822,-0.29,0.4893,1.25,-5.3,1.54
2425,24250,1791070295322,115212,101241,-0.8271,-0.2905,0.47,-0.96,-4.21,0.37
2426,24260,1791070295322,115188,101226,-0.8147,-0.2969,0.4592,-3.27,-5.53,0.31
2427,24270,1791070295322,115154,101213,-0.8164,-0.3059,0.4534,-4.99,-3.97,-0.21
2428,24280,1791070295322,115128,101202,-0.8225,-0.3088,0.4517,-6.35,-2.79,-0.84
2429,24290,1791070295322,115105,101184,-0.8232,-0.3127,0.4739,-6.87,-2.43,-0.29
2430,24300,1791070295322,115084,101185,-0.8306,-0.3115,0.479,-4.2,-1.22,0.11
2431,24310,1791070295322,115088,101180,-0.8301,-0.3125,0.4917,0.15,-0.41,0.98
2432,24320,1791070295383,115100,101182,-0.8252,-0.3125,0.4934,5.68,0.87,1.89
2433,24330,1791070295383,115105,101181,-0.8354,-0.3066,0.4844,10.14,2.78,2.08
2434,24340,1791070295383,115116,101181,-0.8403,-0.3049,0.4719,12.06,3.34,2.5
2435,24350,1791070295383,115132,101192,-0.8271,-0.2886,0.4805,10.67,0.4,3.73
2436,24360,1791070295383,115168,101204,-0.8264,-0.2905,0.4656,5.8,-1.65,3.44
2437,24370,1791070295383,115189,101218,-0.8262,-0.2935,0.4541,0.99,-5.88,3.22
2438,24380,1791070295383,115231,101232,-0.832,-0.2852,0.4587,-4.0,-12.89,3.42
2439,24390,1791070295383,115256,101247,-0.8047,-0.2849,0.4758,-6.76,-18.17,3.95
2440,24400,1791070295442,115258,101255,-0.8037,-0.2905,0.5017,-7.28,-17.4,2.96
2441,24410,1791070295442,115254,101278,-0.804,-0.2886,0.5251,-5.22,-10.87,1.85
2442,24420,1791070295442,115266,101279,-0.8162,-0.303,0.5173,-4.81,-2.82,1.27
2443,24430,1791070295442,115264,101291,-0.8032,-0.2993,0.4924,-0.95,1.56,1.16
2444,24440,1791070295504,115269,101301,-0.821,-0.2966,0.481,3.08,2.98,2.18
2445,24450,1791070295504,115277,101307,-0.8201,-0.301,0.469,4.64,0.38,2.7
2446,24460,1791070295504,115277,101311,-0.8145,-0.3059,0.4727,4.58,-3.69,3.15
2447,24470,1791070295504,115266,101307,-0.7952,-0.2922,0.4817,5.05,-3.86,3.51
2448,24480,1791070295504,115259,101302,-0.8032,-0.2927,0.4697,4.24,-0.53,3.39
2449,24490,1791070295504,115250,101296,-0.8115,-0.2908,0.4653,2.23,1.51,2.64
2450,24500,1791070295504,115255,101302,-0.8132,-0.2874,0.4771,-0.02,0.73,2.21
2451,24510,1791070295504,115258,101305,-0.8225,-0.2842,0.4875,-2.46,0.72,1.5
2452,24520,1791070295561,115272,101302,-0.8247,-0.281,0.4893,-3.77,-0.26,1.34
2453,24530,1791070295561,115289,101314,-0.8169,-0.2935,0.5017,-3.15,-1.44,1.4
2454,24540,1791070295561,115308,101312,-0.8186,-0.2954,0.4949,-1.53,-1.02,1.71
2455,24550,1791070295561,115318,101325,-0.811,-0.2979,0.5095,-0.89,0.09,1.71
2456,24560,1791070295623,115342,101330,-0.8213,-0.3,0.5127,-1.18,2.24,1.31
2457,24570,1791070295623,115364,101344,-0.8208,-0.2979,0.5205,-1.37,4.09,0.78
2458,24580,1791070295623,115391,101342,-0.8276,-0.301,0.5015,-1.16,4.37,0.58
2459,24590,1791070295623,115420,101353,-0.8201,-0.3081,0.4734,-0.55,4.2,-0.08
2460,24600,1791070295623,115461,101369,-0.8154,-0.2991,0.4624,0.05,3.56,0.03
2461,24610,1791070295623,115498,101371,-0.8242,-0.3064,0.4346,-0.6,1.25,0.82
2462,24620,1791070295623,115530,101397,-0.8108,-0.2939,0.4368,-1.68,-1.56,1.34
2463,24630,1791070295623,115553,101398,-0.8057,-0.2964,0.4583,-2.18,-2.24,1.74
2464,24640,1791070295681,115578,101402,-0.8025,-0.2957,0.4797,-1.63,-0.18,1.45
2465,24650,1791070295681,115590,101409,-0.8147,-0.2935,0.4819,-0.23,2.14,1.07
2466,24660,1791070295681,115600,101408,-0.8152,-0.2979,0.4805,0.87,0.38,1.31
2467,24670,1791070295681,115601,101410,-0.8132,-0.2903,0.4854,1.02,-0.06,2.02
2468,24680,1791070295741,115575,101397,-0.8098,-0.2932,0.4885,1.65,0.4,1.25
2469,24690,1791070295741,115515,101377,-0.8186,-0.2876,0.4912,1.39,0.79,1.4
2470,24700,1791070295741,115474,101345,-0.8213,-0.29,0.4788,1.69,-0.17,1.1
2471,24710,1791070295741,115408,101336,-0.8191,-0.2883,0.4761,1.88,-0.95,1.62
2472,24720,1791070295742,115350,101307,-0.8201,-0.2922,0.4819,1.89,-0.6,1.77
2473,24730,1791070295742,115296,101295,-0.8208,-0.2849,0.467,1.63,-1.82,2.17
2474,24740,1791070295742,115252,101273,-0.8215,-0.2786,0.4683,0.89,-5.1,3.21
2475,24750,1791070295742,115217,101259,-0.8081,-0.2874,0.4839,-0.47,-7.68,3.62
2476,24760,1791070295802,115174,101246,-0.8098,-0.2861,0.4766,-3.45,-4.64,3.27
2477,24770,1791070295802,115149,101239,-0.8123,-0.2964,0.4597,-5.02,-2.73,1.98
2478,24780,1791070295802,115135,101229,-0.8118,-0.2947,0.4778,-6.81,-2.72,1.69
2479,24790,1791070295802,115139,101222,-0.8296,-0.2935,0.4619,-7.56,-4.43,1.48
2480,24800,1791070295864,115139,101217,-0.8296,-0.3044,0.4834,-7.39,-7.97,1.63
2481,24810,1791070295864,115128,101208,-0.811,-0.3003,0.5122,-5.66,-8.64,1.85
2482,24820,1791070295864,115134,101203,-0.8137,-0.2986,0.5186,-4.0,-5.33,1.45
2483,24830,1791070295864,115137,101203,-0.8181,-0.2986,0.5071,-2.2,-2.05,1.19
2484,24840,1791070295864,115158,101209,-0.8269,-0.2908,0.4934,0.06,-1.82,1.76
2485,24850,1791070295864,115185,101220,-0.8181,-0.2935,0.491,0.9,-3.63,1.91
2486,24860,1791070295864,115187,101226,-0.8145,-0.283,0.4871,0.23,-3.8,1.97
2487,24870,1791070295864,115191,101230,-0.8145,-0.2837,0.4915,-1.31,-4.75,1.94
2488,24880,1791070295982,115193,101221,-0.8125,-0.2949,0.4785,-3.97,-4.89,1.85
2489,24890,1791070295982,115180,101217,-0.8142,-0.3005,0.4866,-4.47,-5.45,1.65
2490,24900,1791070295982,115180,101204,-0.8066,-0.2988,0.4873,-4.85,-6.89,1.88
2491,24910,1791070295982,115180,101214,-0.8118,-0.3076,0.4929,-5.02,-6.05,1.66
2492,24920,1791070295983,115174,101207,-0.8123,-0.3052,0.4924,-4.53,-3.6,0.96
2493,24930,1791070295983,115167,101195,-0.8176,-0.2983,0.4988,-4.14,-2.24,0.79
2494,24940,1791070295983,115161,101180,-0.812,-0.3005,0.4941,-3.31,-2.72,1.08
2495,24950,1791070295983,115145,101186,-0.8086,-0.3013,0.5071,-0.66,-1.92,1.34
2496,24960,1791070295983,115118,101175,-0.8083,-0.2937,0.5051,3.07,1.11,1.62
2497,24970,1791070295983,115090,101155,-0.8071,-0.2871,0.4761,5.53,2.95,2.11
2498,24980,1791070295983,115077,101143,-0.812,-0.2825,0.4946,4.44,2.26,2.76
2499,24990,1791070295983,115053,101140,-0.8191,-0.272,0.4827,2.89,2.81,2.7
2500,25000,1791070296043,115045,101149,-0.8318,-0.2732,0.4927,2.14,2.46,2.26
2501,25010,1791070296043,115029,101142,-0.8206,-0.2808,0.4763,3.28,0.12,1.89
2502,25020,1791070296043,115020,101127,-0.8245,-0.2734,0.4863,4.11,-0.52,1.24
2503,25030,1791070296043,115011,101115,-0.8196,-0.2732,0.4839,2.63,-2.85,0.5
2504,25040,1791070296103,115011,101111,-0.8193,-0.2776,0.4751,-0.82,-4.61,-0.63
2505,25050,1791070296103,115000,101098,-0.8108,-0.2854,0.4766,-3.13,-6.52,-0.89
2506,25060,1791070296103,115004,101100,-0.8025,-0.2917,0.4746,-4.5,-5.31,-1.37
2507,25070,1791070296103,115017,101096,-0.8132,-0.2979,0.4697,-5.15,-3.24,-1.76
2508,25080,1791070296103,115030,101109,-0.8108,-0.2961,0.4753,-5.22,-3.69,-1.62
2509,25090,1791070296103,115050,101117,-0.8027,-0.2976,0.4788,-4.92,-3.22,-1.44
2510,25100,1791070296103,115071,101131,-0.8054,-0.3047,0.4873,-4.69,-1.8,-1.6
2511,25110,1791070296103,115096,101141,-0.8191,-0.3005,0.4998,-4.73,-0.55,-1.6
2512,25120,1791070296161,115116,101151,-0.812,-0.3086,0.5051,-4.5,-1.22,-1.37
2513,25130,1791070296161,115136,101154,-0.8115,-0.3103,0.5288,-2.93,-1.25,-0.7
2514,25140,1791070296161,115156,101158,-0.8201,-0.3113,0.5271,-0.23,-0.11,0.17
2515,25150,1791070296161,115170,101155,-0.8152,-0.311,0.5208,2.38,-0.29,1.16
2516,25160,1791070296223,115176,101171,-0.8145,-0.303,0.5078,3.37,-0.02,2.02
2517,25170,1791070296223,115179,101163,-0.8149,-0.3081,0.5054,2.55,-0.78,2.98
2518,25180,1791070296223,115183,101157,-0.8157,-0.2942,0.4905,1.21,-2.17,4.11
2519,25190,1791070296223,115196,101154,-0.8127,-0.29,0.4792,-0.81,-4.73,3.92
2520,25200,1791070296283,115210,101157,-0.8071,-0.2859,0.4822,-4.9,-5.6,3.05
2521,25210,1791070296283,115210,101155,-0.801,-0.2871,0.4983,-7.79,-2.98,1.27
2522,25220,1791070296283,115221,101151,-0.7988,-0.2888,0.4998,-7.98,-0.26,0.35
2523,25230,1791070296283,115232,101154,-0.8118,-0.2903,0.5007,-7.07,1.4,-0.29
2524,25240,1791070296283,115249,101165,-0.8167,-0.2961,0.4807,-5.54,1.05,-0.52
2525,25250,1791070296283,115265,101165,-0.8118,-0.2915,0.4741,-3.6,-0.23,0.15
2526,25260,1791070296283,115281,101171,-0.8069,-0.2939,0.48,-1.8,-1.63,0.99
2527,25270,1791070296283,115299,101173,-0.8149,-0.2876,0.48,0.11,-2.24,1.65
2528,25280,1791070296350,115321,101182,-0.8132,-0.2913,0.4714,0.9,-4.02,1.86
2529,25290,1791070296350,115326,101195,-0.8064,-0.293,0.4905,0.24,-6.49,2.17
2530,25300,1791070296350,115327,101182,-0.7986,-0.2849,0.489,-1.36,-5.89,1.97
2531,25310,1791070296350,115316,101173,-0.8042,-0.2876,0.4893,-2.64,-3.22,1.24
2532,25320,1791070296350,115322,101170,-0.8101,-0.2844,0.5007,-3.07,-2.93,1.1
2533,25330,1791070296350,115306,101169,-0.8147,-0.2896,0.51,-3.51,-3.5,1.18
2534,25340,1791070296350,115250,101156,-0.8105,-0.291,0.5151,-3.07,-3.11,0.98
2535,25350,1791070296350,115200,101129,-0.8047,-0.2842,0.5159,-0.93,-1.51,0.44
2536,25360,1791070296403,115134,101100,-0.8145,-0.292,0.5,0.2,2.29,0.03
2537,25370,1791070296403,115071,101086,-0.8135,-0.2883,0.4871,0.4,3.07,-0.02
2538,25380,1791070296403,115017,101063,-0.8123,-0.2878,0.4761,-0.55,3.13,0.08
2539,25390,1791070296403,114976,101047,-0.7915,-0.3013,0.4507,-0.64,1.57,-0.84
2540,25400,1791070296462,114951,101042,-0.8157,-0.2891,0.4648,0.35,-0.44,1.36
2541,25410,1791070296462,114932,101038,-0.8113,-0.2888,0.4758,-0.17,-2.46,1.02
2542,25420,1791070296462,114915,101028,-0.8032,-0.2893,0.4968,-0.78,-2.58,0.56
2543,25430,1791070296462,114910,101022,-0.8088,-0.2991,0.4917,-0.43,-2.23,0.31
2544,25440,1791070296463,114906,101022,-0.8137,-0.2869,0.4951,-0.09,-3.45,0.61
2545,25450,1791070296463,114903,101026,-0.8132,-0.2964,0.5078,-0.6,-3.76,0.37
2546,25460,1791070296463,114907,101011,-0.8191,-0.2983,0.5022,-1.5,-2.44,0.35
2547,25470,1791070296463,114908,101007,-0.814,-0.2988,0.5076,-1.85,-2.87,0.84
2548,25480,1791070296521,114908,101016,-0.814,-0.3042,0.511,-0.96,-1.82,1.54
2549,25490,1791070296521,114909,101011,-0.8203,-0.3013,0.5078,0.49,-0.49,1.54
2550,25500,1791070296521,114915,101008,-0.8152,-0.2959,0.5085,1.8,0.76,2.2
2551,25510,1791070296521,114924,101006,-0.8108,-0.2915,0.4871,3.21,1.15,2.37
2552,25520,1791070296582,114941,101015,-0.8025,-0.2935,0.4749,3.33,0.82,2.29
2553,25530,1791070296582,114959,101028,-0.8105,-0.2976,0.4683,2.69,1.83,2.17
2554,25540,1791070296582,114981,101030,-0.8054,-0.291,0.4763,2.41,1.42,2.05
2555,25550,1791070296582,115003,101035,-0.8071,-0.291,0.4609,1.21,1.44,1.56
2556,25560,1791070296582,115029,101054,-0.804,-0.2976,0.4688,-0.52,0.12,1.13
2557,25570,1791070296582,115051,101058,-0.813,-0.2852,0.4709,-2.09,-1.45,0.67
2558,25580,1791070296582,115073,101061,-0.8149,-0.2871,0.4851,-3.73,-2.82,0.58
2559,25590,1791070296582,115084,101068,-0.8188,-0.2908,0.4929,-4.92,-3.57,0.2
2560,25600,1791070296642,115084,101066,-0.8213,-0.2883,0.5085,-5.73,-3.71,0.18
2561,25610,1791070296642,115072,101075,-0.8188,-0.2954,0.509,-5.33,-4.08,0.26
2562,25620,1791070296642,115061,101058,-0.8215,-0.2961,0.5159,-3.8,-2.93,0.44
2563,25630,1791070296642,115039,101049,-0.8203,-0.3037,0.5107,-2.34,-1.15,0.43
2564,25640,1791070296701,115025,101040,-0.8103,-0.3022,0.4961,-0.66,-0.38,0.99
2565,25650,1791070296701,115009,101040,-0.8196,-0.3018,0.49,-0.02,0.38,1.44
2566,25660,1791070296701,114995,101032,-0.814,-0.2991,0.4836,0.41,-0.46,1.65
2567,25670,1791070296701,114991,101030,-0.8076,-0.2974,0.4807,0.79,-0.27,1.44
2568,25680,1791070296702,114982,101025,-0.8049,-0.2869,0.4688,1.34,-0.15,1.62
2569,25690,1791070296702,114982,101026,-0.8064,-0.2883,0.4702,0.46,-0.69,1.63
2570,25700,1791070296702,114996,101028,-0.802,-0.29,0.4702,-1.31,-1.21,1.18
2571,25710,1791070296702,115012,101033,-0.8044,-0.29,0.4702,-2.84,-2.37,1.15
2572,25720,1791070296762,115016,101042,-0.8096,-0.2856,0.4849,-4.29,-4.15,1.19
2573,25730,1791070296762,115026,101039,-0.8088,-0.2854,0.4917,-5.79,-5.68,1.33
2574,25740,1791070296762,115026,101044,-0.8098,-0.2944,0.5027,-6.55,-6.31,1.19
2575,25750,1791070296762,115019,101033,-0.8032,-0.2942,0.512,-5.59,-6.78,1.21
2576,25760,1791070296824,115013,101024,-0.8062,-0.2908,0.5276,-3.98,-6.23,1.11
2577,25770,1791070296824,115011,101016,-0.8191,-0.2974,0.5149,-2.29,-6.17,1.01
2578,25780,1791070296824,115002,101017,-0.7959,-0.2937,0.5393,-0.05,-5.95,1.08
2579,25790,1791070296824,114984,101004,-0.8054,-0.3079,0.4927,0.92,-2.58,1.44
2580,25800,1791070296824,114984,101001,-0.804,-0.3,0.4954,2.23,-0.93,1.37
2581,25810,1791070296824,114974,100994,-0.8088,-0.2971,0.4875,2.27,0.9,1.3
2582,25820,1791070296824,114977,100989,-0.8054,-0.2976,0.4692,1.19,0.84,1.04
2583,25830,1791070296824,114977,100983,-0.8044,-0.2905,0.4836,0.02,1.15,0.76
2584,25840,1791070296882,114975,100979,-0.8083,-0.2915,0.4854,-1.74,2.06,0.47
2585,25850,1791070296882,114981,100979,-0.8091,-0.2949,0.489,-2.73,1.56,0.66
2586,25860,1791070296882,114999,100975,-0.8118,-0.2925,0.5024,-3.73,0.99,0.79
2587,25870,1791070296882,115024,100980,-0.8201,-0.2966,0.5042,-4.37,0.03,0.56
2588,25880,1791070296942,115051,101003,-0.811,-0.2949,0.5007,-3.04,-0.93,0.53
2589,25890,1791070296942,115085,101013,-0.813,-0.2964,0.5137,-0.67,-1.13,0.9
2590,25900,1791070296942,115109,101017,-0.8105,-0.2932,0.5088,1.22,-0.02,0.6
2591,25910,1791070296942,115128,101031,-0.812,-0.2891,0.5054,2.15,1.57,0.46
2592,25920,1791070296943,115148,101037,-0.8101,-0.2927,0.488,3.27,2.69,0.47
2593,25930,1791070296943,115154,101036,-0.8057,-0.2888,0.4819,3.98,2.64,1.15
2594,25940,1791070296943,115165,101047,-0.8142,-0.2866,0.4805,3.15,2.09,1.63
2595,25950,1791070296943,115199,101057,-0.8145,-0.2886,0.4612,0.93,0.55,1.19
2596,25960,1791070297002,115225,101078,-0.8086,-0.2878,0.4695,-1.24,-0.98,1.18
2597,25970,1791070297002,115263,101088,-0.7886,-0.2842,0.4758,-2.64,-0.89,0.76
2598,25980,1791070297002,115288,101112,-0.8105,-0.2935,0.4944,-4.03,2.43,0.09
2599,25990,1791070297002,115319,101122,-0.8159,-0.2942,0.5125,-5.27,3.48,0.0
2600,26000,1791070297062,115366,101144,-0.8208,-0.2969,0.4971,-4.66,3.69,-0.08
2601,26010,1791070297062,115402,101160,-0.8154,-0.2979,0.5017,-1.74,2.31,0.08
2602,26020,1791070297062,115444,101180,-0.8164,-0.2952,0.4971,0.46,1.19,0.38
2603,26030,1791070297062,115483,101193,-0.8132,-0.3003,0.4978,1.85,0.5,0.53
2604,26040,1791070297062,115509,101206,-0.8088,-0.2983,0.4897,2.56,-0.09,0.61
2605,26050,1791070297062,115529,101214,-0.8113,-0.3005,0.4885,2.11,-0.58,0.72
2606,26060,1791070297062,115554,101211,-0.8042,-0.3008,0.4868,0.55,-1.24,0.89
2607,26070,1791070297062,115557,101214,-0.811,-0.2903,0.4768,-1.3,-0.92,0.53
2608,26080,1791070297122,115547,101211,-0.8154,-0.2891,0.4822,-4.05,-1.57,0.2
2609,26090,1791070297122,115498,101212,-0.8076,-0.2993,0.4812,-5.86,0.26,-0.21
2610,26100,1791070297122,115434,101178,-0.8022,-0.3013,0.4832,-5.3,2.2,-0.43
2611,26110,1791070297122,115362,101148,-0.8137,-0.2993,0.4785,-3.28,3.79,-0.27
2612,26120,1791070297181,115300,101124,-0.8215,-0.2954,0.467,-2.24,2.26,0.26
2613,26130,1791070297181,115254,101108,-0.8127,-0.2932,0.4712,-1.8,-0.89,0.6
2614,26140,1791070297181,115223,101106,-0.8123,-0.2937,0.4778,-2.02,-3.92,1.18
2615,26150,1791070297181,115214,101103,-0.8147,-0.2937,0.4917,-2.66,-6.0,1.63
2616,26160,1791070297182,115207,101106,-0.8103,-0.2996,0.501,-4.02,-7.47,1.65
2617,26170,1791070297182,115201,101112,-0.8115,-0.3025,0.5049,-4.12,-7.65,1.63
2618,26180,1791070297182,115205,101120,-0.8125,-0.3008,0.5229,-4.02,-7.28,1.91
2619,26190,1791070297182,115207,101126,-0.8213,-0.3015,0.501,-4.34,-6.05,1.95
2620,26200,1791070297243,115212,101128,-0.8135,-0.3003,0.49,-4.6,-6.56,2.02
2621,26210,1791070297243,115204,101128,-0.8003,-0.3005,0.5146,-5.73,-3.6,1.68
2622,26220,1791070297243,115204,101119,-0.8088,-0.3086,0.4814,-5.48,1.65,0.85
2623,26230,1791070297243,115207,101125,-0.804,-0.3022,0.4736,-3.13,1.48,1.48
2624,26240,1791070297303,115214,101120,-0.801,-0.2944,0.4822,-1.65,1.18,2.18
2625,26250,1791070297303,115222,101122,-0.8105,-0.2935,0.4609,-0.52,0.2,2.09
2626,26260,1791070297303,115242,101122,-0.7971,-0.2888,0.4736,-0.89,-2.18,1.65
2627,26270,1791070297303,115261,101141,-0.8076,-0.2927,0.4758,-1.92,-2.69,1.33
2628,26280,1791070297303,115263,101139,-0.812,-0.2881,0.479,-2.85,-4.52,0.84
2629,26290,1791070297303,115253,101123,-0.8115,-0.2888,0.5105,-5.04,-5.89,0.87
2630,26300,1791070297303,115248,101108,-0.8152,-0.2979,0.5208,-6.31,-4.43,0.31
2631,26310,1791070297303,115244,101105,-0.8079,-0.2983,0.5239,-5.04,-2.75,0.17
2632,26320,1791070297360,115243,101116,-0.8149,-0.2966,0.5217,-3.16,-1.79,0.93
2633,26330,1791070297360,115245,101109,-0.8088,-0.3013,0.5054,-1.34,-1.62,0.87
2634,26340,1791070297360,115257,101109,-0.8032,-0.3022,0.4983,0.4,-0.81,0.93
2635,26350,1791070297360,115261,101107,-0.8171,-0.3018,0.488,1.85,0.64,0.69
2636,26360,1791070297423,115270,101122,-0.8115,-0.3,0.4746,3.19,0.98,0.7
2637,26370,1791070297423,115278,101116,-0.8086,-0.303,0.4771,3.95,1.48,1.1
2638,26380,1791070297423,115288,101128,-0.8169,-0.2998,0.4702,2.81,1.92,1.4
2639,26390,1791070297423,115305,101135,-0.8201,-0.2947,0.4592,1.34,-0.76,1.6
2640,26400,1791070297424,115318,101150,-0.8262,-0.2942,0.491,-1.54,-3.25,1.63
2641,26410,1791070297424,115321,101141,-0.8164,-0.2939,0.4941,-3.92,-3.01,1.42
2642,26420,1791070297424,115309,101144,-0.8281,-0.3047,0.5168,-4.4,-1.68,1.51
2643,26430,1791070297424,115304,101136,-0.8235,-0.2981,0.5132,-2.18,-0.46,1.57
2644,26440,1791070297481,115295,101128,-0.8167,-0.2991,0.5137,-1.25,0.49,0.78
2645,26450,1791070297481,115288,101120,-0.8149,-0.2969,0.499,-1.6,1.16,0.35
2646,26460,1791070297481,115278,101109,-0.8127,-0.2996,0.498,-0.84,1.1,0.69
2647,26470,1791070297481,115269,101093,-0.8105,-0.2991,0.4939,-0.24,-0.21,0.89
2648,26480,1791070297542,115266,101097,-0.8135,-0.2981,0.4756,-1.3,-0.73,0.89
2649,26490,1791070297542,115274,101091,-0.8064,-0.2966,0.4724,-1.59,-1.01,0.95
2650,26500,1791070297542,115286,101099,-0.7993,-0.2986,0.4675,-1.36,-1.21,1.25
2651,26510,1791070297542,115305,101110,-0.7949,-0.2974,0.4722,-1.13,0.41,1.71
2652,26520,1791070297542,115334,101119,-0.7998,-0.2949,0.4839,0.24,2.61,1.63
2653,26530,1791070297542,115357,101134,-0.8093,-0.2969,0.4756,2.73,3.89,1.92
2654,26540,1791070297542,115393,101152,-0.8149,-0.2952,0.488,4.34,4.7,2.53
2655,26550,1791070297542,115423,101168,-0.8237,-0.2971,0.4836,3.91,4.58,2.37
2656,26560,1791070297601,115459,101178,-0.8198,-0.2927,0.4771,2.17,0.61,2.99
2657,26570,1791070297601,115478,101188,-0.8088,-0.2939,0.5083,1.34,-2.6,3.42
2658,26580,1791070297601,115486,101185,-0.8015,-0.29,0.521,1.13,-0.84,3.31
2659,26590,1791070297601,115489,101184,-0.8079,-0.2876,0.5029,1.04,1.97,2.7
2660,26600,1791070297661,115489,101191,-0.8149,-0.2966,0.4907,0.75,2.23,1.76
2661,26610,1791070297661,115508,101182,-0.8159,-0.2932,0.4817,0.76,1.15,1.53
2662,26620,1791070297661,115514,101184,-0.8188,-0.292,0.4734,1.04,-1.22,1.63
2663,26630,1791070297661,115530,101183,-0.804,-0.2983,0.4695,1.57,-2.18,1.74
2664,26640,1791070297663,115544,101191,-0.8076,-0.2917,0.4712,2.84,-0.96,2.21
2665,26650,1791070297663,115558,101199,-0.812,-0.2915,0.4604,3.65,-0.24,1.97
2666,26660,1791070297663,115579,101195,-0.8176,-0.2866,0.4727,3.77,-2.43,2.12
2667,26670,1791070297663,115593,101210,-0.8167,-0.2886,0.498,0.79,-3.28,1.79
2668,26680,1791070297720,115605,101203,-0.8228,-0.2842,0.5024,-1.79,-3.98,1.56
2669,26690,1791070297720,115595,101200,-0.814,-0.2925,0.5271,-2.67,-5.44,1.3
2670,26700,1791070297720,115590,101192,-0.8345,-0.2781,0.5081,-2.44,-5.91,0.78
2671,26710,1791070297720,115583,101181,-0.813,-0.2976,0.5129,-3.82,-6.03,1.48
2672,26720,1791070297788,115578,101198,-0.8103,-0.2866,0.4912,-1.92,-3.5,1.8
2673,26730,1791070297788,115582,101191,-0.8059,-0.3013,0.4707,0.32,-1.95,1.71
2674,26740,1791070297788,115599,101201,-0.8076,-0.2959,0.4531,1.39,-1.24,1.66
2675,26750,1791070297788,115616,101205,-0.8037,-0.2947,0.4539,2.56,-0.85,1.42
2676,26760,1791070297788,115636,101221,-0.8103,-0.3049,0.4465,3.73,-1.63,1.88
2677,26770,1791070297788,115653,101226,-0.8081,-0.2869,0.4675,4.81,-3.71,2.72
2678,26780,1791070297788,115673,101228,-0.8188,-0.2991,0.4998,3.16,-3.37,2.7
2679,26790,1791070297788,115687,101238,-0.8013,-0.282,0.5159,2.64,-2.61,1.04
2680,26800,1791070297843,115703,101243,-0.8225,-0.2871,0.5261,0.17,2.37,0.98
2681,26810,1791070297843,115709,101242,-0.8281,-0.2812,0.5327,0.21,4.03,0.37
2682,26820,1791070297843,115723,101247,-0.8179,-0.2776,0.5107,0.15,3.92,0.43
2683,26830,1791070297843,115739,101246,-0.8291,-0.2871,0.5037,-0.64,2.27,0.95
2684,26840,1791070297902,115758,101262,-0.8206,-0.2856,0.4958,-0.44,-0.26,1.68
2685,26850,1791070297902,115783,101262,-0.8152,-0.2864,0.4846,0.43,-0.93,1.88
2686,26860,1791070297902,115811,101271,-0.8137,-0.2937,0.4724,0.08,-1.44,1.83
2687,26870,1791070297902,115838,101286,-0.811,-0.2952,0.4658,0.63,-1.27,1.68
2688,26880,1791070297961,115873,101294,-0.8108,-0.2927,0.4509,1.07,-2.43,1.48
2689,26890,1791070297961,115884,101299,-0.8101,-0.2927,0.4683,-0.21,-4.2,1.1
2690,26900,1791070297961,115892,101303,-0.821,-0.2827,0.5032,-1.92,-5.19,0.58
2691,26910,1791070297961,115883,101287,-0.8057,-0.293,0.4944,-2.18,-6.2,0.24
2692,26920,1791070297962,115850,101285,-0.8008,-0.291,0.5283,-0.69,-4.44,0.56
2693,26930,1791070297962,115799,101262,-0.8181,-0.2803,0.5251,2.11,0.9,0.09
2694,26940,1791070297962,115742,101251,-0.8179,-0.2817,0.509,4.23,0.76,1.04
2695,26950,1791070297962,115677,101238,-0.8184,-0.2812,0.4976,6.63,0.02,1.98
2696,26960,1791070298023,115599,101214,-0.814,-0.2852,0.4868,6.6,-0.73,3.1
2697,26970,1791070298023,115530,101196,-0.8079,-0.2825,0.4758,4.27,-0.67,3.22
2698,26980,1791070298023,115467,101192,-0.8103,-0.2822,0.4536,1.5,-0.93,2.66
2699,26990,1791070298023,115416,101172,-0.8071,-0.2808,0.4653,-1.82,-3.89,2.81
2700,27000,1791070298023,115376,101166,-0.8159,-0.2844,0.4773,-4.14,-5.42,2.18
2701,27010,1791070298023,115339,101148,-0.8074,-0.2783,0.4856,-5.79,-7.86,1.4
2702,27020,1791070298023,115303,101147,-0.8042,-0.2759,0.4919,-7.63,-7.6,0.7
2703,27030,1791070298023,115262,101124,-0.8015,-0.2856,0.4976,-7.77,-5.88,0.02
2704,27040,1791070298082,115229,101104,-0.8049,-0.2903,0.5051,-6.9,-4.11,-0.2
2705,27050,1791070298082,115195,101088,-0.8215,-0.2883,0.5105,-6.47,-3.1,-0.75
2706,27060,1791070298082,115178,101067,-0.8123,-0.2859,0.512,-6.96,-1.66,-1.33
2707,27070,1791070298082,115171,101064,-0.8125,-0.2935,0.5215,-5.71,-0.99,-1.22
2708,27080,1791070298142,115170,101068,-0.801,-0.2976,0.5151,-4.12,0.31,-1.13
2709,27090,1791070298142,115182,101068,-0.8049,-0.2896,0.4998,-3.31,0.84,-0.58
2710,27100,1791070298142,115192,101083,-0.8159,-0.2903,0.4993,-2.89,-1.5,0.52
2711,27110,1791070298142,115203,101088,-0.8015,-0.2886,0.5046,-2.05,-3.79,1.48
2712,27120,1791070298143,115210,101090,-0.8091,-0.2903,0.501,-1.51,-2.99,1.51
2713,27130,1791070298143,115215,101086,-0.8123,-0.2883,0.4795,-1.66,-3.79,1.71
2714,27140,1791070298143,115228,101095,-0.811,-0.2856,0.4802,-1.92,-6.06,2.15
2715,27150,1791070298143,115241,101101,-0.8083,-0.2781,0.4749,-2.34,-6.72,1.97
2716,27160,1791070298202,115256,101104,-0.8035,-0.2834,0.4827,-2.6,-7.1,1.74
2717,27170,1791070298202,115266,101107,-0.8086,-0.2805,0.4861,-2.47,-6.89,1.5
2718,27180,1791070298202,115261,101110,-0.8091,-0.2827,0.5032,-2.12,-6.09,1.15
2719,27190,1791070298202,115253,101102,-0.814,-0.2832,0.5132,-1.82,-5.56,0.81
2720,27200,1791070298262,115242,101093,-0.802,-0.292,0.5161,-0.92,-5.13,0.58
2721,27210,1791070298262,115218,101085,-0.8215,-0.292,0.5325,0.41,-4.11,0.99
2722,27220,1791070298262,115186,101076,-0.8291,-0.291,0.5315,0.79,-4.17,1.21
2723,27230,1791070298262,115172,101073,-0.821,-0.2878,0.5234,0.58,-5.83,1.77
2724,27240,1791070298263,115160,101067,-0.8176,-0.2847,0.512,0.55,-8.32,2.37
2725,27250,1791070298263,115144,101064,-0.8101,-0.28,0.5154,-0.03,-9.57,2.81
2726,27260,1791070298263,115125,101062,-0.8169,-0.2856,0.511,-1.65,-9.62,2.66
2727,27270,1791070298263,115103,101056,-0.8042,-0.2815,0.5059,-3.3,-8.02,1.45
2728,27280,1791070298322,115079,101044,-0.8076,-0.2888,0.5078,-4.09,-6.47,0.7
2729,27290,1791070298322,115052,101041,-0.8071,-0.2917,0.5081,-2.92,-5.77,0.76
2730,27300,1791070298322,115037,101028,-0.8003,-0.2886,0.5059,-1.63,-3.34,0.43
2731,27310,1791070298322,115022,101025,-0.8035,-0.2935,0.5022,-1.44,-1.45,0.2
2732,27320,1791070298381,115005,101031,-0.7971,-0.2949,0.5081,-1.27,-0.73,0.35
2733,27330,1791070298381,114985,101024,-0.8062,-0.2866,0.5076,-0.12,-0.52,0.46
2734,27340,1791070298381,114978,101016,-0.8096,-0.2856,0.5212,0.69,-0.55,0.81
2735,27350,1791070298381,114974,101021,-0.8035,-0.2834,0.5181,0.85,-1.91,0.96
2736,27360,1791070298382,114971,101006,-0.8044,-0.2866,0.5132,0.9,-2.9,1.39
2737,27370,1791070298382,114963,100998,-0.801,-0.2856,0.51,0.24,-3.97,1.73
2738,27380,1791070298382,114968,100992,-0.802,-0.2791,0.5159,-0.6,-4.61,1.73
2739,27390,1791070298382,114967,100991,-0.8069,-0.2854,0.5156,-1.16,-5.53,1.51
2740,27400,1791070298440,114969,100993,-0.7981,-0.2883,0.5134,-1.04,-5.79,1.19
2741,27410,1791070298440,114968,100986,-0.8003,-0.2878,0.5078,-1.02,-5.69,1.31
2742,27420,1791070298440,114973,100993,-0.7998,-0.2925,0.511,-0.93,-5.63,1.39
2743,27430,1791070298440,114968,100990,-0.7971,-0.28,0.5161,-0.2,-4.7,1.25
2744,27440,1791070298500,114969,100980,-0.7986,-0.293,0.5081,-1.6,-2.31,0.5
2745,27450,1791070298500,114959,100981,-0.8,-0.2893,0.5081,-1.95,-0.67,0.09
2746,27460,1791070298500,114965,100975,-0.7937,-0.291,0.501,-1.57,-0.64,0.08
2747,27470,1791070298500,114967,100975,-0.8005,-0.2913,0.509,-1.28,-2.49,0.87
2748,27480,1791070298502,114965,100974,-0.7939,-0.2932,0.51,-0.72,-4.31,1.37
2749,27490,1791070298502,114964,100971,-0.7925,-0.2925,0.5269,-0.17,-4.61,1.56
2750,27500,1791070298502,114964,100973,-0.7998,-0.2905,0.5195,0.2,-4.55,1.66
2751,27510,1791070298502,114961,100969,-0.7964,-0.2944,0.5242,-0.53,-3.65,1.16
2752,27520,1791070298560,114971,100965,-0.8047,-0.2954,0.5137,-1.15,-3.07,1.22
2753,27530,1791070298560,114967,100959,-0.7981,-0.2905,0.5288,-0.4,-4.37,1.45
2754,27540,1791070298560,114973,100974,-0.7959,-0.2893,0.5278,-0.09,-3.27,1.82
2755,27550,1791070298560,114981,100977,-0.7881,-0.2949,0.5232,0.76,-0.96,1.76
2756,27560,1791070298620,114992,100979,-0.7964,-0.291,0.5085,2.02,1.76,1.44
2757,27570,1791070298620,115012,100980,-0.7981,-0.2886,0.5146,3.68,0.99,1.82
2758,27580,1791070298620,115028,100996,-0.8047,-0.2832,0.5098,4.69,-0.93,2.32
2759,27590,1791070298620,115054,100993,-0.7988,-0.28,0.5071,4.32,-3.07,2.18
2760,27600,1791070298621,115076,101008,-0.7971,-0.2803,0.5078,2.2,-3.69,2.38
2761,27610,1791070298621,115093,101011,-0.8005,-0.2849,0.5251,0.15,-2.6,1.85
2762,27620,1791070298621,115116,101008,-0.801,-0.2886,0.531,-1.15,0.18,1.63
2763,27630,1791070298621,115140,101025,-0.7969,-0.2874,0.5288,-0.58,0.81,1.94
2764,27640,1791070298683,115158,101032,-0.8018,-0.2891,0.532,1.11,0.93,2.31
2765,27650,1791070298683,115191,101040,-0.8008,-0.2856,0.5229,4.05,2.08,2.11
2766,27660,1791070298683,115225,101041,-0.7952,-0.2832,0.5237,6.93,3.37,2.43
2767,27670,1791070298683,115258,101052,-0.79,-0.2808,0.5286,7.42,6.09,2.05
2768,27680,1791070298746,115296,101070,-0.812,-0.2676,0.5276,7.8,11.76,0.78
2769,27690,1791070298746,115332,101084,-0.8149,-0.269,0.4824,7.02,8.31,0.82
2770,27700,1791070298746,115384,101092,-0.7996,-0.2695,0.4912,4.38,4.06,1.07
2771,27710,1791070298746,115426,101105,-0.8005,-0.2578,0.4854,1.05,1.15,0.38
2772,27720,1791070298747,115468,101131,-0.7881,-0.2607,0.4983,-3.44,-2.15,0.06
2773,27730,1791070298747,115509,101139,-0.7886,-0.27,0.5227,-7.94,1.39,-0.95
2774,27740,1791070298747,115536,101159,-0.7842,-0.2588,0.5134,-9.08,4.87,-2.55
2775,27750,1791070298747,115576,101167,-0.8054,-0.2825,0.4824,-9.63,5.68,-3.39
2776,27760,1791070298801,115613,101185,-0.7976,-0.29,0.4851,-8.73,1.98,-2.61
2777,27770,1791070298801,115640,101193,-0.8032,-0.2944,0.5066,-6.26,-1.79,-1.63
2778,27780,1791070298801,115676,101197,-0.8035,-0.2971,0.5112,-3.65,-3.47,-1.4
2779,27790,1791070298801,115704,101209,-0.7944,-0.2952,0.5095,-0.35,-4.02,-1.08
2780,27800,1791070298862,115739,101222,-0.7961,-0.2947,0.5122,1.65,-3.85,-0.47
2781,27810,1791070298862,115774,101245,-0.7998,-0.2944,0.5024,1.57,-2.61,-0.73
2782,27820,1791070298862,115790,101243,-0.8062,-0.2991,0.5042,0.2,-3.28,-0.6
2783,27830,1791070298862,115801,101251,-0.7954,-0.2954,0.512,-0.31,-5.18,-0.37
2784,27840,1791070298862,115799,101255,-0.7949,-0.293,0.5347,-0.96,-2.93,-0.41
2785,27850,1791070298862,115759,101240,-0.8037,-0.2864,0.5239,-0.4,-0.27,-0.69
2786,27860,1791070298862,115678,101223,-0.8049,-0.2859,0.5366,0.7,0.05,-0.41
2787,27870,1791070298862,115594,101193,-0.8127,-0.2844,0.5376,1.85,0.92,0.56
2788,27880,1791070298922,115497,101161,-0.8105,-0.291,0.5332,2.09,3.54,0.15
2789,27890,1791070298922,115403,101124,-0.8101,-0.2888,0.509,2.18,5.37,-0.64
2790,27900,1791070298922,115329,101092,-0.8171,-0.2881,0.5007,1.89,5.47,-0.63
2791,27910,1791070298922,115273,101073,-0.8169,-0.291,0.4875,0.18,1.85,-0.12
2792,27920,1791070298984,115214,101067,-0.8066,-0.2908,0.4905,-1.57,-2.14,0.67
2793,27930,1791070298984,115180,101052,-0.8032,-0.291,0.4983,-2.0,-4.34,1.33
2794,27940,1791070298984,115154,101047,-0.8013,-0.2896,0.4961,-2.14,-5.33,1.6
2795,27950,1791070298984,115134,101040,-0.8054,-0.2856,0.5044,-2.11,-6.79,2.27
2796,27960,1791070298984,115128,101045,-0.8096,-0.2783,0.5562,-1.59,-6.26,1.94
2797,27970,1791070298984,115130,101049,-0.811,-0.2849,0.5273,0.09,-6.69,1.86
2798,27980,1791070298984,115129,101058,-0.8042,-0.2847,0.5229,-0.14,-6.87,2.03
2799,27990,1791070298984,115132,101061,-0.7996,-0.2822,0.5205,-1.92,-6.56,1.63
2800,28000,1791070299055,115141,101069,-0.7905,-0.2788,0.5315,-3.63,-6.12,1.18
2801,28010,1791070299055,115138,101066,-0.7886,-0.2832,0.5315,-4.17,-5.04,0.72
2802,28020,1791070299055,115147,101073,-0.781,-0.2834,0.5156,-4.15,-3.01,0.21
2803,28030,1791070299055,115160,101084,-0.7844,-0.2893,0.4946,-4.58,-0.38,-0.18
2804,28040,1791070299103,115171,101091,-0.783,-0.2935,0.4846,-6.17,3.21,-1.24
2805,28050,1791070299103,115192,101103,-0.792,-0.2947,0.4775,-7.07,4.23,-1.56
2806,28060,1791070299103,115216,101109,-0.792,-0.3,0.4614,-6.81,2.7,-1.1
2807,28070,1791070299103,115254,101126,-0.7878,-0.2971,0.4692,-6.67,-1.37,-0.41
2808,28080,1791070299103,115284,101139,-0.79,-0.2983,0.5044,-5.69,-3.31,0.21
2809,28090,1791070299103,115316,101153,-0.7937,-0.2764,0.5188,-4.46,-3.94,-0.02
2810,28100,1791070299103,115344,101159,-0.8005,-0.2959,0.5491,-3.63,-4.15,0.2
2811,28110,1791070299103,115356,101169,-0.7988,-0.2964,0.5635,-0.85,-1.47,0.55
2812,28120,1791070299161,115355,101162,-0.8047,-0.2874,0.5542,2.49,2.95,0.03
2813,28130,1791070299161,115347,101153,-0.8064,-0.293,0.5344,4.38,5.42,0.23
2814,28140,1791070299161,115346,101154,-0.8027,-0.29,0.5344,6.26,5.98,1.02
2815,28150,1791070299161,115356,101156,-0.8149,-0.2854,0.5051,6.14,7.21,0.46
2816,28160,1791070299221,115370,101157,-0.8035,-0.29,0.5005,4.47,5.04,0.26
2817,28170,1791070299221,115370,101146,-0.8181,-0.2891,0.4983,3.6,2.69,0.92
2818,28180,1791070299221,115377,101154,-0.8145,-0.2876,0.4971,2.47,0.58,0.73
2819,28190,1791070299221,115401,101159,-0.813,-0.2871,0.4895,0.37,-1.22,0.58
2820,28200,1791070299222,115411,101167,-0.8042,-0.2864,0.4749,-2.73,-2.24,0.26
2821,28210,1791070299222,115420,101175,-0.8071,-0.2861,0.4949,-4.76,-2.78,-0.05
2822,28220,1791070299222,115449,101181,-0.8059,-0.2935,0.5247,-5.19,-3.51,0.32
2823,28230,1791070299222,115455,101195,-0.8047,-0.2942,0.542,-2.49,0.69,0.44
2824,28240,1791070299285,115458,101196,-0.7959,-0.2935,0.5376,1.86,4.79,-0.14
2825,28250,1791070299285,115466,101196,-0.804,-0.2942,0.5627,6.18,9.19,-0.03
2826,28260,1791070299285,115495,101189,-0.8145,-0.2849,0.5513,10.69,12.53,-0.09
2827,28270,1791070299285,115520,101189,-0.6116,-0.165,0.4492,11.11,12.78,-0.44
2828,28280,1791070299342,115567,101200,-0.876,-0.3269,0.5161,1.89,19.07,-3.4
2829,28290,1791070299342,115574,101182,-0.9026,-0.3252,0.5007,1.47,7.56,-0.34
2830,28300,1791070299342,115570,101138,-0.7634,-0.2788,0.4941,0.0,-7.88,1.86
2831,28310,1791070299342,115592,101134,-0.7983,-0.2678,0.4819,-7.62,-3.66,-0.81
2832,28320,1791070299342,115633,101140,-0.8083,-0.2837,0.47,-8.02,-2.93,-2.32
2833,28330,1791070299342,115648,101154,-0.7693,-0.2656,0.5122,-4.37,-4.82,-1.51
2834,28340,1791070299342,115656,101148,-0.7979,-0.4355,0.3755,-1.45,-1.01,-2.53
2835,28350,1791070299342,115654,101137,-0.8074,-0.3052,0.4727,-2.55,0.32,-4.43
2836,28360,1791070299405,115656,101128,-0.7615,-0.3264,0.512,-3.18,-5.63,-6.53
2837,28370,1791070299405,115656,101129,-0.7937,-0.2922,0.4949,-7.28,-6.32,-3.74
2838,28380,1791070299405,115641,101123,-0.791,-0.3137,0.4768,-8.27,-7.21,-4.43
2839,28390,1791070299405,115646,101111,-0.7927,-0.2815,0.5623,-10.46,-4.31,-3.92
2840,28400,1791070299462,115636,101103,-0.8076,-0.2866,0.5195,-8.64,-4.35,-3.24
2841,28410,1791070299462,115642,101105,-0.8098,-0.3,0.4785,-6.81,-9.07,-1.56
2842,28420,1791070299462,115646,101108,-0.7988,-0.2952,0.4739,-9.68,-12.53,-1.02
2843,28430,1791070299462,115638,101111,-0.7964,-0.2949,0.4895,-11.56,-13.97,-0.6
2844,28440,1791070299463,115630,101113,-0.7993,-0.29,0.5,-10.66,-15.22,0.49
2845,28450,1791070299463,115622,101106,-0.7834,-0.2996,0.5156,-7.98,-14.46,1.53
2846,28460,1791070299463,115607,101116,-0.8093,-0.2954,0.5361,-5.91,-11.82,2.34
2847,28470,1791070299463,115594,101106,-0.8118,-0.3059,0.5359,-7.69,-9.83,3.1
2848,28480,1791070299522,115579,101094,-0.7998,-0.3076,0.5244,-8.31,-8.93,1.89
2849,28490,1791070299522,115563,101087,-0.7952,-0.2981,0.5479,-9.22,-8.05,1.47
2850,28500,1791070299522,115543,101077,-0.7954,-0.3042,0.5488,-12.0,-7.37,0.98
2851,28510,1791070299522,115535,101071,-0.7939,-0.3167,0.571,-12.02,-3.02,-1.02
2852,28520,1791070299580,115526,101087,-0.8108,-0.3318,0.5757,-8.61,0.08,-0.82
2853,28530,1791070299580,115543,101082,-0.8108,-0.2954,0.5449,-3.19,-1.1,0.43
2854,28540,1791070299580,115544,101080,-0.7729,-0.2712,0.5791,2.89,-3.27,1.19
2855,28550,1791070299580,115546,101084,-0.7283,-0.2993,0.3938,9.68,-2.93,-0.09
2856,28560,1791070299582,115551,101089,-0.7766,-0.3318,0.4688,-4.27,-6.08,3.11
2857,28570,1791070299582,115543,101067,-0.8774,-0.3076,0.4963,2.29,-1.79,1.3
2858,28580,1791070299582,115548,101053,-0.8167,-0.2976,0.5015,-1.4,-4.63,1.27
2859,28590,1791070299582,115571,101055,-0.8108,-0.3359,0.5442,-2.66,-10.15,1.3
2860,28600,1791070299642,115565,101048,-0.7927,-0.2986,0.583,3.24,-6.43,1.88
2861,28610,1791070299642,115555,101039,0.0,0.0,0.0,0.0,0.0,0.0
2862,28620,1791070299642,110315,80930,-1.6016,-0.646,1.0234,0.0,0.0,0.0
2863,28630,1791070299642,115587,98564,-1.6162,-0.625,1.0229,-11.37,24.14,-34.9
2864,28640,1791070299701,115561,101051,-1.6553,-0.6235,0.9248,6.47,8.5,5.74
2865,28650,1791070299701,115544,101047,-1.6143,-0.6724,1.0654,12.47,8.81,6.31
2866,28660,1791070299701,115534,101039,-1.6235,-0.5605,1.0654,18.95,13.57,7.37
2867,28670,1791070299701,115568,101045,-1.6411,-0.5444,0.9731,14.09,5.4,5.34
2868,28680,1791070299703,115614,101072,-1.5879,-0.5957,0.8525,-2.32,-6.82,2.99
2869,28690,1791070299703,115662,101087,-1.5977,-0.5791,0.8672,-21.97,-7.44,2.4
2870,28700,1791070299703,115685,101102,-1.6431,-0.6284,0.6953,-44.61,-10.55,2.84
2871,28710,1791070299703,115698,101104,-1.6147,-0.6421,0.6011,-94.98,-31.22,-0.29
2872,28720,1791070299761,115700,101104,-1.4951,-0.6938,1.2197,-107.13,-28.9,-5.19
2873,28730,1791070299761,115626,101059,-1.4951,-0.6396,1.5391,-51.91,11.57,-6.7
2874,28740,1791070299761,115521,101004,-1.5728,-0.6533,1.3267,5.88,28.06,-4.49
2875,28750,1791070299761,115466,100975,-1.623,-0.624,1.0103,20.09,11.83,-1.08
2876,28760,1791070299821,115416,100951,-1.5542,-0.6182,1.0845,12.47,11.82,-3.19
2877,28770,1791070299821,115343,100922,-1.5728,-0.6821,1.062,7.74,36.92,-2.61
2878,28780,1791070299821,115248,100886,-1.6328,-0.6587,0.9907,-4.41,47.69,-0.99
2879,28790,1791070299821,115156,100839,-1.6094,-0.6284,1.0879,-4.61,41.25,4.12
2880,28800,1791070299822,115078,100791,-1.6304,-0.623,1.0049,-2.37,18.38,3.97
2881,28810,1791070299822,115021,100761,-1.7026,-0.5742,1.4053,30.29,-18.64,12.9
2882,28820,1791070299822,114970,100734,-1.5239,-0.5742,1.0181,50.15,-15.69,21.33
2883,28830,1791070299822,114960,100738,-1.5854,-0.626,0.96,29.5,13.34,20.23
2884,28840,1791070299881,114961,100759,-1.6343,-0.6025,0.9048,25.16,8.69,12.78
2885,28850,1791070299881,114966,100768,-1.5649,-0.5503,0.9004,8.0,0.26,14.49
2886,28860,1791070299881,114982,100794,-1.582,-0.5859,0.8716,8.14,-6.5,11.71
2887,28870,1791070299881,114971,100802,-1.5854,-0.5962,0.8594,2.41,-14.52,10.27
2888,28880,1791070299940,114952,100796,-1.5864,-0.5962,0.9082,-4.09,-20.61,7.8
2889,28890,1791070299940,114938,100794,-1.5752,-0.6104,0.979,5.19,-9.16,6.14
2890,28900,1791070299940,114922,100806,-1.5742,-0.5981,1.0063,-2.64,-6.35,3.56
2891,28910,1791070299940,114909,100832,-1.5903,-0.6104,1.0337,-5.86,-0.38,0.7
2892,28920,1791070299942,114890,100859,-1.5918,-0.5962,0.9961,-8.93,-6.44,-0.47
2893,28930,1791070299942,114864,100883,-1.5557,-0.5879,1.0303,-6.92,-11.36,-0.03
2894,28940,1791070299942,114847,100913,-1.582,-0.5762,1.0654,-3.97,-9.08,-0.64
2895,28950,1791070299942,114823,100955,-1.5928,-0.6006,1.0537,-1.01,-4.06,-2.67
2896,28960,1791070300002,114810,100991,-1.6182,-0.6104,0.978,0.18,-5.66,-2.85
2897,28970,1791070300002,114788,101021,-1.6187,-0.6313,0.9443,-7.21,-14.56,-1.47
2898,28980,1791070300002,114765,101064,-1.5801,-0.6265,1.0059,-12.5,-11.02,-1.33
2899,28990,1791070300002,114754,101143,-1.6001,-0.6455,1.0195,-12.99,-0.41,-3.15
2900,29000,1791070300062,114733,101206,-1.5996,-0.6475,1.0117,-6.9,6.29,-3.56
2901,29010,1791070300062,114720,101268,-1.5884,-0.6411,1.0098,2.73,9.33,-3.66
2902,29020,1791070300062,114694,101300,-1.6157,-0.6211,1.0166,10.58,11.59,-3.92
2903,29030,1791070300062,114655,101324,-1.6377,-0.6045,0.9771,16.6,3.05,-2.61
2904,29040,1791070300063,114628,101352,-1.603,-0.5913,1.0166,15.44,-3.62,-2.15
2905,29050,1791070300063,114589,101376,-1.6221,-0.6025,1.0103,8.11,-10.43,-1.48
2906,29060,1791070300063,114504,101398,-1.6055,-0.5835,1.0127,-0.66,-13.59,-1.04
2907,29070,1791070300063,114404,101415,-1.6143,-0.5767,1.0234,-9.47,-17.92,-1.04
2908,29080,1791070300126,114269,101390,-1.6157,-0.5967,1.0493,-11.69,-24.6,-0.08
2909,29090,1791070300126,114017,101286,-1.5947,-0.603,1.0791,-13.77,-20.47,0.12
2910,29100,1791070300126,113597,101070,-1.5928,-0.6084,1.0713,-13.08,-11.51,-0.99
2911,29110,1791070300126,113008,100714,-1.5806,-0.6035,1.0332,-8.55,-7.83,0.76
2912,29120,1791070300182,112442,100392,-1.584,-0.6108,1.0151,-6.89,-7.02,1.21
2913,29130,1791070300182,111990,100200,-1.5845,-0.6021,0.999,-6.85,-10.84,0.6
2914,29140,1791070300182,111651,100055,-1.583,-0.606,0.9839,-10.9,-19.5,-0.52
2915,29150,1791070300182,111314,99929,-1.5518,-0.5977,1.0146,-13.18,-22.85,-1.86
2916,29160,1791070300183,110914,99744,-1.5381,-0.6006,1.0186,-9.48,-16.89,-3.27
2917,29170,1791070300183,110489,99485,-1.5415,-0.6055,1.0532,-3.05,-11.86,-4.69
2918,29180,1791070300183,110137,99307,-1.5679,-0.6035,1.0005,-1.21,-13.21,-5.44
2919,29190,1791070300183,109697,99093,-1.5776,-0.6045,0.9868,-7.54,-25.33,-3.3
2920,29200,1791070300241,109007,98774,-1.5635,-0.6133,1.0303,-11.88,-33.92,-2.09
2921,29210,1791070300241,108230,98520,-1.5347,-0.6172,1.0684,-9.39,-31.28,-2.34
2922,29220,1791070300241,107378,98343,-1.3037,-0.9443,1.2793,-13.21,-10.56,6.24
2923,29230,1791070300241,106514,98442,-1.8032,-0.4316,0.9683,-0.44,-26.31,6.89
2924,29240,1791070300302,108914,103045,-1.5371,-0.6694,0.9829,-2.61,-60.37,9.91
2925,29250,1791070300302,112771,109869,-1.4941,-0.5723,1.1401,-2.89,-32.03,10.76
2926,29260,1791070300302,110025,106699,-1.5063,-0.604,1.064,-2.24,-18.47,0.78
2927,29270,1791070300302,104294,100785,-1.5386,-0.6177,1.0835,-1.07,-2.64,0.82
2928,29280,1791070300303,101257,97929,-1.4761,-0.6016,1.3086,2.75,14.34,-0.92
2929,29290,1791070300303,100106,94614,-1.6079,-0.6597,1.1431,11.39,22.34,-2.67
2930,29300,1791070300303,101771,94531,-1.582,-0.6416,1.1045,12.96,21.07,-3.04
2931,29310,1791070300303,102753,95501,-1.5801,-0.6299,1.063,8.53,17.15,-3.53
2932,29320,1791070300362,103886,96529,-1.5933,-0.6348,1.0195,3.74,8.55,-2.02
2933,29330,1791070300362,104982,97546,-1.5742,-0.605,1.0273,0.11,2.69,-1.22
2934,29340,1791070300362,106028,98524,-1.5625,-0.6226,1.0332,1.02,4.11,-1.31
2935,29350,1791070300362,107003,99391,-1.5659,-0.6245,1.0688,2.63,11.27,-1.08
2936,29360,1791070300421,108102,100297,-1.5605,-0.6465,1.0747,6.35,20.43,-2.63
2937,29370,1791070300421,109442,101353,-1.5332,-0.6221,1.0815,8.27,30.14,-4.06
2938,29380,1791070300421,110835,102387,-1.584,-0.6602,1.0767,16.15,35.54,-2.26
2939,29390,1791070300421,112052,103209,-1.5625,-0.5796,1.0142,22.52,31.53,-2.9
2940,29400,1791070300423,112853,103621,-1.582,-0.6445,1.0059,20.17,30.82,-2.14
2941,29410,1791070300423,113299,103711,-1.585,-0.6187,0.9814,12.75,25.45,-2.96
2942,29420,1791070300423,113428,103513,-1.6021,-0.6255,0.9697,3.66,20.89,-2.89
2943,29430,1791070300423,113361,103174,-1.584,-0.6221,0.958,-4.58,13.21,-3.25
2944,29440,1791070300481,113237,102825,-1.5884,-0.6079,0.9731,-7.95,5.4,-2.6
2945,29450,1791070300481,113077,102470,-1.5806,-0.6113,1.0347,-4.12,2.2,0.09
2946,29460,1791070300481,112930,102151,-1.5396,-0.6152,1.0947,6.34,11.31,1.86
2947,29470,1791070300481,112800,101843,-1.5791,-0.6104,1.0825,8.21,17.56,2.53
2948,29480,1791070300542,112682,101572,-1.6099,-0.6064,1.041,15.04,19.02,1.54
2949,29490,1791070300542,112605,101348,-1.6416,-0.6123,1.0356,17.71,10.84,1.27
2950,29500,1791070300542,112538,101193,-1.564,-0.6045,1.0049,14.09,7.73,2.29
2951,29510,1791070300542,112492,101064,-1.5703,-0.6104,0.9946,9.04,12.44,1.57
2952,29520,1791070300542,112461,100955,-1.6001,-0.6211,0.9805,1.54,18.35,1.3
2953,29530,1791070300542,112426,100833,-1.5752,-0.6162,0.9731,-2.56,17.69,-1.94
2954,29540,1791070300542,112390,100695,-1.5781,-0.5991,1.0039,-3.98,18.06,-2.89
2955,29550,1791070300542,112379,100574,-1.5977,-0.6094,0.9873,-3.62,17.44,-4.35
2956,29560,1791070300601,112381,100452,-1.6021,-0.6143,0.958,-3.42,10.4,-4.76
2957,29570,1791070300601,112384,100360,-1.5869,-0.627,0.9839,-1.36,3.08,-3.1
2958,29580,1791070300601,112370,100263,-1.5742,-0.6201,0.9771,-0.14,0.41,-2.09
2959,29590,1791070300601,112356,100188,-1.5513,-0.6191,0.9878,-1.21,4.41,-3.74
2960,29600,1791070300663,112330,100098,-1.5732,-0.6187,0.9985,-6.09,5.83,-5.69
2961,29610,1791070300663,112305,100027,-1.5732,-0.6367,1.0093,-10.82,6.72,-6.06
2962,29620,1791070300663,112226,99951,-1.5981,-0.6377,1.0029,-11.98,4.15,-5.92
2963,29630,1791070300663,112102,99870,-1.5801,-0.6304,0.9805,-11.1,-4.32,-4.29
2964,29640,1791070300663,111907,99757,-1.6445,-0.6504,1.0303,-8.24,-8.03,-0.14
2965,29650,1791070300663,111684,99648,-1.5898,-0.6431,1.0225,0.99,-5.1,-1.73
2966,29660,1791070300663,111486,99561,-1.5825,-0.6362,1.0078,4.41,1.28,0.44
2967,29670,1791070300663,111330,99493,-1.604,-0.6411,1.0161,11.24,4.87,0.87
2968,29680,1791070300722,111223,99444,-1.5806,-0.6211,1.0059,17.6,8.99,2.31
2969,29690,1791070300722,111155,99413,-1.5811,-0.6191,1.0161,17.79,14.96,4.06
2970,29700,1791070300722,111102,99399,-1.6084,-0.6069,1.0103,15.89,17.11,3.11
2971,29710,1791070300722,111085,99375,-1.6396,-0.623,0.9814,12.23,10.41,2.34
2972,29720,1791070300782,111095,99358,-1.6221,-0.6118,0.9834,3.74,3.34,2.63
2973,29730,1791070300782,111118,99348,-1.6094,-0.6094,0.9951,-1.11,0.69,2.5
2974,29740,1791070300782,111148,99351,-1.6226,-0.6069,1.0039,-4.17,0.29,2.03
2975,29750,1791070300782,111196,99359,-1.6084,-0.6021,1.0332,-0.93,-0.41,3.33
2976,29760,1791070300783,111256,99365,-1.6079,-0.582,1.0312,3.33,2.46,2.96
2977,29770,1791070300783,111311,99383,-1.6045,-0.6274,1.0044,6.89,7.77,0.29
2978,29780,1791070300783,111402,99410,-1.6343,-0.6143,0.9697,11.92,6.66,1.19
2979,29790,1791070300783,111476,99426,-1.6157,-0.5928,0.9663,13.77,6.23,1.51
2980,29800,1791070300842,111530,99441,-1.6206,-0.5933,0.9355,10.67,5.65,0.82
2981,29810,1791070300842,111574,99454,-1.6123,-0.6011,0.9331,6.0,-2.55,1.44
2982,29820,1791070300842,111609,99454,-1.6172,-0.6196,0.9458,0.92,-10.31,1.66
2983,29830,1791070300842,111631,99465,-1.5894,-0.6157,0.9829,-1.94,-6.12,0.9
2984,29840,1791070300902,111648,99473,-1.6035,-0.606,0.9673,-7.71,-5.08,-0.99
2985,29850,1791070300902,111652,99468,-1.6016,-0.6206,0.9985,-11.66,-3.62,-2.35
2986,29860,1791070300902,111671,99457,-1.605,-0.6172,1.0347,-10.2,-0.82,-3.37
2987,29870,1791070300902,111681,99454,-1.6099,-0.6138,1.0273,-6.2,1.28,-3.11
2988,29880,1791070300902,111694,99449,-1.623,-0.6128,1.0405,1.15,2.41,-3.42
2989,29890,1791070300902,111687,99437,-1.6187,-0.6113,1.0137,4.58,0.32,-2.9
2990,29900,1791070300902,111669,99431,-1.5996,-0.6108,1.0083,7.45,-1.04,-3.04
2991,29910,1791070300902,111623,99421,-1.5991,-0.6094,0.9775,7.05,-2.43,-1.97
2992,29920,1791070300974,111562,99410,-1.5962,-0.6123,1.0107,6.64,-3.69,0.84
2993,29930,1791070300974,111494,99394,-1.6123,-0.606,0.9766,4.87,-3.05,1.83
2994,29940,1791070300974,111441,99397,-1.5962,-0.6191,0.9751,-0.93,-5.02,2.69
2995,29950,1791070300974,111407,99388,-1.6021,-0.6187,0.9648,-1.51,-5.69,2.95
2996,29960,1791070301021,111389,99380,-1.5942,-0.5908,0.9561,-2.26,-8.27,2.92
2997,29970,1791070301021,111374,99391,-1.6099,-0.6201,0.9688,-5.53,-11.01,4.69
2998,29980,1791070301021,111386,99383,-1.5986,-0.6255,0.9766,-4.03,-9.19,3.28
2999,29990,1791070301021,111393,99390,-1.6152,-0.6333,1.0171,-4.67,-4.95,1.89
3000,30000,1791070301022,111414,99407,-1.604,-0.6436,1.0264,-5.04,-1.86,0.43
3001,30010,1791070301022,111437,99414,-1.5967,-0.6274,1.022,-3.42,3.27,-0.64
3002,30020,1791070301022,111459,99410,-1.605,-0.6377,1.0132,-2.03,3.79,-1.34
3003,30030,1791070301022,111485,99415,-1.6152,-0.6191,0.999,-0.89,-1.3,0.56
3004,30040,1791070301082,111519,99427,-1.6079,-0.6123,0.998,-0.15,-3.82,1.11
3005,30050,1791070301082,111548,99444,-1.6089,-0.6172,0.9844,0.24,-4.69,1.4
3006,30060,1791070301082,111573,99447,-1.5942,-0.6167,0.9629,1.24,-6.53,1.45
3007,30070,1791070301082,111600,99456,-1.5981,-0.6113,0.9897,-1.07,-4.26,1.6
3008,30080,1791070301140,111629,99468,-1.5894,-0.6167,0.9746,-2.92,-0.63,0.0
3009,30090,1791070301140,111644,99478,-1.6021,-0.5972,0.9897,-3.95,2.78,-0.72
3010,30100,1791070301140,111673,99481,-1.5957,-0.6128,1.0059,-2.9,2.23,0.03
3011,30110,1791070301140,111695,99483,-1.6001,-0.5952,1.0142,-1.65,5.16,-0.17
3012,30120,1791070301142,111733,99488,-1.6147,-0.6123,0.9844,-0.95,1.88,-0.43
3013,30130,1791070301142,111754,99489,-1.603,-0.6094,0.9946,-2.78,-3.25,-0.12
3014,30140,1791070301142,111775,99492,-1.6064,-0.6152,0.9922,-5.18,-3.59,-0.6
3015,30150,1791070301142,111790,99488,-1.5835,-0.6118,1.0244,-4.02,0.12,-0.56
3016,30160,1791070301201,111803,99490,-1.5996,-0.6191,1.0312,0.61,4.12,-1.56
3017,30170,1791070301201,111815,99495,-1.6172,-0.624,0.9873,2.64,4.21,-0.64
3018,30180,1791070301201,111842,99489,-1.6064,-0.6167,0.9604,1.11,-1.53,0.67
3019,30190,1791070301201,111868,99498,-1.5889,-0.6191,0.9663,-0.2,-5.01,0.89
3020,30200,1791070301261,111896,99511,-1.5894,-0.6182,0.9766,0.41,-2.95,0.67
3021,30210,1791070301261,111907,99517,-1.5981,-0.6099,0.981,1.69,-1.02,-0.02
3022,30220,1791070301261,111911,99505,-1.6006,-0.605,0.9688,-0.46,-3.37,-1.45
3023,30230,1791070301261,111901,99507,-1.5967,-0.605,0.9878,-3.66,-7.08,-1.27
3024,30240,1791070301262,111896,99497,-1.6001,-0.6187,1.0234,-7.89,-6.38,-1.8
3025,30250,1791070301262,111885,99499,-1.5996,-0.6143,1.0239,-9.34,0.05,-4.75
3026,30260,1791070301262,111890,99486,-1.6128,-0.6362,0.9912,-9.13,-0.53,-3.31
3027,30270,1791070301262,111898,99485,-1.6167,-0.6206,1.0005,-9.53,-4.92,-1.63
3028,30280,1791070301323,111892,99476,-1.6055,-0.6416,1.0195,-7.15,-2.72,-1.24
3029,30290,1791070301323,111905,99481,-1.5947,-0.6436,1.0234,-0.98,3.6,-1.3
3030,30300,1791070301323,111907,99458,-1.5962,-0.6406,1.0005,6.06,5.95,0.41
3031,30310,1791070301323,111913,99458,-1.6001,-0.6348,0.9922,10.64,5.57,2.09
3032,30320,1791070301385,111931,99461,-1.5913,-0.6226,1.0103,13.24,4.06,2.75
3033,30330,1791070301385,111949,99460,-1.6069,-0.6191,0.9771,9.92,4.5,2.58
3034,30340,1791070301385,111975,99463,-1.5977,-0.6001,0.9648,7.76,3.86,2.4
3035,30350,1791070301385,112016,99474,-1.6021,-0.6045,0.9478,3.69,-1.31,1.57
3036,30360,1791070301386,112039,99489,-1.5933,-0.585,0.9678,-1.68,-6.14,1.19
3037,30370,1791070301386,112064,99499,-1.5981,-0.6089,0.9707,-4.76,-6.14,-0.2
3038,30380,1791070301386,112094,99499,-1.6055,-0.6094,0.9761,-5.62,-7.28,-0.95
3039,30390,1791070301386,112110,99517,-1.5879,-0.6157,0.9683,-4.37,-8.18,-0.72
3040,30400,1791070301442,112126,99521,-1.5952,-0.6235,0.9844,-4.96,-6.23,-0.03
3041,30410,1791070301442,112131,99514,-1.6089,-0.6416,0.9834,-3.53,-6.24,-0.21
3042,30420,1791070301442,112136,99502,-1.5889,-0.6348,1.0205,-0.27,-2.84,-1.3
3043,30430,1791070301442,112144,99494,-1.5972,-0.646,1.0205,2.92,0.0,-1.77
3044,30440,1791070301508,112141,99498,-1.5938,-0.6392,1.0068,1.94,0.5,-2.21
3045,30450,1791070301508,112123,99491,-1.606,-0.6299,0.9976,-3.42,-0.34,-3.07
3046,30460,1791070301508,112066,99447,-1.6006,-0.6353,0.9907,-6.12,-1.04,-3.83
3047,30470,1791070301508,111949,99398,-1.5952,-0.6284,1.001,-7.56,-1.19,-3.3
3048,30480,1791070301508,111788,99324,-1.6006,-0.6436,0.9771,-7.73,3.94,-3.3
3049,30490,1791070301508,111610,99255,-1.6108,-0.6343,0.9946,-3.86,3.24,-1.42
3050,30500,1791070301508,111465,99186,-1.6123,-0.6372,1.0054,1.08,0.5,1.86
3051,30510,1791070301508,111323,99135,-1.6196,-0.6367,0.9922,5.6,-1.69,3.88
3052,30520,1791070301571,111206,99088,-1.6113,-0.6323,1.0073,9.42,-2.35,4.37
3053,30530,1791070301571,111119,99052,-1.6172,-0.6201,1.0068,7.62,-2.03,3.57
3054,30540,1791070301571,111051,99043,-1.606,-0.6387,0.9883,6.87,-0.96,3.39
3055,30550,1791070301571,111001,99025,-1.6084,-0.6201,1.084,10.17,1.62,-0.7
3056,30560,1791070301622,110966,99004,-1.6138,-0.623,0.9932,5.39,-6.69,2.21
3057,30570,1791070301622,110917,98983,-1.5752,-0.6255,0.9902,0.0,-4.61,1.24
3058,30580,1791070301622,110905,98958,-1.5957,-0.6177,0.9771,-3.92,0.72,-0.2
3059,30590,1791070301622,110916,98956,-1.5864,-0.6177,0.9556,-7.91,-0.85,-0.47
3060,30600,1791070301622,110934,98950,-1.5986,-0.6289,0.9766,-10.31,-2.84,-0.92
3061,30610,1791070301622,110967,98966,-1.6108,-0.6411,1.0,-10.43,-4.41,-0.38
3062,30620,1791070301622,111014,98981,-1.6001,-0.6353,1.0142,-8.09,-5.68,0.23
3063,30630,1791070301622,111052,98992,-1.584,-0.6597,0.9863,-3.65,-5.28,1.63
3064,30640,1791070301682,111083,99010,-1.5913,-0.645,0.9785,-2.02,-2.67,1.95
3065,30650,1791070301682,111111,99011,-1.5908,-0.6343,0.9756,-1.54,-2.93,2.17
3066,30660,1791070301682,111135,99025,-1.585,-0.6333,0.9922,-0.05,-2.32,2.37
3067,30670,1791070301682,111169,99033,-1.5674,-0.625,0.9976,-1.19,-0.11,1.37
3068,30680,1791070301740,111212,99045,-1.5957,-0.6333,0.999,-0.32,0.47,0.46
3069,30690,1791070301740,111254,99059,-1.5986,-0.6313,0.9888,-0.15,-2.08,0.78
3070,30700,1791070301740,111296,99074,-1.604,-0.6299,0.981,-1.04,-7.74,0.89
3071,30710,1791070301740,111320,99089,-1.5889,-0.6294,0.9956,-2.82,-8.0,-0.64
3072,30720,1791070301742,111331,99093,-1.6001,-0.6279,0.9634,-4.05,-6.44,-0.34
3073,30730,1791070301742,111303,99082,-1.5928,-0.6172,0.9795,-5.6,-9.73,0.0
3074,30740,1791070301742,111268,99065,-1.5879,-0.6372,1.0117,-3.76,-11.56,0.44
3075,30750,1791070301742,111218,99054,-1.6016,-0.6357,1.0015,-1.51,-7.01,0.09
3076,30760,1791070301808,111171,99038,-1.6001,-0.6299,0.998,-0.89,-2.03,0.84
3077,30770,1791070301808,111123,99039,-1.5942,-0.6328,0.9932,-0.82,0.43,0.0
3078,30780,1791070301808,111077,99013,-1.6143,-0.6348,1.0229,-4.06,5.54,-1.77
3079,30790,1791070301808,111049,99005,-1.6123,-0.6343,1.0186,-3.66,4.46,-1.54
3080,30800,1791070301863,111034,98994,-1.6001,-0.6362,1.0029,-1.44,2.02,0.2
3081,30810,1791070301863,111023,98982,-1.5977,-0.6465,1.0,-0.02,1.88,0.84
3082,30820,1791070301863,111012,98980,-1.6025,-0.6499,1.0024,-0.63,2.34,-0.18
3083,30830,1791070301863,111028,98980,-1.6011,-0.6431,0.9995,-0.82,0.64,0.58
3084,30840,1791070301863,111044,98995,-1.6006,-0.6499,0.9702,-0.53,-2.87,1.65
3085,30850,1791070301863,111063,99002,-1.5986,-0.6382,0.9619,2.17,-4.03,1.4
3086,30860,1791070301863,111094,98997,-1.5981,-0.644,0.9819,2.72,-2.95,1.48
3087,30870,1791070301863,111116,99018,-1.5913,-0.6304,0.9697,2.79,-4.44,3.24
3088,30880,1791070301922,111139,99025,-1.5752,-0.625,0.9507,-1.11,-3.07,3.15
3089,30890,1791070301922,111157,99050,-1.5879,-0.6318,0.959,-5.51,-1.42,1.33
3090,30900,1791070301922,111184,99053,-1.5913,-0.6182,0.9595,-9.56,-6.35,1.02
3091,30910,1791070301922,111215,99060,-1.5981,-0.6235,0.9697,-11.11,-9.98,1.48
3092,30920,1791070301981,111253,99072,-1.6001,-0.6274,1.0352,-9.47,-6.43,1.8
3093,30930,1791070301981,111282,99077,-1.5981,-0.6475,1.0479,-4.92,-1.73,0.99
3094,30940,1791070301981,111319,99089,-1.5991,-0.647,1.0571,0.05,1.5,1.42
3095,30950,1791070301981,111352,99091,-1.5845,-0.644,1.0508,3.18,6.99,1.25
3096,30960,1791070301982,111390,99100,-1.6035,-0.6436,1.021,3.77,7.19,1.47
3097,30970,1791070301982,111425,99114,-1.5933,-0.6382,1.0059,2.66,3.86,2.44
3098,30980,1791070301982,111466,99129,-1.5845,-0.6245,0.9746,2.18,1.51,1.59
3099,30990,1791070301982,111506,99140,-1.5981,-0.6318,0.9614,0.78,0.81,0.87
3100,31000,1791070302043,111542,99149,-1.5913,-0.6309,0.9282,-3.34,-3.77,0.96
3101,31010,1791070302043,111555,99157,-1.5962,-0.6313,0.9395,-6.72,-6.2,1.24
3102,31020,1791070302043,111575,99154,-1.5947,-0.6372,0.9541,-7.39,-7.31,0.76
3103,31030,1791070302043,111587,99162,-1.5972,-0.6309,0.9595,-6.24,-8.43,1.19
3104,31040,1791070302101,111586,99161,-1.584,-0.6436,0.9819,-5.18,-6.98,2.96
3105,31050,1791070302101,111570,99161,-1.5728,-0.6382,1.0186,-2.72,1.82,2.21
3106,31060,1791070302101,111576,99144,-1.5811,-0.6475,1.0347,0.95,8.53,1.39
3107,31070,1791070302101,111583,99145,-1.6025,-0.6294,1.0537,6.14,7.36,2.4
3108,31080,1791070302101,111603,99137,-1.6069,-0.6396,1.0415,8.66,5.66,4.08
3109,31090,1791070302101,111629,99150,-1.6064,-0.646,1.0249,8.64,2.81,4.24
3110,31100,1791070302101,111648,99143,-1.6113,-0.6421,0.98,5.69,0.41,4.02
3111,31110,1791070302101,111663,99148,-1.6001,-0.6416,0.9712,0.6,-0.29,2.64
3112,31120,1791070302161,111674,99156,-1.5898,-0.644,0.9795,-3.73,-0.75,1.45
3113,31130,1791070302161,111679,99152,-1.5933,-0.6431,0.9844,-5.63,-0.03,1.94
3114,31140,1791070302161,111678,99143,-1.5967,-0.6279,1.0044,-3.57,2.78,1.34
3115,31150,1791070302161,111693,99146,-1.5996,-0.627,0.9839,0.02,5.45,0.81
3116,31160,1791070302221,111719,99144,-1.5947,-0.6221,0.9746,4.82,1.63,2.05
3117,31170,1791070302221,111743,99140,-1.5996,-0.6201,0.9741,5.73,-0.29,2.81
3118,31180,1791070302221,111769,99148,-1.5967,-0.6235,0.9458,3.85,-0.75,2.55
3119,31190,1791070302221,111801,99160,-1.5967,-0.6372,0.9565,1.39,-4.37,3.28
3120,31200,1791070302223,111824,99171,-1.5776,-0.6338,0.9712,-1.05,-4.9,3.47
3121,31210,1791070302223,111850,99182,-1.5869,-0.6367,0.9751,-4.35,-4.03,2.05
3122,31220,1791070302223,111890,99192,-1.5986,-0.647,0.9878,-7.95,-3.73,0.32
3123,31230,1791070302223,111919,99200,-1.5913,-0.6362,1.0259,-6.93,-5.34,-0.29
3124,31240,1791070302283,111916,99199,-1.5908,-0.6318,1.0132,-3.25,-5.24,-0.08
3125,31250,1791070302283,111851,99172,-1.5977,-0.6377,1.0156,-0.46,-0.26,-0.5
3126,31260,1791070302283,111724,99131,-1.5942,-0.647,0.98,1.04,0.11,0.08
3127,31270,1791070302283,111560,99070,-1.606,-0.6299,0.9668,3.25,-0.35,1.66
3128,31280,1791070302341,111389,98993,-1.6084,-0.645,0.9922,3.22,0.32,2.81
3129,31290,1791070302341,111220,98931,-1.6045,-0.6284,1.0034,2.73,2.47,3.68
3130,31300,1791070302341,111075,98884,-1.6084,-0.625,1.0088,1.86,3.66,3.37
3131,31310,1791070302341,110948,98833,-1.6172,-0.6191,0.9966,0.78,2.89,3.82
3132,31320,1791070302342,110849,98800,-1.5981,-0.6216,0.9878,0.27,0.29,3.33
3133,31330,1791070302342,110765,98771,-1.5977,-0.6162,0.9907,-0.32,-0.29,3.37
3134,31340,1791070302342,110712,98744,-1.6025,-0.6265,0.9805,-1.42,0.49,3.07
3135,31350,1791070302342,110673,98740,-1.6133,-0.6328,0.9536,-3.45,-3.92,3.05
3136,31360,1791070302402,110660,98737,-1.6143,-0.6255,0.9722,-3.36,-6.55,3.97
3137,31370,1791070302402,110659,98732,-1.5913,-0.6265,0.9912,-4.75,-4.43,4.05
3138,31380,1791070302402,110680,98738,-1.5884,-0.6274,0.9824,-5.02,-1.22,3.79
3139,31390,1791070302402,110715,98746,-1.5986,-0.6455,0.9941,-2.72,-2.35,3.69
3140,31400,1791070302461,110760,98753,-1.5869,-0.6206,1.0381,0.41,2.6,2.53
3141,31410,1791070302461,110807,98779,-1.5977,-0.6196,1.0132,4.15,6.64,2.21
3142,31420,1791070302461,110851,98789,-1.6069,-0.6216,0.981,7.27,6.43,2.18
3143,31430,1791070302461,110895,98800,-1.6152,-0.6123,0.9849,8.79,5.16,2.0
3144,31440,1791070302462,110935,98813,-1.6108,-0.6289,0.9863,6.27,4.44,1.47
3145,31450,1791070302462,110973,98821,-1.6128,-0.6309,0.9639,4.24,1.82,1.3
3146,31460,1791070302462,111019,98831,-1.604,-0.6084,0.9639,0.24,-1.39,1.91
3147,31470,1791070302462,111058,98846,-1.6177,-0.6167,0.9409,-2.82,-4.26,1.88
3148,31480,1791070302522,111095,98862,-1.6094,-0.6162,0.979,-5.37,-6.66,2.37
3149,31490,1791070302522,111131,98874,-1.5928,-0.6235,0.9639,-5.92,-3.51,1.5
3150,31500,1791070302522,111157,98889,-1.5928,-0.6177,0.9761,-4.37,0.98,0.34
3151,31510,1791070302522,111167,98884,-1.6045,-0.6221,0.9878,-2.82,3.91,0.37
3152,31520,1791070302581,111170,98884,-1.6235,-0.6235,1.0029,-0.66,2.49,0.64
3153,31530,1791070302581,111154,98877,-1.6094,-0.6348,1.001,0.52,3.53,3.31
3154,31540,1791070302581,111143,98861,-1.6396,-0.603,0.9995,0.12,-0.43,1.22
3155,31550,1791070302581,111134,98849,-1.6147,-0.6211,0.9927,-1.65,-3.45,1.54
3156,31560,1791070302583,111114,98835,-1.6167,-0.6182,0.9839,-4.41,-3.1,1.6
3157,31570,1791070302583,111080,98826,-1.6152,-0.6245,0.9448,-6.89,-2.79,0.46
3158,31580,1791070302583,111047,98820,-1.6069,-0.624,0.9575,-8.82,-3.8,0.43
3159,31590,1791070302583,111019,98799,-1.5962,-0.6265,0.9756,-7.91,-2.15,0.67
3160,31600,1791070302642,110994,98789,-1.6099,-0.6382,0.9717,-2.05,-1.85,1.83
3161,31610,1791070302642,110959,98784,-1.6045,-0.6206,0.9912,1.77,-3.01,3.27
3162,31620,1791070302642,110948,98769,-1.5967,-0.6196,1.0015,4.37,-1.47,2.55
3163,31630,1791070302642,110947,98770,-1.6118,-0.6182,1.0132,4.44,-2.05,3.02
3164,31640,1791070302701,110951,98778,-1.5874,-0.6025,1.0,-1.01,-3.24,1.65
3165,31650,1791070302701,110968,98783,-1.5879,-0.6304,0.9795,-4.11,-0.58,1.13
3166,31660,1791070302701,111004,98800,-1.605,-0.6313,1.0039,-6.18,1.47,0.41
3167,31670,1791070302701,111051,98815,-1.5986,-0.6436,1.0215,-2.82,3.08,-0.23
3168,31680,1791070302702,111108,98827,-1.6011,-0.6255,1.0083,-0.31,4.0,-0.6
3169,31690,1791070302702,111160,98855,-1.6162,-0.6167,0.9893,2.21,1.34,-0.11
3170,31700,1791070302702,111213,98866,-1.5747,-0.6113,0.9722,5.1,0.12,1.48
3171,31710,1791070302702,111268,98879,-1.5771,-0.6118,0.96,5.68,3.08,0.56
3172,31720,1791070302762,111321,98902,-1.604,-0.6055,0.9326,7.07,2.41,0.61
3173,31730,1791070302762,111360,98922,-1.604,-0.6084,0.9282,2.41,-0.76,-0.17
3174,31740,1791070302762,111396,98947,-1.6001,-0.6245,0.9424,-3.25,-3.33,0.21
3175,31750,1791070302762,111434,98953,-1.5991,-0.6265,0.958,-3.95,-4.32,0.66
3176,31760,1791070302821,111467,98962,-1.6143,-0.6235,0.9883,-3.97,-6.14,1.57
3177,31770,1791070302821,111511,98974,-1.6235,-0.6401,0.9619,-5.21,-8.99,1.1
3178,31780,1791070302821,111544,98986,-1.603,-0.6479,0.9844,-4.47,-9.74,1.42
3179,31790,1791070302821,111571,98997,-1.5869,-0.6426,1.0073,-3.37,-4.63,0.12
3180,31800,1791070302822,111589,99008,-1.5938,-0.6362,0.9985,-1.8,1.21,-1.21
3181,31810,1791070302822,111599,99013,-1.627,-0.6416,0.9971,-0.84,1.74,-0.75
3182,31820,1791070302822,111628,99019,-1.6274,-0.6411,0.9868,-1.05,0.78,-0.87
3183,31830,1791070302822,111647,99028,-1.6108,-0.6279,0.9897,-1.68,0.98,-1.27
3184,31840,1791070302881,111670,99033,-1.605,-0.624,0.9912,1.4,1.11,-0.43
3185,31850,1791070302881,111690,99028,-1.6172,-0.6348,0.9648,4.47,0.92,0.92
3186,31860,1791070302881,111700,99044,-1.6025,-0.6172,0.9634,5.97,-0.02,1.48
3187,31870,1791070302881,111723,99041,-1.6035,-0.6235,0.9805,4.24,0.66,1.4
3188,31880,1791070302941,111741,99048,-1.6099,-0.6133,0.9712,1.73,-1.05,0.43
3189,31890,1791070302941,111769,99052,-1.6069,-0.6094,0.9551,-2.32,-2.66,0.14
3190,31900,1791070302941,111786,99068,-1.6006,-0.6191,0.9492,-6.29,-3.71,0.03
3191,31910,1791070302941,111814,99070,-1.604,-0.605,0.9688,-9.21,-8.41,0.58
3192,31920,1791070302942,111831,99077,-1.6064,-0.6201,0.9668,-9.56,-10.79,2.11
3193,31930,1791070302942,111841,99079,-1.6108,-0.6411,0.9902,-6.96,-7.92,1.33
3194,31940,1791070302942,111865,99080,-1.606,-0.6396,0.9741,-6.58,-6.06,1.22
3195,31950,1791070302942,111885,99083,-1.6104,-0.6382,0.9751,-6.09,-6.9,1.16
3196,31960,1791070303002,111905,99099,-1.5908,-0.6475,0.9966,-4.35,-6.35,0.23
3197,31970,1791070303002,111935,99099,-1.5874,-0.6436,1.002,-1.36,-3.05,-0.24
3198,31980,1791070303002,111961,99108,-1.6099,-0.647,0.9707,-1.24,-1.92,-0.41
3199,31990,1791070303002,111991,99116,-1.5928,-0.6401,1.0005,0.08,-1.82,-1.07
3200,32000,1791070303061,112017,99131,-1.6084,-0.6396,1.0049,1.97,-1.74,-1.34
3201,32010,1791070303061,111994,99131,-1.6143,-0.6562,0.9688,3.02,-1.4,0.21
3202,32020,1791070303061,111924,99088,-1.5898,-0.6396,0.9971,4.61,2.09,0.02
3203,32030,1791070303061,111779,99043,-1.6011,-0.6348,0.9692,5.42,2.73,0.31
3204,32040,1791070303063,111619,98982,-1.6162,-0.6304,0.9712,2.5,-0.84,2.08
3205,32050,1791070303063,111447,98915,-1.6118,-0.6353,0.9624,-1.79,-3.73,2.31
3206,32060,1791070303063,111294,98858,-1.6108,-0.6265,0.9521,-4.89,-4.87,2.23
3207,32070,1791070303063,111159,98808,-1.606,-0.6426,0.9751,-6.0,-6.7,2.02
3208,32080,1791070303121,111036,98769,-1.5986,-0.6416,0.9937,-5.28,-5.4,2.38
3209,32090,1791070303121,110937,98744,-1.6064,-0.646,1.0063,-4.78,-4.11,2.21
3210,32100,1791070303121,110866,98708,-1.6113,-0.6465,1.001,-4.4,-4.47,2.35
3211,32110,1791070303121,110828,98694,-1.6025,-0.6387,1.0005,-0.24,-4.0,2.55
3212,32120,1791070303183,110818,98690,-1.5859,-0.6372,1.0088,1.76,0.14,1.71
3213,32130,1791070303183,110814,98694,-1.6138,-0.6406,0.9692,1.44,0.84,1.44
3214,32140,1791070303183,110848,98702,-1.5933,-0.6353,0.9629,-0.34,-0.29,-0.06
3215,32150,1791070303183,110879,98716,-1.5781,-0.6357,0.9707,-0.49,-1.66,0.66
3216,32160,1791070303183,110922,98732,-1.5967,-0.6396,0.9966,-0.32,-0.98,0.21
3217,32170,1791070303183,110966,98752,-1.6055,-0.6294,0.9653,-2.99,-3.01,0.03
3218,32180,1791070303183,111002,98769,-1.5928,-0.6289,0.9976,-3.56,-2.0,0.92
3219,32190,1791070303183,111047,98786,-1.6006,-0.6377,1.0137,-1.53,0.29,0.73
3220,32200,1791070303242,111092,98796,-1.6025,-0.6299,0.9795,-1.13,1.3,1.3
3221,32210,1791070303242,111138,98816,-1.6025,-0.6396,0.9668,-2.08,-3.68,1.83
3222,32220,1791070303242,111186,98826,-1.5981,-0.6343,0.9712,-2.44,-6.53,2.67
3223,32230,1791070303242,111218,98839,-1.5913,-0.6489,0.9956,-2.85,-4.85,2.44
3224,32240,1791070303302,111261,98847,-1.6016,-0.6631,0.9995,-1.8,-1.27,1.39
3225,32250,1791070303302,111307,98861,-1.6055,-0.6445,0.9873,0.03,-1.1,1.05
3226,32260,1791070303302,111350,98873,-1.5952,-0.6514,0.9834,3.22,-2.99,1.77
3227,32270,1791070303302,111384,98894,-1.603,-0.6357,0.9932,4.84,-1.79,0.46
3228,32280,1791070303302,111400,98896,-1.6021,-0.6343,0.9736,2.85,2.12,-0.92
3229,32290,1791070303302,111387,98892,-1.5933,-0.6274,0.9702,5.19,5.15,-1.22
3230,32300,1791070303302,111360,98885,-1.5986,-0.6284,0.9731,4.14,6.34,0.0
3231,32310,1791070303302,111327,98871,-1.6279,-0.6167,0.9575,1.48,1.21,1.16
3232,32320,1791070303361,111299,98855,-1.6099,-0.6138,0.9556,-4.11,-4.49,2.66
3233,32330,1791070303361,111259,98841,-1.6143,-0.6157,0.9888,-7.21,-8.31,2.98
3234,32340,1791070303361,111221,98830,-1.6108,-0.6279,1.002,-7.62,-9.4,4.05
3235,32350,1791070303361,111198,98821,-1.6118,-0.6362,1.0161,-7.63,-6.75,3.73
3236,32360,1791070303421,111182,98804,-1.5962,-0.6421,1.0088,-7.28,-4.56,2.7
3237,32370,1791070303421,111171,98806,-1.6001,-0.6377,0.9971,-3.82,-4.75,3.04
3238,32380,1791070303421,111168,98808,-1.5889,-0.6328,1.002,-1.8,-4.5,2.5
3239,32390,1791070303421,111183,98804,-1.5811,-0.6548,0.9663,-1.37,-0.78,1.01
3240,32400,1791070303422,111207,98812,-1.5928,-0.6445,0.9741,-2.27,1.28,-0.81
3241,32410,1791070303422,111235,98826,-1.5962,-0.645,0.9746,-2.53,0.92,-1.63
3242,32420,1791070303422,111286,98837,-1.5918,-0.6528,0.9497,-1.24,2.09,-2.66
3243,32430,1791070303422,111333,98852,-1.6118,-0.6265,0.9741,-0.96,0.64,-1.83
3244,32440,1791070303481,111377,98878,-1.6011,-0.6309,1.0024,-0.23,-0.08,0.21
3245,32450,1791070303481,111417,98890,-1.6001,-0.6274,0.9902,2.23,-1.01,1.74
3246,32460,1791070303481,111466,98899,-1.5933,-0.6333,0.9756,4.46,-0.5,1.53
3247,32470,1791070303481,111511,98916,-1.5908,-0.6279,0.9956,5.33,1.82,3.36
3248,32480,1791070303542,111563,98931,-1.5957,-0.6299,0.9834,3.42,2.72,3.07
3249,32490,1791070303542,111613,98952,-1.5942,-0.6333,0.9609,1.25,0.66,1.68
3250,32500,1791070303542,111668,98964,-1.603,-0.6411,0.9717,-0.78,-1.36,1.21
3251,32510,1791070303542,111720,98979,-1.604,-0.6431,0.9741,-4.41,-3.73,0.47
3252,32520,1791070303544,111769,98996,-1.5889,-0.6504,0.9629,-5.97,-5.56,-0.49
3253,32530,1791070303544,111809,99010,-1.6011,-0.6401,0.9854,-6.52,-5.48,0.35
3254,32540,1791070303544,111831,99024,-1.6001,-0.6392,0.9829,-4.9,-3.88,-0.31
3255,32550,1791070303544,111864,99026,-1.6021,-0.6396,0.9863,-2.35,-0.24,0.17
3256,32560,1791070303602,111881,99034,-1.6069,-0.6309,0.9932,2.69,0.05,1.33
3257,32570,1791070303602,111890,99041,-1.6021,-0.6318,0.9902,4.99,-0.38,1.66
3258,32580,1791070303602,111901,99045,-1.605,-0.6396,0.9697,6.24,0.11,2.87
3259,32590,1791070303602,111912,99041,-1.6128,-0.6235,0.9893,4.79,0.12,4.14
3260,32600,1791070303664,111921,99048,-1.6006,-0.6372,0.9712,2.35,-2.18,4.26
3261,32610,1791070303664,111926,99046,-1.5952,-0.6348,0.9785,-1.89,-3.94,5.07
3262,32620,1791070303664,111939,99047,-1.5923,-0.6343,0.9878,-3.74,-3.88,3.51
3263,32630,1791070303664,111951,99051,-1.5908,-0.6255,0.9805,-4.81,-2.55,2.21
3264,32640,1791070303664,111972,99047,-1.6069,-0.6304,0.9844,-4.05,-1.69,0.82
3265,32650,1791070303664,111989,99051,-1.5962,-0.6357,0.9658,-3.83,-2.66,-0.58
3266,32660,1791070303664,112015,99062,-1.5957,-0.626,0.9468,-5.56,-2.53,-2.29
3267,32670,1791070303664,112037,99070,-1.5967,-0.6479,0.9258,-7.69,-3.88,-2.43
3268,32680,1791070303726,112044,99075,-1.5918,-0.6567,0.9438,-7.82,-4.76,-2.12
3269,32690,1791070303726,112061,99076,-1.6001,-0.6562,0.96,-8.66,-7.92,-0.63
3270,32700,1791070303726,112074,99078,-1.6001,-0.6592,0.98,-7.39,-9.57,-0.98
3271,32710,1791070303726,112085,99083,-1.6055,-0.6562,1.0132,-3.88,-7.44,-0.53
3272,32720,1791070303782,112067,99087,-1.5991,-0.6514,1.0156,-0.35,-4.24,0.52
3273,32730,1791070303782,112012,99066,-1.5962,-0.6499,1.019,3.66,1.08,-0.02
3274,32740,1791070303782,111915,99017,-1.6021,-0.6392,1.0278,5.34,5.66,-0.34
3275,32750,1791070303782,111754,98967,-1.6216,-0.6465,1.0044,5.59,4.64,-0.81
3276,32760,1791070303783,111585,98895,-1.6172,-0.6538,0.9912,5.13,0.9,2.02
3277,32770,1791070303783,111410,98845,-1.6191,-0.6377,0.9658,2.31,-3.37,2.46
3278,32780,1791070303783,111248,98777,-1.6162,-0.645,0.9673,-1.59,-6.18,3.13
3279,32790,1791070303783,111110,98729,-1.6055,-0.6455,0.9854,-3.88,-5.8,3.31
3280,32800,1791070303844,110994,98687,-1.6025,-0.6343,0.9824,-4.87,-5.94,3.5
3281,32810,1791070303844,110897,98650,-1.5874,-0.6421,1.0059,-3.39,-2.99,2.4
3282,32820,1791070303844,110837,98631,-1.6021,-0.6377,0.9849,-1.59,-1.24,2.76
3283,32830,1791070303844,110798,98622,-1.5908,-0.6406,0.9858,0.9,-2.73,2.43
3284,32840,1791070303903,110795,98626,-1.5737,-0.6479,0.9873,2.72,-2.61,3.5
3285,32850,1791070303903,110806,98624,-1.5933,-0.6353,0.9795,1.42,-2.82,2.85
3286,32860,1791070303903,110836,98634,-1.6001,-0.646,0.9736,-0.92,-4.96,2.58
3287,32870,1791070303903,110879,98648,-1.5796,-0.6465,0.9829,-3.13,-6.44,3.3
3288,32880,1791070303903,110924,98669,-1.5757,-0.645,0.9917,-3.39,-4.38,2.38
3289,32890,1791070303903,110972,98692,-1.5864,-0.6396,0.9961,-3.28,-2.5,2.47
3290,32900,1791070303903,111014,98715,-1.5986,-0.6465,0.9844,-0.52,-2.95,3.5
3291,32910,1791070303903,111049,98725,-1.5811,-0.6406,0.9878,1.88,-3.63,4.76
3292,32920,1791070303971,111081,98732,-1.5898,-0.6421,0.9888,3.76,-0.18,4.52
3293,32930,1791070303971,111108,98749,-1.6016,-0.6392,0.9727,3.33,-1.76,4.64
3294,32940,1791070303971,111150,98747,-1.5908,-0.6465,0.9883,3.88,-2.34,4.31
3295,32950,1791070303971,111200,98768,-1.6016,-0.644,0.9893,2.78,-3.15,4.06
3296,32960,1791070304020,111252,98786,-1.6118,-0.6338,0.981,4.75,-4.52,4.7
3297,32970,1791070304020,111306,98799,-1.5977,-0.6265,1.0254,5.73,-4.27,3.44
3298,32980,1791070304020,111345,98814,-1.5933,-0.6304,0.9951,6.15,-0.84,1.53
3299,32990,1791070304020,111356,98825,-1.5923,-0.6147,0.9897,7.45,1.59,1.15
3300,33000,1791070304022,111347,98820,-1.5913,-0.6104,0.9824,6.38,1.48,1.47
3301,33010,1791070304022,111333,98810,-1.6138,-0.6138,0.9707,0.95,1.05,0.73
3302,33020,1791070304022,111304,98803,-1.6182,-0.6113,0.9658,-4.37,-3.76,1.22
3303,33030,1791070304022,111269,98791,-1.6113,-0.6128,0.978,-7.39,-4.56,0.55
3304,33040,1791070304080,111230,98776,-1.6152,-0.6328,0.9829,-8.46,-3.85,0.23
3305,33050,1791070304080,111195,98758,-1.6157,-0.6226,0.9966,-7.68,-3.68,1.11
3306,33060,1791070304080,111145,98751,-1.6128,-0.6299,1.0039,-5.05,-3.56,2.05
3307,33070,1791070304080,111105,98733,-1.6016,-0.623,1.0015,-1.15,-1.8,2.9
3308,33080,1791070304142,111086,98719,-1.6045,-0.6138,0.9824,-0.7,-1.1,2.61
3309,33090,1791070304142,111068,98713,-1.6099,-0.6382,0.9697,-1.3,-3.82,1.48
3310,33100,1791070304142,111068,98704,-1.6069,-0.645,0.979,-2.95,-3.92,2.89
3311,33110,1791070304142,111086,98716,-1.5952,-0.6411,0.9941,-2.21,-1.54,1.95
3312,33120,1791070304142,111111,98723,-1.6157,-0.6338,1.0098,-1.74,1.51,0.63
3313,33130,1791070304142,111142,98731,-1.6035,-0.6382,1.0039,-0.12,-0.37,1.15
3314,33140,1791070304142,111175,98748,-1.606,-0.625,1.001,-0.82,0.27,0.46
3315,33150,1791070304142,111208,98755,-1.5947,-0.6216,0.98,-1.56,0.64,-0.81
3316,33160,1791070304201,111240,98766,-1.6025,-0.6172,0.96,-1.37,-0.05,-0.34
3317,33170,1791070304201,111267,98788,-1.6069,-0.6245,0.9844,-0.56,-2.03,0.31
3318,33180,1791070304201,111301,98788,-1.6045,-0.6255,0.9697,-1.27,-3.71,-0.06
3319,33190,1791070304201,111329,98795,-1.5923,-0.6367,0.9834,-1.62,-4.99,1.22
3320,33200,1791070304261,111342,98807,-1.5967,-0.6353,0.978,-1.8,-6.09,2.05
3321,33210,1791070304261,111350,98805,-1.5869,-0.6328,0.9878,-2.63,-7.18,2.6
3322,33220,1791070304261,111376,98817,-1.5757,-0.6357,0.9844,-4.27,-4.58,0.81
3323,33230,1791070304261,111381,98819,-1.5923,-0.6377,1.002,-5.1,-1.53,0.4
3324,33240,1791070304262,111393,98824,-1.6006,-0.6494,0.9917,-4.43,-3.37,-0.69
3325,33250,1791070304262,111405,98822,-1.5928,-0.6484,0.9707,-5.66,-5.68,0.43
3326,33260,1791070304262,111428,98824,-1.5815,-0.6514,1.0156,-6.66,-0.21,-0.44
3327,33270,1791070304262,111439,98831,-1.5977,-0.646,1.0093,-5.02,2.89,-0.24
3328,33280,1791070304322,111454,98831,-1.6089,-0.6489,0.9844,0.78,-0.11,2.53
3329,33290,1791070304322,111457,98834,-1.6055,-0.6396,1.0005,3.82,-1.91,4.38
3330,33300,1791070304322,111467,98835,-1.603,-0.6353,1.0176,5.15,0.95,5.57
3331,33310,1791070304322,111477,98838,-1.6069,-0.6377,1.0103,4.75,4.2,5.02
3332,33320,1791070304382,111503,98843,-1.6064,-0.6367,0.9761,6.08,1.39,5.56
3333,33330,1791070304382,111514,98848,-1.5957,-0.627,0.9712,5.62,-1.63,5.74
3334,33340,1791070304382,111536,98852,-1.5786,-0.6372,0.9854,2.87,1.34,3.73
3335,33350,1791070304382,111547,98851,-1.5898,-0.6118,0.978,0.47,4.47,1.1
3336,33360,1791070304382,111555,98861,-1.5972,-0.6084,0.96,-0.15,1.56,1.33
3337,33370,1791070304382,111572,98863,-1.605,-0.6113,0.9805,-2.34,-3.31,0.66
3338,33380,1791070304382,111596,98862,-1.6016,-0.6221,0.9727,-6.05,-4.81,-0.37
3339,33390,1791070304382,111611,98870,-1.5962,-0.6333,0.9629,-8.08,-5.47,-0.18
3340,33400,1791070304443,111623,98877,-1.5864,-0.6299,0.9834,-10.58,-4.27,-0.34
3341,33410,1791070304443,111635,98877,-1.5933,-0.6411,0.9873,-11.63,-3.77,0.26
3342,33420,1791070304443,111645,98875,-1.6143,-0.6455,0.9868,-10.46,-7.66,2.35
3343,33430,1791070304443,111668,98880,-1.6035,-0.6357,0.999,-8.02,-10.6,3.4
3344,33440,1791070304502,111692,98890,-1.5938,-0.6509,1.0054,-0.99,-7.27,3.37
3345,33450,1791070304502,111694,98887,-1.5933,-0.646,1.0029,5.04,-1.79,3.6
3346,33460,1791070304502,111674,98896,-1.582,-0.6353,0.9878,6.2,6.37,2.06
3347,33470,1791070304502,111627,98870,-1.6079,-0.6323,0.9897,4.47,8.9,0.08
3348,33480,1791070304502,111534,98841,-1.624,-0.6299,0.9966,5.4,3.86,1.24
3349,33490,1791070304502,111398,98789,-1.6016,-0.6255,1.0,4.4,1.8,1.44
3350,33500,1791070304502,111242,98733,-1.6128,-0.6274,0.9966,2.29,1.54,0.84
3351,33510,1791070304502,111081,98675,-1.6172,-0.6216,0.9751,-2.64,-2.5,1.48
3352,33520,1791070304562,110928,98622,-1.6021,-0.6221,0.9736,-5.83,-2.89,2.53
3353,33530,1791070304562,110788,98571,-1.5894,-0.6196,0.9985,-8.7,-5.82,3.47
3354,33540,1791070304562,110672,98529,-1.6006,-0.6113,1.0122,-8.31,-6.05,3.51
3355,33550,1791070304562,110590,98496,-1.6084,-0.6206,1.0259,-1.51,-5.85,4.58
3356,33560,1791070304623,110526,98473,-1.5952,-0.6167,0.9688,5.19,-1.92,4.11
3357,33570,1791070304623,110474,98461,-1.5981,-0.6201,0.9639,5.98,1.24,4.03
3358,33580,1791070304623,110459,98449,-1.5874,-0.6108,0.9482,8.78,3.82,4.79
3359,33590,1791070304623,110459,98445,-1.5654,-0.5737,1.0024,17.86,9.82,3.88
3360,33600,1791070304623,110496,98465,-1.624,-0.5947,0.9155,24.64,7.69,3.1
3361,33610,1791070304623,110544,98492,-1.5996,-0.5737,0.9272,21.53,0.89,3.34
3362,33620,1791070304623,110605,98506,-1.5874,-0.5674,0.9658,15.65,1.68,1.48
3363,33630,1791070304623,110654,98534,-1.6113,-0.5796,0.9888,8.12,-1.6,-0.63
3364,33640,1791070304686,110706,98550,-1.6216,-0.5835,0.9883,0.46,-10.6,-1.05
3365,33650,1791070304686,110751,98570,-1.604,-0.5981,1.0059,-6.87,-16.55,-2.31
3366,33660,1791070304686,110782,98575,-1.5869,-0.6143,1.019,-10.5,-15.1,-2.6
3367,33670,1791070304686,110814,98590,-1.5898,-0.6284,1.0024,-14.18,-11.71,-4.73
3368,33680,1791070304742,110845,98597,-1.6045,-0.6392,0.9658,-16.93,-10.96,-5.21
3369,33690,1791070304742,110895,98617,-1.5991,-0.6636,0.9634,-14.98,-11.63,-5.07
3370,33700,1791070304742,110950,98647,-1.5947,-0.6685,0.981,-11.16,-9.28,-5.31
3371,33710,1791070304742,110997,98669,-1.5928,-0.6831,0.9927,-7.97,-4.66,-4.17
3372,33720,1791070304742,111020,98681,-1.5972,-0.6895,0.9956,-3.11,-1.33,-2.81
3373,33730,1791070304742,111020,98674,-1.6074,-0.6943,1.0171,1.19,-1.45,-0.41
3374,33740,1791070304742,111021,98674,-1.6162,-0.6821,1.043,2.52,-3.57,2.66
3375,33750,1791070304742,111009,98659,-1.6133,-0.6763,1.0615,0.63,-3.1,3.07
3376,33760,1791070304802,110984,98659,-1.604,-0.6572,1.0537,0.15,-1.44,3.24
3377,33770,1791070304802,110958,98648,-1.6021,-0.6372,1.0171,-2.0,-4.84,3.89
3378,33780,1791070304802,110930,98643,-1.583,-0.6528,1.0166,-6.15,-7.39,3.85
3379,33790,1791070304802,110899,98633,-1.5796,-0.6523,0.9917,-10.75,-5.94,3.08
3380,33800,1791070304862,110872,98627,-1.5898,-0.6548,0.9858,-15.42,-8.47,2.29
3381,33810,1791070304862,110847,98615,-1.583,-0.668,0.9912,-16.76,-8.24,1.83
3382,33820,1791070304862,110837,98602,-1.562,-0.6768,0.9834,-14.64,-4.82,1.62
3383,33830,1791070304862,110835,98607,-1.5698,-0.6807,0.9746,-7.48,-1.36,2.03
3384,33840,1791070304862,110840,98609,-1.5693,-0.6665,0.9873,1.89,1.28,3.53
3385,33850,1791070304862,110847,98611,-1.583,-0.6499,1.0112,7.42,5.37,3.76
3386,33860,1791070304862,110892,98620,-1.6011,-0.644,0.9995,9.83,7.48,2.4
3387,33870,1791070304862,110936,98640,-1.6177,-0.6255,1.0039,9.89,7.05,1.92
3388,33880,1791070304924,110995,98659,-1.6055,-0.6216,1.0249,3.53,1.95,2.84
3389,33890,1791070304924,111052,98680,-1.5933,-0.6279,0.9878,-2.29,0.75,2.32
3390,33900,1791070304924,111102,98703,-1.5913,-0.624,1.0049,-5.95,-0.64,2.84
3391,33910,1791070304924,111154,98719,-1.6001,-0.6118,0.9995,-6.93,-4.24,2.52
3392,33920,1791070304983,111206,98736,-1.5898,-0.6162,0.9824,-8.18,-5.19,2.08
3393,33930,1791070304983,111246,98757,-1.582,-0.627,0.9487,-10.0,-3.59,-0.11
3394,33940,1791070304983,111293,98765,-1.5654,-0.6304,0.9458,-9.4,-0.32,-1.82
3395,33950,1791070304983,111330,98782,-1.582,-0.6284,0.9487,-7.51,1.05,-0.78
3396,33960,1791070304983,111379,98811,-1.5659,-0.6489,0.9341,-4.27,2.29,-1.83
3397,33970,1791070304983,111428,98824,-1.5864,-0.6367,0.9575,-2.44,-0.67,-0.7
3398,33980,1791070304983,111462,98833,-1.5874,-0.6338,0.9844,-1.95,-3.59,0.0
3399,33990,1791070304983,111493,98835,-1.5898,-0.6489,1.0029,-0.75,-1.94,-0.09
3400,34000,1791070305045,111518,98843,-1.606,-0.6489,1.0317,-0.08,-2.29,0.93
3401,34010,1791070305045,111530,98852,-1.6177,-0.6465,1.064,0.53,0.35,1.91
3402,34020,1791070305045,111541,98848,-1.6021,-0.6455,1.0132,1.37,0.32,2.47
3403,34030,1791070305045,111552,98847,-1.5869,-0.6475,0.9917,-0.58,-1.31,3.28
3404,34040,1791070305103,111560,98856,-1.6035,-0.6436,0.9873,-2.43,-1.13,3.37
3405,34050,1791070305103,111570,98855,-1.6367,-0.6157,1.0757,2.64,3.74,3.27
3406,34060,1791070305103,111578,98855,-1.605,-0.646,0.9429,9.85,-6.99,3.16
3407,34070,1791070305103,111561,98834,-1.5454,-0.6406,0.9805,9.98,-0.73,3.08
3408,34080,1791070305103,111528,98814,-1.5801,-0.6191,0.9331,4.95,6.38,0.49
3409,34090,1791070305103,111506,98798,-1.5737,-0.6499,0.8521,1.16,-0.67,0.92
3410,34100,1791070305103,111498,98797,-1.5542,-0.6421,0.9165,-4.89,-1.69,1.31
3411,34110,1791070305103,111518,98789,-1.604,-0.6484,0.9902,-7.92,0.08,0.26
3412,34120,1791070305162,111541,98798,-1.6074,-0.6494,0.9829,-10.61,-6.56,0.52
3413,34130,1791070305162,111562,98810,-1.5913,-0.6543,0.9995,-12.27,-9.74,1.83
3414,34140,1791070305162,111584,98815,-1.5889,-0.6533,1.0127,-14.0,-9.98,1.82
3415,34150,1791070305162,111589,98817,-1.5771,-0.6519,1.0142,-14.49,-8.09,1.3
3416,34160,1791070305225,111593,98816,-1.584,-0.6499,1.0249,-13.51,-7.37,1.98
3417,34170,1791070305225,111586,98809,-1.5981,-0.6543,1.0312,-9.69,-6.75,2.78
3418,34180,1791070305225,111577,98806,-1.5991,-0.6558,1.02,-6.46,-3.01,2.43
3419,34190,1791070305225,111533,98790,-1.5908,-0.6548,1.001,0.52,-2.24,4.73
3420,34200,1791070305226,111438,98756,-1.5767,-0.665,0.98,5.95,2.55,5.13
3421,34210,1791070305226,111300,98709,-1.5894,-0.6348,0.9653,8.92,6.73,5.74
3422,34220,1791070305226,111151,98657,-1.5972,-0.6377,0.9551,8.76,2.44,6.55
3423,34230,1791070305226,110985,98593,-1.6074,-0.6255,0.9648,6.96,-1.79,7.07
3424,34240,1791070305282,110820,98540,-1.5942,-0.6196,0.979,3.07,-1.83,4.87
3425,34250,1791070305282,110680,98482,-1.6045,-0.6147,0.9834,0.09,-1.95,4.24
3426,34260,1791070305282,110543,98449,-1.5996,-0.6147,0.9937,-3.16,-2.09,3.42
3427,34270,1791070305282,110426,98408,-1.6108,-0.6074,1.0186,-5.05,-1.69,1.62
3428,34280,1791070305342,110347,98374,-1.6104,-0.6333,1.0469,-5.56,-1.22,0.84
3429,34290,1791070305342,110285,98360,-1.6099,-0.6377,1.0469,-3.4,1.45,0.63
3430,34300,1791070305342,110253,98337,-1.6055,-0.6284,1.0386,0.56,4.41,0.09
3431,34310,1791070305342,110243,98337,-1.6079,-0.626,0.9897,3.54,7.56,-0.34
3432,34320,1791070305342,110244,98345,-1.6104,-0.6313,0.9546,4.23,8.89,-0.89
3433,34330,1791070305342,110261,98351,-1.605,-0.6484,0.918,6.44,8.85,0.52
3434,34340,1791070305342,110285,98345,-1.6084,-0.6387,0.8877,7.94,9.21,1.57
3435,34350,1791070305342,110335,98362,-1.6279,-0.6572,0.8623,8.2,4.53,3.48
3436,34360,1791070305402,110381,98380,-1.627,-0.6587,0.8569,2.96,-3.98,5.45
3437,34370,1791070305402,110427,98391,-1.626,-0.6641,0.8882,-9.89,-14.95,7.63
3438,34380,1791070305402,110474,98412,-1.6436,-0.6826,0.9434,-26.98,-25.54,7.89
3439,34390,1791070305402,110521,98415,-1.6172,-0.709,0.9922,-37.56,-35.5,7.74
3440,34400,1791070305461,110549,98422,-1.5786,-0.7046,1.0884,-40.38,-40.64,8.5
3441,34410,1791070305461,110567,98429,-1.5669,-0.709,1.1973,-45.04,-29.18,4.27
3442,34420,1791070305461,110595,98435,-1.5708,-0.7168,1.2158,-42.41,-18.4,-0.96
3443,34430,1791070305461,110606,98437,-1.5659,-0.7124,1.2363,-30.12,-11.04,-3.47
3444,34440,1791070305462,110592,98428,-1.5552,-0.7163,1.2241,-13.18,4.2,-3.82
3445,34450,1791070305462,110537,98414,-1.563,-0.7188,1.1318,6.82,20.2,-4.2
3446,34460,1791070305462,110447,98388,-1.5493,-0.6885,1.0151,23.65,33.74,-1.25
3447,34470,1791070305462,110332,98337,-1.5552,-0.6768,0.8701,34.82,37.73,3.71
3448,34480,1791070305525,110204,98292,-1.5625,-0.6406,0.8237,38.61,30.63,10.75
3449,34490,1791070305525,110071,98246,-1.585,-0.6001,0.8091,27.62,18.06,15.77
3450,34500,1791070305525,109948,98207,-1.5942,-0.5918,0.8628,9.6,6.02,15.48
3451,34510,1791070305525,109835,98169,-1.5972,-0.5713,0.9336,-6.73,-3.92,14.82
3452,34520,1791070305581,109746,98136,-1.6011,-0.5742,0.9731,-18.18,-10.9,12.31
3453,34530,1791070305581,109674,98105,-1.6099,-0.5732,1.0171,-24.58,-13.28,8.89
3454,34540,1791070305581,109620,98088,-1.6055,-0.5952,1.0464,-25.08,-12.72,7.08
3455,34550,1791070305581,109581,98073,-1.6216,-0.5957,1.0327,-19.98,-9.47,4.78
3456,34560,1791070305583,109567,98067,-1.623,-0.6104,1.0176,-12.52,-6.93,5.1
3457,34570,1791070305583,109571,98063,-1.624,-0.6226,1.0054,-1.95,-0.61,6.55
3458,34580,1791070305583,109582,98064,-1.6328,-0.6235,0.9771,7.51,4.24,8.03
3459,34590,1791070305583,109617,98069,-1.6187,-0.6216,0.9644,15.45,6.53,9.73
3460,34600,1791070305642,109669,98089,-1.6216,-0.6133,0.937,17.76,8.5,9.45
3461,34610,1791070305642,109730,98113,-1.6348,-0.603,0.9521,10.11,4.0,7.73
3462,34620,1791070305642,109794,98126,-1.6211,-0.582,0.9937,-2.09,-2.52,6.61
3463,34630,1791070305642,109858,98145,-1.6094,-0.5913,1.0181,-12.14,-5.33,3.69
3464,34640,1791070305700,109902,98152,-1.627,-0.5957,1.0684,-18.32,-6.15,-0.14
3465,34650,1791070305700,109933,98177,-1.5981,-0.6069,1.0767,-16.87,-1.44,-2.11
3466,34660,1791070305700,109962,98180,-1.5908,-0.605,1.0576,-8.05,2.35,-2.27
3467,34670,1791070305700,109991,98180,-1.5771,-0.6206,1.0122,0.18,7.31,-2.32
3468,34680,1791070305702,110010,98184,-1.5859,-0.6328,0.9375,7.04,12.32,-1.53
3469,34690,1791070305702,110020,98191,-1.5762,-0.6289,0.8862,13.44,10.56,0.21
3470,34700,1791070305702,110036,98190,-1.5679,-0.625,0.8525,18.89,10.17,2.14
3471,34710,1791070305702,110041,98192,-1.6025,-0.627,0.8179,16.26,6.56,2.69
3472,34720,1791070305762,110050,98198,-1.5806,-0.6284,0.856,13.39,0.79,3.22
3473,34730,1791070305762,110069,98212,-1.583,-0.6089,0.897,7.71,1.08,2.64
3474,34740,1791070305762,110082,98215,-1.605,-0.6191,0.9438,3.1,-1.65,0.27
3475,34750,1791070305762,110098,98222,-1.5981,-0.6211,1.0034,2.29,-3.88,-0.03
3476,34760,1791070305833,110109,98232,-1.605,-0.6118,1.0342,2.44,0.41,-1.98
3477,34770,1791070305833,110117,98232,-1.6138,-0.6128,1.0288,0.79,0.9,-2.98
3478,34780,1791070305833,110125,98234,-1.6138,-0.6206,1.0132,1.15,-1.79,-1.63
3479,34790,1791070305833,110130,98241,-1.6016,-0.6196,0.9985,3.76,-3.44,-0.27
3480,34800,1791070305833,110142,98247,-1.606,-0.6328,0.96,5.07,-4.76,0.66
3481,34810,1791070305833,110147,98256,-1.6211,-0.6343,0.9248,1.56,-6.49,1.74
3482,34820,1791070305833,110164,98257,-1.6362,-0.6431,0.9331,-7.02,-12.63,1.45
3483,34830,1791070305833,110189,98270,-1.6211,-0.6538,0.9565,-12.79,-17.54,0.95
3484,34840,1791070305882,110203,98276,-1.6089,-0.6763,1.0229,-11.54,-12.03,-0.87
3485,34850,1791070305882,110204,98273,-1.6094,-0.6865,1.0371,-6.46,-3.62,-1.59
3486,34860,1791070305882,110198,98264,-1.6157,-0.6616,1.0317,-0.53,0.46,0.18
3487,34870,1791070305882,110172,98259,-1.6221,-0.6577,1.0239,4.67,1.31,1.77
3488,34880,1791070305941,110113,98241,-1.6108,-0.6445,1.0088,8.17,2.99,3.07
3489,34890,1791070305941,109994,98204,-1.6152,-0.6406,1.0073,8.15,6.15,4.47
3490,34900,1791070305941,109871,98157,-1.6143,-0.6411,1.001,5.1,6.11,4.47
3491,34910,1791070305941,109714,98110,-1.6338,-0.6284,0.9692,-0.23,2.24,5.54
3492,34920,1791070305942,109550,98056,-1.6323,-0.6284,0.9399,-6.12,-3.07,6.43
3493,34930,1791070305942,109383,98007,-1.6094,-0.627,0.939,-9.04,-5.92,7.62
3494,34940,1791070305942,109227,97951,-1.6094,-0.6294,0.9341,-8.55,-5.44,8.27
3495,34950,1791070305942,109098,97911,-1.6001,-0.623,0.9565,-7.51,-6.6,9.8
3496,34960,1791070306003,109000,97872,-1.5952,-0.605,0.9688,-7.54,-7.42,9.36
3497,34970,1791070306003,108922,97850,-1.5933,-0.6108,0.9663,-7.25,-6.08,6.49
3498,34980,1791070306003,108879,97847,-1.562,-0.6113,1.0005,-7.57,-4.02,3.44
3499,34990,1791070306003,108869,97836,-1.584,-0.6206,0.9829,-7.79,1.15,-0.05
3500,35000,1791070306061,108870,97836,-1.5732,-0.6445,0.9639,-5.08,1.69,-1.22
3501,35010,1791070306061,108883,97840,-1.6157,-0.6021,0.9277,1.27,3.19,-1.07
3502,35020,1791070306061,108907,97856,-1.6001,-0.6191,0.9121,4.46,1.31,1.56
3503,35030,1791070306061,108935,97872,-1.5879,-0.5908,0.9272,2.02,3.73,1.83
3504,35040,1791070306062,108959,97880,-1.6074,-0.5889,0.9282,-2.0,-0.99,2.44
3505,35050,1791070306062,108984,97894,-1.6274,-0.5996,0.936,-9.68,-10.98,1.77
3506,35060,1791070306062,109018,97910,-1.6353,-0.6123,0.9829,-18.96,-19.57,0.12
3507,35070,1791070306062,109026,97913,-1.604,-0.6431,0.9971,-24.41,-19.39,-1.05
3508,35080,1791070306121,109028,97917,-1.6157,-0.6416,1.0361,-24.7,-14.03,-2.63
3509,35090,1791070306121,109041,97912,-1.6221,-0.6626,1.0308,-21.25,-10.52,-2.6
3510,35100,1791070306121,109040,97921,-1.604,-0.6738,1.0205,-15.56,-8.4,-1.62
3511,35110,1791070306121,109050,97918,-1.5918,-0.6772,1.0146,-4.73,-2.56,1.08
3512,35120,1791070306182,109057,97920,-1.5928,-0.6753,0.9878,6.47,4.21,1.94
3513,35130,1791070306182,109054,97920,-1.6074,-0.6699,0.9189,14.24,9.24,1.27
3514,35140,1791070306182,109044,97923,-1.5991,-0.6406,0.8892,17.65,9.54,2.43
3515,35150,1791070306182,109029,97914,-1.6113,-0.6357,0.8916,16.09,6.6,4.14
3516,35160,1791070306184,108993,97912,-1.624,-0.6113,0.9453,9.05,2.34,3.57
3517,35170,1791070306184,108957,97906,-1.6216,-0.6113,0.9814,1.15,-0.49,1.86
3518,35180,1791070306184,108915,97886,-1.6196,-0.6035,1.02,-4.43,-3.34,1.53
3519,35190,1791070306184,108883,97882,-1.6362,-0.6143,1.021,-11.16,-6.95,1.86
3520,35200,1791070306242,108845,97861,-1.6187,-0.6172,1.0537,-13.5,-6.03,1.66
3521,35210,1791070306242,108803,97838,-1.625,-0.6274,1.0317,-11.01,-1.18,1.13
3522,35220,1791070306242,108772,97826,-1.6182,-0.6206,1.0078,-2.63,3.1,2.55
3523,35230,1791070306242,108744,97812,-1.6206,-0.6177,0.9614,7.24,6.75,3.88
3524,35240,1791070306302,108745,97817,-1.6045,-0.6128,0.9321,15.89,9.08,5.18
3525,35250,1791070306302,108753,97821,-1.5981,-0.6016,0.9131,21.98,9.82,6.21
3526,35260,1791070306302,108779,97816,-1.5898,-0.605,0.9033,22.29,6.05,6.9
3527,35270,1791070306302,108828,97843,-1.5996,-0.6094,0.916,12.14,-0.47,6.14
3528,35280,1791070306302,108885,97852,-1.5884,-0.6118,0.9795,-2.06,-5.08,2.34
3529,35290,1791070306302,108937,97876,-1.5913,-0.6265,1.0322,-12.6,-10.27,-0.21
3530,35300,1791070306302,108994,97888,-1.5825,-0.6479,1.0938,-18.9,-13.45,-1.18
3531,35310,1791070306302,109038,97903,-1.5771,-0.665,1.0894,-19.36,-10.09,-1.85
3532,35320,1791070306363,109084,97922,-1.5649,-0.6665,1.0898,-14.7,-3.91,-0.87
3533,35330,1791070306363,109124,97933,-1.5825,-0.6768,1.0259,-6.76,1.69,0.03
3534,35340,1791070306363,109170,97958,-1.5776,-0.6807,0.9497,2.52,6.76,2.61
3535,35350,1791070306363,109211,97976,-1.5825,-0.6768,0.8555,10.81,11.21,6.58
3536,35360,1791070306422,109265,97994,-1.6255,-0.6772,0.8027,13.16,6.95,10.47
3537,35370,1791070306422,109304,98012,-1.6631,-0.6562,0.855,7.86,-2.7,14.06
3538,35380,1791070306422,109370,98035,-1.6592,-0.6533,0.9336,6.5,-0.81,14.43
3539,35390,1791070306422,109424,98054,-1.6646,-0.6479,0.9805,9.31,-0.2,15.33
3540,35400,1791070306422,109465,98072,-1.6665,-0.623,1.0298,12.44,0.49,17.36
3541,35410,1791070306422,109504,98077,-1.6592,-0.5928,1.0732,15.8,4.32,16.24
3542,35420,1791070306422,109533,98083,-1.6362,-0.5713,1.0771,19.13,10.05,14.21
3543,35430,1791070306422,109553,98086,-1.6196,-0.5698,1.0342,20.9,14.79,12.2
3544,35440,1791070306481,109582,98099,-1.6162,-0.5298,0.9565,18.72,11.76,10.82
3545,35450,1791070306481,109609,98109,-1.6089,-0.5259,0.8809,11.83,6.93,9.86
3546,35460,1791070306481,109638,98120,-1.5967,-0.5371,0.8325,3.45,1.34,7.69
3547,35470,1791070306481,109667,98116,-1.5854,-0.5439,0.7842,-2.82,-6.34,7.53
3548,35480,1791070306541,109691,98133,-1.5737,-0.5581,0.8291,-7.65,-13.25,6.93
3549,35490,1791070306541,109708,98138,-1.5762,-0.5664,0.873,-11.65,-15.07,6.55
3550,35500,1791070306541,109739,98138,-1.6133,-0.5781,0.8618,-10.67,-19.69,3.95
3551,35510,1791070306541,109764,98149,-1.582,-0.6025,0.9712,-3.28,-21.13,3.88
3552,35520,1791070306542,109786,98161,-1.5796,-0.5972,1.0708,2.61,-10.14,0.82
3553,35530,1791070306542,109802,98156,-1.6226,-0.6006,1.0869,10.31,-1.04,-2.21
3554,35540,1791070306542,109829,98157,-1.6138,-0.6069,1.0723,15.65,0.26,-3.79
3555,35550,1791070306542,109857,98161,-1.6045,-0.5898,1.043,18.67,1.83,-6.6
3556,35560,1791070306600,109872,98185,-1.5811,-0.5923,1.0244,19.76,6.73,-8.75
3557,35570,1791070306600,109896,98182,-1.5957,-0.5791,0.978,18.66,11.47,-10.95
3558,35580,1791070306600,109910,98180,-1.6123,-0.5781,0.897,15.25,7.11,-10.46
3559,35590,1791070306600,109926,98190,-1.627,-0.5854,0.875,8.44,0.03,-9.37
3560,35600,1791070306661,109935,98203,-1.6431,-0.5874,0.9038,0.87,-9.16,-9.05
3561,35610,1791070306661,109945,98200,-1.645,-0.5874,0.9619,-4.69,-14.75,-7.76
3562,35620,1791070306661,109964,98216,-1.6499,-0.6021,1.0518,-7.79,-12.9,-6.87
3563,35630,1791070306661,109973,98214,-1.6553,-0.604,1.1074,-6.34,-8.44,-7.04
3564,35640,1791070306663,109995,98222,-1.6543,-0.6226,1.1069,-1.73,-2.18,-7.34
3565,35650,1791070306663,110022,98233,-1.6616,-0.6372,1.0576,1.68,-1.36,-5.24
3566,35660,1791070306663,110038,98242,-1.6411,-0.6255,1.0259,2.32,0.66,-2.5
3567,35670,1791070306663,110069,98246,-1.6455,-0.6279,0.9849,1.24,1.22,-2.11
3568,35680,1791070306722,110088,98256,-1.6362,-0.6162,0.9761,1.11,0.53,0.69
3569,35690,1791070306722,110108,98264,-1.6274,-0.623,0.9365,0.66,-0.41,3.1
3570,35700,1791070306722,110125,98280,-1.6187,-0.6211,0.9639,1.36,-1.08,6.06
3571,35710,1791070306722,110143,98270,-1.6357,-0.6235,0.9678,2.09,3.39,7.05
3572,35720,1791070306781,110154,98278,-1.6094,-0.625,0.9702,6.6,7.31,8.03
3573,35730,1791070306781,110169,98275,-1.6113,-0.6157,0.9731,10.6,7.71,10.24
3574,35740,1791070306781,110195,98270,-1.5908,-0.5957,0.9673,13.3,8.73,10.89
3575,35750,1791070306781,110244,98277,-1.6304,-0.5938,1.0347,16.4,8.12,9.13
3576,35760,1791070306782,110311,98292,-1.6255,-0.5908,1.0029,17.39,11.07,8.52
3577,35770,1791070306782,110380,98303,-1.6133,-0.5938,0.9932,18.05,15.04,7.57
3578,35780,1791070306782,110451,98331,-1.6016,-0.5654,0.979,17.79,22.7,4.5
3579,35790,1791070306782,110531,98351,-1.6006,-0.5571,0.9365,13.16,19.94,3.88
3580,35800,1791070306842,110638,98379,-1.6143,-0.585,0.894,5.18,9.1,4.44
3581,35810,1791070306842,110728,98413,-1.605,-0.5659,0.9126,-1.57,-0.05,3.54
3582,35820,1791070306842,110821,98443,-1.5908,-0.5728,0.9438,-8.85,-6.92,3.76
3583,35830,1791070306842,110860,98452,-1.5908,-0.5669,0.9473,-7.63,-8.98,1.88
3584,35840,1791070306903,110795,98434,-1.5864,-0.5649,0.9775,-1.66,-4.06,1.13
3585,35850,1791070306903,110613,98361,-1.6025,-0.5664,0.9775,4.84,2.0,-1.05
3586,35860,1791070306903,110383,98278,-1.6279,-0.5576,1.0205,13.71,9.8,-4.5
3587,35870,1791070306903,110142,98195,-1.6484,-0.5664,0.9722,26.23,6.5,-7.56
3588,35880,1791070306903,109893,98105,-1.6157,-0.5454,0.9526,22.63,-1.47,-6.02
3589,35890,1791070306903,109634,97995,-1.5918,-0.5732,0.9204,18.38,-0.87,-5.85
3590,35900,1791070306903,109383,97906,-1.6382,-0.5591,0.918,7.83,-3.16,-6.32
3591,35910,1791070306903,109158,97817,-1.6431,-0.5723,0.9219,-3.3,-11.45,-5.08
3592,35920,1791070306961,108962,97743,-1.6167,-0.5869,0.9517,-12.92,-17.85,-2.49
3593,35930,1791070306961,108783,97679,-1.6113,-0.5972,0.9419,-15.08,-18.09,-2.27
3594,35940,1791070306961,108651,97623,-1.5981,-0.5874,0.9722,-14.69,-9.69,-2.99
3595,35950,1791070306961,108564,97599,-1.6279,-0.6025,0.9082,-13.88,-10.06,-3.6
3596,35960,1791070307021,108516,97585,-1.6113,-0.5981,0.9663,-7.48,-5.56,-5.07
3597,35970,1791070307021,108512,97587,-1.6445,-0.6191,0.9473,-2.66,-4.58,-4.27
3598,35980,1791070307021,108511,97584,-1.6411,-0.6162,0.9619,0.08,-10.46,-3.62
3599,35990,1791070307021,108523,97589,-1.6475,-0.6309,1.0093,-1.88,-10.14,-3.59
3600,36000,1791070307022,108525,97584,-1.6338,-0.6392,1.0259,-2.44,-7.69,-3.25
3601,36010,1791070307022,108511,97576,-1.6104,-0.6265,1.0771,-2.38,-1.82,-2.08
3602,36020,1791070307022,108503,97569,-1.6431,-0.6167,1.1108,-0.12,2.49,-0.72
3603,36030,1791070307022,108486,97559,-1.6655,-0.606,1.0928,4.78,2.56,0.06
3604,36040,1791070307080,108469,97554,-1.6465,-0.5942,1.0376,9.45,2.14,3.04
3605,36050,1791070307080,108445,97540,-1.6084,-0.584,1.0,13.85,5.22,4.32
3606,36060,1791070307080,108426,97532,-1.5947,-0.5771,0.9424,15.92,7.74,5.5
3607,36070,1791070307080,108409,97523,-1.5977,-0.5752,0.8857,14.14,6.82,5.36
3608,36080,1791070307141,108406,97521,-1.5923,-0.5854,0.875,8.78,4.43,2.84
3609,36090,1791070307141,108422,97526,-1.5815,-0.5874,0.8799,2.09,1.95,-0.67
3610,36100,1791070307141,108434,97534,-1.6001,-0.582,0.9189,-5.11,-3.11,-4.64
3611,36110,1791070307141,108449,97537,-1.6045,-0.5835,0.9326,-9.68,-7.05,-7.62
3612,36120,1791070307142,108458,97538,-1.6128,-0.5884,0.9624,-12.95,-10.53,-10.81
3613,36130,1791070307142,108444,97533,-1.6118,-0.5957,0.9839,-11.79,-10.58,-13.3
3614,36140,1791070307142,108418,97528,-1.6284,-0.5918,1.0156,-10.75,-12.76,-12.09
3615,36150,1791070307142,108375,97508,-1.6519,-0.6011,1.0317,-11.28,-14.56,-9.91
3616,36160,1791070307201,108338,97501,-1.6523,-0.6108,1.0269,-15.33,-16.43,-8.11
3617,36170,1791070307201,108295,97490,-1.6304,-0.6128,1.0479,-18.66,-21.07,-3.63
3618,36180,1791070307201,108273,97494,-1.6245,-0.6221,1.0767,-22.92,-21.82,-0.06
3619,36190,1791070307201,108262,97502,-1.6216,-0.6333,1.0718,-25.45,-20.92,2.43
3620,36200,1791070307262,108271,97500,-1.5898,-0.6436,1.0742,-19.34,-16.99,3.8
3621,36210,1791070307262,108305,97526,-1.606,-0.6528,1.0635,-10.08,-8.55,2.5
3622,36220,1791070307262,108351,97556,-1.6074,-0.6582,1.0117,-0.46,-1.88,3.15
3623,36230,1791070307262,108404,97578,-1.6206,-0.6704,0.9688,5.31,3.62,3.28
3624,36240,1791070307262,108468,97607,-1.6226,-0.6631,0.9438,10.5,6.55,4.46
3625,36250,1791070307262,108536,97634,-1.6372,-0.6543,0.9507,10.49,4.14,6.79
3626,36260,1791070307262,108623,97646,-1.6475,-0.6382,0.9824,8.02,-0.66,7.89
3627,36270,1791070307262,108719,97698,-1.6484,-0.6191,1.0132,2.05,-6.12,7.73
3628,36280,1791070307322,108819,97728,-1.6245,-0.5903,1.0386,-3.28,-9.57,7.74
3629,36290,1791070307322,108927,97766,-1.6123,-0.5737,1.0469,-6.47,-10.52,5.42
3630,36300,1791070307322,109032,97802,-1.5762,-0.5547,1.0371,-8.31,-7.31,1.92
3631,36310,1791070307322,109121,97828,-1.605,-0.5713,0.998,-8.44,-3.34,-1.85
3632,36320,1791070307381,109198,97866,-1.5869,-0.5669,0.9648,-9.33,-3.83,-3.98
3633,36330,1791070307381,109265,97886,-1.585,-0.5713,0.9233,-8.98,-3.59,-5.01
3634,36340,1791070307381,109316,97915,-1.5737,-0.6011,0.9204,-6.79,-2.03,-6.26
3635,36350,1791070307381,109360,97936,-1.5645,-0.606,0.9287,-4.14,-0.93,-6.35
3636,36360,1791070307382,109405,97951,-1.5815,-0.6172,0.9697,-3.91,-2.98,-4.75
3637,36370,1791070307382,109441,97969,-1.5986,-0.6216,0.9648,-3.08,-3.44,-4.84
3638,36380,1791070307382,109484,97985,-1.6064,-0.623,0.9873,-1.11,-3.66,-4.73
3639,36390,1791070307382,109521,98001,-1.605,-0.6191,0.9741,2.14,-3.73,-3.57
3640,36400,1791070307442,109560,98014,-1.6152,-0.6108,1.0195,4.56,-3.3,-2.5
3641,36410,1791070307442,109590,98027,-1.6333,-0.6069,1.0474,4.52,-1.97,-1.68
3642,36420,1791070307442,109615,98034,-1.6328,-0.6001,1.0708,4.64,-1.1,-1.59
3643,36430,1791070307442,109638,98039,-1.6255,-0.6118,1.0625,5.22,0.53,0.4
3644,36440,1791070307502,109647,98041,-1.625,-0.6045,1.0576,5.71,1.65,0.93
3645,36450,1791070307502,109656,98042,-1.6089,-0.6182,1.0449,4.63,2.21,3.95
3646,36460,1791070307502,109653,98027,-1.623,-0.6104,1.0269,3.82,3.21,3.85
3647,36470,1791070307502,109656,98018,-1.6167,-0.6187,0.9771,4.29,-0.03,5.65
3648,36480,1791070307503,109665,98017,-1.6064,-0.624,0.9443,5.02,-2.56,7.98
3649,36490,1791070307503,109670,98023,-1.5986,-0.6235,0.936,3.42,-0.4,8.26
3650,36500,1791070307503,109689,98022,-1.5898,-0.6099,0.9248,1.66,3.92,6.47
3651,36510,1791070307503,109707,98036,-1.606,-0.6089,0.96,3.37,4.96,6.56
3652,36520,1791070307561,109742,98038,-1.6162,-0.606,0.9604,4.79,2.53,6.41
3653,36530,1791070307561,109773,98046,-1.6362,-0.6128,0.9668,3.4,-0.14,5.66
3654,36540,1791070307561,109808,98054,-1.6167,-0.6104,0.9795,1.4,0.23,6.41
3655,36550,1791070307561,109831,98063,-1.624,-0.5938,1.0117,-1.07,0.56,7.36
3656,36560,1791070307620,109857,98066,-1.6382,-0.5923,1.0225,0.14,-0.58,8.23
3657,36570,1791070307620,109886,98067,-1.6274,-0.5977,1.0361,1.56,-2.96,9.16
3658,36580,1791070307620,109907,98064,-1.6094,-0.603,1.0181,1.92,-3.01,9.11
3659,36590,1791070307620,109922,98062,-1.5972,-0.603,0.9951,2.92,-1.69,8.89
3660,36600,1791070307622,109934,98053,-1.5791,-0.6021,1.0122,2.82,-0.44,6.66
3661,36610,1791070307622,109941,98046,-1.5728,-0.5942,1.0078,-1.39,1.1,4.21
3662,36620,1791070307622,109956,98045,-1.5654,-0.6021,1.0103,-4.38,4.41,0.52
3663,36630,1791070307622,109951,98038,-1.5454,-0.5947,0.9751,-2.76,4.66,-1.37
3664,36640,1791070307683,109950,98024,-1.5474,-0.5864,0.9404,-5.08,2.0,-4.09
3665,36650,1791070307683,109933,98010,-1.5508,-0.5796,0.9116,-9.18,-0.2,-6.53
3666,36660,1791070307683,109927,98001,-1.5581,-0.5859,0.9004,-10.27,-3.73,-7.97
3667,36670,1791070307683,109911,97997,-1.5605,-0.5898,0.9209,-7.59,-6.93,-6.21
3668,36680,1791070307743,109890,97992,-1.5601,-0.603,0.9619,-4.11,-2.6,-4.37
3669,36690,1791070307743,109863,97980,-1.5947,-0.6045,1.0122,0.17,-2.37,-2.89
3670,36700,1791070307743,109845,97956,-1.6108,-0.6284,1.0552,-0.41,-8.11,-1.74
3671,36710,1791070307743,109840,97946,-1.6108,-0.6338,1.082,-2.63,-7.22,-2.18
3672,36720,1791070307743,109834,97948,-1.6001,-0.6416,1.1104,-4.87,-4.29,-4.05
3673,36730,1791070307743,109821,97945,-1.5981,-0.6519,1.1211,-7.76,-0.81,-5.57
3674,36740,1791070307743,109822,97938,-1.6152,-0.6509,1.0796,-6.95,5.4,-7.25
3675,36750,1791070307743,109822,97937,-1.6099,-0.6533,1.0215,-3.86,9.5,-7.54
3676,36760,1791070307801,109810,97926,-1.6108,-0.6284,0.9521,2.67,13.94,-5.57
3677,36770,1791070307801,109784,97920,-1.6011,-0.6152,0.8706,10.43,19.11,-2.49
3678,36780,1791070307801,109716,97897,-1.6089,-0.5898,0.7949,18.17,14.9,0.87
3679,36790,1791070307801,109613,97855,-1.6118,-0.5723,0.7915,22.14,6.24,4.73
3680,36800,1791070307860,109480,97811,-1.6162,-0.5581,0.8467,15.19,-2.58,4.61
3681,36810,1791070307860,109335,97758,-1.6406,-0.5542,0.937,2.03,-9.8,1.51
3682,36820,1791070307860,109195,97719,-1.626,-0.564,1.0391,-12.73,-18.87,-1.36
3683,36830,1791070307860,109057,97671,-1.6157,-0.5908,1.1357,-23.73,-24.55,-4.34
3684,36840,1791070307861,108923,97632,-1.6387,-0.604,1.2173,-28.72,-21.07,-9.4
3685,36850,1791070307861,108810,97597,-1.6333,-0.6318,1.23,-28.64,-15.21,-12.44
3686,36860,1791070307861,108723,97582,-1.6294,-0.6406,1.1733,-23.79,-9.07,-11.91
3687,36870,1791070307861,108662,97563,-1.6177,-0.6572,1.0903,-17.11,-5.15,-8.35
3688,36880,1791070307922,108636,97565,-1.5918,-0.6626,0.9868,-5.95,-1.04,-3.34
3689,36890,1791070307922,108639,97572,-1.5732,-0.6455,0.8867,6.0,5.31,1.57
3690,36900,1791070307922,108659,97588,-1.5942,-0.6479,0.8066,12.52,8.4,6.34
3691,36910,1791070307922,108712,97610,-1.6113,-0.647,0.7808,14.24,8.32,8.4
3692,36920,1791070307983,108788,97639,-1.6201,-0.6353,0.8208,12.78,7.45,10.55
3693,36930,1791070307983,108872,97663,-1.6318,-0.6372,0.8726,12.21,6.56,11.5
3694,36940,1791070307983,108957,97692,-1.6318,-0.6353,0.9194,14.53,6.52,10.21
3695,36950,1791070307983,109044,97716,-1.6274,-0.6372,0.9507,15.92,7.34,7.3
3696,36960,1791070307983,109141,97745,-1.6284,-0.6304,0.979,15.15,5.83,5.88
3697,36970,1791070307983,109235,97773,-1.6362,-0.6157,1.0288,10.34,-1.22,3.71
3698,36980,1791070307983,109334,97798,-1.6475,-0.6118,1.0957,-1.8,-8.0,0.84
3699,36990,1791070307983,109422,97821,-1.6157,-0.6328,1.1221,-5.19,-7.21,-0.9
3700,37000,1791070308042,109500,97847,-1.6099,-0.6372,1.1284,-9.1,-7.66,-1.77
3701,37010,1791070308042,109540,97853,-1.6221,-0.6353,1.1152,-14.41,-7.56,-1.34
3702,37020,1791070308042,109549,97855,-1.5938,-0.6328,1.1035,-12.2,-4.24,-1.01
3703,37030,1791070308042,109539,97848,-1.5771,-0.625,1.0703,-4.26,1.74,2.24
3704,37040,1791070308102,109514,97836,-1.5635,-0.6382,1.0171,2.56,10.35,3.22
3705,37050,1791070308102,109471,97824,-1.5708,-0.6353,0.9263,5.28,15.6,3.98
3706,37060,1791070308102,109433,97805,-1.5938,-0.6323,0.8628,6.34,13.01,4.03
3707,37070,1791070308102,109385,97782,-1.6089,-0.624,0.8071,4.92,8.26,5.34
3708,37080,1791070308103,109338,97767,-1.6001,-0.627,0.7739,2.49,2.79,6.7
3709,37090,1791070308103,109295,97745,-1.6162,-0.626,0.8057,1.88,0.08,7.65
3710,37100,1791070308103,109257,97724,-1.6069,-0.6284,0.8721,3.4,-2.56,7.76
3711,37110,1791070308103,109217,97707,-1.6055,-0.6128,0.981,1.21,-5.22,5.66
3712,37120,1791070308163,109194,97689,-1.6167,-0.6152,1.105,-4.69,-5.5,1.98
3713,37130,1791070308163,109145,97675,-1.627,-0.624,1.1807,-9.33,-3.27,-2.56
3714,37140,1791070308163,109114,97660,-1.6099,-0.6274,1.2144,-10.44,-0.08,-5.21
3715,37150,1791070308163,109086,97633,-1.6147,-0.6226,1.1812,-9.82,1.74,-5.66
3716,37160,1791070308223,109054,97623,-1.5923,-0.6201,1.1172,-8.89,4.35,-3.77
3717,37170,1791070308223,109019,97607,-1.5801,-0.6426,0.9961,-4.73,8.29,-1.63
3718,37180,1791070308223,109001,97595,-1.5527,-0.6313,0.9053,-0.84,11.11,2.41
3719,37190,1791070308223,108980,97582,-1.5679,-0.6299,0.8545,3.51,12.4,6.38
3720,37200,1791070308282,108977,97580,-1.5728,-0.627,0.8271,6.93,9.62,8.84
3721,37210,1791070308282,108974,97580,-1.5815,-0.6123,0.8306,8.5,9.16,9.54
3722,37220,1791070308282,108975,97583,-1.5845,-0.5947,0.8569,9.37,8.24,9.15
3723,37230,1791070308282,108989,97582,-1.5864,-0.582,0.8926,8.89,9.56,6.76
3724,37240,1791070308282,109012,97586,-1.6016,-0.5684,0.9009,12.52,12.58,4.41
3725,37250,1791070308282,109033,97592,-1.6177,-0.5718,0.9287,15.94,9.89,2.44
3726,37260,1791070308282,109080,97600,-1.6411,-0.5645,0.9712,13.45,5.37,1.62
3727,37270,1791070308282,109143,97617,-1.6655,-0.5679,0.978,5.91,-2.9,1.92
3728,37280,1791070308341,109200,97640,-1.6733,-0.583,1.0215,-3.05,-12.58,4.05
3729,37290,1791070308341,109247,97658,-1.6636,-0.6025,1.0459,-13.95,-19.24,5.83
3730,37300,1791070308341,109297,97660,-1.6548,-0.603,1.0786,-21.13,-21.85,7.24
3731,37310,1791070308341,109314,97676,-1.6313,-0.5967,1.0894,-22.44,-23.13,8.2
3732,37320,1791070308342,109341,97675,-1.6094,-0.6328,1.0923,-20.79,-18.32,10.0
3733,37330,1791070308342,109353,97680,-1.5981,-0.6191,1.0557,-11.68,-8.44,8.9
3734,37340,1791070308342,109366,97683,-1.5781,-0.6147,1.0112,1.11,3.69,7.73
3735,37350,1791070308342,109376,97684,-1.5723,-0.5815,0.9478,13.65,15.6,4.12
3736,37360,1791070308401,109388,97689,-1.5864,-0.5698,0.8486,22.47,19.24,3.28
3737,37370,1791070308401,109409,97701,-1.5957,-0.5635,0.7964,26.67,17.19,3.6
3738,37380,1791070308401,109441,97718,-1.6162,-0.5537,0.793,26.78,12.55,3.86
3739,37390,1791070308401,109470,97732,-1.644,-0.5269,0.8369,25.16,12.99,3.59
3740,37400,1791070308463,109518,97746,-1.6753,-0.5483,0.7749,17.11,-2.82,4.21
3741,37410,1791070308463,109560,97764,-1.6714,-0.5352,0.8594,5.4,-19.18,5.94
3742,37420,1791070308463,109600,97773,-1.6567,-0.5674,0.9976,-7.25,-24.58,3.33
3743,37430,1791070308463,109636,97783,-1.6567,-0.5869,1.0942,-16.99,-23.16,1.57
3744,37440,1791070308463,109664,97790,-1.6445,-0.5913,1.1309,-20.56,-21.59,-1.36
3745,37450,1791070308463,109681,97788,-1.6245,-0.5981,1.1396,-18.44,-17.05,-3.91
3746,37460,1791070308463,109710,97804,-1.6084,-0.6143,1.104,-14.0,-11.4,-5.45
3747,37470,1791070308463,109731,97813,-1.5889,-0.6182,1.0425,-7.57,-6.23,-7.01
3748,37480,1791070308523,109751,97823,-1.5923,-0.6196,0.9785,-0.09,1.44,-7.76
3749,37490,1791070308523,109761,97837,-1.5811,-0.6343,0.9136,7.83,7.59,-7.02
3750,37500,1791070308523,109779,97849,-1.5835,-0.6279,0.8862,17.01,12.47,-4.72
3751,37510,1791070308523,109778,97851,-1.5947,-0.605,0.8745,27.02,19.65,-1.36
3752,37520,1791070308581,109780,97849,-1.6216,-0.5806,0.8862,33.42,19.62,2.61
3753,37530,1791070308581,109739,97840,-1.6479,-0.562,0.9009,33.5,16.12,4.31
3754,37540,1791070308581,109665,97814,-1.6694,-0.5503,0.8931,24.32,7.88,7.05
3755,37550,1791070308581,109560,97775,-1.6714,-0.5527,0.9326,12.46,-3.79,8.4
3756,37560,1791070308582,109423,97730,-1.6689,-0.5601,0.9595,-3.19,-15.44,6.26
3757,37570,1791070308582,109264,97681,-1.6748,-0.5884,1.0488,-20.4,-26.4,4.67
3758,37580,1791070308582,109128,97631,-1.6509,-0.6069,1.1411,-32.15,-30.93,1.8
3759,37590,1791070308582,108985,97582,-1.6484,-0.6377,1.1821,-40.06,-31.37,-1.11
3760,37600,1791070308643,108857,97544,-1.6143,-0.6616,1.1802,-40.44,-28.7,-3.91
3761,37610,1791070308643,108745,97513,-1.5713,-0.6714,1.1304,-32.9,-18.14,-4.27
3762,37620,1791070308643,108650,97469,-1.5596,-0.6719,1.0894,-18.2,-2.67,-4.85
3763,37630,1791070308643,108587,97447,-1.5444,-0.666,0.9922,0.05,12.06,-3.88
3764,37640,1791070308702,108552,97440,-1.5493,-0.6353,0.9131,17.19,21.79,-1.77
3765,37650,1791070308702,108531,97440,-1.5693,-0.6162,0.8652,25.24,24.14,0.93
3766,37660,1791070308702,108550,97446,-1.5835,-0.5972,0.8149,28.79,22.99,1.83
3767,37670,1791070308702,108579,97451,-1.5801,-0.5664,0.813,28.98,18.4,4.56
3768,37680,1791070308702,108631,97473,-1.6064,-0.5518,0.8145,26.67,9.79,6.02
3769,37690,1791070308702,108673,97491,-1.6196,-0.5474,0.8491,18.89,-0.75,8.55
3770,37700,1791070308702,108741,97505,-1.6416,-0.5591,0.9097,9.34,-10.67,8.21
3771,37710,1791070308702,108801,97533,-1.645,-0.5703,0.9697,-2.99,-18.12,7.01
3772,37720,1791070308762,108858,97547,-1.646,-0.5708,1.0342,-13.68,-26.99,6.87
3773,37730,1791070308762,108904,97558,-1.6313,-0.6128,1.1035,-19.56,-29.82,5.4
3774,37740,1791070308762,108937,97579,-1.6392,-0.6104,1.1611,-24.29,-30.21,1.74
3775,37750,1791070308762,108959,97576,-1.6357,-0.626,1.1885,-26.99,-25.6,-1.11
3776,37760,1791070308822,108976,97588,-1.6045,-0.6465,1.186,-21.28,-14.49,-4.46
3777,37770,1791070308822,108978,97588,-1.5801,-0.6362,1.1294,-10.35,1.01,-4.7
3778,37780,1791070308822,108986,97583,-1.5952,-0.6235,1.0352,4.55,14.66,-4.84
3779,37790,1791070308822,108983,97583,-1.5898,-0.6235,0.9512,16.46,19.95,-2.69
3780,37800,1791070308822,108978,97588,-1.5874,-0.6108,0.8638,26.03,22.63,0.61
3781,37810,1791070308822,108967,97584,-1.5962,-0.5898,0.833,28.87,19.59,4.43
3782,37820,1791070308822,108954,97589,-1.6201,-0.564,0.8398,26.44,16.08,6.41
3783,37830,1791070308822,108952,97576,-1.6328,-0.5498,0.8647,22.6,13.15,5.76
3784,37840,1791070308884,108944,97584,-1.6348,-0.5308,0.8799,17.48,10.72,5.1
3785,37850,1791070308884,108937,97580,-1.6514,-0.5278,0.9067,12.08,0.78,6.87
3786,37860,1791070308884,108922,97571,-1.6499,-0.5264,0.9336,2.26,-8.58,6.37
3787,37870,1791070308884,108924,97571,-1.6582,-0.5303,1.0078,-11.83,-14.43,3.66
3788,37880,1791070308942,108921,97579,-1.6616,-0.5503,1.0391,-25.66,-22.34,2.2
3789,37890,1791070308942,108931,97572,-1.6675,-0.5854,1.085,-38.21,-30.15,0.66
3790,37900,1791070308942,108931,97575,-1.6548,-0.6113,1.1445,-44.92,-33.1,0.7
3791,37910,1791070308942,108932,97571,-1.6479,-0.644,1.1548,-41.97,-30.73,0.27
3792,37920,1791070308942,108933,97573,-1.6128,-0.6665,1.1421,-30.66,-21.48,1.6
3793,37930,1791070308942,108925,97567,-1.605,-0.6631,1.1074,-11.83,-6.06,2.35
3794,37940,1791070308942,108941,97567,-1.5737,-0.6543,1.062,9.18,10.2,4.12
3795,37950,1791070308942,108959,97572,-1.5601,-0.6245,0.9731,28.53,24.76,5.94
3796,37960,1791070309001,108991,97580,-1.5723,-0.584,0.8853,40.11,31.62,6.03
3797,37970,1791070309001,109052,97603,-1.5996,-0.5767,0.8208,43.54,31.21,6.73
3798,37980,1791070309001,109121,97630,-1.6128,-0.54,0.812,40.93,25.79,5.88
3799,37990,1791070309001,109194,97659,-1.6265,-0.5386,0.8032,31.25,15.6,6.93
3800,38000,1791070309121,109281,97683,-1.6255,-0.5142,0.9331,17.8,-1.54,7.77
3801,38010,1791070309121,109364,97705,-1.6582,-0.5376,0.9238,-1.85,-7.21,3.73
3802,38020,1791070309121,109437,97742,-1.6719,-0.5771,0.9697,-20.26,-21.94,2.75
3803,38030,1791070309121,109499,97749,-1.6494,-0.5835,1.1011,-32.32,-28.82,2.44
3804,38040,1791070309122,109542,97757,-1.6494,-0.6011,1.1426,-38.85,-28.32,-0.14
3805,38050,1791070309122,109572,97770,-1.6274,-0.6089,1.1841,-40.32,-26.76,-1.56
3806,38060,1791070309122,109594,97765,-1.6079,-0.6309,1.1797,-36.56,-20.76,-2.76
3807,38070,1791070309122,109607,97769,-1.5732,-0.6235,1.1362,-24.24,-7.51,-3.97
3808,38080,1791070309124,109610,97768,-1.564,-0.6104,1.0576,-7.56,5.51,-3.88
3809,38090,1791070309124,109614,97775,-1.5532,-0.605,0.9731,8.26,14.23,-2.17
3810,38100,1791070309124,109619,97769,-1.5454,-0.6084,0.8823,21.5,18.92,0.46
3811,38110,1791070309124,109627,97770,-1.5728,-0.5952,0.8413,26.63,19.22,2.03
3812,38120,1791070309181,109650,97777,-1.5708,-0.5879,0.8052,26.26,18.55,2.79
3813,38130,1791070309181,109672,97785,-1.5918,-0.561,0.8247,22.26,15.08,3.1
3814,38140,1791070309181,109701,97802,-1.6157,-0.5469,0.8647,15.01,8.38,2.93
3815,38150,1791070309181,109737,97811,-1.6206,-0.5381,0.9062,3.1,-0.52,1.15
3816,38160,1791070309182,109769,97820,-1.6304,-0.5479,0.9443,-8.0,-10.02,-1.02
3817,38170,1791070309182,109789,97821,-1.6284,-0.5625,0.9937,-17.92,-19.28,-1.15
3818,38180,1791070309182,109804,97831,-1.6348,-0.5869,1.0713,-25.71,-22.41,-3.15
3819,38190,1791070309182,109828,97833,-1.6392,-0.6006,1.1255,-30.69,-23.86,-2.93
3820,38200,1791070309241,109840,97839,-1.6299,-0.6162,1.1172,-30.5,-24.64,-2.82
3821,38210,1791070309241,109846,97841,-1.6079,-0.6313,1.1309,-23.56,-19.1,-1.01
3822,38220,1791070309241,109852,97848,-1.5781,-0.6304,1.1045,-12.56,-8.98,-0.18
3823,38230,1791070309241,109858,97853,-1.5469,-0.6191,1.0571,1.85,4.66,0.26
3824,38240,1791070309302,109885,97859,-1.5669,-0.5894,0.9854,12.27,13.71,0.11
3825,38250,1791070309302,109889,97862,-1.5913,-0.5947,0.9424,13.19,12.95,-0.46
3826,38260,1791070309302,109900,97870,-1.5869,-0.5767,0.9048,13.85,11.59,-1.91
3827,38270,1791070309302,109903,97865,-1.5898,-0.5771,0.8916,14.67,12.15,-1.62
3828,38280,1791070309303,109860,97850,-1.6094,-0.5771,0.8604,13.47,11.79,-1.54
3829,38290,1791070309303,109770,97825,-1.6514,-0.5659,0.8545,10.29,6.82,-0.9
3830,38300,1791070309303,109641,97777,-1.6626,-0.563,0.8701,2.87,-3.51,0.85
3831,38310,1791070309303,109501,97729,-1.6519,-0.5767,0.9141,-3.86,-12.78,2.89
3832,38320,1791070309362,109325,97677,-1.6484,-0.5806,0.9995,-8.9,-17.01,3.31
3833,38330,1791070309362,109159,97624,-1.646,-0.5879,1.0527,-11.22,-18.38,3.6
3834,38340,1791070309362,108999,97562,-1.6465,-0.6104,1.1113,-13.1,-17.31,3.19
3835,38350,1791070309362,108847,97514,-1.6553,-0.6123,1.1523,-16.75,-14.96,1.16
3836,38360,1791070309423,108728,97473,-1.6421,-0.6123,1.1479,-16.46,-12.26,-0.44
3837,38370,1791070309423,108631,97433,-1.6138,-0.6372,1.1162,-13.54,-5.33,-1.69
3838,38380,1791070309423,108551,97410,-1.5908,-0.6274,1.0679,-5.79,3.25,-1.28
3839,38390,1791070309423,108503,97387,-1.603,-0.6279,0.9917,2.24,9.13,0.08
3840,38400,1791070309423,108472,97387,-1.5864,-0.6294,0.9287,9.83,13.37,2.17
3841,38410,1791070309423,108473,97384,-1.5879,-0.6187,0.897,14.98,15.91,4.2
3842,38420,1791070309423,108491,97396,-1.6089,-0.605,0.8667,17.07,14.64,6.31
3843,38430,1791070309423,108535,97407,-1.6196,-0.5996,0.8745,17.4,11.79,7.88
3844,38440,1791070309482,108583,97414,-1.6211,-0.5835,0.8945,14.34,7.97,8.18
3845,38450,1791070309482,108630,97431,-1.627,-0.5669,0.9385,9.18,5.68,7.98
3846,38460,1791070309482,108680,97449,-1.6294,-0.5698,0.958,4.12,1.42,6.17
3847,38470,1791070309482,108721,97452,-1.627,-0.5869,0.9849,-0.75,-4.05,5.97
3848,38480,1791070309543,108753,97457,-1.6328,-0.5493,1.0234,-8.96,-7.74,2.29
3849,38490,1791070309543,108775,97457,-1.6313,-0.5854,1.0723,-18.66,-14.5,-0.81
3850,38500,1791070309543,108799,97455,-1.6274,-0.6045,1.0669,-26.7,-19.04,-1.85
3851,38510,1791070309543,108812,97457,-1.6177,-0.6313,1.0781,-32.4,-21.21,-3.33
3852,38520,1791070309543,108821,97459,-1.606,-0.6499,1.0947,-30.89,-15.79,-4.14
3853,38530,1791070309543,108828,97463,-1.5703,-0.647,1.0938,-19.53,-3.5,-5.37
3854,38540,1791070309543,108836,97457,-1.5449,-0.6274,1.0527,-2.27,11.19,-4.18
3855,38550,1791070309543,108837,97458,-1.5542,-0.625,1.001,15.85,21.42,-3.76
3856,38560,1791070309601,108833,97461,-1.5718,-0.5991,0.9287,29.57,31.98,-5.45
3857,38570,1791070309601,108824,97451,-1.5679,-0.5957,0.8657,34.85,34.98,-5.28
3858,38580,1791070309601,108830,97451,-1.5894,-0.5713,0.8174,32.9,29.45,-5.62
3859,38590,1791070309601,108821,97446,-1.6284,-0.5972,0.8311,22.5,21.02,-4.7
3860,38600,1791070309661,108817,97436,-1.6064,-0.5078,0.8594,9.28,11.8,-5.85
3861,38610,1791070309661,108794,97435,-1.644,-0.5337,0.8701,-2.52,-0.08,-4.7
3862,38620,1791070309661,108768,97424,-1.6494,-0.5493,0.9185,-14.56,-13.33,-2.32
3863,38630,1791070309661,108739,97416,-1.6597,-0.5728,0.9829,-26.18,-21.16,-2.32
3864,38640,1791070309663,108719,97406,-1.6494,-0.5938,1.063,-30.56,-27.05,-1.65
3865,38650,1791070309663,108686,97395,-1.6421,-0.6289,1.1338,-28.73,-24.32,-0.09
3866,38660,1791070309663,108676,97388,-1.6465,-0.6406,1.1455,-22.17,-17.92,-1.18
3867,38670,1791070309663,108676,97391,-1.6299,-0.6528,1.1553,-13.01,-10.21,-1.34
3868,38680,1791070309722,108686,97393,-1.605,-0.6475,1.0615,-5.08,-7.21,-0.67
3869,38690,1791070309722,108707,97395,-1.5737,-0.6353,1.0503,2.61,1.66,0.75
3870,38700,1791070309722,108722,97416,-1.5879,-0.6201,0.9702,7.05,10.87,-0.06
3871,38710,1791070309722,108754,97427,-1.5996,-0.5933,0.9546,4.95,10.76,1.91
3872,38720,1791070309781,108789,97443,-1.6128,-0.6099,0.8867,3.65,6.52,3.62
3873,38730,1791070309781,108828,97450,-1.5923,-0.6011,0.8691,5.16,5.1,4.56
3874,38740,1791070309781,108867,97457,-1.6064,-0.5806,0.9067,6.18,4.96,6.05
3875,38750,1791070309781,108917,97469,-1.5933,-0.5747,0.9121,9.24,10.43,5.86
3876,38760,1791070309782,108973,97487,-1.6235,-0.5786,0.9014,13.68,14.43,4.14
3877,38770,1791070309782,109019,97506,-1.626,-0.5601,0.876,16.67,9.56,2.15
3878,38780,1791070309782,109089,97523,-1.6348,-0.5415,0.8931,15.79,3.86,-0.17
3879,38790,1791070309782,109144,97542,-1.6411,-0.5488,0.8804,10.2,-5.16,-0.29
3880,38800,1791070309843,109188,97549,-1.6392,-0.5615,0.8721,1.39,-16.92,-0.72
3881,38810,1791070309843,109221,97561,-1.6436,-0.5986,0.9199,-12.61,-27.05,-0.92
3882,38820,1791070309843,109242,97572,-1.6309,-0.6279,1.0195,-26.17,-31.37,-1.66
3883,38830,1791070309843,109243,97565,-1.6172,-0.646,1.1143,-33.21,-30.96,-3.45
3884,38840,1791070309903,109243,97571,-1.6045,-0.6475,1.1616,-26.95,-24.87,-2.89
3885,38850,1791070309903,109250,97578,-1.6074,-0.6553,1.1631,-16.49,-16.12,-2.06
3886,38860,1791070309903,109240,97579,-1.5815,-0.6616,1.1411,-3.07,-3.01,-1.73
3887,38870,1791070309903,109253,97575,-1.5732,-0.6538,1.0854,10.4,10.9,-2.14
3888,38880,1791070309962,109262,97594,-1.563,-0.6294,0.9771,21.51,20.35,-2.96
3889,38890,1791070309962,109284,97608,-1.5732,-0.6177,0.8926,29.15,24.69,-1.5
3890,38900,1791070309962,109330,97614,-1.5933,-0.5991,0.8335,30.21,21.16,0.31
3891,38910,1791070309962,109371,97635,-1.5942,-0.5845,0.8159,26.29,18.53,2.67
3892,38920,1791070309963,109412,97654,-1.6309,-0.5654,0.8164,17.39,11.34,5.73
3893,38930,1791070309963,109458,97664,-1.6626,-0.5757,0.8594,6.87,-1.18,8.4
3894,38940,1791070309963,109512,97676,-1.6631,-0.5674,0.9194,-3.86,-11.4,7.54
3895,38950,1791070309963,109573,97690,-1.6548,-0.5767,0.9834,-12.52,-20.85,5.48
3896,38960,1791070310021,109624,97702,-1.6494,-0.5796,1.0967,-19.39,-23.01,2.02
3897,38970,1791070310021,109665,97735,-1.6318,-0.5962,1.126,-24.89,-21.36,-2.47
3898,38980,1791070310021,109715,97731,-1.6421,-0.623,1.1523,-27.48,-18.32,-6.34
3899,38990,1791070310021,109736,97746,-1.6138,-0.6548,1.0874,-25.76,-16.08,-7.19
3900,39000,1791070310022,109763,97749,-1.5913,-0.666,1.0522,-21.83,-10.81,-6.85
3901,39010,1791070310022,109775,97754,-1.5669,-0.6743,0.9995,-15.13,-4.72,-4.93
3902,39020,1791070310022,109789,97761,-1.5625,-0.6699,0.9556,-7.31,0.56,-3.69
3903,39030,1791070310022,109805,97762,-1.5493,-0.6743,0.9468,1.54,5.13,-1.89
3904,39040,1791070310082,109829,97779,-1.5684,-0.667,0.9473,10.37,14.79,-1.69
3905,39050,1791070310082,109825,97777,-1.5923,-0.6396,0.9375,17.33,23.51,-2.14
3906,39060,1791070310082,109820,97772,-1.6157,-0.6201,0.8657,23.39,26.73,0.14
3907,39070,1791070310082,109763,97751,-1.6396,-0.6045,0.7964,26.27,21.77,4.56
3908,39080,1791070310141,109652,97725,-1.6294,-0.5825,0.7847,22.82,11.98,6.55
3909,39090,1791070310141,109526,97678,-1.6445,-0.5781,0.8057,11.1,-1.82,7.34
3910,39100,1791070310141,109364,97615,-1.6411,-0.5801,0.8413,-7.08,-19.77,7.44
3911,39110,1791070310141,109174,97562,-1.6216,-0.6064,0.9775,-22.81,-31.83,5.68
3912,39120,1791070310142,108987,97481,-1.6079,-0.6196,1.0942,-33.25,-33.69,1.74
3913,39130,1791070310142,108792,97416,-1.6045,-0.6499,1.1768,-36.11,-30.18,-1.21
3914,39140,1791070310142,108607,97347,-1.5913,-0.6533,1.2168,-31.08,-23.88,-1.39
3915,39150,1791070310142,108435,97288,-1.5938,-0.6616,1.1934,-17.88,-12.92,0.17
3916,39160,1791070310201,108298,97238,-1.5977,-0.6724,1.1157,-3.71,0.12,3.76
3917,39170,1791070310201,108212,97219,-1.585,-0.6416,1.0884,5.82,6.82,4.85
3918,39180,1791070310201,108178,97217,-1.5874,-0.6357,1.0225,11.21,13.51,4.84
3919,39190,1791070310201,108173,97209,-1.5806,-0.6387,0.959,11.33,15.57,5.63
3920,39200,1791070310262,108166,97206,-1.5811,-0.625,0.9668,11.44,15.89,5.34
3921,39210,1791070310262,108170,97206,-1.5928,-0.6089,0.9336,12.76,17.6,4.32
3922,39220,1791070310262,108184,97211,-1.6001,-0.5771,0.8955,16.63,17.1,4.17
3923,39230,1791070310262,108211,97214,-1.5938,-0.5732,0.8716,19.77,16.24,4.08
3924,39240,1791070310262,108236,97221,-1.6035,-0.5259,0.8623,20.84,18.06,5.21
3925,39250,1791070310262,108271,97237,-1.624,-0.5098,0.8398,16.06,12.14,0.72
3926,39260,1791070310262,108321,97264,-1.6519,-0.5244,0.792,0.76,-3.05,0.4
3927,39270,1791070310262,108381,97280,-1.6606,-0.5312,0.8994,-12.26,-16.98,-1.05
3928,39280,1791070310322,108459,97300,-1.6489,-0.5483,0.9561,-23.45,-24.49,-4.4
3929,39290,1791070310322,108518,97338,-1.6499,-0.5928,1.0498,-32.58,-26.14,-4.9
3930,39300,1791070310322,108595,97348,-1.6494,-0.6333,1.1084,-34.41,-22.52,-5.24
3931,39310,1791070310322,108682,97380,-1.6602,-0.6235,1.1401,-29.77,-21.57,-5.25
3932,39320,1791070310383,108789,97423,-1.6279,-0.6357,1.1641,-16.12,-12.4,-1.89
3933,39330,1791070310383,108881,97451,-1.6289,-0.6299,1.0952,2.53,-0.17,-1.69
3934,39340,1791070310383,108979,97494,-1.6084,-0.6338,1.0474,19.13,13.73,-0.46
3935,39350,1791070310383,109073,97525,-1.6348,-0.6162,0.9717,22.75,16.9,0.0
3936,39360,1791070310383,109161,97551,-1.6396,-0.6323,0.918,15.77,15.04,-1.51
3937,39370,1791070310383,109234,97572,-1.623,-0.6367,0.8862,4.85,10.47,-2.4
3938,39380,1791070310383,109322,97586,-1.6187,-0.6455,0.8525,-8.79,1.13,-4.92
3939,39390,1791070310383,109378,97618,-1.6182,-0.6421,0.8857,-19.57,0.31,-5.07
3940,39400,1791070310448,109422,97633,-1.6479,-0.6553,0.8823,-25.18,-9.48,-4.69
3941,39410,1791070310448,109455,97635,-1.6138,-0.6655,0.9116,-23.59,-17.8,-2.23
3942,39420,1791070310448,109464,97632,-1.6289,-0.6709,0.9595,-23.95,-10.58,-1.1
3943,39430,1791070310448,109444,97634,-1.6758,-0.6675,0.9878,-25.57,-10.81,-1.76
3944,39440,1791070310502,109419,97621,-1.5869,-0.6611,1.0317,-13.56,-8.99,-1.91
3945,39450,1791070310502,109410,97626,-1.6021,-0.6509,1.064,-8.32,-3.66,-0.84
3946,39460,1791070310502,109413,97618,-1.6108,-0.6709,1.0742,-6.82,-0.21,-1.62
3947,39470,1791070310502,109424,97631,-1.6113,-0.6499,1.0747,-6.03,-0.84,-1.02
3948,39480,1791070310503,109439,97634,-1.5918,-0.6621,1.0566,-3.36,2.61,-0.26
3949,39490,1791070310503,109460,97638,-1.585,-0.6655,1.0054,1.86,7.47,3.3
3950,39500,1791070310503,109475,97650,-1.5894,-0.6494,0.9614,9.19,11.6,6.11
3951,39510,1791070310503,109506,97656,-1.5835,-0.6353,0.9077,16.53,13.25,9.05
3952,39520,1791070310564,109555,97668,-1.5879,-0.6138,0.8862,23.65,12.85,12.96
3953,39530,1791070310564,109621,97687,-1.5737,-0.5981,0.8848,28.58,11.85,13.91
3954,39540,1791070310564,109698,97718,-1.5918,-0.5732,0.8945,28.98,8.92,13.11
3955,39550,1791070310564,109798,97736,-1.5815,-0.5537,0.9087,23.53,4.05,11.24
3956,39560,1791070310631,109893,97765,-1.5898,-0.54,0.9541,14.15,-3.15,7.76
3957,39570,1791070310631,109965,97785,-1.6182,-0.5532,0.9648,1.6,-10.43,3.89
3958,39580,1791070310631,110035,97798,-1.6025,-0.5874,0.9722,-8.92,-14.58,3.08
3959,39590,1791070310631,110074,97811,-1.5928,-0.585,0.9897,-14.15,-15.07,0.93
3960,39600,1791070310631,110110,97819,-1.5913,-0.5864,0.9917,-15.92,-13.88,1.33
3961,39610,1791070310631,110143,97836,-1.5962,-0.5859,0.9736,-12.61,-14.06,2.11
3962,39620,1791070310631,110187,97841,-1.5957,-0.5991,0.9438,-6.89,-12.23,2.76
3963,39630,1791070310631,110222,97856,-1.585,-0.5898,0.9395,0.11,-8.89,3.57
3964,39640,1791070310682,110268,97872,-1.6021,-0.6147,0.9082,4.69,-6.18,3.13
3965,39650,1791070310682,110312,97884,-1.6011,-0.6157,0.9224,7.21,-7.44,4.38
3966,39660,1791070310682,110347,97903,-1.626,-0.6138,0.9736,7.68,-7.54,3.77
3967,39670,1791070310682,110370,97905,-1.6289,-0.6221,1.0137,7.1,-8.95,3.77
3968,39680,1791070310740,110379,97914,-1.6357,-0.6206,1.0747,7.51,-5.59,2.15
3969,39690,1791070310740,110378,97904,-1.6367,-0.6157,1.0762,7.95,-2.24,0.75
3970,39700,1791070310740,110384,97900,-1.6489,-0.6177,1.0625,7.36,-0.26,-1.31
3971,39710,1791070310740,110390,97902,-1.6431,-0.6274,1.043,2.61,-0.14,-0.85
3972,39720,1791070310742,110397,97901,-1.6475,-0.6177,1.0396,-1.6,2.03,-2.61
3973,39730,1791070310742,110411,97905,-1.6475,-0.6191,1.0151,-1.95,1.71,-2.99
3974,39740,1791070310742,110451,97922,-1.6367,-0.6079,0.9854,-0.52,0.14,-2.05
3975,39750,1791070310742,110491,97936,-1.6143,-0.6099,0.9375,2.44,-0.44,-0.27
3976,39760,1791070310805,110534,97954,-1.6216,-0.6138,0.9282,6.29,-2.02,1.53
3977,39770,1791070310805,110575,97963,-1.6235,-0.6133,0.9165,8.02,-3.48,3.16
3978,39780,1791070310805,110635,97985,-1.5933,-0.6108,0.9297,7.04,-4.21,3.22
3979,39790,1791070310805,110694,97996,-1.5972,-0.6069,0.9604,5.97,-2.93,2.75
3980,39800,1791070310862,110748,98021,-1.5928,-0.5996,0.9917,3.66,-5.19,1.16
3981,39810,1791070310862,110787,98027,-1.5967,-0.6152,1.0166,1.51,-6.02,1.27
3982,39820,1791070310862,110797,98030,-1.6001,-0.6172,1.062,1.4,-5.08,-0.67
3983,39830,1791070310862,110735,98007,-1.5898,-0.6157,1.0791,3.02,-1.21,-0.99
3984,39840,1791070310863,110629,97965,-1.6064,-0.6123,1.0669,4.43,1.27,-0.84
3985,39850,1791070310863,110467,97905,-1.6084,-0.6128,1.0093,4.76,2.73,-1.34
3986,39860,1791070310863,110298,97854,-1.6006,-0.605,0.9741,3.13,2.2,-0.95
3987,39870,1791070310863,110147,97799,-1.5918,-0.6182,0.959,3.47,1.24,0.89
3988,39880,1791070310921,110001,97749,-1.5947,-0.6274,0.9316,4.73,3.68,1.5
3989,39890,1791070310921,109879,97712,-1.5962,-0.6113,0.916,3.98,2.75,1.91
3990,39900,1791070310921,109787,97683,-1.5962,-0.6035,0.9565,6.02,1.05,2.05
3991,39910,1791070310921,109713,97660,-1.5742,-0.6743,1.0122,10.24,-2.37,5.57
3992,39920,1791070310985,109671,97644,-1.626,-0.6191,0.9995,12.85,4.89,3.25
3993,39930,1791070310985,109672,97640,-1.6343,-0.6182,0.9683,8.5,0.21,4.44
3994,39940,1791070310985,109685,97656,-1.6021,-0.6084,0.9824,2.6,-5.27,5.04
3995,39950,1791070310985,109714,97660,-1.6177,-0.6187,1.0063,0.43,-5.73,3.48
3996,39960,1791070310986,109748,97675,-1.6177,-0.6147,1.0303,1.25,-5.86,4.09
3997,39970,1791070310986,109777,97685,-1.6216,-0.6079,1.021,1.24,-6.38,4.76
3998,39980,1791070310986,109821,97693,-1.6064,-0.6128,1.0039,1.01,-3.44,3.63
3999,39990,1791070310986,109859,97712,-1.5889,-0.5947,0.9854,0.4,0.18,2.9
4000,40000,1791070311042,109897,97727,-1.6001,-0.5967,0.9541,1.11,-0.78,2.73
4001,40010,1791070311042,109938,97738,-1.5923,-0.5835,0.9443,1.4,-0.24,2.92
4002,40020,1791070311042,109988,97748,-1.6021,-0.5918,0.9331,0.14,-1.16,2.12
4003,40030,1791070311042,110025,97760,-1.6006,-0.5874,0.9487,0.09,-4.23,2.9
4004,40040,1791070311102,110048,97770,-1.6055,-0.5811,0.96,-0.69,-6.34,3.1
4005,40050,1791070311102,110071,97783,-1.6216,-0.5796,0.9771,-0.34,-4.92,3.15
4006,40060,1791070311102,110120,97798,-1.6294,-0.5762,1.0278,0.63,-4.55,2.84
4007,40070,1791070311102,110157,97813,-1.6255,-0.5801,1.0312,2.09,-4.98,3.69
4008,40080,1791070311102,110184,97818,-1.6348,-0.5693,1.0444,1.83,-3.01,3.18
4009,40090,1791070311102,110213,97824,-1.6147,-0.5908,1.0264,1.68,-3.47,3.77
4010,40100,1791070311102,110222,97835,-1.6182,-0.5811,0.998,1.8,-2.52,4.67
4011,40110,1791070311102,110238,97838,-1.6299,-0.5781,0.981,1.31,-2.87,3.5
4012,40120,1791070311161,110253,97839,-1.6309,-0.5835,0.9731,-2.85,-4.76,3.59
4013,40130,1791070311161,110256,97836,-1.6113,-0.5796,0.9707,-4.41,-4.4,1.45
4014,40140,1791070311161,110261,97833,-1.6123,-0.5918,0.9331,-3.85,-4.23,1.11
4015,40150,1791070311161,110244,97830,-1.6167,-0.5894,0.9683,-1.74,-5.08,1.33
4016,40160,1791070311225,110231,97823,-1.6138,-0.5903,0.9785,0.72,-5.83,2.18
4017,40170,1791070311225,110219,97826,-1.6255,-0.5864,0.9868,0.56,-6.38,1.31
4018,40180,1791070311225,110206,97818,-1.6147,-0.5898,1.0103,0.27,-6.26,2.26
4019,40190,1791070311225,110204,97822,-1.6143,-0.5918,1.0073,2.89,-5.57,1.88
4020,40200,1791070311225,110216,97825,-1.5996,-0.5947,1.0049,5.65,-3.36,2.56
4021,40210,1791070311225,110235,97832,-1.5986,-0.5874,1.0068,5.73,-1.07,2.06
4022,40220,1791070311225,110287,97849,-1.6152,-0.5928,1.0093,4.34,-2.29,2.03
4023,40230,1791070311225,110410,97907,-1.6074,-0.6045,0.9917,2.15,-3.53,2.35
4024,40240,1791070311283,110479,97956,-1.6108,-0.5869,1.0068,-0.46,-2.46,-0.26
4025,40250,1791070311283,110544,97975,-1.6123,-0.5957,0.9893,-2.78,-2.18,-1.04
4026,40260,1791070311283,110616,98008,-1.6079,-0.606,0.999,-3.11,-0.84,-3.19
4027,40270,1791070311283,110684,98032,-1.6118,-0.6001,0.9824,-3.07,0.7,-4.98
4028,40280,1791070311342,110753,98059,-1.6064,-0.5991,0.9609,-1.16,-0.58,-3.74
4029,40290,1791070311342,110811,98073,-1.6084,-0.6084,0.9546,0.92,-1.71,-3.04
4030,40300,1791070311342,110866,98097,-1.6011,-0.5957,0.9561,1.04,-0.85,-2.38
4031,40310,1791070311342,110917,98111,-1.6006,-0.6016,0.9849,3.57,-0.2,-1.83
4032,40320,1791070311342,110973,98132,-1.5986,-0.5957,0.9932,6.02,1.48,-1.73
4033,40330,1791070311342,111023,98156,-1.6211,-0.5845,1.0005,3.94,0.82,-1.19
4034,40340,1791070311342,111088,98182,-1.6069,-0.5884,1.0176,0.14,-2.35,-1.3
4035,40350,1791070311342,111152,98211,-1.6157,-0.6074,1.0029,-4.23,-3.16,-1.44
4036,40360,1791070311401,111217,98229,-1.6104,-0.6104,0.9985,-6.78,-4.12,-1.02
4037,40370,1791070311401,111274,98261,-1.6152,-0.6182,0.9834,-7.8,-4.34,-0.6
4038,40380,1791070311401,111338,98275,-1.627,-0.6211,0.9937,-6.03,-6.6,0.85
4039,40390,1791070311401,111390,98299,-1.6147,-0.6099,1.0068,-2.14,-6.31,2.63
4040,40400,1791070311463,111438,98314,-1.6128,-0.6216,1.04,2.81,-2.85,3.74
4041,40410,1791070311463,111470,98327,-1.6113,-0.6089,1.02,7.97,-0.14,5.05
4042,40420,1791070311463,111504,98337,-1.6006,-0.6001,1.0137,9.79,-0.11,5.37
4043,40430,1791070311463,111543,98358,-1.6035,-0.5933,1.0254,7.47,0.17,5.13
4044,40440,1791070311463,111579,98366,-1.6021,-0.5903,1.0044,5.07,1.82,4.32
4045,40450,1791070311463,111622,98375,-1.5957,-0.5947,1.0273,2.67,2.43,3.54
4046,40460,1791070311463,111657,98389,-1.6172,-0.5859,0.9907,-0.26,0.03,2.7
4047,40470,1791070311463,111703,98401,-1.6006,-0.5977,0.9985,-4.56,-2.84,3.88
4048,40480,1791070311521,111758,98418,-1.585,-0.5913,0.9727,-4.02,-1.92,2.82
4049,40490,1791070311521,111818,98432,-1.5977,-0.5796,0.9673,-3.11,-1.13,2.6
4050,40500,1791070311521,111885,98454,-1.5918,-0.585,0.9585,-1.01,-3.13,2.58
4051,40510,1791070311521,111946,98475,-1.603,-0.5894,0.9419,1.22,-5.34,2.63
4052,40520,1791070311581,111997,98491,-1.5864,-0.5952,0.9453,2.0,-6.89,2.72
4053,40530,1791070311581,112025,98509,-1.5947,-0.5908,0.9766,1.1,-7.56,2.23
4054,40540,1791070311581,112043,98507,-1.605,-0.5991,1.0112,-1.62,-6.17,1.54
4055,40550,1791070311581,112027,98501,-1.6069,-0.6064,1.0557,-2.95,-4.66,0.5
4056,40560,1791070311642,111945,98472,-1.6133,-0.5986,1.0659,-3.37,-3.69,1.01
4057,40570,1791070311642,111800,98421,-1.6108,-0.5938,1.084,-3.74,-3.05,0.2
4058,40580,1791070311642,111621,98353,-1.606,-0.5967,1.082,-3.83,-0.32,-0.52
4059,40590,1791070311642,111423,98278,-1.6016,-0.5957,1.0791,-3.76,1.6,-1.16
4060,40600,1791070311642,111257,98219,-1.6069,-0.5938,1.0415,-1.85,2.06,-0.31
4061,40610,1791070311642,111110,98166,-1.5952,-0.5996,0.9858,0.37,1.63,-0.23
4062,40620,1791070311642,110988,98129,-1.5967,-0.5986,0.9751,1.24,2.26,0.64
4063,40630,1791070311642,110888,98095,-1.6006,-0.5884,0.9536,1.77,2.06,0.81
4064,40640,1791070311701,110819,98069,-1.5977,-0.5923,0.9497,5.3,1.22,1.44
4065,40650,1791070311701,110758,98045,-1.5889,-0.5874,0.9702,8.08,-0.4,2.0
4066,40660,1791070311701,110729,98016,-1.5796,-0.585,0.9697,9.6,-0.03,2.18
4067,40670,1791070311701,110713,98014,-1.5962,-0.5845,0.9932,7.02,-0.73,1.11
4068,40680,1791070311702,110722,98010,-1.6016,-0.5796,0.9985,2.41,-1.16,1.08
4069,40690,1791070311702,110732,98021,-1.5996,-0.5845,0.9917,-2.4,-3.15,-0.06
4070,40700,1791070311702,110774,98029,-1.6152,-0.6035,1.002,-7.21,-6.66,-0.08
4071,40710,1791070311702,110805,98037,-1.6079,-0.582,1.0195,-12.0,-9.13,0.75
4072,40720,1791070311762,110843,98053,-1.604,-0.5957,1.0303,-14.81,-8.03,0.26
4073,40730,1791070311762,110880,98055,-1.6118,-0.5947,1.0601,-12.12,-5.5,-0.34
4074,40740,1791070311762,110933,98073,-1.5942,-0.6133,1.0581,-5.94,-4.56,0.2
4075,40750,1791070311762,110981,98086,-1.5967,-0.6079,1.0371,-0.6,-1.8,-0.08
4076,40760,1791070311821,111025,98100,-1.5933,-0.6226,1.0112,1.47,2.4,0.55
4077,40770,1791070311821,111067,98114,-1.6016,-0.6084,0.9956,5.18,0.85,0.55
4078,40780,1791070311821,111115,98124,-1.5981,-0.6113,0.999,6.52,0.2,1.59
4079,40790,1791070311821,111177,98145,-1.6011,-0.6079,0.9868,5.74,0.26,1.07
4080,40800,1791070311821,111239,98165,-1.5972,-0.5903,0.9912,5.47,-1.13,1.82
4081,40810,1791070311821,111299,98185,-1.606,-0.5894,1.0044,2.89,-1.5,-0.38
4082,40820,1791070311821,111356,98196,-1.6104,-0.6025,0.9971,2.05,-3.5,0.52
4083,40830,1791070311821,111390,98212,-1.6016,-0.5776,1.0435,1.63,-3.54,-1.02
4084,40840,1791070311885,111386,98211,-1.6099,-0.5854,1.0391,0.87,-0.99,-0.32
4085,40850,1791070311885,111360,98201,-1.6182,-0.5913,1.0234,-0.06,0.29,-0.55
4086,40860,1791070311885,111330,98180,-1.6196,-0.5869,1.0117,-1.74,-0.34,0.03
4087,40870,1791070311885,111308,98173,-1.627,-0.5991,1.0186,-3.08,0.18,-0.41
4088,40880,1791070311942,111284,98172,-1.6099,-0.5923,1.0225,-1.42,0.75,-0.87
4089,40890,1791070311942,111270,98157,-1.6069,-0.5967,0.9985,-1.18,1.47,0.09
4090,40900,1791070311942,111265,98144,-1.6108,-0.5933,0.9995,0.7,0.64,0.6
4091,40910,1791070311942,111260,98146,-1.6094,-0.6021,1.0137,1.77,1.18,1.04
4092,40920,1791070311942,111266,98146,-1.6128,-0.5986,1.0005,3.97,0.55,2.12
4093,40930,1791070311942,111263,98141,-1.6484,-0.6069,1.0615,4.46,1.69,3.16
4094,40940,1791070311942,111275,98134,-1.6211,-0.5938,0.9941,1.68,-1.34,3.08
4095,40950,1791070311942,111288,98136,-1.6025,-0.5879,0.9897,-0.37,0.31,2.56
4096,40960,1791070312002,111314,98158,-1.6279,-0.5903,1.0068,-2.96,-2.0,1.77
4097,40970,1791070312002,111357,98160,-1.5737,-0.5796,1.0127,-0.15,-6.82,3.48
4098,40980,1791070312002,111410,98178,-1.6079,-0.5859,1.0166,-1.51,-1.88,2.37
4099,40990,1791070312002,111487,98203,-1.604,-0.6016,0.9834,-0.11,0.81,-0.58
4100,41000,1791070312062,111554,98240,-1.5986,-0.5811,0.9961,-0.41,-0.95,-0.75
4101,41010,1791070312062,111642,98269,-1.6147,-0.5791,0.9805,1.63,-1.28,0.17
4102,41020,1791070312062,111723,98274,-1.5918,-0.5933,0.9858,4.67,-2.53,2.11
4103,41030,1791070312062,111790,98317,-1.5962,-0.5913,1.0039,2.99,-3.95,3.73
4104,41040,1791070312063,111853,98340,-1.6079,-0.5972,1.0,4.05,-3.15,3.15
4105,41050,1791070312063,111909,98347,-1.6558,-0.6074,1.0127,5.34,-5.33,2.99
4106,41060,1791070312063,111948,98364,-1.6484,-0.5747,1.0312,4.96,-6.37,4.55
4107,41070,1791070312063,111980,98380,-1.5835,-0.6035,1.0259,6.41,-5.05,7.3
4108,41080,1791070312121,112030,98395,-1.6113,-0.5869,0.9941,4.72,2.66,2.69
4109,41090,1791070312121,112086,98407,-1.6167,-0.5957,0.9717,1.44,1.22,4.64
4110,41100,1791070312121,112153,98439,-1.6235,-0.5908,0.9868,0.06,-3.69,2.79
4111,41110,1791070312121,112235,98463,-1.6011,-0.584,0.978,-2.05,-3.69,2.44
4112,41120,1791070312182,112340,98492,-1.606,-0.5864,1.02,-2.4,-0.73,2.02
4113,41130,1791070312182,112460,98535,-1.604,-0.5771,1.0054,-1.74,-0.72,1.45
4114,41140,1791070312182,112509,98555,-1.6089,-0.5669,1.0259,-2.11,-3.28,2.17
4115,41150,1791070312182,112554,98559,-1.6089,-0.5825,1.0088,-1.59,-5.92,2.63
4116,41160,1791070312183,112571,98564,-1.603,-0.582,1.0029,-0.69,-6.66,2.05
4117,41170,1791070312183,112578,98566,-1.605,-0.5908,1.0078,-0.58,-4.11,2.44
4118,41180,1791070312183,112581,98570,-1.5859,-0.5859,0.9814,-0.6,-2.93,1.56
4119,41190,1791070312183,112581,98564,-1.5903,-0.603,0.9653,-1.83,-3.05,1.97
4120,41200,1791070312248,112587,98564,-1.5825,-0.5962,0.9668,-2.61,-4.78,1.15
4121,41210,1791070312248,112591,98564,-1.584,-0.6128,0.9658,-3.91,-2.92,0.81
4122,41220,1791070312248,112590,98576,-1.5908,-0.5894,0.9956,-2.96,0.58,1.05
4123,41230,1791070312248,112584,98557,-1.6143,-0.5962,1.0176,-2.73,1.54,1.28
4124,41240,1791070312302,112535,98541,-1.6069,-0.6045,1.0337,-1.28,1.39,1.94
4125,41250,1791070312302,112406,98502,-1.6191,-0.5889,1.0688,2.12,3.04,1.76
4126,41260,1791070312302,112218,98432,-1.6279,-0.6011,1.0488,4.6,3.19,2.26
4127,41270,1791070312302,112022,98355,-1.6235,-0.582,1.0645,6.49,2.67,2.93
4128,41280,1791070312304,111802,98286,-1.6138,-0.585,1.0244,6.53,2.69,2.49
4129,41290,1791070312304,111587,98210,-1.6094,-0.5767,1.0278,6.44,4.14,2.81
4130,41300,1791070312304,111428,98156,-1.6138,-0.5728,1.0039,2.96,3.6,2.24
4131,41310,1791070312304,111318,98113,-1.6152,-0.5806,0.9824,-1.98,-0.05,1.28
4132,41320,1791070312362,111234,98085,-1.6001,-0.584,0.9839,-4.9,-2.03,1.04
4133,41330,1791070312362,111174,98073,-1.6006,-0.5806,0.9731,-7.31,-2.08,0.78
4134,41340,1791070312362,111147,98063,-1.5986,-0.5815,0.9575,-8.2,-3.18,0.49
4135,41350,1791070312362,111129,98052,-1.6021,-0.582,0.9878,-8.72,-1.92,0.46
4136,41360,1791070312421,111130,98064,-1.5986,-0.5874,0.9912,-7.34,-0.09,1.34
4137,41370,1791070312421,111159,98072,-1.6172,-0.5981,1.0059,-6.17,-0.73,1.15
4138,41380,1791070312421,111200,98079,-1.6118,-0.5967,1.0171,-4.85,-3.16,3.08
4139,41390,1791070312421,111254,98092,-1.6133,-0.603,1.0122,-4.4,-3.94,2.64
4140,41400,1791070312422,111306,98107,-1.6099,-0.603,1.0405,-3.54,-2.23,3.42
4141,41410,1791070312422,111346,98126,-1.606,-0.5952,1.0552,-1.08,1.85,3.07
4142,41420,1791070312422,111396,98143,-1.6045,-0.583,1.0557,1.77,4.44,2.64
4143,41430,1791070312422,111456,98159,-1.6001,-0.5854,1.0259,4.11,3.56,1.85
4144,41440,1791070312481,111512,98180,-1.6021,-0.5737,0.9907,3.08,0.34,1.71
4145,41450,1791070312481,111562,98193,-1.5884,-0.5874,0.9668,-0.6,2.15,1.39
4146,41460,1791070312481,111604,98219,-1.6045,-0.5786,0.959,-5.97,2.67,-0.43
4147,41470,1791070312481,111661,98234,-1.6196,-0.5806,0.9556,-9.39,-1.4,-0.87
4148,41480,1791070312541,111722,98258,-1.6152,-0.5811,0.9526,-9.5,-7.54,0.49
4149,41490,1791070312541,111767,98273,-1.6133,-0.5767,0.9795,-7.59,-7.95,0.9
4150,41500,1791070312541,111796,98276,-1.6128,-0.5972,0.999,-3.73,-5.76,1.6
4151,41510,1791070312541,111786,98274,-1.6069,-0.582,0.999,-0.47,-0.24,2.31
4152,41520,1791070312543,111774,98273,-1.6177,-0.5835,1.0059,1.98,3.19,2.12
4153,41530,1791070312543,111749,98260,-1.6128,-0.5845,1.0,5.16,3.22,1.97
4154,41540,1791070312543,111729,98243,-1.6113,-0.5728,1.0132,5.07,0.9,1.69
4155,41550,1791070312543,111704,98235,-1.6123,-0.5732,1.0264,0.9,0.72,2.02
4156,41560,1791070312600,111681,98226,-1.6147,-0.5645,1.0063,-2.5,1.1,-0.69
4157,41570,1791070312600,111645,98217,-1.6182,-0.5762,0.9893,-4.99,-1.56,-0.66
4158,41580,1791070312600,111617,98204,-1.6152,-0.5757,0.9956,-9.62,-5.62,-0.21
4159,41590,1791070312600,111585,98193,-1.626,-0.5791,0.978,-13.76,-5.25,-0.96
4160,41600,1791070312661,111559,98185,-1.6279,-0.5869,0.9712,-15.28,-11.24,-0.31
4161,41610,1791070312661,111532,98175,-1.6172,-0.5972,0.9893,-14.69,-11.54,0.69
4162,41620,1791070312661,111516,98172,-1.6206,-0.6069,1.0298,-9.16,-7.15,2.03
4163,41630,1791070312661,111510,98168,-1.6089,-0.6113,1.0415,-1.16,-2.2,2.75
4164,41640,1791070312663,111522,98166,-1.6104,-0.6099,1.0308,4.37,2.82,2.64
4165,41650,1791070312663,111548,98175,-1.6123,-0.5977,1.0117,7.5,4.93,1.51
4166,41660,1791070312663,111587,98182,-1.605,-0.6001,0.9917,7.92,10.81,0.82
4167,41670,1791070312663,111636,98205,-1.6152,-0.5864,0.9688,4.52,9.07,0.38
4168,41680,1791070312721,111706,98231,-1.6138,-0.585,0.9805,1.07,4.61,0.26
4169,41690,1791070312721,111775,98249,-1.6196,-0.5737,0.9663,-0.72,0.31,-0.64
4170,41700,1791070312721,111846,98272,-1.5986,-0.585,0.9678,-4.75,-4.34,0.38
4171,41710,1791070312721,111915,98292,-1.5972,-0.5737,0.9775,-7.01,-1.89,-0.98
4172,41720,1791070312783,111965,98315,-1.6123,-0.5781,0.9761,-6.98,-2.14,-0.17
4173,41730,1791070312783,112008,98333,-1.603,-0.5732,0.9712,-5.44,-3.3,-0.14
4174,41740,1791070312783,112052,98339,-1.6084,-0.5957,0.9819,-2.27,-3.28,1.63
4175,41750,1791070312783,112087,98360,-1.6055,-0.6099,0.9702,-0.75,-4.05,1.74
4176,41760,1791070312784,112145,98376,-1.6006,-0.6084,0.9746,-0.89,-1.83,2.23
4177,41770,1791070312784,112195,98387,-1.6035,-0.6006,0.957,-0.82,-1.71,1.53
4178,41780,1791070312784,112245,98407,-1.604,-0.6089,0.999,0.37,-4.4,1.39
4179,41790,1791070312784,112284,98422,-1.5845,-0.6016,1.0352,-0.38,-2.14,0.21
4180,41800,1791070312844,112321,98431,-1.6074,-0.5942,1.0269,0.43,0.27,0.08
4181,41810,1791070312844,112346,98441,-1.6162,-0.5825,1.0493,-0.98,0.09,-0.85
4182,41820,1791070312844,112366,98448,-1.6157,-0.5854,1.0435,-0.24,1.53,-0.52
4183,41830,1791070312844,112399,98452,-1.6104,-0.5869,0.9839,-1.45,0.06,-1.33
4184,41840,1791070312901,112426,98468,-1.6162,-0.603,0.9878,-3.33,-2.24,-0.34
4185,41850,1791070312901,112453,98485,-1.5986,-0.6104,0.9609,-5.37,-1.25,-0.6
4186,41860,1791070312901,112484,98487,-1.6025,-0.6021,0.9556,-5.91,-1.3,0.2
4187,41870,1791070312901,112520,98491,-1.5991,-0.6157,0.9556,-4.67,-4.99,1.65
4188,41880,1791070312902,112539,98505,-1.5928,-0.6089,0.9761,-3.66,-3.73,0.75
4189,41890,1791070312902,112541,98502,-1.604,-0.6123,0.9731,-2.76,-1.92,0.31
4190,41900,1791070312902,112534,98501,-1.5981,-0.6216,0.9922,-0.5,-2.78,1.5
4191,41910,1791070312902,112458,98472,-1.6108,-0.5986,1.0142,0.55,-1.59,1.59
4192,41920,1791070312962,112312,98422,-1.5894,-0.5977,0.9985,3.88,2.81,0.11
4193,41930,1791070312962,112122,98345,-1.6021,-0.5942,0.9873,5.25,7.15,0.29
4194,41940,1791070312962,111913,98281,-1.6182,-0.5845,0.9956,3.66,2.92,1.34
4195,41950,1791070312962,111720,98207,-1.626,-0.5942,0.9971,0.84,0.41,1.53
4196,41960,1791070313021,111565,98149,-1.6196,-0.5835,0.9995,-2.11,-1.04,1.44
4197,41970,1791070313021,111445,98112,-1.6162,-0.5981,1.0063,-4.75,-5.4,1.28
4198,41980,1791070313021,111350,98074,-1.6206,-0.606,1.0142,-4.53,-7.18,1.83
4199,41990,1791070313021,111276,98051,-1.6055,-0.603,0.9873,-6.95,-5.8,1.88
4200,42000,1791070313022,111218,98037,-1.6016,-0.6055,0.999,-6.34,-4.55,1.45
4201,42010,1791070313022,111178,98021,-1.6084,-0.5986,0.981,-4.0,-4.6,2.0
4202,42020,1791070313022,111154,98007,-1.6099,-0.5986,0.9834,-2.15,-3.83,1.31
4203,42030,1791070313022,111149,98006,-1.6021,-0.6187,0.9678,-0.06,-2.58,1.69
4204,42040,1791070313080,111151,98017,-1.5952,-0.6143,0.9829,2.38,-0.75,2.6
4205,42050,1791070313080,111165,98018,-1.5894,-0.5986,0.9878,3.86,1.22,2.46
4206,42060,1791070313080,111196,98023,-1.645,-0.5591,1.085,6.87,4.06,2.75
4207,42070,1791070313080,111229,98032,-1.7192,-0.5879,1.0503,19.97,-3.16,1.39
4208,42080,1791070313142,111238,98027,-1.5151,-0.5986,0.999,15.34,-14.21,4.75
4209,42090,1791070313142,111218,97995,-1.5513,-0.5791,0.9575,7.01,3.65,0.44
4210,42100,1791070313142,111202,97981,-1.5918,-0.5894,0.8755,-7.01,0.15,-1.53
4211,42110,1791070313142,111218,97971,-1.6064,-0.564,0.8936,-19.85,-8.21,-0.92
4212,42120,1791070313143,111235,97975,-1.6274,-0.5962,1.0015,-22.81,-11.44,-3.57
4213,42130,1791070313143,111252,97989,-1.6123,-0.6064,1.0332,-18.44,-11.88,-2.66
4214,42140,1791070313143,111268,97993,-1.604,-0.6235,1.0107,-7.71,-6.79,-1.22
4215,42150,1791070313143,111277,97996,-1.6045,-0.6279,0.9863,-0.49,0.0,1.04
4216,42160,1791070313201,111297,98000,-1.5918,-0.6187,0.9683,3.51,4.6,2.27
4217,42170,1791070313201,111324,98005,-1.5874,-0.5991,0.9673,7.25,5.6,3.21
4218,42180,1791070313201,111341,98010,-1.6074,-0.5859,0.979,7.27,1.5,3.6
4219,42190,1791070313201,111355,98009,-1.6108,-0.5811,1.0059,5.62,-2.23,3.08
4220,42200,1791070313262,111344,98014,-1.6157,-0.5728,1.0244,2.61,-3.27,2.26
4221,42210,1791070313262,111323,97998,-1.6245,-0.5771,1.0117,-1.65,-4.6,0.38
4222,42220,1791070313262,111286,97985,-1.6172,-0.5933,1.0044,-6.63,-6.67,-0.87
4223,42230,1791070313262,111236,97972,-1.6167,-0.5845,1.0078,-10.72,-5.47,-1.56
4224,42240,1791070313264,111186,97949,-1.6167,-0.5991,0.9966,-12.05,-5.07,-3.11
4225,42250,1791070313264,111131,97932,-1.6318,-0.6079,0.9839,-12.35,-5.88,-1.54
4226,42260,1791070313264,111090,97920,-1.5952,-0.6069,0.9907,-8.75,-4.23,-1.28
4227,42270,1791070313264,111065,97904,-1.6055,-0.6147,0.9849,-2.6,-1.42,-0.43
4228,42280,1791070313321,111047,97902,-1.6055,-0.6128,0.9751,2.63,1.22,1.24
4229,42290,1791070313321,111036,97902,-1.6025,-0.6206,0.9766,5.36,3.5,1.45
4230,42300,1791070313321,111057,97900,-1.5977,-0.6182,0.9634,7.48,5.21,1.13
4231,42310,1791070313321,111079,97905,-1.603,-0.5962,0.9902,5.21,4.52,1.89
4232,42320,1791070313382,111125,97926,-1.6074,-0.6064,0.9922,3.16,2.5,1.82
4233,42330,1791070313382,111182,97938,-1.623,-0.603,1.0024,0.02,-0.12,2.15
4234,42340,1791070313382,111229,97954,-1.6133,-0.6045,1.0254,-0.61,-2.43,2.31
4235,42350,1791070313382,111278,97971,-1.5996,-0.5942,1.0215,-1.54,-4.73,2.15
4236,42360,1791070313382,111320,97988,-1.6025,-0.5996,1.0132,-3.08,-3.83,0.98
4237,42370,1791070313382,111361,98002,-1.6084,-0.5952,1.0088,-3.27,-1.31,-1.04
4238,42380,1791070313382,111389,98013,-1.5918,-0.5908,1.0073,-2.75,2.06,-1.27
4239,42390,1791070313382,111424,98022,-1.6069,-0.5957,0.9932,-0.17,0.24,-1.6
4240,42400,1791070313441,111469,98032,-1.5938,-0.6011,0.9688,-0.66,-0.08,-0.98
4241,42410,1791070313441,111500,98050,-1.6069,-0.6113,0.939,-2.85,-2.03,-1.15
4242,42420,1791070313441,111543,98063,-1.6069,-0.6123,0.9604,-5.82,-4.37,-0.56
4243,42430,1791070313441,111562,98070,-1.6196,-0.6138,0.9653,-8.06,-6.32,0.61
4244,42440,1791070313501,111600,98079,-1.6138,-0.6187,0.96,-7.18,-7.94,1.44
4245,42450,1791070313501,111615,98089,-1.6074,-0.6094,0.9976,-4.73,-7.15,3.31
4246,42460,1791070313501,111630,98093,-1.6035,-0.6196,1.021,0.34,-2.69,2.87
4247,42470,1791070313501,111644,98098,-1.6206,-0.6045,1.0239,3.85,0.76,2.49
4248,42480,1791070313503,111676,98099,-1.6021,-0.5977,1.0298,6.49,1.95,1.94
4249,42490,1791070313503,111698,98112,-1.603,-0.6025,1.0391,5.65,2.66,0.76
4250,42500,1791070313503,111722,98118,-1.6201,-0.6021,1.001,1.33,2.87,0.4
4251,42510,1791070313503,111749,98121,-1.6177,-0.5903,0.9736,-0.7,-0.26,0.21
4252,42520,1791070313560,111773,98130,-1.6089,-0.6069,0.9751,-5.89,-3.88,0.99
4253,42530,1791070313560,111791,98136,-1.6123,-0.6021,0.9502,-8.6,-5.79,0.66
4254,42540,1791070313560,111806,98143,-1.6055,-0.6099,0.9429,-10.47,-7.76,0.37
4255,42550,1791070313560,111798,98141,-1.5991,-0.6187,0.9517,-8.93,-9.63,1.27
4256,42560,1791070313621,111801,98135,-1.5908,-0.627,0.9824,-5.11,-7.36,2.4
4257,42570,1791070313621,111784,98128,-1.5918,-0.6162,0.9961,-1.5,-2.63,0.92
4258,42580,1791070313621,111776,98126,-1.5938,-0.6133,1.0273,2.05,-1.18,0.61
4259,42590,1791070313621,111755,98117,-1.6069,-0.6143,1.0205,3.73,0.53,0.61
4260,42600,1791070313622,111692,98096,-1.6084,-0.6045,1.0327,3.07,2.03,0.9
4261,42610,1791070313622,111570,98052,-1.623,-0.6089,1.0337,0.52,3.27,0.35
4262,42620,1791070313622,111414,97985,-1.624,-0.5957,1.0059,-2.2,1.6,0.02
4263,42630,1791070313622,111236,97929,-1.6235,-0.5938,0.9961,-5.34,-1.4,0.37
4264,42640,1791070313682,111068,97863,-1.6089,-0.605,1.0156,-7.57,0.24,-0.52
4265,42650,1791070313682,110898,97811,-1.5996,-0.6099,1.0073,-6.06,4.72,-1.27
4266,42660,1791070313682,110736,97754,-1.6094,-0.5933,0.9888,-3.73,5.54,0.46
4267,42670,1791070313682,110587,97703,-1.5791,-0.5977,0.9731,-0.72,2.69,3.28
4268,42680,1791070313742,110462,97658,-1.6304,-0.5854,0.9663,1.11,-1.45,2.82
4269,42690,1791070313742,110361,97621,-1.5933,-0.585,0.9844,1.74,-0.53,1.71
4270,42700,1791070313742,110277,97599,-1.6167,-0.5908,0.9692,1.91,-2.69,4.26
4271,42710,1791070313742,110225,97576,-1.6216,-0.5864,0.9814,1.13,-2.43,2.78
4272,42720,1791070313743,110193,97562,-1.6216,-0.5923,1.0,-1.16,-1.53,2.41
4273,42730,1791070313743,110155,97553,-1.6289,-0.5874,1.0146,-2.18,-3.08,2.27
4274,42740,1791070313743,110160,97543,-1.6206,-0.5942,1.0337,-2.26,-3.11,3.08
4275,42750,1791070313743,110185,97552,-1.6069,-0.6006,1.0376,-3.71,-0.67,1.34
4276,42760,1791070313801,110218,97572,-1.6064,-0.6084,1.0259,-3.42,3.13,-0.27
4277,42770,1791070313801,110251,97580,-1.606,-0.6089,1.0088,-2.9,3.07,-0.56
4278,42780,1791070313801,110289,97580,-1.6104,-0.6133,0.9849,-3.95,1.13,-0.41
4279,42790,1791070313801,110334,97598,-1.6152,-0.626,1.0103,-7.4,-0.37,-1.63
4280,42800,1791070313861,110388,97618,-1.6069,-0.6265,0.9829,-9.79,-0.14,-2.27
4281,42810,1791070313861,110438,97632,-1.5928,-0.6406,0.9731,-7.57,-0.72,-1.44
4282,42820,1791070313861,110485,97653,-1.6001,-0.6299,0.9771,-2.24,0.46,-2.2
4283,42830,1791070313861,110518,97662,-1.5986,-0.6299,0.9707,1.36,1.27,-0.37
4284,42840,1791070313862,110555,97670,-1.5933,-0.6172,0.9814,3.36,6.27,-0.32
4285,42850,1791070313862,110574,97678,-1.6011,-0.6191,0.9756,5.15,7.16,-0.11
4286,42860,1791070313862,110590,97684,-1.6074,-0.6211,0.9658,5.13,4.93,1.13
4287,42870,1791070313862,110588,97683,-1.6104,-0.6006,0.9521,2.38,1.54,1.34
4288,42880,1791070313922,110574,97674,-1.6074,-0.6089,0.9521,-1.54,0.64,1.22
4289,42890,1791070313922,110547,97665,-1.6025,-0.6094,0.9619,-3.66,-1.15,1.83
4290,42900,1791070313922,110515,97647,-1.5972,-0.6064,0.9692,-4.75,-2.81,1.39
4291,42910,1791070313922,110478,97636,-1.5972,-0.6079,0.9868,-5.5,-3.68,2.12
4292,42920,1791070313983,110447,97627,-1.6167,-0.606,0.9941,-6.15,-3.76,1.86
4293,42930,1791070313983,110416,97611,-1.6196,-0.6182,0.9717,-5.83,-3.83,0.98
4294,42940,1791070313983,110389,97607,-1.605,-0.6206,0.9805,-3.97,-4.03,2.05
4295,42950,1791070313983,110365,97589,-1.6064,-0.6074,0.9663,-2.6,-3.21,0.93
4296,42960,1791070313983,110339,97583,-1.6021,-0.6147,0.9712,-1.01,-1.13,1.54
4297,42970,1791070313983,110314,97578,-1.6055,-0.6113,0.9917,0.26,-1.05,1.11
4298,42980,1791070313983,110299,97563,-1.603,-0.6196,0.9878,1.62,-2.12,1.98
4299,42990,1791070313983,110291,97561,-1.5938,-0.6201,0.9849,1.5,-0.12,1.98
4300,43000,1791070314045,110302,97564,-1.6094,-0.6162,0.98,-0.4,1.45,1.71
4301,43010,1791070314045,110340,97577,-1.6113,-0.6118,0.959,-1.69,-0.2,2.47
4302,43020,1791070314045,110374,97591,-1.6172,-0.6104,0.9639,-3.74,-2.61,3.51
4303,43030,1791070314045,110424,97606,-1.6099,-0.6108,0.9561,-2.95,-2.7,2.35
4304,43040,1791070314100,110474,97626,-1.6118,-0.6196,0.9644,-1.91,-2.26,2.12
4305,43050,1791070314100,110516,97644,-1.5977,-0.6025,0.9863,-1.37,-2.34,1.24
4306,43060,1791070314100,110553,97645,-1.6147,-0.6094,0.9966,-3.01,-3.08,1.27
4307,43070,1791070314100,110591,97661,-1.6211,-0.6025,1.0142,-3.4,-2.46,-0.32
4308,43080,1791070314102,110620,97675,-1.6201,-0.6147,1.0112,-0.98,0.31,-1.33
4309,43090,1791070314102,110661,97682,-1.6304,-0.6084,1.0034,-2.34,-0.44,0.11
4310,43100,1791070314102,110699,97706,-1.6245,-0.6182,0.9634,-4.58,0.26,-0.18
4311,43110,1791070314102,110740,97712,-1.6133,-0.6162,0.9521,-5.37,-0.98,0.64
4312,43120,1791070314163,110770,97729,-1.6172,-0.6172,0.939,-3.98,-3.91,2.32
4313,43130,1791070314163,110805,97733,-1.6108,-0.6123,0.959,-1.59,-3.86,3.89
4314,43140,1791070314163,110835,97747,-1.6006,-0.6157,0.9834,2.99,-2.58,4.21
4315,43150,1791070314163,110871,97758,-1.5996,-0.6084,0.9888,8.32,-0.93,4.32
4316,43160,1791070314223,110899,97773,-1.5928,-0.6011,0.9917,9.44,2.03,3.76
4317,43170,1791070314223,110937,97780,-1.6133,-0.6035,0.9756,4.32,2.46,2.29
4318,43180,1791070314223,110978,97799,-1.6128,-0.6021,0.9824,-0.14,-3.01,0.58
4319,43190,1791070314223,111008,97806,-1.6147,-0.6001,0.9702,-7.08,-6.43,-0.87
4320,43200,1791070314223,111033,97823,-1.6128,-0.6069,0.9561,-11.08,-9.3,-1.04
4321,43210,1791070314223,111035,97813,-1.6011,-0.6216,0.959,-13.59,-11.34,-1.24
4322,43220,1791070314223,111043,97818,-1.603,-0.6191,0.9658,-14.15,-10.41,-1.57
4323,43230,1791070314223,111033,97809,-1.5918,-0.6221,0.9731,-11.02,-8.38,-0.43
4324,43240,1791070314283,111015,97806,-1.5791,-0.6099,0.9785,-3.74,-4.85,0.89
4325,43250,1791070314283,110991,97800,-1.5967,-0.6177,1.0107,2.92,-0.05,2.52
4326,43260,1791070314283,110966,97795,-1.6143,-0.6196,1.0063,7.21,0.75,3.18
4327,43270,1791070314283,110917,97780,-1.6157,-0.6304,1.0093,5.74,1.16,4.58
4328,43280,1791070314341,110820,97745,-1.6216,-0.6265,1.0034,2.47,0.98,3.34
4329,43290,1791070314341,110679,97699,-1.6191,-0.6348,1.0117,0.09,-1.48,3.71
4330,43300,1791070314341,110513,97627,-1.6201,-0.624,0.9927,-1.24,-2.89,4.21
4331,43310,1791070314341,110337,97572,-1.6235,-0.6113,1.0107,-3.22,-2.37,2.64
4332,43320,1791070314342,110165,97518,-1.6118,-0.6108,0.9673,-5.94,-0.85,0.69
4333,43330,1791070314342,109993,97452,-1.6113,-0.6177,0.9346,-6.23,-2.63,0.35
4334,43340,1791070314342,109836,97399,-1.6074,-0.6196,0.9463,-5.69,-4.5,0.05
4335,43350,1791070314342,109688,97351,-1.5957,-0.6172,0.9609,-2.92,-3.83,0.72
4336,43360,1791070314402,109575,97304,-1.6025,-0.6196,0.9761,-0.84,0.26,1.83
4337,43370,1791070314402,109470,97286,-1.6201,-0.627,0.9819,1.74,-0.52,3.68
4338,43380,1791070314402,109405,97255,-1.605,-0.6187,1.0,2.66,-3.68,4.53
4339,43390,1791070314402,109371,97248,-1.6099,-0.605,1.0303,-0.24,-2.02,4.98
4340,43400,1791070314461,109369,97240,-1.6055,-0.6104,1.0386,-1.24,-2.61,5.42
4341,43410,1791070314461,109382,97258,-1.6006,-0.6138,1.0195,-4.67,-3.88,5.69
4342,43420,1791070314461,109412,97257,-1.5986,-0.6133,1.0137,-5.83,-5.33,4.53
4343,43430,1791070314461,109457,97264,-1.604,-0.6064,1.001,-6.29,-4.26,3.01
4344,43440,1791070314462,109502,97286,-1.5918,-0.6191,0.9639,-5.69,-5.8,3.5
4345,43450,1791070314462,109537,97296,-1.5962,-0.6143,0.9614,-4.69,-4.14,3.1
4346,43460,1791070314462,109576,97308,-1.5938,-0.6089,0.9385,-0.87,-4.21,1.63
4347,43470,1791070314462,109601,97316,-1.6016,-0.6221,0.957,0.46,-3.98,2.41
4348,43480,1791070314523,109628,97319,-1.5913,-0.6157,0.9595,0.14,0.53,1.02
4349,43490,1791070314523,109656,97330,-1.604,-0.6172,0.9307,-1.07,1.47,0.78
4350,43500,1791070314523,109689,97345,-1.5947,-0.6177,0.9482,-0.64,-0.99,1.86
4351,43510,1791070314523,109734,97355,-1.5981,-0.6079,0.9819,-0.69,-2.15,0.73
4352,43520,1791070314581,109772,97366,-1.6025,-0.606,1.0156,-1.68,-2.17,0.95
4353,43530,1791070314581,109788,97374,-1.6099,-0.6011,1.0181,-4.43,-2.92,0.15
4354,43540,1791070314581,109807,97374,-1.6216,-0.6084,1.0312,-7.28,-4.0,-0.08
4355,43550,1791070314581,109806,97382,-1.6216,-0.6147,1.0215,-8.14,-5.13,-1.1
4356,43560,1791070314582,109815,97373,-1.6152,-0.6133,1.0171,-8.5,-4.08,-0.78
4357,43570,1791070314582,109807,97368,-1.6123,-0.6118,1.02,-7.37,-3.62,-0.09
4358,43580,1791070314582,109786,97364,-1.6099,-0.6055,1.002,-7.19,-3.39,0.84
4359,43590,1791070314582,109755,97353,-1.6094,-0.6011,0.9634,-6.7,-6.35,1.73
4360,43600,1791070314642,109715,97343,-1.6055,-0.6167,0.9414,-4.79,-8.78,3.01
4361,43610,1791070314642,109667,97322,-1.6035,-0.6294,0.9443,-1.71,-7.08,3.62
4362,43620,1791070314642,109625,97315,-1.5952,-0.6382,0.9561,2.03,-1.86,5.34
4363,43630,1791070314642,109589,97293,-1.6113,-0.627,0.9634,5.85,-1.83,5.65
4364,43640,1791070314701,109576,97286,-1.6016,-0.627,0.9858,4.72,-1.91,5.57
4365,43650,1791070314701,109578,97285,-1.6182,-0.626,1.0103,3.05,0.89,4.53
4366,43660,1791070314701,109588,97286,-1.6133,-0.6191,0.9893,3.33,-0.03,4.73
4367,43670,1791070314701,109606,97294,-1.6104,-0.6113,1.0391,2.79,0.14,4.32
4368,43680,1791070314702,109637,97303,-1.6289,-0.603,1.0571,-0.23,4.96,0.79
4369,43690,1791070314702,109673,97307,-1.6196,-0.605,1.0205,-0.78,3.59,-0.52
4370,43700,1791070314702,109719,97327,-1.6187,-0.603,0.9893,-1.89,2.84,-1.36
4371,43710,1791070314702,109765,97342,-1.6079,-0.6006,0.9722,-3.24,1.13,-1.13
4372,43720,1791070314762,109818,97359,-1.5996,-0.6074,0.9668,-4.82,-1.65,-0.46
4373,43730,1791070314762,109865,97379,-1.6025,-0.6045,0.9473,-3.31,-2.76,0.11
4374,43740,1791070314762,109905,97388,-1.5894,-0.6206,0.9263,-0.32,-4.43,1.51
4375,43750,1791070314762,109938,97398,-1.5771,-0.6118,0.9351,2.02,-3.74,1.92
4376,43760,1791070314822,109953,97414,-1.5962,-0.6104,0.9307,1.54,-0.37,3.54
4377,43770,1791070314822,109978,97420,-1.605,-0.6147,0.9526,0.26,-1.28,3.36
4378,43780,1791070314822,110006,97419,-1.6006,-0.6118,0.9692,-2.03,-1.4,2.47
4379,43790,1791070314822,110038,97434,-1.6079,-0.6055,1.0005,-2.41,-4.15,2.73
4380,43800,1791070314823,110071,97449,-1.6167,-0.6147,1.0332,-5.53,-5.73,3.18
4381,43810,1791070314823,110104,97462,-1.6089,-0.6191,1.0234,-5.45,-4.67,2.43
4382,43820,1791070314823,110117,97456,-1.6079,-0.6221,1.022,-5.44,-3.95,1.33
4383,43830,1791070314823,110130,97459,-1.6108,-0.6206,1.0327,-4.14,-3.63,1.48
4384,43840,1791070314882,110145,97460,-1.5957,-0.6309,0.9849,-3.4,-1.76,2.08
4385,43850,1791070314882,110161,97470,-1.5923,-0.6255,0.9839,-1.48,1.02,1.27
4386,43860,1791070314882,110183,97476,-1.5898,-0.6191,0.96,1.4,-0.09,1.34
4387,43870,1791070314882,110227,97483,-1.6021,-0.6055,0.9502,0.05,-3.05,1.05
4388,43880,1791070314942,110251,97500,-1.6128,-0.6104,0.9478,-2.78,-6.08,1.05
4389,43890,1791070314942,110272,97507,-1.5957,-0.603,0.9351,-4.72,-8.35,1.02
4390,43900,1791070314942,110281,97516,-1.6001,-0.6157,0.9355,-6.23,-10.96,1.63
4391,43910,1791070314942,110281,97508,-1.6045,-0.6133,0.9658,-9.57,-10.78,2.58
4392,43920,1791070314943,110269,97509,-1.6011,-0.6279,1.002,-11.33,-9.08,1.24
4393,43930,1791070314943,110264,97504,-1.5928,-0.626,1.0322,-7.57,-6.76,1.27
4394,43940,1791070314943,110267,97510,-1.6035,-0.623,1.0381,-2.73,-3.04,0.49
4395,43950,1791070314943,110269,97501,-1.5962,-0.6274,1.0532,-1.82,1.08,-0.52
4396,43960,1791070315004,110229,97486,-1.5991,-0.624,1.0244,0.21,4.31,-2.5
4397,43970,1791070315004,110132,97453,-1.5977,-0.6157,1.0078,1.6,5.89,-2.6
4398,43980,1791070315004,109992,97404,-1.6035,-0.6191,0.978,-0.31,4.14,-1.83
4399,43990,1791070315004,109823,97342,-1.606,-0.6304,0.9766,-1.39,2.63,-1.07
4400,44000,1791070315062,109652,97279,-1.6133,-0.625,0.9683,-0.76,1.22,-1.07
4401,44010,1791070315062,109473,97227,-1.6104,-0.627,0.9688,0.17,-0.5,1.85
4402,44020,1791070315062,109306,97169,-1.6172,-0.6152,0.9829,-0.52,-1.33,2.5
4403,44030,1791070315062,109149,97114,-1.6152,-0.6113,1.0015,0.67,0.27,2.37
4404,44040,1791070315063,109010,97071,-1.6055,-0.6167,0.9814,2.95,1.56,2.24
4405,44050,1791070315063,108889,97020,-1.5967,-0.5967,0.9805,5.11,1.39,3.25
4406,44060,1791070315063,108800,96983,-1.6084,-0.5933,0.9761,1.42,1.56,3.13
4407,44070,1791070315063,108756,96978,-1.6021,-0.6006,0.9644,0.21,3.05,0.9
4408,44080,1791070315121,108736,96963,-1.5962,-0.6079,0.959,-0.09,1.13,1.57
4409,44090,1791070315121,108748,96966,-1.6074,-0.6157,0.9624,-2.17,-1.3,1.73
4410,44100,1791070315121,108780,96977,-1.6113,-0.6255,0.9629,-3.19,-4.08,1.34
4411,44110,1791070315121,108815,96993,-1.6045,-0.6274,0.9907,-3.44,-7.05,1.97
4412,44120,1791070315181,108850,96994,-1.6074,-0.626,1.0269,0.47,-3.8,2.26
4413,44130,1791070315181,108867,97006,-1.6016,-0.6216,1.0049,5.82,-0.67,2.11
4414,44140,1791070315181,108888,97014,-1.583,-0.6167,0.9951,11.98,3.57,3.25
4415,44150,1791070315181,108908,97008,-1.5791,-0.604,0.998,16.85,8.75,4.64
4416,44160,1791070315183,108914,97009,-1.5854,-0.6206,1.0425,15.42,16.47,4.75
4417,44170,1791070315183,108943,97015,-1.6104,-0.5952,1.0723,12.02,20.32,2.95
4418,44180,1791070315183,109011,97049,-1.6187,-0.5894,1.0864,7.08,22.93,-1.53
4419,44190,1791070315183,109095,97071,-1.6543,-0.5415,1.1558,-14.37,11.92,-1.28
4420,44200,1791070315242,109174,97105,-1.5435,-0.5723,1.1646,-16.98,33.45,-6.79
4421,44210,1791070315242,109227,97129,-1.6641,-0.6113,1.0234,-12.93,26.46,-0.38
4422,44220,1791070315242,109269,97147,-1.7153,-0.6157,0.9897,-23.89,12.95,-0.72
4423,44230,1791070315242,109297,97169,-1.645,-0.6367,0.9707,-32.63,6.92,-1.01
4424,44240,1791070315302,109304,97169,-1.6519,-0.6533,0.9771,-32.56,4.32,2.79
4425,44250,1791070315302,109282,97168,-1.6499,-0.6431,1.0405,-26.92,17.18,0.64
4426,44260,1791070315302,109235,97158,-1.6763,-0.6548,0.9414,-20.79,18.21,1.59
4427,44270,1791070315302,109181,97147,-1.6548,-0.6367,0.9556,-14.34,17.22,1.34
4428,44280,1791070315302,109126,97123,-1.6533,-0.6533,0.9058,-5.89,24.09,-3.3
4429,44290,1791070315302,109049,97098,-1.605,-0.6807,0.9917,3.83,39.08,-0.93
4430,44300,1791070315302,108994,97068,-1.6187,-0.6445,1.0713,13.92,61.86,-3.68
4431,44310,1791070315302,108981,97065,-1.6992,-0.6309,0.9409,22.79,67.66,-6.17
4432,44320,1791070315361,109011,97089,-1.6484,-0.7295,1.0107,32.47,71.89,-8.05
4433,44330,1791070315361,109006,97111,-1.6372,-0.5986,0.9053,23.54,79.88,-5.19
4434,44340,1791070315361,109008,97105,-1.6685,-0.6299,0.8286,24.14,65.25,-6.24
4435,44350,1791070315361,109071,97126,-1.7046,-0.6143,0.8247,13.77,45.97,1.39
4436,44360,1791070315422,109136,97155,-1.6616,-0.6113,0.8901,7.08,35.47,4.69
4437,44370,1791070315422,109202,97179,-1.6304,-0.627,0.8965,4.76,36.56,2.61
4438,44380,1791070315422,109261,97204,-1.6641,-0.6069,0.9126,2.17,38.46,4.14
4439,44390,1791070315422,109322,97221,-1.6709,-0.5957,0.8882,4.73,32.89,3.28
4440,44400,1791070315422,109381,97246,-1.6641,-0.6064,0.8628,9.53,25.56,5.74
4441,44410,1791070315422,109404,97271,-1.6328,-0.6255,0.8159,4.64,19.05,6.53
4442,44420,1791070315422,109437,97270,-1.6616,-0.6206,0.8184,-2.53,21.8,4.89
4443,44430,1791070315422,109478,97292,-1.6611,-0.6177,0.8003,-16.52,24.76,0.95
4444,44440,1791070315481,109508,97308,-1.6392,-0.6152,0.7773,-24.31,28.43,-0.55
4445,44450,1791070315481,109525,97313,-1.6611,-0.6187,0.7544,-21.6,32.08,-2.98
4446,44460,1791070315481,109535,97305,-1.6621,-0.6255,0.7637,-19.83,31.24,-3.18
4447,44470,1791070315481,109534,97298,-1.6572,-0.6104,0.8247,-25.83,33.94,-3.13
4448,44480,1791070315542,109540,97298,-1.6851,-0.625,0.8657,-30.6,35.88,-4.66
4449,44490,1791070315542,109549,97306,-1.6777,-0.6328,0.9697,-34.21,44.81,-5.39
4450,44500,1791070315542,109547,97299,-1.6938,-0.6401,0.9233,-25.05,59.92,-6.03
4451,44510,1791070315542,109548,97294,-1.7334,-0.6475,0.8633,-10.06,57.66,-1.53
4452,44520,1791070315542,109556,97303,-1.6025,-0.647,0.7227,8.32,47.47,6.66
4453,44530,1791070315542,109553,97301,-1.8076,-0.5962,0.7212,-3.3,51.51,0.23
4454,44540,1791070315542,109518,97289,-1.709,-0.689,0.7344,6.73,45.56,3.85
4455,44550,1791070315542,109497,97271,-1.7148,-0.6211,0.7754,-3.89,56.85,7.95
4456,44560,1791070315608,109461,97253,-1.7798,-0.667,0.6777,-11.37,56.15,0.43
4457,44570,1791070315608,109417,97234,-1.7578,-0.6748,0.6807,-19.3,50.9,-0.08
4458,44580,1791070315608,109390,97231,-1.7598,-0.6729,0.7275,-22.11,48.7,0.46
4459,44590,1791070315608,109352,97220,-1.7495,-0.6919,0.7373,-18.17,57.01,1.21
4460,44600,1791070315660,109308,97197,-1.6313,-0.6694,0.7603,-4.17,65.83,2.81
4461,44610,1791070315660,109285,97179,-1.793,-0.6646,0.8369,1.08,78.6,2.66
4462,44620,1791070315660,109292,97174,-1.7466,-0.6738,0.8213,17.85,77.51,2.96
4463,44630,1791070315660,109337,97183,-1.7202,-0.6572,0.8057,31.86,84.14,5.01
4464,44640,1791070315663,109360,97194,-1.7661,-0.6367,0.7485,47.33,82.92,9.6
4465,44650,1791070315663,109357,97189,-1.8062,-0.6284,0.7349,46.6,80.46,11.44
4466,44660,1791070315663,109332,97174,-1.8003,-0.6396,0.689,42.99,78.98,12.87
4467,44670,1791070315663,109260,97150,-1.7642,-0.623,0.6748,42.69,88.0,13.22
4468,44680,1791070315721,109155,97124,-1.7861,-0.646,0.6006,45.11,88.46,13.66
4469,44690,1791070315721,109034,97093,-1.7773,-0.6538,0.5264,35.66,73.04,16.31
4470,44700,1791070315721,108921,97057,-1.7583,-0.5479,0.6079,30.11,78.23,11.76
4471,44710,1791070315721,108826,97034,-1.8066,-0.5718,0.4829,10.69,63.51,7.11
4472,44720,1791070315782,108759,97026,-1.7734,-0.5747,0.4741,-2.98,52.43,8.06
4473,44730,1791070315782,108686,97014,-1.7598,-0.5884,0.498,-10.78,49.98,5.3
4474,44740,1791070315782,108624,97005,-1.7661,-0.6016,0.5024,-10.82,50.24,4.35
4475,44750,1791070315782,108583,96995,-1.7866,-0.5952,0.4736,-13.4,44.69,4.09
4476,44760,1791070315843,108593,96999,-1.7876,-0.5962,0.4688,-17.51,36.34,4.58
4477,44770,1791070315843,108608,97018,-1.8149,-0.6123,0.4644,-21.79,28.12,3.8
4478,44780,1791070315843,108646,97039,-1.7754,-0.6289,0.4526,-21.22,23.42,5.05
4479,44790,1791070315843,108666,97047,-1.791,-0.6475,0.458,-14.87,21.5,7.04
4480,44800,1791070315844,108687,97054,-1.772,-0.6216,0.5288,-12.56,26.05,5.51
4481,44810,1791070315844,108711,97066,-1.7822,-0.6133,0.5527,-8.87,38.81,3.33
4482,44820,1791070315844,108769,97093,-1.7871,-0.6167,0.519,-0.53,44.89,2.67
4483,44830,1791070315844,108839,97126,-1.8008,-0.605,0.4814,8.46,40.17,3.42
4484,44840,1791070315901,108933,97162,-1.8149,-0.6108,0.438,15.34,31.98,5.01
4485,44850,1791070315901,109006,97203,-1.7734,-0.6089,0.4272,23.27,23.68,7.39
4486,44860,1791070315901,109074,97233,-1.8008,-0.5879,0.4185,18.78,19.65,8.08
4487,44870,1791070315901,109136,97262,-1.7866,-0.5972,0.4272,13.18,13.51,8.92
4488,44880,1791070315902,109221,97295,-1.7915,-0.5903,0.4717,9.68,13.37,8.27
4489,44890,1791070315902,109308,97333,-1.79,-0.5898,0.48,7.98,18.17,5.47
4490,44900,1791070315902,109407,97379,-1.7988,-0.5859,0.4453,8.49,18.38,2.96
4491,44910,1791070315902,109486,97414,-1.8086,-0.5825,0.3911,6.69,10.37,3.3
4492,44920,1791070315962,109533,97438,-1.7939,-0.5654,0.4097,-1.73,-2.17,3.11
4493,44930,1791070315962,109530,97448,-1.8027,-0.5688,0.4062,-11.53,-7.07,1.25
4494,44940,1791070315962,109474,97432,-1.77,-0.5806,0.4575,-18.09,-4.11,1.37
4495,44950,1791070315962,109378,97411,-1.7539,-0.561,0.5479,-14.11,7.24,-1.57
4496,44960,1791070316021,109289,97378,-1.7817,-0.5625,0.5479,-7.5,10.72,-2.84
4497,44970,1791070316021,109223,97367,-1.8105,-0.561,0.4839,-3.45,13.31,-4.18
4498,44980,1791070316021,109161,97372,-1.8408,-0.5649,0.4629,-4.14,3.76,-4.21
4499,44990,1791070316021,109135,97370,-1.8813,-0.6357,0.3438,-7.24,-16.2,-3.51
4500,45000,1791070316022,109115,97368,-1.812,-0.6055,0.4961,-12.31,-14.17,1.8
4501,45010,1791070316022,109062,97369,-1.8149,-0.6235,0.4673,-17.47,-11.71,-1.24
4502,45020,1791070316022,109047,97365,-1.7812,-0.627,0.4468,-16.05,-14.03,-0.26
4503,45030,1791070316022,109024,97358,-1.7876,-0.6016,0.5776,-18.84,-3.05,-1.56
4504,45040,1791070316082,109025,97355,-1.8491,-0.6079,0.5083,-12.56,3.22,-3.07
4505,45050,1791070316082,109011,97351,-1.8315,-0.6221,0.5049,-7.08,3.97,-1.95
4506,45060,1791070316082,109009,97339,-1.8457,-0.6143,0.4092,-6.9,-2.29,-0.35
4507,45070,1791070316082,108985,97320,-1.5088,-0.623,0.4224,-5.73,3.39,3.15
4508,45080,1791070316143,108963,97309,-1.9141,-0.6094,0.4414,-26.72,-2.24,-3.76
4509,45090,1791070316143,108961,97302,-1.8369,-0.6333,0.4639,-25.74,-11.74,-2.98
4510,45100,1791070316143,108995,97337,-1.8013,-0.6577,0.5503,-23.66,-4.95,-2.89
4511,45110,1791070316143,109031,97349,-1.8047,-0.6143,0.5156,-13.47,-0.87,-2.73
4512,45120,1791070316143,109075,97368,-1.8345,-0.6465,0.4561,-9.5,1.05,-1.33
4513,45130,1791070316143,109099,97386,-1.8257,-0.6187,0.5107,-2.69,3.47,-0.26
4514,45140,1791070316143,109144,97400,-1.8076,-0.6182,0.4766,3.53,3.51,2.84
4515,45150,1791070316143,109192,97423,-1.8257,-0.6133,0.4985,8.47,6.38,3.91
4516,45160,1791070316204,109250,97448,-1.8232,-0.6113,0.5112,7.25,7.01,2.95
4517,45170,1791070316204,109313,97485,-1.8042,-0.6123,0.5093,4.56,12.31,2.92
4518,45180,1791070316204,109379,97498,-1.8203,-0.6001,0.4678,5.71,14.46,1.3
4519,45190,1791070316204,109443,97530,-1.8218,-0.6006,0.4277,1.11,8.2,2.37
4520,45200,1791070316280,109506,97559,-1.8306,-0.6035,0.4141,-4.49,1.57,1.05
4521,45210,1791070316280,109557,97575,-1.8066,-0.6216,0.4238,-6.92,-1.18,0.89
4522,45220,1791070316280,109618,97604,-1.8101,-0.6055,0.4395,-10.99,-4.99,0.44
4523,45230,1791070316280,109668,97623,-1.7915,-0.626,0.5059,-16.15,0.7,-0.29
4524,45240,1791070316280,109710,97645,-1.7744,-0.604,0.5723,-7.6,18.64,-5.82
4525,45250,1791070316280,109753,97661,-1.8374,-0.6143,0.5244,5.01,22.44,-3.63
4526,45260,1791070316280,109798,97681,-1.832,-0.5986,0.5229,12.61,23.82,-2.4
4527,45270,1791070316280,109850,97710,-1.8408,-0.6211,0.4458,17.91,18.09,-2.89
4528,45280,1791070316327,109928,97735,-1.8149,-0.6201,0.3906,22.49,11.39,0.05
4529,45290,1791070316327,109998,97763,-1.7896,-0.6226,0.373,23.16,6.43,0.85
4530,45300,1791070316327,110072,97783,-1.7993,-0.5981,0.4023,20.63,3.37,-0.15
4531,45310,1791070316327,110138,97821,-1.7896,-0.5996,0.458,21.83,7.66,-3.48
4532,45320,1791070316405,110183,97853,-1.8101,-0.5264,0.4131,20.03,4.31,-4.81
4533,45330,1791070316405,110185,97870,-1.8472,-0.6147,0.3887,19.44,-12.15,-5.37
4534,45340,1791070316405,110181,97885,-1.7983,-0.6304,0.4497,12.72,-10.2,-2.26
4535,45350,1791070316405,110124,97878,-1.8564,-0.6001,0.4653,-3.98,-3.51,-5.21
4536,45360,1791070316406,110023,97861,-1.8364,-0.6045,0.4761,-16.73,0.53,-7.71
4537,45370,1791070316406,109869,97817,-1.8604,-0.6157,0.4297,-19.39,-1.39,-8.53
4538,45380,1791070316406,109681,97751,-1.8364,-0.6284,0.4507,-16.53,-7.95,-6.35
4539,45390,1791070316406,109478,97688,-1.8271,-0.6113,0.4658,-11.77,-6.75,-4.24
4540,45400,1791070316452,109276,97618,-1.8154,-0.6274,0.4614,-6.95,-1.56,-3.5
4541,45410,1791070316452,109099,97575,-1.8193,-0.6265,0.4756,-0.99,1.22,-3.36
4542,45420,1791070316452,108980,97525,-1.8345,-0.6206,0.4937,4.41,-3.69,-4.21
4543,45430,1791070316452,108902,97507,-1.8384,-0.647,0.5,6.79,0.92,-3.1
4544,45440,1791070316502,108828,97500,-1.8457,-0.6479,0.5,10.0,1.92,-1.24
4545,45450,1791070316502,108773,97485,-1.8228,-0.6362,0.4824,14.58,-0.78,0.46
4546,45460,1791070316502,108763,97496,-1.8242,-0.6445,0.4468,16.98,-5.4,0.64
4547,45470,1791070316502,108747,97505,-1.8257,-0.6309,0.4487,10.99,-0.24,1.25
4548,45480,1791070316502,108719,97498,-1.8491,-0.6377,0.4048,1.07,-1.53,1.48
4549,45490,1791070316502,108702,97500,-1.832,-0.6338,0.4048,-6.5,-9.04,2.08
4550,45500,1791070316502,108716,97514,-1.8174,-0.6265,0.4507,-12.09,-11.13,2.05
4551,45510,1791070316502,108736,97518,-1.7979,-0.6309,0.4878,-13.74,-9.01,1.56
4552,45520,1791070316562,108764,97519,-1.7959,-0.6167,0.5098,-7.3,-3.1,0.23
4553,45530,1791070316562,108791,97541,-1.8042,-0.6284,0.4683,-3.25,0.37,-0.79
4554,45540,1791070316562,108838,97552,-1.8052,-0.6265,0.4619,-1.3,1.31,-1.16
4555,45550,1791070316562,108895,97589,-1.8057,-0.6245,0.458,2.49,6.31,-3.42
4556,45560,1791070316622,108993,97624,-1.8105,-0.625,0.4551,2.85,10.53,-3.6
4557,45570,1791070316622,109111,97681,-1.8296,-0.6313,0.4023,3.51,7.82,-2.76
4558,45580,1791070316622,109238,97746,-1.8257,-0.6387,0.4121,3.48,4.61,-1.18
4559,45590,1791070316622,109357,97794,-1.8262,-0.6206,0.4097,2.9,0.53,-0.98
4560,45600,1791070316623,109445,97829,-1.8369,-0.6299,0.4116,2.2,-5.48,0.63
4561,45610,1791070316623,109496,97856,-1.8452,-0.6255,0.4365,-3.68,-7.34,0.81
4562,45620,1791070316623,109516,97861,-1.8359,-0.6245,0.4448,-6.44,-6.26,-0.27
4563,45630,1791070316623,109501,97868,-1.8281,-0.6172,0.4731,-5.04,-7.66,-0.08
4564,45640,1791070316687,109472,97861,-1.8311,-0.6099,0.4932,-8.29,-9.6,0.0
4565,45650,1791070316687,109427,97859,-1.8311,-0.6245,0.5117,-9.8,-4.69,-1.82
4566,45660,1791070316687,109354,97831,-1.8286,-0.6382,0.4868,-5.6,0.52,-2.53
4567,45670,1791070316687,109292,97809,-1.833,-0.6289,0.4644,-4.15,1.48,-1.54
4568,45680,1791070316748,109253,97797,-1.8384,-0.6372,0.4287,-2.14,0.76,-0.67
4569,45690,1791070316748,109233,97796,-1.8228,-0.6416,0.436,-1.31,0.08,0.85
4570,45700,1791070316748,109233,97804,-1.8057,-0.6372,0.4751,-0.37,4.05,0.96
4571,45710,1791070316748,109259,97814,-1.8042,-0.6343,0.4766,0.35,8.46,-0.67
4572,45720,1791070316749,109318,97840,-1.8198,-0.6289,0.4663,1.73,10.17,-1.04
4573,45730,1791070316749,109386,97870,-1.8184,-0.6245,0.4663,5.8,5.3,-0.27
4574,45740,1791070316749,109479,97901,-1.8174,-0.6177,0.4238,6.73,2.58,0.4
4575,45750,1791070316749,109555,97943,-1.8169,-0.6216,0.3892,5.3,-0.81,0.34
4576,45760,1791070316803,109626,97971,-1.8125,-0.627,0.3716,-0.08,-6.37,0.9
4577,45770,1791070316803,109679,97997,-1.8008,-0.6294,0.3784,-5.04,-8.76,0.5
4578,45780,1791070316803,109738,98025,-1.7974,-0.6182,0.4058,-9.36,-10.79,0.32
4579,45790,1791070316803,109793,98055,-1.8022,-0.6289,0.4253,-11.13,-13.83,-0.24
4580,45800,1791070316863,109855,98075,-1.8032,-0.6406,0.4482,-12.58,-15.47,-0.58
4581,45810,1791070316863,109924,98110,-1.7969,-0.6372,0.521,-14.67,-9.02,-2.29
4582,45820,1791070316863,110001,98136,-1.8154,-0.6348,0.5171,-11.69,-0.92,-4.85
4583,45830,1791070316863,110083,98175,-1.8325,-0.6401,0.4746,-7.95,-0.32,-4.55
4584,45840,1791070316863,110159,98208,-1.8267,-0.6382,0.4736,-5.47,-4.81,-3.31
4585,45850,1791070316863,110232,98239,-1.8169,-0.644,0.4419,-6.06,-5.91,-1.77
4586,45860,1791070316863,110296,98253,-1.8237,-0.6475,0.4536,-6.11,-6.26,-1.56
4587,45870,1791070316863,110362,98280,-1.8057,-0.6523,0.4683,-6.35,-5.36,-0.15
4588,45880,1791070316923,110423,98301,-1.8286,-0.645,0.4985,-4.03,-3.19,0.64
4589,45890,1791070316923,110483,98334,-1.8237,-0.665,0.4795,-4.21,-1.05,0.46
4590,45900,1791070316923,110532,98351,-1.8281,-0.6621,0.4629,-0.37,0.26,1.01
4591,45910,1791070316923,110568,98358,-1.8101,-0.6514,0.4609,2.46,1.95,2.26
4592,45920,1791070316983,110612,98372,-1.8145,-0.6558,0.4297,4.27,-0.15,2.81
4593,45930,1791070316983,110636,98379,-1.8135,-0.6494,0.4238,3.28,-2.61,3.07
4594,45940,1791070316983,110664,98380,-1.8188,-0.6436,0.4009,0.75,-5.51,2.7
4595,45950,1791070316983,110680,98381,-1.8198,-0.6343,0.4561,-3.82,-5.98,1.28
4596,45960,1791070316984,110689,98381,-1.8086,-0.6367,0.4995,-6.56,-0.63,0.02
4597,45970,1791070316984,110687,98387,-1.8257,-0.6348,0.5146,-5.47,2.14,-1.39
4598,45980,1791070316984,110707,98394,-1.8462,-0.6372,0.4893,-6.34,1.31,-1.13
4599,45990,1791070316984,110734,98402,-1.8423,-0.6523,0.457,-6.76,-3.88,-0.24
4600,46000,1791070317042,110761,98408,-1.8135,-0.6611,0.4575,-6.43,-4.87,1.04
4601,46010,1791070317042,110777,98414,-1.8169,-0.6587,0.4565,-5.47,-3.4,0.99
4602,46020,1791070317042,110795,98436,-1.8047,-0.6665,0.418,-3.73,-4.06,1.92
4603,46030,1791070317042,110808,98426,-1.7974,-0.6592,0.4595,-2.58,-2.26,1.6
4604,46040,1791070317101,110795,98432,-1.8013,-0.6528,0.4771,-1.37,2.43,0.55
4605,46050,1791070317101,110741,98408,-1.8057,-0.646,0.4756,1.77,7.56,-1.16
4606,46060,1791070317101,110628,98366,-1.8374,-0.6416,0.4634,5.71,5.82,-0.15
4607,46070,1791070317101,110489,98322,-1.8379,-0.6436,0.4321,7.02,1.1,1.48
4608,46080,1791070317102,110317,98260,-1.8291,-0.6299,0.4419,4.08,-0.11,1.27
4609,46090,1791070317102,110131,98209,-1.8179,-0.623,0.4619,-1.01,3.98,1.1
4610,46100,1791070317102,109941,98138,-1.8364,-0.6406,0.4214,-4.87,0.24,1.1
4611,46110,1791070317102,109778,98077,-1.8257,-0.6479,0.4199,-5.54,-6.78,2.9
4612,46120,1791070317161,109647,98043,-1.7944,-0.647,0.4526,-6.89,-9.47,4.26
4613,46130,1791070317161,109545,98010,-1.7979,-0.6475,0.4736,-7.59,-3.95,2.64
4614,46140,1791070317161,109465,97976,-1.7891,-0.6533,0.4883,-5.19,2.32,1.66
4615,46150,1791070317161,109418,97961,-1.7993,-0.646,0.5005,-3.24,7.91,-0.67
4616,46160,1791070317221,109428,97961,-1.8105,-0.666,0.4673,-1.19,9.45,-1.76
4617,46170,1791070317221,109466,97977,-1.8013,-0.6621,0.437,2.84,6.0,-0.67
4618,46180,1791070317221,109549,98000,-1.8057,-0.6392,0.4194,3.34,2.84,-0.31
4619,46190,1791070317221,109641,98034,-1.8135,-0.644,0.4282,2.79,0.93,0.49
4620,46200,1791070317222,109756,98075,-1.8086,-0.6299,0.4077,1.91,-0.5,1.05
4621,46210,1791070317222,109865,98118,-1.8174,-0.6328,0.4238,1.4,-2.52,0.02
4622,46220,1791070317222,109966,98156,-1.8052,-0.6328,0.4209,0.7,-4.15,1.25
4623,46230,1791070317222,110051,98183,-1.8091,-0.6489,0.4443,0.11,-5.79,3.21
4624,46240,1791070317281,110120,98205,-1.8164,-0.6416,0.457,-1.83,-8.29,2.53
4625,46250,1791070317281,110184,98220,-1.8115,-0.6533,0.4512,-3.66,-8.03,2.05
4626,46260,1791070317281,110246,98257,-1.8125,-0.6646,0.4541,-4.84,-5.3,1.44
4627,46270,1791070317281,110314,98281,-1.811,-0.6587,0.4639,-7.44,1.66,-1.1
4628,46280,1791070317341,110380,98306,-1.8203,-0.6577,0.4497,-7.48,2.99,-2.44
4629,46290,1791070317341,110446,98330,-1.8364,-0.6587,0.4146,-5.73,-0.84,-0.72
4630,46300,1791070317341,110493,98338,-1.8379,-0.6499,0.4634,-3.82,-3.56,-1.21
4631,46310,1791070317341,110507,98340,-1.8335,-0.6514,0.4824,-1.33,-1.19,0.32
4632,46320,1791070317342,110499,98332,-1.8174,-0.6382,0.4722,4.17,-0.47,1.42
4633,46330,1791070317342,110464,98305,-1.8296,-0.646,0.4844,6.17,5.08,2.38
4634,46340,1791070317342,110411,98289,-1.8301,-0.644,0.459,11.89,7.83,2.32
4635,46350,1791070317342,110364,98267,-1.8311,-0.627,0.4385,12.9,2.67,4.09
4636,46360,1791070317403,110325,98252,-1.833,-0.6245,0.4053,7.62,-4.76,5.3
4637,46370,1791070317403,110290,98255,-1.8257,-0.623,0.4038,-2.15,-9.18,4.14
4638,46380,1791070317403,110270,98238,-1.8154,-0.6392,0.4141,-9.8,-8.09,1.33
4639,46390,1791070317403,110237,98235,-1.813,-0.626,0.4165,-17.47,-10.89,-0.32
4640,46400,1791070317462,110203,98221,-1.8271,-0.6489,0.4297,-20.37,-14.7,0.34
4641,46410,1791070317462,110159,98205,-1.8091,-0.6567,0.4663,-17.3,-15.24,1.08
4642,46420,1791070317462,110134,98199,-1.8008,-0.6724,0.4736,-10.29,-8.9,0.96
4643,46430,1791070317462,110128,98193,-1.8066,-0.6738,0.4844,-3.11,-2.85,1.82
4644,46440,1791070317462,110148,98202,-1.8081,-0.6675,0.4902,-1.71,4.82,1.1
4645,46450,1791070317462,110189,98218,-1.8262,-0.6621,0.4663,3.82,5.19,1.77
4646,46460,1791070317462,110261,98244,-1.8193,-0.6699,0.4634,7.82,3.59,3.59
4647,46470,1791070317462,110340,98274,-1.8213,-0.647,0.4399,11.45,-1.11,4.49
4648,46480,1791070317522,110432,98307,-1.8096,-0.6479,0.4521,10.9,-2.14,4.44
4649,46490,1791070317522,110502,98337,-1.8174,-0.6357,0.4424,7.28,-2.4,3.08
4650,46500,1791070317522,110586,98370,-1.8203,-0.6313,0.4526,1.15,-3.89,3.21
4651,46510,1791070317522,110646,98381,-1.8145,-0.6294,0.4297,-3.79,-6.82,2.92
4652,46520,1791070317581,110691,98407,-1.8022,-0.6309,0.4351,-6.49,-9.45,2.17
4653,46530,1791070317581,110733,98425,-1.7983,-0.6348,0.4297,-7.39,-8.93,1.15
4654,46540,1791070317581,110763,98432,-1.7974,-0.6426,0.4292,-6.81,-10.02,1.16
4655,46550,1791070317581,110803,98444,-1.7915,-0.6455,0.4478,-6.93,-10.4,0.37
4656,46560,1791070317582,110832,98461,-1.8003,-0.6543,0.46,-8.63,-8.78,0.24
4657,46570,1791070317582,110856,98471,-1.8096,-0.6558,0.4482,-8.27,-7.42,-1.04
4658,46580,1791070317582,110885,98480,-1.8169,-0.6631,0.4526,-7.11,-10.49,0.9
4659,46590,1791070317582,110905,98481,-1.8027,-0.6582,0.4907,-4.79,-11.19,2.6
4660,46600,1791070317641,110924,98488,-1.7998,-0.6592,0.5186,-1.31,-5.18,2.08
4661,46610,1791070317641,110947,98497,-1.8052,-0.6494,0.5186,0.44,1.92,1.44
4662,46620,1791070317641,110965,98514,-1.8198,-0.665,0.4756,3.48,3.82,1.39
4663,46630,1791070317641,110998,98524,-1.8281,-0.6587,0.4678,4.2,0.0,3.25
4664,46640,1791070317700,111035,98537,-1.8213,-0.6484,0.4307,2.84,-0.87,2.79
4665,46650,1791070317700,111062,98548,-1.8218,-0.6514,0.4424,3.28,-2.09,3.71
4666,46660,1791070317700,111095,98555,-1.814,-0.6382,0.4546,4.53,-3.51,4.18
4667,46670,1791070317700,111116,98560,-1.8013,-0.6323,0.4839,1.88,-1.79,3.08
4668,46680,1791070317702,111129,98565,-1.8271,-0.6294,0.4746,-2.0,-0.7,1.16
4669,46690,1791070317702,111143,98577,-1.8252,-0.6416,0.4678,-2.66,-2.93,1.36
4670,46700,1791070317702,111151,98570,-1.8047,-0.644,0.4746,-1.98,-1.4,1.25
4671,46710,1791070317702,111175,98574,-1.8193,-0.6475,0.4673,-5.19,-2.79,0.44
4672,46720,1791070317761,111206,98584,-1.8335,-0.6631,0.4448,-8.43,-5.57,0.52
4673,46730,1791070317761,111241,98595,-1.8135,-0.6606,0.4409,-6.67,-6.96,1.1
4674,46740,1791070317761,111271,98616,-1.8008,-0.6558,0.4556,-2.84,-6.23,1.28
4675,46750,1791070317761,111289,98631,-1.8101,-0.6489,0.4614,-0.9,-5.63,2.89
4676,46760,1791070317822,111286,98634,-1.8008,-0.6509,0.4692,0.11,-2.32,2.41
4677,46770,1791070317822,111217,98613,-1.8076,-0.6523,0.4629,3.11,0.76,1.57
4678,46780,1791070317822,111081,98559,-1.8198,-0.6523,0.4697,5.77,2.23,2.81
4679,46790,1791070317822,110912,98490,-1.8052,-0.6328,0.4707,6.24,3.1,2.52
4680,46800,1791070317824,110726,98428,-1.8242,-0.6318,0.4644,3.31,1.27,2.58
4681,46810,1791070317824,110539,98367,-1.8271,-0.6128,0.4722,-4.49,-3.21,1.69
4682,46820,1791070317824,110371,98309,-1.8198,-0.6309,0.4385,-8.87,-6.21,1.3
4683,46830,1791070317824,110208,98255,-1.8145,-0.6284,0.458,-13.07,-7.98,0.09
4684,46840,1791070317882,110052,98204,-1.8086,-0.6401,0.4507,-13.86,-12.9,0.99
4685,46850,1791070317882,109919,98161,-1.8008,-0.6523,0.4766,-14.09,-13.11,0.55
4686,46860,1791070317882,109812,98131,-1.7949,-0.6641,0.4644,-12.14,-8.82,-0.03
4687,46870,1791070317882,109738,98094,-1.7856,-0.666,0.4756,-6.17,-5.89,0.85
4688,46880,1791070317942,109696,98096,-1.7891,-0.6602,0.4692,-0.2,-0.7,0.63
4689,46890,1791070317942,109686,98094,-1.8003,-0.6616,0.458,-0.7,0.78,0.72
4690,46900,1791070317942,109716,98093,-1.7993,-0.6475,0.4609,1.73,0.29,1.31
4691,46910,1791070317942,109760,98114,-1.791,-0.6465,0.4482,3.47,1.69,0.95
4692,46920,1791070317942,109823,98142,-1.8042,-0.6328,0.4653,4.6,0.21,1.82
4693,46930,1791070317942,109882,98163,-1.8213,-0.6431,0.4595,0.32,-4.32,2.78
4694,46940,1791070317942,109961,98179,-1.8237,-0.6431,0.4561,-4.56,-8.12,2.72
4695,46950,1791070317942,110023,98207,-1.8281,-0.6636,0.481,-9.62,-13.25,2.27
4696,46960,1791070318003,110092,98233,-1.7939,-0.6431,0.5161,-11.3,-9.8,1.73
4697,46970,1791070318003,110137,98249,-1.8066,-0.6401,0.502,-7.28,-4.17,-0.05
4698,46980,1791070318003,110200,98265,-1.8154,-0.6646,0.502,-1.56,-3.24,1.48
4699,46990,1791070318003,110264,98288,-1.811,-0.6616,0.481,3.89,-1.11,1.05
4700,47000,1791070318062,110345,98314,-1.8047,-0.6558,0.4663,6.58,4.27,0.15
4701,47010,1791070318062,110411,98349,-1.8101,-0.6646,0.4409,10.05,6.75,1.28
4702,47020,1791070318062,110472,98361,-1.8125,-0.6392,0.4263,9.91,7.25,0.69
4703,47030,1791070318062,110513,98384,-1.8193,-0.6299,0.4219,7.44,2.79,1.59
4704,47040,1791070318063,110531,98379,-1.8408,-0.6436,0.4136,3.07,-6.37,2.9
4705,47050,1791070318063,110519,98384,-1.811,-0.6328,0.4526,-2.32,-10.78,2.61
4706,47060,1791070318063,110491,98374,-1.7949,-0.6289,0.4883,-6.34,-7.92,1.73
4707,47070,1791070318063,110445,98361,-1.8247,-0.6382,0.5054,-8.12,-6.49,1.16
4708,47080,1791070318121,110392,98347,-1.8276,-0.6309,0.5166,-7.01,-6.23,1.05
4709,47090,1791070318121,110329,98328,-1.8218,-0.645,0.5146,-4.49,-7.27,1.08
4710,47100,1791070318121,110262,98292,-1.7974,-0.6484,0.4692,-2.79,-4.24,2.38
4711,47110,1791070318121,110200,98281,-1.8037,-0.6562,0.4424,0.84,-2.11,1.71
4712,47120,1791070318182,110157,98259,-1.8013,-0.6523,0.4258,0.47,-2.89,0.98
4713,47130,1791070318182,110130,98253,-1.8198,-0.6582,0.4331,-2.95,-4.49,0.64
4714,47140,1791070318182,110124,98256,-1.8091,-0.6548,0.4565,-4.75,-6.11,0.0
4715,47150,1791070318182,110131,98263,-1.7949,-0.6699,0.4561,-3.62,-5.8,-0.18
4716,47160,1791070318182,110143,98266,-1.7915,-0.6543,0.4829,-3.31,-5.47,1.34
4717,47170,1791070318182,110164,98277,-1.7993,-0.6514,0.5112,-3.05,-3.57,0.53
4718,47180,1791070318182,110203,98284,-1.8057,-0.6406,0.4912,-0.85,-0.85,1.66
4719,47190,1791070318182,110230,98299,-1.8022,-0.6509,0.4731,0.34,-1.56,0.93
4720,47200,1791070318241,110278,98313,-1.7993,-0.6382,0.4375,-0.35,-3.57,1.44
4721,47210,1791070318241,110326,98341,-1.8154,-0.6313,0.4663,-4.96,-6.63,0.5
4722,47220,1791070318241,110381,98351,-1.8115,-0.6494,0.458,-10.08,-7.74,0.03
4723,47230,1791070318241,110435,98368,-1.8164,-0.6675,0.4487,-12.31,-12.9,0.08
4724,47240,1791070318303,110471,98378,-1.7993,-0.6558,0.5107,-10.12,-10.99,0.23
4725,47250,1791070318303,110500,98388,-1.7993,-0.6665,0.5088,-8.23,-5.59,-0.87
4726,47260,1791070318303,110539,98407,-1.8062,-0.6611,0.4956,-6.27,-1.28,-1.01
4727,47270,1791070318303,110581,98413,-1.8042,-0.6587,0.5063,0.08,3.6,-1.16
4728,47280,1791070318303,110620,98431,-1.8018,-0.6611,0.4761,4.11,4.92,0.11
4729,47290,1791070318303,110661,98452,-1.811,-0.6567,0.4668,5.53,2.87,2.17
4730,47300,1791070318303,110716,98461,-1.812,-0.665,0.4653,5.31,1.37,3.16
4731,47310,1791070318303,110768,98483,-1.8198,-0.6445,0.4492,4.84,-3.24,4.95
4732,47320,1791070318361,110827,98505,-1.8223,-0.6509,0.4951,0.17,-7.88,5.6
4733,47330,1791070318361,110875,98534,-1.7881,-0.6548,0.4907,-3.76,-6.21,4.99
4734,47340,1791070318361,110908,98538,-1.7979,-0.6509,0.4956,-4.67,-2.69,2.12
4735,47350,1791070318361,110919,98536,-1.7988,-0.6367,0.4819,-3.71,-4.43,1.91
4736,47360,1791070318424,110922,98540,-1.7988,-0.6484,0.4761,-0.98,-6.11,2.31
4737,47370,1791070318424,110912,98531,-1.7915,-0.6382,0.4863,-0.79,-4.79,1.79
4738,47380,1791070318424,110902,98538,-1.8003,-0.6392,0.4731,-3.42,-3.34,0.84
4739,47390,1791070318424,110912,98534,-1.792,-0.6353,0.4697,-4.18,-1.74,-0.17
4740,47400,1791070318424,110923,98536,-1.8071,-0.6528,0.4458,-4.05,-2.85,-0.05
4741,47410,1791070318424,110930,98548,-1.8062,-0.6694,0.4268,-1.6,-6.87,1.07
4742,47420,1791070318424,110956,98547,-1.8013,-0.6758,0.4375,-1.88,-8.4,3.85
4743,47430,1791070318424,110972,98556,-1.7939,-0.6641,0.4629,-4.11,-9.24,4.05
4744,47440,1791070318483,110999,98570,-1.8022,-0.6631,0.4863,-5.79,-7.56,3.1
4745,47450,1791070318483,111018,98586,-1.8008,-0.6782,0.5171,-4.21,-4.35,2.64
4746,47460,1791070318483,111047,98589,-1.8047,-0.6611,0.5264,0.11,-1.65,2.35
4747,47470,1791070318483,111069,98597,-1.8193,-0.6587,0.5352,1.77,-0.69,2.49
4748,47480,1791070318541,111075,98598,-1.8145,-0.6587,0.5269,4.35,1.8,1.08
4749,47490,1791070318541,111029,98587,-1.8223,-0.6567,0.4844,5.71,2.46,-0.66
4750,47500,1791070318541,110912,98548,-1.8252,-0.6489,0.4688,3.57,0.06,1.13
4751,47510,1791070318541,110749,98490,-1.8188,-0.6582,0.4717,0.23,-1.65,1.25
4752,47520,1791070318542,110546,98424,-1.8105,-0.6445,0.4478,-0.82,-4.34,2.09
4753,47530,1791070318542,110329,98344,-1.8018,-0.6504,0.4507,-2.38,-7.1,3.11
4754,47540,1791070318542,110127,98278,-1.7891,-0.6431,0.4482,-4.95,-10.14,3.59
4755,47550,1791070318542,109919,98203,-1.7837,-0.6445,0.4448,-8.84,-10.02,3.91
4756,47560,1791070318600,109744,98139,-1.7944,-0.6431,0.4448,-11.68,-8.85,2.21
4757,47570,1791070318600,109603,98099,-1.7905,-0.6582,0.4614,-12.9,-8.17,1.33
4758,47580,1791070318600,109507,98072,-1.7915,-0.6631,0.4888,-7.98,-6.7,2.96
4759,47590,1791070318600,109443,98049,-1.7886,-0.6582,0.5278,-2.12,-2.06,3.15
4760,47600,1791070318661,109415,98037,-1.8174,-0.6675,0.5269,1.31,-1.47,2.44
4761,47610,1791070318661,109424,98039,-1.7969,-0.6621,0.5425,2.14,0.08,2.99
4762,47620,1791070318661,109465,98042,-1.8081,-0.6528,0.5215,2.63,0.58,2.32
4763,47630,1791070318661,109518,98069,-1.8013,-0.6304,0.5029,1.48,-1.1,1.97
4764,47640,1791070318662,109595,98091,-1.8018,-0.6357,0.4844,-1.07,-2.37,1.63
4765,47650,1791070318662,109667,98116,-1.8115,-0.6328,0.4536,-3.05,-5.88,1.5
4766,47660,1791070318662,109746,98139,-1.7905,-0.644,0.4565,-6.93,-8.82,1.62
4767,47670,1791070318662,109820,98168,-1.7979,-0.6465,0.4438,-9.98,-9.19,1.5
4768,47680,1791070318722,109881,98199,-1.7915,-0.6494,0.4448,-10.52,-9.95,0.99
4769,47690,1791070318722,109923,98208,-1.7788,-0.6523,0.4922,-9.22,-9.01,1.66
4770,47700,1791070318722,109964,98222,-1.7793,-0.6426,0.5029,-8.47,-4.02,0.11
4771,47710,1791070318722,110013,98241,-1.7964,-0.6411,0.4688,-6.84,-3.16,-0.75
4772,47720,1791070318783,110058,98257,-1.7979,-0.6421,0.4424,-7.66,-8.9,-1.57
4773,47730,1791070318783,110103,98278,-1.8003,-0.6426,0.4575,-10.63,-11.94,-0.61
4774,47740,1791070318783,110134,98290,-1.8179,-0.6431,0.4673,-14.43,-12.32,-2.23
4775,47750,1791070318783,110138,98296,-1.8228,-0.6577,0.4883,-13.01,-13.08,-1.5
4776,47760,1791070318784,110130,98296,-1.8057,-0.666,0.5352,-10.7,-8.61,-1.24
4777,47770,1791070318784,110094,98282,-1.8198,-0.6538,0.561,-9.28,-7.57,0.17
4778,47780,1791070318784,110066,98275,-1.8164,-0.6733,0.5459,-6.03,-4.21,0.78
4779,47790,1791070318784,110028,98269,-1.8086,-0.6665,0.5337,-0.35,-1.4,1.85
4780,47800,1791070318843,109987,98257,-1.8115,-0.6724,0.5059,4.29,-1.31,1.53
4781,47810,1791070318843,109944,98244,-1.8027,-0.6675,0.4868,3.97,0.08,1.08
4782,47820,1791070318843,109908,98222,-1.8081,-0.6719,0.4497,1.51,-0.46,1.53
4783,47830,1791070318843,109865,98211,-1.8179,-0.6787,0.4302,-0.64,-5.4,2.2
4784,47840,1791070318902,109831,98193,-1.8047,-0.6646,0.4487,-2.23,-8.24,3.39
4785,47850,1791070318902,109804,98191,-1.834,-0.6509,0.5264,1.5,-5.68,3.39
4786,47860,1791070318902,109785,98178,-1.8008,-0.6714,0.4854,1.45,-11.62,4.09
4787,47870,1791070318902,109763,98166,-1.7744,-0.6362,0.5483,0.92,-4.56,3.02
4788,47880,1791070318903,109767,98163,-1.8066,-0.6465,0.4546,-0.06,-3.95,-0.09
4789,47890,1791070318903,109784,98166,-1.7788,-0.6499,0.4897,-4.64,-5.63,1.57
4790,47900,1791070318903,109813,98178,-1.7812,-0.6436,0.5259,-9.42,-2.0,-1.31
4791,47910,1791070318903,109861,98189,-1.8008,-0.6602,0.5068,-11.98,-2.6,-3.45
4792,47920,1791070318961,109914,98210,-1.8027,-0.6807,0.5361,-7.28,-3.63,-1.48
4793,47930,1791070318961,109952,98226,-1.7988,-0.6753,0.519,-1.4,-3.28,-0.81
4794,47940,1791070318961,109999,98244,-1.7988,-0.6836,0.4956,4.64,-2.87,2.4
4795,47950,1791070318961,110040,98253,-1.7861,-0.647,0.48,8.18,-3.63,4.49
4796,47960,1791070319021,110065,98260,-1.7505,-0.6602,0.4634,8.52,-2.85,3.56
4797,47970,1791070319021,110090,98272,-1.7593,-0.6572,0.478,7.47,0.92,2.93
4798,47980,1791070319021,110100,98274,-1.7666,-0.6519,0.4526,6.78,-0.78,2.99
4799,47990,1791070319021,110106,98274,-1.7632,-0.6367,0.4653,3.85,-2.31,2.99
4800,48000,1791070319022,110107,98271,-1.7695,-0.6299,0.4551,-1.79,-6.24,1.92
4801,48010,1791070319022,110102,98276,-1.7729,-0.626,0.436,-5.18,-11.69,2.73
4802,48020,1791070319022,110088,98274,-1.7656,-0.6304,0.4312,-9.54,-16.66,2.63
4803,48030,1791070319022,110080,98265,-1.7759,-0.6274,0.4487,-15.25,-18.38,1.82
4804,48040,1791070319081,110065,98266,-1.7861,-0.6323,0.4473,-18.78,-21.44,1.8
4805,48050,1791070319081,110062,98266,-1.793,-0.6553,0.459,-21.15,-25.48,1.16
4806,48060,1791070319081,110070,98276,-1.7681,-0.6577,0.4946,-24.67,-24.4,-0.46
4807,48070,1791070319081,110071,98287,-1.7964,-0.6802,0.5146,-22.75,-27.21,-0.55
4808,48080,1791070319142,110083,98285,-1.7671,-0.6597,0.5576,-25.63,-21.34,-3.05
4809,48090,1791070319142,110097,98293,-1.7812,-0.688,0.5381,-22.34,-13.57,-5.27
4810,48100,1791070319142,110107,98305,-1.792,-0.6885,0.5063,-14.84,-10.87,-5.88
4811,48110,1791070319142,110124,98310,-1.8086,-0.7119,0.4956,-6.44,-10.38,-3.42
4812,48120,1791070319143,110149,98320,-1.7588,-0.6743,0.4727,0.53,-10.93,-2.55
4813,48130,1791070319143,110174,98338,-1.7817,-0.6709,0.4756,6.43,-6.37,-1.4
4814,48140,1791070319143,110205,98351,-1.8257,-0.6494,0.5093,14.37,-14.2,-1.47
4815,48150,1791070319143,110203,98342,-1.7681,-0.6489,0.5195,9.05,-24.87,3.73
4816,48160,1791070319202,110159,98323,-1.7832,-0.6616,0.5288,0.37,-23.04,1.39
4817,48170,1791070319202,110081,98284,-1.7949,-0.6616,0.5649,-14.43,-13.94,-1.31
4818,48180,1791070319202,109962,98230,-1.8472,-0.6719,0.5757,-15.69,-12.23,-3.22
4819,48190,1791070319202,109797,98168,-1.8188,-0.6792,0.6006,-14.63,-15.34,-2.6
4820,48200,1791070319262,109604,98097,-1.8022,-0.6909,0.6265,-8.27,-9.45,-2.6
4821,48210,1791070319262,109386,98020,-1.813,-0.6865,0.5811,-1.56,-5.01,-2.93
4822,48220,1791070319262,109165,97952,-1.8003,-0.688,0.5601,3.18,-4.12,0.24
4823,48230,1791070319262,108977,97867,-1.8228,-0.6831,0.5479,10.15,-6.15,2.52
4824,48240,1791070319262,108791,97804,-1.7759,-0.7012,0.5381,8.78,-10.41,5.44
4825,48250,1791070319262,108636,97737,-1.7891,-0.6787,0.5723,6.43,-1.77,2.5
4826,48260,1791070319262,108545,97688,-1.7749,-0.6958,0.5156,2.95,-3.5,3.94
4827,48270,1791070319262,108462,97652,-1.7856,-0.6831,0.5596,4.64,-3.94,4.2
4828,48280,1791070319323,108414,97622,-1.7822,-0.687,0.5669,5.83,-4.6,4.32
4829,48290,1791070319323,108397,97618,-1.7617,-0.6738,0.5874,9.6,0.89,3.02
4830,48300,1791070319323,108402,97619,-1.7739,-0.6626,0.5708,14.58,8.53,0.87
4831,48310,1791070319323,108417,97617,-1.7944,-0.6523,0.5903,13.07,9.36,1.56
4832,48320,1791070319381,108466,97622,-1.8101,-0.6436,0.5879,5.47,6.53,-0.11
4833,48330,1791070319381,108515,97635,-1.8057,-0.6611,0.5693,1.16,6.41,0.56
4834,48340,1791070319381,108573,97651,-1.8003,-0.6533,0.5371,2.66,1.63,0.99
4835,48350,1791070319381,108620,97666,-1.7817,-0.6562,0.5312,3.53,-2.47,2.29
4836,48360,1791070319382,108671,97683,-1.7974,-0.6572,0.5288,4.12,-6.47,2.58
4837,48370,1791070319382,108728,97701,-1.7852,-0.6567,0.5347,4.18,-6.75,2.61
4838,48380,1791070319382,108799,97723,-1.7632,-0.6597,0.5376,5.36,-4.43,1.36
4839,48390,1791070319382,108866,97744,-1.7671,-0.6553,0.5298,7.51,-1.71,0.5
4840,48400,1791070319444,108930,97767,-1.7417,-0.6631,0.5386,11.86,-0.49,1.47
4841,48410,1791070319444,108977,97786,-1.7505,-0.647,0.5474,14.78,0.41,0.99
4842,48420,1791070319444,109027,97802,-1.7705,-0.6616,0.5571,9.51,1.28,0.63
4843,48430,1791070319444,109055,97821,-1.7749,-0.6626,0.5405,0.61,-1.71,-0.85
4844,48440,1791070319503,109070,97819,-1.7988,-0.668,0.5488,-5.92,-7.74,0.37
4845,48450,1791070319503,109063,97815,-1.7949,-0.6562,0.5708,-8.96,-8.58,-0.56
4846,48460,1791070319503,109035,97809,-1.7788,-0.6606,0.5806,-7.36,-7.42,0.9
4847,48470,1791070319503,108981,97791,-1.8013,-0.6553,0.5708,-3.65,-6.72,1.11
4848,48480,1791070319503,108927,97768,-1.7959,-0.6533,0.5576,0.52,-5.6,1.22
4849,48490,1791070319503,108869,97755,-1.7847,-0.6528,0.5171,2.21,-6.26,2.53
4850,48500,1791070319503,108800,97726,-1.77,-0.6475,0.5518,3.21,-4.08,2.09
4851,48510,1791070319503,108743,97699,-1.7612,-0.6558,0.5283,6.09,-2.14,1.22
4852,48520,1791070319562,108696,97689,-1.7744,-0.6748,0.4946,6.29,-5.73,0.76
4853,48530,1791070319562,108661,97677,-1.7666,-0.6768,0.4985,7.08,-10.81,0.09
4854,48540,1791070319562,108645,97660,-1.7651,-0.6768,0.5522,2.63,-11.82,-0.63
4855,48550,1791070319562,108647,97662,-1.7705,-0.6733,0.5942,-3.19,-6.4,-4.4
4856,48560,1791070319621,108652,97664,-1.8086,-0.6865,0.5786,-4.41,-5.53,-4.92
4857,48570,1791070319621,108662,97669,-1.812,-0.6763,0.5884,-4.4,-7.71,-4.98
4858,48580,1791070319621,108675,97680,-1.7983,-0.6719,0.6289,-3.42,-2.73,-5.37
4859,48590,1791070319621,108702,97688,-1.8027,-0.6685,0.6211,0.47,3.31,-5.63
4860,48600,1791070319622,108741,97704,-1.7988,-0.668,0.5913,6.78,3.44,-2.37
4861,48610,1791070319622,108781,97719,-1.8115,-0.6665,0.5757,13.47,0.82,1.25
4862,48620,1791070319622,108836,97725,-1.7935,-0.6685,0.52,15.28,-0.12,4.06
4863,48630,1791070319622,108889,97749,-1.7764,-0.6699,0.52,14.34,-2.82,6.02
4864,48640,1791070319681,108952,97773,-1.7856,-0.6738,0.5171,8.11,-3.83,5.88
4865,48650,1791070319681,109015,97788,-1.7852,-0.6812,0.5264,-1.04,-7.74,3.92
4866,48660,1791070319681,109079,97820,-1.7798,-0.6758,0.5469,-9.44,-8.55,2.64
4867,48670,1791070319681,109133,97841,-1.7759,-0.6714,0.5708,-11.33,-7.89,-0.38
4868,48680,1791070319742,109189,97856,-1.7778,-0.6738,0.5996,-8.95,-5.94,-3.15
4869,48690,1791070319742,109244,97877,-1.7778,-0.666,0.5767,-4.08,-4.79,-2.38
4870,48700,1791070319742,109280,97897,-1.771,-0.6777,0.5781,1.16,-3.59,-0.85
4871,48710,1791070319742,109302,97905,-1.7705,-0.6641,0.5864,4.7,4.55,-1.05
4872,48720,1791070319742,109326,97916,-1.7915,-0.6567,0.5562,5.05,2.98,1.6
4873,48730,1791070319742,109347,97936,-1.8062,-0.6562,0.5342,5.47,-5.18,5.5
4874,48740,1791070319742,109400,97936,-1.7983,-0.6606,0.5396,5.69,-11.24,7.31
4875,48750,1791070319742,109440,97969,-1.7676,-0.6655,0.543,8.67,-10.92,7.15
4876,48760,1791070319802,109472,97977,-1.7441,-0.6479,0.5527,10.0,-10.61,6.81
4877,48770,1791070319802,109497,97992,-1.7637,-0.6416,0.5776,1.24,-9.05,4.31
4878,48780,1791070319802,109534,97998,-1.7686,-0.6479,0.5547,-5.3,-6.11,1.62
4879,48790,1791070319802,109557,98011,-1.7666,-0.6626,0.541,-3.08,-3.85,0.56
4880,48800,1791070319860,109564,98010,-1.7734,-0.6641,0.5625,-0.82,-4.93,1.51
4881,48810,1791070319860,109554,98010,-1.7666,-0.6602,0.582,4.52,-4.38,2.73
4882,48820,1791070319860,109565,98012,-1.7749,-0.6504,0.5688,7.68,-3.15,2.84
4883,48830,1791070319860,109589,98021,-1.7808,-0.6401,0.5742,5.59,-2.84,1.71
4884,48840,1791070319862,109600,98029,-1.7881,-0.6396,0.562,-0.08,-6.29,0.03
4885,48850,1791070319862,109615,98033,-1.7861,-0.6445,0.5425,-6.08,-13.94,-2.23
4886,48860,1791070319862,109626,98041,-1.7686,-0.6514,0.5571,-12.67,-18.43,-3.77
4887,48870,1791070319862,109615,98044,-1.7734,-0.6616,0.5562,-16.67,-18.31,-4.49
4888,48880,1791070319926,109566,98033,-1.7769,-0.6821,0.5596,-16.08,-18.96,-4.08
4889,48890,1791070319926,109460,97991,-1.7529,-0.7104,0.5464,-12.63,-21.36,-1.18
4890,48900,1791070319926,109301,97931,-1.7544,-0.7158,0.5259,-7.62,-19.24,1.33
4891,48910,1791070319926,109095,97865,-1.7642,-0.7266,0.5283,-0.96,-19.25,4.11
4892,48920,1791070319982,108873,97796,-1.7852,-0.6968,0.6006,9.74,-19.57,6.56
4893,48930,1791070319982,108639,97707,-1.7256,-0.7168,0.5967,15.59,-19.42,9.8
4894,48940,1791070319982,108393,97621,-1.7622,-0.6885,0.6372,19.89,-4.53,6.84
4895,48950,1791070319982,108186,97542,-1.7563,-0.6807,0.5918,16.78,-8.05,8.38
4896,48960,1791070319982,108025,97480,-1.7607,-0.6802,0.5981,12.12,-5.42,9.25
4897,48970,1791070319982,107900,97446,-1.772,-0.7021,0.6323,11.56,-6.76,9.45
4898,48980,1791070319982,107871,97425,-1.7852,-0.6938,0.6416,11.15,-6.99,9.53
4899,48990,1791070319982,107886,97429,-1.7764,-0.6914,0.647,12.14,-7.01,8.66
4900,49000,1791070320043,107949,97457,-1.8115,-0.668,0.6763,7.44,-1.54,5.34
4901,49010,1791070320043,108045,97499,-1.8281,-0.6616,0.6777,-1.62,-4.76,3.01
4902,49020,1791070320043,108162,97544,-1.7646,-0.6235,0.6587,-6.34,-6.26,2.34
4903,49030,1791070320043,108263,97589,-1.7837,-0.6255,0.6362,-8.27,-6.24,0.5
4904,49040,1791070320101,108357,97622,-1.7949,-0.6401,0.6099,-11.21,-12.03,0.76
4905,49050,1791070320101,108451,97653,-1.7622,-0.626,0.6279,-11.3,-15.47,0.53
4906,49060,1791070320101,108506,97679,-1.7466,-0.6265,0.6396,-7.37,-13.77,1.18
4907,49070,1791070320101,108558,97697,-1.7515,-0.6357,0.6079,-1.91,-13.68,2.53
4908,49080,1791070320163,108608,97713,-1.7402,-0.6313,0.6294,-3.18,-8.47,2.32
4909,49090,1791070320163,108652,97739,-1.7529,-0.646,0.6084,-4.55,-4.06,-0.43
4910,49100,1791070320163,108705,97751,-1.7485,-0.6636,0.5464,-6.26,-8.11,-0.17
4911,49110,1791070320163,108759,97780,-1.7598,-0.6665,0.563,-11.62,-12.61,-0.35
4912,49120,1791070320163,108816,97798,-1.7422,-0.6851,0.5664,-14.55,-14.49,-0.63
4913,49130,1791070320163,108858,97814,-1.7563,-0.6636,0.5928,-15.36,-14.67,-0.43
4914,49140,1791070320163,108884,97834,-1.7617,-0.6655,0.6025,-14.49,-14.0,-0.89
4915,49150,1791070320163,108895,97839,-1.7544,-0.6685,0.6284,-10.89,-11.83,0.02
4916,49160,1791070320221,108885,97824,-1.7603,-0.6611,0.6709,-7.04,-5.01,-0.29
4917,49170,1791070320221,108861,97822,-1.7534,-0.6504,0.6797,0.69,1.94,0.72
4918,49180,1791070320221,108850,97818,-1.7886,-0.6357,0.667,4.35,1.74,0.06
4919,49190,1791070320221,108843,97829,-1.7915,-0.647,0.6445,4.14,-1.97,-0.08
4920,49200,1791070320222,108847,97831,-1.7671,-0.6704,0.5752,4.85,-10.53,2.4
4921,49210,1791070320222,108842,97845,-1.7681,-0.6489,0.6279,-9.92,-8.73,3.73
4922,49220,1791070320222,108868,97851,-1.7817,-0.6748,0.5776,-18.95,-7.42,1.6
4923,49230,1791070320222,108880,97867,-1.7827,-0.6816,0.5791,-18.27,-12.82,4.38
4924,49240,1791070320282,108899,97876,-1.7778,-0.6523,0.5918,-18.03,-15.68,6.38
4925,49250,1791070320282,108909,97883,-1.7739,-0.6768,0.6304,-16.05,-15.77,6.99
4926,49260,1791070320282,108930,97890,-1.7905,-0.6348,0.6343,-13.47,-11.34,6.15
4927,49270,1791070320282,108947,97900,-1.7661,-0.6621,0.625,-11.92,-11.4,7.16
4928,49280,1791070320343,108968,97904,-1.7632,-0.6543,0.6494,-8.58,-10.47,6.35
4929,49290,1791070320343,108993,97919,-1.7617,-0.6484,0.6382,-4.79,-10.64,6.15
4930,49300,1791070320343,109033,97921,-1.7676,-0.6499,0.6533,-6.72,-8.05,4.84
4931,49310,1791070320343,109083,97945,-1.7529,-0.6655,0.627,-7.92,-6.31,3.01
4932,49320,1791070320343,109145,97968,-1.7593,-0.6553,0.6069,-8.82,-6.87,2.52
4933,49330,1791070320343,109201,98005,-1.7456,-0.6499,0.625,-10.24,-10.84,2.69
4934,49340,1791070320343,109277,98031,-1.7529,-0.6572,0.6265,-8.98,-8.92,3.07
4935,49350,1791070320343,109332,98050,-1.7495,-0.6353,0.6191,-7.24,-5.66,1.85
4936,49360,1791070320402,109382,98072,-1.752,-0.6309,0.6069,-4.41,-5.71,2.75
4937,49370,1791070320402,109418,98088,-1.751,-0.6245,0.6152,0.17,-3.57,5.01
4938,49380,1791070320402,109456,98103,-1.7544,-0.6299,0.6411,7.3,-0.34,5.3
4939,49390,1791070320402,109488,98120,-1.7686,-0.6235,0.644,11.73,2.92,5.57
4940,49400,1791070320468,109547,98134,-1.7803,-0.6211,0.6479,10.02,3.19,5.69
4941,49410,1791070320468,109616,98162,-1.7715,-0.6318,0.6445,7.76,0.87,4.87
4942,49420,1791070320468,109686,98197,-1.8042,-0.6338,0.6655,5.24,3.22,3.07
4943,49430,1791070320468,109745,98219,-1.7856,-0.6606,0.6494,-2.31,-5.69,2.72
4944,49440,1791070320468,109795,98234,-1.7695,-0.6606,0.646,-6.47,-6.37,1.82
4945,49450,1791070320468,109823,98252,-1.7739,-0.668,0.6191,-8.75,-5.47,-0.15
4946,49460,1791070320468,109864,98262,-1.7539,-0.6729,0.6235,-5.88,-6.72,1.88
4947,49470,1791070320468,109890,98280,-1.7305,-0.6694,0.6001,3.3,-5.4,2.67
4948,49480,1791070320522,109906,98289,-1.7349,-0.6543,0.6206,8.95,-2.09,3.88
4949,49490,1791070320522,109922,98301,-1.7583,-0.6753,0.5796,13.27,-2.24,6.53
4950,49500,1791070320522,109956,98310,-1.7476,-0.6602,0.603,16.34,-2.6,6.23
4951,49510,1791070320522,109996,98334,-1.7505,-0.6597,0.6611,13.63,-2.4,6.38
4952,49520,1791070320581,110052,98352,-1.7388,-0.6572,0.6772,6.18,-3.68,6.53
4953,49530,1791070320581,110096,98369,-1.7686,-0.6606,0.6934,-0.08,-3.28,4.66
4954,49540,1791070320581,110142,98382,-1.7676,-0.6646,0.6572,-2.85,-3.82,4.53
4955,49550,1791070320581,110176,98394,-1.7495,-0.6641,0.6748,-4.05,-1.88,2.18
4956,49560,1791070320583,110196,98402,-1.7417,-0.6479,0.6401,-4.7,0.11,0.26
4957,49570,1791070320583,110171,98403,-1.7476,-0.6553,0.6118,-2.95,-1.44,0.79
4958,49580,1791070320583,110096,98379,-1.751,-0.644,0.6113,-1.6,-2.73,1.45
4959,49590,1791070320583,109984,98343,-1.7617,-0.6494,0.6011,-1.95,-4.53,1.22
4960,49600,1791070320641,109841,98292,-1.77,-0.6416,0.6196,-5.16,-5.98,0.09
4961,49610,1791070320641,109675,98240,-1.7666,-0.6553,0.6304,-8.02,-10.02,1.11
4962,49620,1791070320641,109496,98175,-1.7588,-0.6577,0.6494,-8.63,-10.02,1.39
4963,49630,1791070320641,109307,98124,-1.7568,-0.6567,0.6611,-6.34,-8.4,2.08
4964,49640,1791070320702,109136,98060,-1.749,-0.6616,0.6396,-5.24,-7.42,3.45
4965,49650,1791070320702,109002,98011,-1.7446,-0.6528,0.6572,-3.3,-1.77,2.87
4966,49660,1791070320702,108901,97982,-1.7456,-0.6499,0.627,-1.76,1.47,2.67
4967,49670,1791070320702,108855,97967,-1.7515,-0.6572,0.6357,0.6,1.45,3.21
4968,49680,1791070320702,108849,97962,-1.7544,-0.6558,0.6499,2.61,2.75,2.58
4969,49690,1791070320702,108862,97967,-1.7559,-0.6499,0.6318,3.22,4.38,0.96
4970,49700,1791070320702,108897,97985,-1.7617,-0.6479,0.626,2.53,4.46,0.14
4971,49710,1791070320702,108941,98001,-1.7705,-0.6689,0.6221,0.15,1.13,-0.18
4972,49720,1791070320762,108994,98006,-1.7695,-0.6567,0.6279,-2.2,-1.1,-0.66
4973,49730,1791070320762,109033,98015,-1.7627,-0.6694,0.6191,-1.98,-2.14,0.17
4974,49740,1791070320762,109084,98038,-1.7534,-0.6631,0.6162,1.33,-3.73,0.93
4975,49750,1791070320762,109113,98044,-1.7446,-0.6646,0.6284,2.67,-2.95,1.97
4976,49760,1791070320822,109156,98065,-1.7422,-0.6562,0.6367,0.84,-1.91,0.96
4977,49770,1791070320822,109195,98081,-1.7476,-0.6504,0.6377,-0.78,-3.54,1.63
4978,49780,1791070320822,109250,98095,-1.7393,-0.6514,0.646,-2.78,-5.33,1.68
4979,49790,1791070320822,109286,98121,-1.7305,-0.6577,0.6611,-5.82,-4.72,0.17
4980,49800,1791070320823,109340,98130,-1.7427,-0.6562,0.687,-4.58,-1.31,-0.81
4981,49810,1791070320823,109373,98156,-1.7515,-0.6416,0.6802,-2.84,-1.18,-0.27
4982,49820,1791070320823,109383,98145,-1.7749,-0.6528,0.647,-1.56,-1.86,1.74
4983,49830,1791070320823,109368,98143,-1.7578,-0.6401,0.6299,-1.57,-2.96,4.15
4984,49840,1791070320883,109327,98143,-1.77,-0.6362,0.6235,-5.57,-4.7,4.73
4985,49850,1791070320883,109280,98127,-1.7676,-0.6343,0.6255,-7.22,-8.47,4.56
4986,49860,1791070320883,109217,98104,-1.7559,-0.6274,0.6411,-8.46,-9.85,2.66
4987,49870,1791070320883,109146,98077,-1.7402,-0.6357,0.6558,-8.41,-9.28,1.07
4988,49880,1791070320943,109067,98054,-1.7422,-0.6416,0.6587,-5.51,-7.39,-0.89
4989,49890,1791070320943,108978,98025,-1.7124,-0.6641,0.6509,-2.43,0.63,-0.93
4990,49900,1791070320943,108899,97996,-1.7251,-0.6597,0.6279,5.01,6.26,-1.27
4991,49910,1791070320943,108834,97976,-1.7251,-0.6567,0.6196,10.4,6.29,-0.56
4992,49920,1791070320944,108814,97964,-1.7295,-0.6655,0.5776,13.48,5.92,-0.56
4993,49930,1791070320944,108812,97964,-1.7373,-0.6694,0.5518,13.13,3.3,-0.63
4994,49940,1791070320944,108847,97990,-1.7676,-0.6538,0.5859,5.48,-2.9,-0.21
4995,49950,1791070320944,108889,98004,-1.7817,-0.6523,0.582,-3.77,-10.02,1.77
4996,49960,1791070321001,108946,98016,-1.7793,-0.6543,0.5874,-11.16,-17.98,4.76
4997,49970,1791070321001,109002,98040,-1.7695,-0.6504,0.647,-16.18,-21.56,7.94
4998,49980,1791070321001,109055,98054,-1.7798,-0.6528,0.7144,-16.37,-20.61,9.76
4999,49990,1791070321001,109103,98080,-1.7729,-0.6519,0.772,-10.52,-12.84,9.44
5000,50000,1791070321061,109160,98092,-1.7686,-0.6484,0.7676,-0.58,-7.42,10.12
5001,50010,1791070321061,109208,98110,-1.7695,-0.6475,0.7661,9.02,-3.27,10.02
5002,50020,1791070321061,109265,98140,-1.7349,-0.6401,0.7554,12.7,1.6,8.27
5003,50030,1791070321061,109325,98149,-1.7622,-0.6406,0.7158,16.24,8.93,5.53
5004,50040,1791070321063,109398,98174,-1.75,-0.6187,0.6797,17.94,11.13,2.7
5005,50050,1791070321063,109474,98214,-1.7661,-0.6162,0.6348,14.29,12.14,0.58
5006,50060,1791070321063,109555,98244,-1.7603,-0.6177,0.624,11.19,9.4,-2.02
5007,50070,1791070321063,109620,98264,-1.7695,-0.6206,0.5962,7.82,7.01,-2.75
5008,50080,1791070321121,109666,98286,-1.7476,-0.6328,0.5938,7.22,5.88,-3.4
5009,50090,1791070321121,109692,98306,-1.748,-0.6323,0.5625,6.14,6.03,-3.42
5010,50100,1791070321121,109719,98298,-1.7422,-0.6323,0.5693,7.66,8.24,-3.39
5011,50110,1791070321121,109725,98302,-1.7524,-0.6265,0.5952,6.53,7.24,-2.84
5012,50120,1791070321183,109745,98312,-1.7676,-0.6138,0.6362,4.58,4.78,-1.79
5013,50130,1791070321183,109763,98316,-1.7681,-0.6221,0.6543,4.46,1.73,-0.82
5014,50140,1791070321183,109786,98321,-1.7856,-0.6387,0.6729,5.88,-0.37,-0.12
5015,50150,1791070321183,109797,98334,-1.7803,-0.6509,0.6587,2.37,-5.39,-0.44
5016,50160,1791070321183,109823,98338,-1.8286,-0.5981,0.8159,2.99,-0.78,-2.09
5017,50170,1791070321183,109824,98340,-1.8101,-0.6626,0.688,5.68,-17.59,-2.5
5018,50180,1791070321183,109801,98315,-1.6743,-0.6177,0.7939,1.71,-6.02,-1.94
5019,50190,1791070321183,109734,98276,-1.7529,-0.6592,0.6768,2.0,4.23,-5.31
5020,50200,1791070321243,109676,98248,-1.7632,-0.6626,0.5933,1.3,0.82,-3.95
5021,50210,1791070321243,109626,98220,-1.7139,-0.6528,0.5815,-1.25,2.44,-2.95
5022,50220,1791070321243,109560,98199,-1.7163,-0.6416,0.6016,-2.15,8.93,-4.05
5023,50230,1791070321243,109472,98162,-1.7363,-0.6406,0.604,3.44,8.46,-2.64
5024,50240,1791070321301,109347,98117,-1.7476,-0.6494,0.5957,6.34,4.34,0.0
5025,50250,1791070321301,109169,98057,-1.769,-0.6611,0.583,7.59,-1.07,1.31
5026,50260,1791070321301,108981,97989,-1.7451,-0.6519,0.5815,4.12,-5.13,2.29
5027,50270,1791070321301,108772,97913,-1.7324,-0.6504,0.5874,-1.95,-5.24,3.08
5028,50280,1791070321302,108554,97838,-1.7524,-0.6514,0.6167,-4.69,-9.27,2.9
5029,50290,1791070321302,108365,97777,-1.7515,-0.6475,0.6597,-6.92,-8.34,2.17
5030,50300,1791070321302,108210,97711,-1.7471,-0.6558,0.6841,-3.3,-4.2,0.0
5031,50310,1791070321302,108075,97667,-1.7397,-0.6611,0.6548,1.39,-1.8,0.53
5032,50320,1791070321361,107974,97631,-1.7451,-0.6602,0.666,7.53,2.49,-0.32
5033,50330,1791070321361,107910,97605,-1.7603,-0.6562,0.6572,10.47,6.56,-1.97
5034,50340,1791070321361,107891,97604,-1.7563,-0.6353,0.6909,9.89,9.19,-3.34
5035,50350,1791070321361,107919,97614,-1.7896,-0.6499,0.6558,7.79,8.52,-3.36
5036,50360,1791070321421,107970,97627,-1.7896,-0.6519,0.6426,5.42,0.58,-1.08
5037,50370,1791070321421,108023,97649,-1.7778,-0.6328,0.6631,-1.71,-3.95,0.43
5038,50380,1791070321421,108084,97663,-1.7788,-0.6445,0.6582,-7.8,-6.9,-0.15
5039,50390,1791070321421,108137,97686,-1.7593,-0.6548,0.6558,-7.98,-9.11,1.54
5040,50400,1791070321422,108191,97702,-1.7427,-0.6455,0.6709,-3.94,-5.42,2.2
5041,50410,1791070321422,108219,97719,-1.7358,-0.6514,0.6372,2.66,-0.87,2.64
5042,50420,1791070321422,108250,97722,-1.7402,-0.6465,0.6343,9.19,2.5,2.27
5043,50430,1791070321422,108271,97730,-1.7397,-0.644,0.6113,10.69,2.73,3.62
5044,50440,1791070321483,108302,97743,-1.7446,-0.6479,0.5869,11.37,4.56,2.15
5045,50450,1791070321483,108344,97756,-1.7617,-0.6504,0.5732,10.24,3.48,1.82
5046,50460,1791070321483,108373,97766,-1.7705,-0.6504,0.5669,6.44,-1.44,2.87
5047,50470,1791070321483,108413,97771,-1.7671,-0.6597,0.6089,0.0,-5.31,2.58
5048,50480,1791070321542,108432,97781,-1.7642,-0.6514,0.6714,-5.4,-5.71,0.76
5049,50490,1791070321542,108439,97779,-1.7769,-0.6318,0.6934,-7.91,-4.41,-1.6
5050,50500,1791070321542,108431,97780,-1.7739,-0.6484,0.7383,-9.86,-2.32,-3.19
5051,50510,1791070321542,108415,97778,-1.7803,-0.6606,0.7358,-8.82,0.56,-4.11
5052,50520,1791070321543,108381,97769,-1.7715,-0.6543,0.73,-5.51,2.99,-5.5
5053,50530,1791070321543,108337,97752,-1.7695,-0.6543,0.6938,-2.34,4.76,-3.98
5054,50540,1791070321543,108288,97744,-1.7583,-0.6597,0.6377,0.61,5.18,-1.88
5055,50550,1791070321543,108249,97724,-1.7559,-0.6597,0.583,2.08,2.89,0.21
5056,50560,1791070321601,108217,97717,-1.7607,-0.6626,0.5693,2.09,0.12,2.27
5057,50570,1791070321601,108191,97706,-1.7373,-0.6641,0.5381,2.32,-3.5,4.09
5058,50580,1791070321601,108181,97697,-1.7261,-0.6719,0.5337,2.56,-4.56,4.52
5059,50590,1791070321601,108170,97693,-1.7261,-0.6523,0.5605,2.76,-4.75,4.85
5060,50600,1791070321661,108176,97687,-1.7397,-0.6489,0.584,0.53,-7.22,4.76
5061,50610,1791070321661,108186,97694,-1.7339,-0.6553,0.6392,-3.27,-5.33,2.64
5062,50620,1791070321661,108199,97700,-1.7476,-0.6401,0.6763,-3.66,-2.92,1.07
5063,50630,1791070321661,108231,97705,-1.7432,-0.6294,0.7324,-4.15,-0.89,-0.31
5064,50640,1791070321662,108255,97721,-1.7681,-0.6362,0.7139,-2.55,2.14,-1.13
5065,50650,1791070321662,108296,97732,-1.7783,-0.6494,0.6919,3.04,4.08,-0.78
5066,50660,1791070321662,108349,97750,-1.7852,-0.6562,0.6758,5.69,5.13,0.64
5067,50670,1791070321662,108401,97759,-1.7808,-0.6509,0.6553,5.88,6.11,0.76
5068,50680,1791070321721,108461,97787,-1.769,-0.6421,0.6201,6.63,4.9,2.61
5069,50690,1791070321721,108539,97815,-1.7466,-0.6333,0.5991,6.92,2.31,2.93
5070,50700,1791070321721,108609,97835,-1.7534,-0.647,0.5952,5.94,1.27,1.82
5071,50710,1791070321721,108671,97871,-1.7554,-0.6455,0.585,3.04,-1.44,1.53
5072,50720,1791070321783,108717,97888,-1.7505,-0.6436,0.6118,0.53,-1.71,1.54
5073,50730,1791070321783,108758,97898,-1.7559,-0.6494,0.6509,-1.21,2.08,-0.14
5074,50740,1791070321783,108798,97903,-1.7012,-0.6533,0.6255,-1.62,5.45,-3.1
5075,50750,1791070321783,108842,97918,-1.7891,-0.6567,0.6274,-1.05,2.93,0.7
5076,50760,1791070321783,108884,97934,-1.7529,-0.6543,0.6216,1.57,3.28,0.78
5077,50770,1791070321783,108930,97942,-1.7754,-0.6523,0.627,3.8,2.7,2.61
5078,50780,1791070321783,108975,97956,-1.751,-0.6357,0.6304,4.82,-1.28,4.08
5079,50790,1791070321783,109014,97970,-1.748,-0.6362,0.6294,7.88,-2.53,4.79
5080,50800,1791070321841,109031,97975,-1.7354,-0.626,0.627,9.5,-1.08,4.29
5081,50810,1791070321841,109039,97981,-1.7412,-0.624,0.6392,5.48,-1.21,3.71
5082,50820,1791070321841,109060,97987,-1.7305,-0.6401,0.6416,0.98,-0.11,1.56
5083,50830,1791070321841,109062,97991,-1.7407,-0.6387,0.6577,-1.62,-2.12,-0.56
5084,50840,1791070321900,109075,97991,-1.7402,-0.6396,0.6406,-6.14,-2.08,-0.96
5085,50850,1791070321900,109087,97994,-1.7646,-0.6514,0.6108,-6.37,-4.26,-1.11
5086,50860,1791070321900,109095,98002,-1.7529,-0.6504,0.6436,-5.08,-7.22,-0.96
5087,50870,1791070321900,109118,98006,-1.7412,-0.6523,0.6499,-2.49,-5.27,-0.11
5088,50880,1791070321902,109132,98006,-1.7539,-0.6519,0.6426,-0.02,-3.05,-0.17
5089,50890,1791070321902,109122,98004,-1.7549,-0.6455,0.6465,2.34,-1.28,-0.15
5090,50900,1791070321902,109124,98008,-1.7559,-0.6523,0.6733,4.11,0.64,-0.34
5091,50910,1791070321902,109136,98005,-1.7593,-0.644,0.6533,2.81,1.85,-0.75
5092,50920,1791070321962,109147,98009,-1.7764,-0.6494,0.6294,0.29,0.96,-1.28
5093,50930,1791070321962,109166,98014,-1.7822,-0.644,0.6177,-2.18,-3.13,-0.41
5094,50940,1791070321962,109181,98024,-1.7661,-0.6494,0.6177,-5.3,-5.37,1.39
5095,50950,1791070321962,109193,98024,-1.7749,-0.6567,0.6157,-5.86,-9.3,1.97
5096,50960,1791070322022,109201,98019,-1.7603,-0.6553,0.6572,-7.54,-9.66,2.75
5097,50970,1791070322022,109200,98021,-1.7676,-0.668,0.6631,-7.24,-5.94,1.95
5098,50980,1791070322022,109176,98016,-1.7549,-0.6548,0.6621,-2.21,-1.83,1.66
5099,50990,1791070322022,109100,97986,-1.751,-0.6494,0.6543,3.47,1.01,1.95
5100,51000,1791070322022,108967,97939,-1.7422,-0.6572,0.6421,6.38,5.13,0.79
5101,51010,1791070322022,108795,97883,-1.7417,-0.6519,0.6187,7.04,6.5,-0.37
5102,51020,1791070322022,108578,97809,-1.7524,-0.6294,0.6187,4.75,4.2,-2.24
5103,51030,1791070322022,108358,97727,-1.7607,-0.6421,0.6143,-0.11,-0.34,-2.64
5104,51040,1791070322081,108139,97651,-1.7617,-0.6411,0.6309,-5.77,-2.08,-2.92
5105,51050,1791070322081,107923,97578,-1.7632,-0.6519,0.6626,-8.46,-3.11,-3.94
5106,51060,1791070322081,107737,97518,-1.7583,-0.6465,0.6592,-10.76,-3.24,-2.31
5107,51070,1791070322081,107587,97475,-1.7725,-0.6699,0.6665,-9.27,-4.46,-0.92
5108,51080,1791070322144,107461,97421,-1.7476,-0.6396,0.6597,-6.75,-3.04,-0.81
5109,51090,1791070322144,107372,97387,-1.7397,-0.6582,0.6582,-2.92,-0.41,0.75
5110,51100,1791070322144,107304,97373,-1.7305,-0.6538,0.6353,0.47,-0.17,2.58
5111,51110,1791070322144,107270,97360,-1.7432,-0.6582,0.6211,4.4,0.37,3.6
5112,51120,1791070322144,107270,97358,-1.7451,-0.6626,0.5996,6.46,-0.4,4.15
5113,51130,1791070322144,107288,97364,-1.7485,-0.6655,0.6045,6.9,-3.37,5.76
5114,51140,1791070322144,107337,97359,-1.7495,-0.6699,0.6079,3.82,-2.21,4.66
5115,51150,1791070322144,107386,97390,-1.7612,-0.6577,0.623,-0.78,-3.08,3.8
5116,51160,1791070322202,107443,97408,-1.7583,-0.6523,0.6572,-3.39,-3.91,5.07
5117,51170,1791070322202,107483,97417,-1.7646,-0.644,0.6533,-3.92,-5.83,4.2
5118,51180,1791070322202,107537,97431,-1.7573,-0.627,0.6885,-2.85,-4.6,4.18
5119,51190,1791070322202,107574,97448,-1.7607,-0.6265,0.7017,-1.77,-3.88,2.76
5120,51200,1791070322261,107618,97459,-1.7578,-0.6392,0.7056,-1.94,-2.37,1.77
5121,51210,1791070322261,107644,97472,-1.7754,-0.6484,0.6631,-1.65,-2.03,0.81
5122,51220,1791070322261,107700,97485,-1.7783,-0.6616,0.6606,-3.07,-4.84,2.17
5123,51230,1791070322261,107757,97507,-1.7739,-0.6558,0.6694,-6.4,-5.16,1.08
5124,51240,1791070322262,107799,97527,-1.7725,-0.6675,0.6396,-5.1,-4.44,1.34
5125,51250,1791070322262,107828,97538,-1.7612,-0.666,0.6206,-2.43,-3.39,1.89
5126,51260,1791070322262,107832,97545,-1.751,-0.6562,0.5977,1.44,-1.08,2.21
5127,51270,1791070322262,107829,97543,-1.7393,-0.6533,0.6177,6.61,4.23,1.74
5128,51280,1791070322321,107824,97542,-1.7598,-0.6274,0.6055,9.82,8.08,2.03
5129,51290,1791070322321,107821,97543,-1.7681,-0.6299,0.6025,11.28,7.54,2.76
5130,51300,1791070322321,107838,97551,-1.7822,-0.6338,0.6147,9.73,1.57,2.98
5131,51310,1791070322321,107856,97554,-1.7852,-0.6187,0.6167,4.82,-2.5,2.55
5132,51320,1791070322382,107875,97564,-1.7866,-0.6221,0.6675,-3.8,-4.4,1.33
5133,51330,1791070322382,107887,97577,-1.791,-0.6313,0.6807,-10.09,-4.15,0.95
5134,51340,1791070322382,107899,97585,-1.79,-0.6392,0.6904,-10.55,-6.17,0.75
5135,51350,1791070322382,107905,97588,-1.7876,-0.6455,0.686,-7.42,-6.17,1.59
5136,51360,1791070322382,107909,97590,-1.7695,-0.6616,0.6826,-4.85,-2.72,2.26
5137,51370,1791070322382,107920,97597,-1.7734,-0.6606,0.6934,-4.21,2.82,1.94
5138,51380,1791070322382,107948,97613,-1.7676,-0.6567,0.6372,-3.11,6.79,1.04
5139,51390,1791070322382,107980,97622,-1.7661,-0.6616,0.6099,0.69,1.37,2.64
5140,51400,1791070322442,108013,97633,-1.7476,-0.6631,0.5791,2.47,-1.5,3.65
5141,51410,1791070322442,108044,97641,-1.7202,-0.6494,0.5977,1.04,0.6,3.76
5142,51420,1791070322442,108091,97652,-1.7402,-0.6572,0.6045,2.27,1.53,3.85
5143,51430,1791070322442,108151,97680,-1.7485,-0.6396,0.5957,1.92,0.38,3.59
5144,51440,1791070322501,108217,97703,-1.7651,-0.6396,0.625,-1.69,-1.65,4.17
5145,51450,1791070322501,108288,97730,-1.7646,-0.6538,0.6431,-2.09,1.24,2.49
5146,51460,1791070322501,108351,97759,-1.771,-0.6499,0.6445,-1.19,0.67,1.95
5147,51470,1791070322501,108403,97776,-1.7749,-0.6484,0.6519,-2.78,-1.54,3.21
5148,51480,1791070322503,108458,97799,-1.7744,-0.6401,0.6816,-4.56,-2.5,3.4
5149,51490,1791070322503,108505,97814,-1.7563,-0.6372,0.7075,-3.88,1.51,1.94
5150,51500,1791070322503,108561,97836,-1.7588,-0.6426,0.6812,-1.8,2.49,1.3
5151,51510,1791070322503,108609,97859,-1.7573,-0.6416,0.6431,-1.47,0.32,1.25
5152,51520,1791070322566,108653,97874,-1.7524,-0.6631,0.623,-2.38,0.64,1.04
5153,51530,1791070322566,108688,97887,-1.7422,-0.6387,0.6123,-3.91,4.24,0.5
5154,51540,1791070322566,108746,97912,-1.7539,-0.6543,0.5771,-5.07,4.61,1.48
5155,51550,1791070322566,108801,97924,-1.7666,-0.6611,0.5547,-4.46,-3.47,3.88
5156,51560,1791070322622,108857,97954,-1.7603,-0.6572,0.5854,-2.63,-5.42,4.46
5157,51570,1791070322622,108903,97976,-1.7358,-0.6455,0.6089,1.4,-2.5,5.36
5158,51580,1791070322622,108937,97980,-1.7368,-0.6367,0.6167,4.79,1.82,5.1
5159,51590,1791070322622,108968,97989,-1.7568,-0.6318,0.624,7.3,1.07,5.18
5160,51600,1791070322623,108991,98003,-1.7559,-0.6235,0.6558,4.35,3.83,3.42
5161,51610,1791070322623,109029,98012,-1.7646,-0.6187,0.6616,4.4,4.5,1.5
5162,51620,1791070322623,109057,98025,-1.771,-0.6172,0.6538,2.96,-1.86,2.21
5163,51630,1791070322623,109092,98036,-1.7803,-0.6343,0.6572,-3.48,-3.98,1.6
5164,51640,1791070322685,109120,98049,-1.7754,-0.625,0.6597,-9.79,-5.5,-0.31
5165,51650,1791070322685,109148,98058,-1.7617,-0.6309,0.6299,-12.03,-7.82,0.53
5166,51660,1791070322685,109174,98071,-1.748,-0.6367,0.6094,-10.66,-6.09,1.73
5167,51670,1791070322685,109190,98079,-1.748,-0.6436,0.5801,-5.04,-3.57,2.63
5168,51680,1791070322742,109217,98093,-1.7285,-0.6396,0.5439,2.34,-0.52,3.15
5169,51690,1791070322742,109259,98107,-1.7251,-0.6406,0.5396,8.84,0.27,4.52
5170,51700,1791070322742,109300,98131,-1.7285,-0.6509,0.5581,10.53,-0.15,4.15
5171,51710,1791070322742,109351,98149,-1.7529,-0.644,0.5972,6.32,4.24,2.49
5172,51720,1791070322742,109419,98175,-1.7944,-0.6387,0.6274,-1.25,2.03,0.23
5173,51730,1791070322742,109480,98204,-1.772,-0.6294,0.6436,-2.69,-0.73,1.11
5174,51740,1791070322742,109534,98212,-1.8086,-0.6514,0.5732,-3.45,-6.79,2.85
5175,51750,1791070322742,109526,98223,-1.8428,-0.6567,0.584,-2.64,-13.36,7.92
5176,51760,1791070322802,109464,98204,-1.8091,-0.6455,0.6274,-5.01,-18.29,9.11
5177,51770,1791070322802,109332,98161,-1.7778,-0.6387,0.6914,-6.55,-13.28,8.69
5178,51780,1791070322802,109149,98094,-1.7632,-0.6299,0.7334,-6.17,-7.77,4.87
5179,51790,1791070322802,108938,98014,-1.7612,-0.6182,0.7729,-6.15,-6.61,1.05
5180,51800,1791070322861,108705,97947,-1.7671,-0.6191,0.772,-7.11,-3.79,-1.44
5181,51810,1791070322861,108468,97872,-1.748,-0.6206,0.7383,-6.37,3.79,-4.47
5182,51820,1791070322861,108247,97784,-1.7378,-0.6357,0.6577,-3.74,7.3,-6.55
5183,51830,1791070322861,108044,97715,-1.7344,-0.6455,0.6138,-4.61,4.53,-3.73
5184,51840,1791070322862,107883,97661,-1.7451,-0.6494,0.5415,-5.86,-0.99,-0.69
5185,51850,1791070322862,107766,97614,-1.7393,-0.647,0.5366,-8.82,-4.27,1.47
5186,51860,1791070322862,107694,97595,-1.7241,-0.6558,0.5454,-10.06,-7.53,3.37
5187,51870,1791070322862,107674,97598,-1.7266,-0.6543,0.5996,-9.79,-10.14,3.92
5188,51880,1791070322922,107690,97604,-1.7236,-0.6514,0.6328,-9.83,-9.47,2.89
5189,51890,1791070322922,107722,97617,-1.7319,-0.6587,0.6816,-6.89,-5.68,0.47
5190,51900,1791070322922,107766,97642,-1.7334,-0.6621,0.708,-0.52,0.89,-0.32
5191,51910,1791070322922,107802,97663,-1.7427,-0.6543,0.7021,4.67,4.24,-0.63
5192,51920,1791070322982,107855,97677,-1.7676,-0.6582,0.6831,8.66,6.67,-0.14
5193,51930,1791070322982,107903,97694,-1.7695,-0.6548,0.6543,13.65,8.23,-0.14
5194,51940,1791070322982,107964,97718,-1.7632,-0.6353,0.6294,13.13,8.15,0.0
5195,51950,1791070322982,108022,97738,-1.7646,-0.6245,0.5957,9.54,3.56,1.21
5196,51960,1791070322983,108093,97760,-1.7578,-0.6323,0.5854,6.08,-0.41,1.11
5197,51970,1791070322983,108157,97779,-1.7617,-0.6201,0.5967,-0.08,-6.66,2.12
5198,51980,1791070322983,108221,97797,-1.7671,-0.6255,0.6206,-7.53,-10.37,1.45
5199,51990,1791070322983,108285,97815,-1.7568,-0.6323,0.6245,-9.83,-11.85,0.61
5200,52000,1791070323041,108336,97843,-1.7471,-0.6382,0.6172,-9.39,-12.63,1.05
5201,52010,1791070323041,108380,97866,-1.7539,-0.6455,0.6313,-8.32,-11.21,2.37
5202,52020,1791070323041,108419,97869,-1.77,-0.6567,0.645,-7.25,-9.36,1.73
5203,52030,1791070323041,108428,97875,-1.772,-0.6504,0.6611,-5.97,-7.71,2.09
5204,52040,1791070323103,108421,97877,-1.7881,-0.6621,0.6899,-5.92,-6.6,1.85
5205,52050,1791070323103,108408,97875,-1.7739,-0.6606,0.686,-1.63,-3.57,0.99
5206,52060,1791070323103,108380,97871,-1.7661,-0.6616,0.6733,2.76,2.52,1.05
5207,52070,1791070323103,108360,97854,-1.79,-0.6592,0.6748,5.22,7.53,0.14
5208,52080,1791070323103,108329,97844,-1.7788,-0.6597,0.6201,5.42,7.45,-0.84
5209,52090,1791070323103,108306,97840,-1.7871,-0.6548,0.6162,3.39,5.16,-0.55
5210,52100,1791070323103,108288,97831,-1.7656,-0.6416,0.5801,0.5,1.39,-1.59
5211,52110,1791070323103,108279,97838,-1.7583,-0.6357,0.5825,-2.96,-2.15,0.49
5212,52120,1791070323162,108284,97838,-1.7627,-0.6504,0.6123,-5.95,-5.04,1.34
5213,52130,1791070323162,108280,97835,-1.7549,-0.6548,0.6064,-5.27,-4.89,1.24
5214,52140,1791070323162,108291,97847,-1.7617,-0.644,0.6265,-3.37,-4.0,2.03
5215,52150,1791070323162,108305,97851,-1.7495,-0.646,0.6558,-0.61,-2.87,4.26
5216,52160,1791070323222,108322,97853,-1.751,-0.6343,0.6782,3.08,-0.34,4.56
5217,52170,1791070323222,108361,97866,-1.7607,-0.6382,0.6616,1.53,2.6,2.76
5218,52180,1791070323222,108413,97887,-1.7607,-0.6401,0.6377,0.34,1.6,2.15
5219,52190,1791070323222,108453,97897,-1.7603,-0.6406,0.645,-0.96,-0.78,1.65
5220,52200,1791070323222,108501,97918,-1.749,-0.6299,0.6543,-1.39,-1.6,2.02
5221,52210,1791070323222,108540,97931,-1.7515,-0.6313,0.6187,-1.65,-3.16,1.89
5222,52220,1791070323222,108576,97932,-1.751,-0.6294,0.5972,-1.28,-4.17,1.08
5223,52230,1791070323222,108611,97948,-1.7456,-0.6338,0.6226,-2.79,-3.1,1.33
5224,52240,1791070323282,108647,97969,-1.7314,-0.6396,0.6099,-0.31,-1.25,0.06
5225,52250,1791070323282,108694,97979,-1.7378,-0.6416,0.6177,2.9,1.3,-0.55
5226,52260,1791070323282,108738,97995,-1.7461,-0.6484,0.6099,3.77,3.6,-1.01
5227,52270,1791070323282,108788,98015,-1.7495,-0.6479,0.6069,5.94,2.24,-1.01
5228,52280,1791070323341,108841,98027,-1.7432,-0.6353,0.6104,4.38,0.81,-1.34
5229,52290,1791070323341,108868,98037,-1.7549,-0.6348,0.6226,1.65,0.78,-0.6
5230,52300,1791070323341,108899,98051,-1.7622,-0.6426,0.6113,-1.04,-2.61,0.27
5231,52310,1791070323341,108920,98052,-1.7637,-0.6489,0.6157,-2.95,-6.23,0.95
5232,52320,1791070323343,108944,98062,-1.7466,-0.6562,0.623,-4.38,-6.99,0.44
5233,52330,1791070323343,108963,98072,-1.7637,-0.6533,0.6392,-5.39,-6.67,1.3
5234,52340,1791070323343,108990,98075,-1.7686,-0.6641,0.6572,-5.25,-8.79,1.56
5235,52350,1791070323343,109011,98081,-1.7598,-0.6733,0.6855,-4.95,-8.75,2.14
5236,52360,1791070323401,109025,98085,-1.749,-0.6567,0.6685,-1.88,-4.26,1.36
5237,52370,1791070323401,109034,98083,-1.7427,-0.645,0.6772,5.25,2.03,0.89
5238,52380,1791070323401,109041,98095,-1.7476,-0.6494,0.6499,10.31,4.15,2.03
5239,52390,1791070323401,109040,98092,-1.7505,-0.6514,0.623,12.41,8.24,1.89
5240,52400,1791070323462,109046,98089,-1.771,-0.6406,0.5737,10.61,7.74,1.98
5241,52410,1791070323462,109065,98099,-1.7539,-0.6289,0.5566,6.31,3.42,2.02
5242,52420,1791070323462,109094,98095,-1.7646,-0.6172,0.5854,-0.32,-3.56,2.61
5243,52430,1791070323462,109122,98114,-1.7681,-0.6392,0.5903,-6.4,-10.29,0.87
5244,52440,1791070323462,109153,98118,-1.7588,-0.6475,0.6328,-9.45,-12.49,0.82
5245,52450,1791070323462,109177,98130,-1.7637,-0.6479,0.6768,-10.56,-8.52,-1.73
5246,52460,1791070323462,109207,98140,-1.7559,-0.6514,0.6611,-8.95,-2.34,-2.95
5247,52470,1791070323462,109242,98144,-1.7729,-0.6655,0.6196,-2.95,-1.77,-2.67
5248,52480,1791070323522,109269,98161,-1.7471,-0.668,0.6187,0.63,-0.79,-1.85
5249,52490,1791070323522,109289,98163,-1.7549,-0.6538,0.5933,3.21,-0.41,-0.63
5250,52500,1791070323522,109313,98164,-1.7422,-0.6543,0.5811,5.59,0.67,0.43
5251,52510,1791070323522,109333,98173,-1.7446,-0.6367,0.5801,8.09,-1.53,0.72
5252,52520,1791070323582,109348,98186,-1.7656,-0.6328,0.6382,7.13,-2.63,1.94
5253,52530,1791070323582,109329,98179,-1.7866,-0.6216,0.6523,1.91,-5.79,1.63
5254,52540,1791070323582,109268,98148,-1.7969,-0.6274,0.6636,-5.92,-8.12,0.76
5255,52550,1791070323582,109144,98123,-1.8179,-0.6401,0.6792,-10.47,-12.96,0.21
5256,52560,1791070323641,108976,98068,-1.7866,-0.6528,0.6895,-16.14,-19.51,1.04
5257,52570,1791070323641,108762,97989,-1.8364,-0.625,0.8042,-12.63,-11.34,-0.41
5258,52580,1791070323641,108534,97892,-1.77,-0.6714,0.6987,-10.18,-16.14,1.44
5259,52590,1791070323641,108281,97810,-1.7314,-0.6597,0.7314,-6.06,-0.64,1.05
5260,52600,1791070323641,108052,97723,-1.7837,-0.6704,0.6895,1.44,7.42,-0.12
5261,52610,1791070323641,107853,97662,-1.7446,-0.6479,0.6626,9.53,4.52,3.62
5262,52620,1791070323641,107718,97598,-1.7217,-0.6558,0.6401,17.88,9.5,3.44
5263,52630,1791070323641,107624,97566,-1.7153,-0.6494,0.5913,23.63,11.82,4.08
5264,52640,1791070323705,107588,97552,-1.7207,-0.646,0.5596,24.76,9.97,3.98
5265,52650,1791070323705,107588,97549,-1.7407,-0.6201,0.5557,16.55,6.15,4.14
5266,52660,1791070323705,107638,97563,-1.7554,-0.6104,0.5859,6.06,-2.02,2.82
5267,52670,1791070323705,107714,97597,-1.7529,-0.6099,0.6445,-3.59,-7.34,1.91
5268,52680,1791070323705,107799,97627,-1.7749,-0.6108,0.6719,-10.15,-9.44,-0.98
5269,52690,1791070323705,107871,97645,-1.7725,-0.6177,0.6846,-14.0,-12.53,-1.44
5270,52700,1791070323705,107933,97675,-1.7646,-0.6455,0.7324,-14.67,-12.03,-1.15
5271,52710,1791070323705,107979,97697,-1.7666,-0.6392,0.748,-11.53,-7.68,-1.04
5272,52720,1791070323774,108014,97702,-1.752,-0.6567,0.7173,-4.14,-3.02,-0.4
5273,52730,1791070323774,108027,97711,-1.7402,-0.6509,0.7065,1.83,2.63,0.11
5274,52740,1791070323774,108057,97722,-1.7231,-0.6509,0.6499,7.73,6.27,-1.05
5275,52750,1791070323774,108081,97731,-1.7246,-0.6602,0.5981,9.92,5.65,0.47
5276,52760,1791070323821,108118,97748,-1.7261,-0.6685,0.5576,9.19,2.09,0.63
5277,52770,1791070323821,108161,97758,-1.7207,-0.6587,0.5562,7.24,-2.46,1.25
5278,52780,1791070323821,108208,97773,-1.7246,-0.6577,0.5718,4.03,-4.99,2.75
5279,52790,1791070323821,108243,97792,-1.7227,-0.6479,0.606,0.98,-3.53,1.86
5280,52800,1791070323822,108263,97797,-1.7671,-0.6494,0.626,-0.41,-8.09,2.79
5281,52810,1791070323822,108266,97803,-1.7573,-0.6299,0.6675,-2.2,-9.01,2.63
5282,52820,1791070323822,108276,97808,-1.7568,-0.625,0.7144,-2.5,-6.29,1.95
5283,52830,1791070323822,108280,97808,-1.7637,-0.6255,0.7378,0.09,-2.7,0.63
5284,52840,1791070323881,108279,97807,-1.7729,-0.625,0.7319,2.0,-0.18,-0.41
5285,52850,1791070323881,108274,97808,-1.7788,-0.6509,0.6992,0.93,-1.88,-0.43
5286,52860,1791070323881,108265,97809,-1.7646,-0.6592,0.6543,-3.04,-3.53,-0.31
5287,52870,1791070323881,108251,97809,-1.7646,-0.6602,0.6172,-5.8,-5.22,0.06
5288,52880,1791070323942,108250,97810,-1.7515,-0.6587,0.6035,-6.06,-5.42,-0.11
5289,52890,1791070323942,108254,97808,-1.7642,-0.668,0.5923,-6.08,-5.91,-0.09
5290,52900,1791070323942,108263,97818,-1.7578,-0.668,0.5747,-5.18,-7.68,0.44
5291,52910,1791070323942,108259,97825,-1.7344,-0.666,0.5898,-0.84,-4.21,1.34
5292,52920,1791070323943,108275,97830,-1.7319,-0.6475,0.6094,4.69,-1.39,2.81
5293,52930,1791070323943,108304,97832,-1.7407,-0.646,0.6304,6.6,-0.84,3.88
5294,52940,1791070323943,108360,97848,-1.7578,-0.6445,0.646,3.69,-1.31,3.92
5295,52950,1791070323943,108416,97873,-1.7642,-0.6499,0.6577,2.12,-2.82,3.11
5296,52960,1791070324003,108480,97891,-1.7856,-0.6431,0.6904,0.14,-4.49,2.34
5297,52970,1791070324003,108548,97920,-1.7939,-0.6421,0.6719,-5.13,-5.89,2.15
5298,52980,1791070324003,108615,97942,-1.7891,-0.6475,0.6543,-8.64,-7.5,1.82
5299,52990,1791070324003,108671,97964,-1.7778,-0.6465,0.6899,-10.95,-6.79,1.1
5300,53000,1791070324062,108728,97980,-1.7759,-0.6406,0.6885,-9.56,-5.05,0.61
5301,53010,1791070324062,108771,97999,-1.769,-0.6436,0.6895,-7.04,-3.65,1.59
5302,53020,1791070324062,108816,98011,-1.77,-0.6396,0.6943,-4.44,-1.69,0.64
5303,53030,1791070324062,108853,98029,-1.7544,-0.6426,0.6689,-0.63,0.99,0.21
5304,53040,1791070324063,108896,98041,-1.7451,-0.6445,0.6479,3.48,0.9,1.16
5305,53050,1791070324063,108933,98053,-1.7437,-0.6401,0.6279,4.47,3.56,1.08
5306,53060,1791070324063,108969,98068,-1.7485,-0.6431,0.6133,3.01,2.5,0.44
5307,53070,1791070324063,109012,98087,-1.7422,-0.6274,0.5884,0.84,-1.47,1.95
5308,53080,1791070324122,109055,98102,-1.7427,-0.6299,0.6074,-2.66,-6.37,2.5
5309,53090,1791070324122,109089,98113,-1.7319,-0.6279,0.6226,-2.6,-9.3,2.55
5310,53100,1791070324122,109129,98130,-1.7207,-0.6304,0.6533,-2.72,-9.48,1.27
5311,53110,1791070324122,109165,98150,-1.7427,-0.6367,0.6714,-3.01,-5.98,0.41
5312,53120,1791070324183,109198,98169,-1.7593,-0.6436,0.6792,-2.76,-5.44,-0.82
5313,53130,1791070324183,109220,98177,-1.7588,-0.6528,0.6772,-2.12,-6.23,0.7
5314,53140,1791070324183,109255,98185,-1.7544,-0.6484,0.6768,-1.73,-5.1,1.83
5315,53150,1791070324183,109274,98194,-1.75,-0.6621,0.6665,-2.96,-2.64,1.54
5316,53160,1791070324184,109294,98195,-1.7456,-0.647,0.6768,-0.98,-1.42,2.18
5317,53170,1791070324184,109307,98206,-1.7471,-0.6475,0.6646,-0.14,-1.59,2.03
5318,53180,1791070324184,109320,98206,-1.728,-0.6479,0.6509,2.55,0.02,1.71
5319,53190,1791070324184,109337,98202,-1.7192,-0.646,0.6348,2.96,1.47,0.99
5320,53200,1791070324241,109347,98212,-1.73,-0.6436,0.625,3.24,-0.69,0.99
5321,53210,1791070324241,109351,98218,-1.728,-0.6582,0.6104,1.25,-2.73,1.21
5322,53220,1791070324241,109379,98220,-1.7334,-0.6445,0.6182,-2.0,-7.21,1.3
5323,53230,1791070324241,109412,98240,-1.731,-0.646,0.6396,-4.63,-12.15,2.67
5324,53240,1791070324311,109447,98254,-1.7329,-0.6445,0.6865,-7.65,-13.42,2.89
5325,53250,1791070324311,109469,98256,-1.729,-0.6479,0.7109,-7.24,-10.64,2.76
5326,53260,1791070324311,109512,98267,-1.7334,-0.625,0.7412,-4.84,-8.02,2.06
5327,53270,1791070324311,109546,98285,-1.7378,-0.6357,0.7266,-1.6,-6.5,3.02
5328,53280,1791070324311,109582,98303,-1.7178,-0.6343,0.6899,1.88,-3.89,2.95
5329,53290,1791070324311,109634,98304,-1.7212,-0.6479,0.6401,3.04,-4.06,3.25
5330,53300,1791070324311,109681,98340,-1.71,-0.6538,0.5732,4.03,-7.8,2.93
5331,53310,1791070324311,109741,98353,-1.7139,-0.6558,0.6011,1.04,-10.15,2.21
5332,53320,1791070324363,109796,98371,-1.7295,-0.6626,0.5898,-1.79,-13.68,1.85
5333,53330,1791070324363,109817,98386,-1.7212,-0.6758,0.6216,-2.12,-16.49,1.82
5334,53340,1791070324363,109811,98377,-1.729,-0.6802,0.6841,-0.6,-12.2,1.27
5335,53350,1791070324363,109747,98362,-1.7412,-0.6592,0.7358,1.63,-4.53,0.02
5336,53360,1791070324424,109644,98323,-1.7549,-0.6479,0.731,7.45,0.12,0.06
5337,53370,1791070324424,109489,98277,-1.7681,-0.6362,0.7007,11.95,2.14,-0.75
5338,53380,1791070324424,109316,98225,-1.7949,-0.6313,0.6748,13.94,2.69,0.09
5339,53390,1791070324424,109132,98156,-1.7964,-0.6167,0.6743,10.52,0.69,0.96
5340,53400,1791070324424,108957,98101,-1.8081,-0.6104,0.6489,6.66,-3.36,2.09
5341,53410,1791070324424,108804,98051,-1.7998,-0.624,0.6514,0.93,-9.45,5.05
5342,53420,1791070324424,108681,98015,-1.7939,-0.6357,0.6602,-5.1,-13.01,5.01
5343,53430,1791070324424,108582,97984,-1.7876,-0.6431,0.6694,-9.1,-15.92,5.18
5344,53440,1791070324483,108527,97962,-1.7744,-0.6509,0.6909,-11.5,-15.91,4.98
5345,53450,1791070324483,108495,97951,-1.7734,-0.6621,0.7124,-10.98,-10.87,2.17
5346,53460,1791070324483,108493,97951,-1.7686,-0.6631,0.7173,-5.94,-4.52,-0.18
5347,53470,1791070324483,108513,97956,-1.7505,-0.6665,0.7114,0.26,-0.84,-1.74
5348,53480,1791070324542,108547,97975,-1.7554,-0.6562,0.6826,6.78,4.05,-2.15
5349,53490,1791070324542,108590,97991,-1.748,-0.6445,0.6553,13.4,7.69,-1.44
5350,53500,1791070324542,108654,98009,-1.7383,-0.6436,0.6479,16.96,8.69,1.25
5351,53510,1791070324542,108717,98032,-1.7427,-0.6343,0.6396,19.51,6.89,3.24
5352,53520,1791070324542,108790,98055,-1.7524,-0.623,0.6406,15.91,2.58,4.49
5353,53530,1791070324542,108847,98074,-1.749,-0.6196,0.6519,8.23,-0.18,5.21
5354,53540,1791070324542,108918,98096,-1.7427,-0.6187,0.6699,-0.05,-2.55,4.21
5355,53550,1791070324542,108969,98112,-1.7539,-0.6167,0.6973,-6.92,-6.21,4.14
5356,53560,1791070324602,109011,98125,-1.7588,-0.6284,0.7119,-9.42,-10.9,4.05
5357,53570,1791070324602,109048,98143,-1.7515,-0.6401,0.7065,-10.56,-11.88,4.14
5358,53580,1791070324602,109090,98170,-1.7578,-0.6411,0.7178,-10.02,-11.01,3.77
5359,53590,1791070324602,109121,98172,-1.7485,-0.6489,0.6792,-6.47,-7.94,4.96
5360,53600,1791070324661,109145,98199,-1.7476,-0.6592,0.689,0.27,-7.65,6.67
5361,53610,1791070324661,109161,98199,-1.7368,-0.646,0.7041,8.69,-3.82,8.31
5362,53620,1791070324661,109173,98198,-1.7393,-0.6382,0.6953,16.66,-1.18,8.11
5363,53630,1791070324661,109182,98202,-1.7202,-0.6328,0.7275,22.64,-0.12,8.72
5364,53640,1791070324662,109187,98202,-1.7129,-0.5991,0.7354,23.69,0.14,6.7
5365,53650,1791070324662,109186,98204,-1.7427,-0.6011,0.7476,17.01,3.83,4.4
5366,53660,1791070324662,109199,98207,-1.7485,-0.6147,0.6841,8.7,2.17,-0.08
5367,53670,1791070324662,109203,98209,-1.7417,-0.626,0.6797,2.17,-3.66,-0.61
5368,53680,1791070324722,109213,98210,-1.7417,-0.6079,0.6748,-5.47,-6.7,-1.42
5369,53690,1791070324722,109221,98225,-1.7446,-0.6099,0.6655,-8.63,-8.55,-1.98
5370,53700,1791070324722,109221,98216,-1.7466,-0.6069,0.6621,-7.47,-11.44,-1.01
5371,53710,1791070324722,109224,98220,-1.7134,-0.6221,0.6636,-4.49,-10.06,0.41
5372,53720,1791070324781,109241,98226,-1.7144,-0.6201,0.6631,-0.61,-7.16,0.63
5373,53730,1791070324781,109264,98242,-1.7222,-0.6372,0.6377,4.23,-6.44,0.18
5374,53740,1791070324781,109306,98244,-1.7168,-0.6475,0.6665,6.35,-5.44,1.04
5375,53750,1791070324781,109354,98262,-1.71,-0.6431,0.6978,5.56,-5.25,-0.11
5376,53760,1791070324782,109414,98292,-1.7334,-0.6465,0.6992,1.6,-6.43,-1.59
5377,53770,1791070324782,109479,98312,-1.7329,-0.6616,0.7285,0.2,-5.95,-2.99
5378,53780,1791070324782,109536,98326,-1.7412,-0.6523,0.7373,0.29,-4.14,-3.45
5379,53790,1791070324782,109587,98349,-1.7441,-0.6504,0.7222,1.77,-4.08,-3.89
5380,53800,1791070324843,109647,98378,-1.7432,-0.647,0.7197,1.25,-3.94,-4.05
5381,53810,1791070324843,109703,98397,-1.7451,-0.6445,0.7212,0.09,-4.35,-3.36
5382,53820,1791070324843,109746,98412,-1.7505,-0.646,0.7227,-0.47,-3.31,-2.32
5383,53830,1791070324843,109800,98438,-1.7607,-0.644,0.7085,-0.29,-2.87,-1.88
5384,53840,1791070324907,109851,98454,-1.7681,-0.6445,0.7051,1.68,-3.76,-0.82
5385,53850,1791070324907,109896,98460,-1.7568,-0.6519,0.708,5.3,-2.58,-0.06
5386,53860,1791070324907,109933,98485,-1.7563,-0.6567,0.7212,8.82,-2.72,1.94
5387,53870,1791070324907,109973,98491,-1.7456,-0.6479,0.7002,9.28,-2.31,3.57
5388,53880,1791070324907,110012,98505,-1.7432,-0.6392,0.6978,8.75,-1.63,4.11
5389,53890,1791070324907,110044,98521,-1.7319,-0.625,0.6777,7.22,-2.99,3.94
5390,53900,1791070324907,110074,98521,-1.7388,-0.623,0.6738,4.11,-4.89,2.85
5391,53910,1791070324907,110110,98543,-1.7417,-0.6138,0.6724,-0.93,-5.92,0.85
5392,53920,1791070324961,110141,98547,-1.7349,-0.624,0.6792,-3.57,-2.85,0.05
5393,53930,1791070324961,110157,98548,-1.7373,-0.625,0.6895,-4.56,-2.27,-0.87
5394,53940,1791070324961,110176,98555,-1.7534,-0.6362,0.7036,-6.03,-4.21,-1.08
5395,53950,1791070324961,110191,98565,-1.7603,-0.6309,0.7246,-5.16,-5.37,-0.82
5396,53960,1791070325023,110209,98569,-1.7456,-0.6284,0.7407,-4.11,-4.96,-0.24
5397,53970,1791070325023,110213,98573,-1.752,-0.6348,0.7295,-1.79,-2.81,-0.08
5398,53980,1791070325023,110217,98580,-1.7544,-0.6479,0.7358,0.08,-2.5,1.27
5399,53990,1791070325023,110224,98580,-1.749,-0.644,0.7231,1.71,-1.82,2.64
5400,54000,1791070325023,110228,98571,-1.7295,-0.6431,0.7222,5.44,0.26,2.64
5401,54010,1791070325023,110227,98569,-1.7236,-0.6372,0.7212,7.63,2.81,3.56
5402,54020,1791070325023,110238,98578,-1.7275,-0.6265,0.6973,11.71,4.17,3.71
5403,54030,1791070325023,110258,98577,-1.7192,-0.6201,0.6802,12.76,4.98,3.31
5404,54040,1791070325082,110281,98579,-1.7158,-0.6084,0.6748,11.42,7.27,1.94
5405,54050,1791070325082,110319,98594,-1.7388,-0.6079,0.6743,6.7,2.85,0.44
5406,54060,1791070325082,110358,98611,-1.7432,-0.6084,0.6753,0.66,-3.34,-1.18
5407,54070,1791070325082,110394,98628,-1.7417,-0.6138,0.6655,-7.07,-7.73,-2.5
5408,54080,1791070325141,110430,98633,-1.7437,-0.6289,0.6528,-13.54,-10.93,-2.6
5409,54090,1791070325141,110444,98638,-1.7432,-0.6465,0.7046,-17.71,-12.27,-3.24
5410,54100,1791070325141,110463,98641,-1.7495,-0.6421,0.7173,-16.44,-8.99,-3.4
5411,54110,1791070325141,110484,98650,-1.7559,-0.6558,0.7524,-10.99,-5.74,-3.34
5412,54120,1791070325143,110485,98651,-1.7554,-0.6655,0.7451,-4.02,-1.95,-2.93
5413,54130,1791070325143,110444,98635,-1.7485,-0.6626,0.748,4.41,2.89,-1.16
5414,54140,1791070325143,110354,98606,-1.7495,-0.6567,0.7393,11.27,8.34,-1.13
5415,54150,1791070325143,110226,98553,-1.7446,-0.6436,0.7349,13.54,10.0,0.26
5416,54160,1791070325202,110056,98496,-1.749,-0.6289,0.7095,10.63,8.55,0.43
5417,54170,1791070325202,109876,98431,-1.7656,-0.6436,0.6772,3.54,4.82,0.95
5418,54180,1791070325202,109699,98375,-1.7783,-0.6504,0.6636,-4.99,-2.4,0.38
5419,54190,1791070325202,109531,98313,-1.7812,-0.6401,0.6641,-11.47,-9.88,2.95
5420,54200,1791070325263,109377,98259,-1.7769,-0.6484,0.7075,-16.12,-11.57,2.84
5421,54210,1791070325263,109252,98211,-1.7505,-0.6406,0.728,-15.5,-9.22,2.32
5422,54220,1791070325263,109136,98184,-1.7603,-0.6509,0.7642,-13.98,-7.88,2.75
5423,54230,1791070325263,109056,98153,-1.7495,-0.6562,0.8032,-10.46,-2.2,2.27
5424,54240,1791070325263,109003,98134,-1.7559,-0.6631,0.7734,-2.9,5.8,0.79
5425,54250,1791070325263,108970,98119,-1.7344,-0.6621,0.7212,3.51,8.53,1.22
5426,54260,1791070325263,108967,98110,-1.7192,-0.6685,0.6729,9.05,11.71,2.78
5427,54270,1791070325263,108990,98124,-1.7275,-0.6504,0.6533,10.82,11.04,2.72
5428,54280,1791070325324,109025,98125,-1.7168,-0.6235,0.6636,7.37,6.66,3.44
5429,54290,1791070325324,109081,98142,-1.7134,-0.6133,0.6699,2.03,3.6,1.3
5430,54300,1791070325324,109156,98168,-1.7012,-0.5991,0.6924,-1.73,-1.51,-1.19
5431,54310,1791070325324,109248,98202,-1.7065,-0.5981,0.7275,-6.38,-4.32,-3.13
5432,54320,1791070325392,109340,98231,-1.6919,-0.604,0.7441,-9.45,-1.62,-5.59
5433,54330,1791070325392,109398,98260,-1.7261,-0.625,0.7222,-12.24,2.18,-8.58
5434,54340,1791070325392,109482,98289,-1.7212,-0.6353,0.6948,-14.53,-0.85,-7.92
5435,54350,1791070325392,109553,98323,-1.7202,-0.6587,0.6626,-13.8,-2.79,-6.76
5436,54360,1791070325442,109638,98359,-1.7246,-0.6611,0.647,-7.91,-1.82,-5.5
5437,54370,1791070325442,109716,98392,-1.7202,-0.6553,0.6323,-2.76,-1.85,-3.51
5438,54380,1791070325442,109797,98420,-1.7285,-0.6577,0.6577,6.9,1.33,-1.44
5439,54390,1791070325442,109887,98455,-1.7139,-0.6558,0.6406,17.47,4.99,0.56
5440,54400,1791070325442,109959,98488,-1.7188,-0.6367,0.6758,20.99,7.63,1.66
5441,54410,1791070325442,110017,98508,-1.7422,-0.627,0.689,17.59,8.6,-0.05
5442,54420,1791070325442,110082,98519,-1.7554,-0.6055,0.71,11.15,4.79,-0.85
5443,54430,1791070325442,110123,98541,-1.7866,-0.5986,0.7305,1.66,-0.63,-2.87
5444,54440,1791070325501,110170,98552,-1.79,-0.6045,0.7432,-8.56,-7.42,-4.41
5445,54450,1791070325501,110197,98557,-1.7788,-0.6055,0.7681,-14.43,-8.23,-4.69
5446,54460,1791070325501,110202,98560,-1.7925,-0.6211,0.7593,-14.41,-6.67,-5.15
5447,54470,1791070325501,110201,98553,-1.7935,-0.6465,0.7207,-13.42,-7.79,-2.2
5448,54480,1791070325501,110200,98551,-1.7812,-0.6646,0.6689,-11.95,-6.18,-0.61
5449,54490,1791070325501,110200,98552,-1.7578,-0.6782,0.6411,-7.82,-5.53,2.31
5450,54500,1791070325501,110194,98542,-1.7402,-0.6802,0.5933,-2.2,-2.38,5.63
5451,54510,1791070325501,110203,98535,-1.7207,-0.6694,0.605,3.62,-1.65,6.76
5452,54520,1791070325562,110212,98548,-1.7266,-0.667,0.6514,1.42,-2.87,6.29
5453,54530,1791070325562,110234,98545,-1.7334,-0.6558,0.7222,0.18,1.89,3.5
5454,54540,1791070325562,110257,98549,-1.7422,-0.6499,0.7485,2.78,4.82,1.15
5455,54550,1791070325562,110288,98559,-1.75,-0.644,0.7725,4.79,5.79,-0.14
5456,54560,1791070325621,110323,98569,-1.7729,-0.6479,0.7476,3.11,6.78,-1.39
5457,54570,1791070325621,110353,98580,-1.7578,-0.6489,0.686,3.01,4.4,0.56
5458,54580,1791070325621,110395,98591,-1.7725,-0.6548,0.6348,3.05,1.3,3.69
5459,54590,1791070325621,110421,98593,-1.731,-0.6484,0.5991,2.41,-4.64,6.46
5460,54600,1791070325622,110460,98596,-1.7402,-0.6436,0.6318,-1.47,-9.95,7.02
5461,54610,1791070325622,110495,98601,-1.7222,-0.6274,0.6802,-6.43,-15.13,6.61
5462,54620,1791070325622,110518,98617,-1.6958,-0.6353,0.7222,-11.82,-16.76,5.02
5463,54630,1791070325622,110531,98612,-1.7139,-0.6387,0.7749,-14.76,-15.08,1.66
5464,54640,1791070325681,110521,98609,-1.6973,-0.6445,0.8198,-15.08,-12.95,-0.43
5465,54650,1791070325681,110492,98596,-1.6816,-0.6504,0.8472,-9.28,-3.24,-2.37
5466,54660,1791070325681,110455,98574,-1.6919,-0.6689,0.7627,1.25,5.19,-2.92
5467,54670,1791070325681,110417,98556,-1.6611,-0.688,0.6924,13.08,8.03,-0.72
5468,54680,1791070325742,110386,98550,-1.6992,-0.6548,0.6328,14.27,0.96,3.4
5469,54690,1791070325742,110362,98538,-1.668,-0.6611,0.6055,13.54,0.69,5.54
5470,54700,1791070325742,110347,98519,-1.6592,-0.645,0.5913,16.55,3.65,6.61
5471,54710,1791070325742,110330,98531,-1.6807,-0.626,0.5586,16.81,1.89,6.41
5472,54720,1791070325743,110322,98527,-1.7129,-0.6123,0.5923,11.5,-6.35,6.92
5473,54730,1791070325743,110310,98529,-1.7329,-0.623,0.6538,-0.93,-13.24,5.48
5474,54740,1791070325743,110326,98520,-1.7305,-0.6245,0.6968,-9.57,-13.69,2.99
5475,54750,1791070325743,110333,98528,-1.7461,-0.6392,0.7485,-12.14,-12.92,2.61
5476,54760,1791070325804,110329,98529,-1.7793,-0.6338,0.8086,-12.02,-12.5,2.53
5477,54770,1791070325804,110332,98529,-1.772,-0.6387,0.8291,-10.34,-11.1,2.67
5478,54780,1791070325804,110352,98519,-1.7754,-0.6436,0.8042,-9.24,-9.73,0.53
5479,54790,1791070325804,110363,98526,-1.7515,-0.6387,0.7764,-8.93,-8.5,0.43
5480,54800,1791070325862,110382,98538,-1.7515,-0.6577,0.7471,-8.15,-7.34,0.14
5481,54810,1791070325862,110401,98551,-1.7344,-0.6367,0.688,-5.86,-5.47,-0.24
5482,54820,1791070325862,110419,98543,-1.7314,-0.6514,0.6514,-5.47,-5.21,-0.41
5483,54830,1791070325862,110436,98544,-1.7227,-0.6514,0.6333,-3.91,-8.49,0.85
5484,54840,1791070325863,110449,98549,-1.7231,-0.645,0.6523,-6.43,-10.0,1.08
5485,54850,1791070325863,110461,98559,-1.729,-0.6616,0.6743,-9.33,-9.85,-0.35
5486,54860,1791070325863,110490,98569,-1.7354,-0.6831,0.7261,-10.14,-9.04,-0.11
5487,54870,1791070325863,110494,98571,-1.7417,-0.667,0.7808,-9.91,-6.15,-0.17
5488,54880,1791070325922,110474,98563,-1.7476,-0.6714,0.792,-7.16,-1.71,-1.01
5489,54890,1791070325922,110398,98555,-1.7607,-0.6597,0.8076,-4.15,-0.79,-0.99
5490,54900,1791070325922,110289,98505,-1.751,-0.668,0.8018,-3.69,1.62,-1.95
5491,54910,1791070325922,110135,98458,-1.7393,-0.6479,0.7534,-2.9,5.8,-3.76
5492,54920,1791070325982,109963,98401,-1.7231,-0.6558,0.7368,-4.24,7.08,-4.47
5493,54930,1791070325982,109782,98333,-1.7393,-0.6538,0.6899,-5.59,5.11,-3.88
5494,54940,1791070325982,109599,98275,-1.7329,-0.6611,0.6519,-8.02,0.78,-2.64
5495,54950,1791070325982,109427,98219,-1.7305,-0.6641,0.6602,-7.83,-2.15,-0.41
5496,54960,1791070325982,109292,98163,-1.7061,-0.6499,0.6611,-5.4,-3.22,1.34
5497,54970,1791070325982,109177,98120,-1.708,-0.6577,0.7041,0.49,-0.21,4.73
5498,54980,1791070325982,109085,98083,-1.7329,-0.6655,0.6943,6.56,2.18,4.2
5499,54990,1791070325982,109037,98072,-1.7192,-0.6538,0.7021,8.7,1.48,5.05
5500,55000,1791070326042,109018,98058,-1.7324,-0.6382,0.7168,6.24,0.55,5.8
5501,55010,1791070326042,109018,98049,-1.7334,-0.6372,0.708,1.88,-0.02,4.02
5502,55020,1791070326042,109033,98064,-1.7437,-0.6475,0.7124,-1.31,-2.05,3.76
5503,55030,1791070326042,109070,98071,-1.7461,-0.6328,0.75,-5.16,-3.57,3.21
5504,55040,1791070326101,109110,98084,-1.7446,-0.6294,0.7622,-7.27,-3.54,2.23
5505,55050,1791070326101,109146,98093,-1.7495,-0.6294,0.7847,-6.2,0.08,1.04
5506,55060,1791070326101,109194,98096,-1.7441,-0.6538,0.7471,-4.99,1.53,2.5
5507,55070,1791070326101,109237,98107,-1.7358,-0.6431,0.7285,-3.76,3.27,1.36
5508,55080,1791070326163,109281,98119,-1.7256,-0.6543,0.6895,-3.19,3.86,1.48
5509,55090,1791070326163,109310,98131,-1.728,-0.6602,0.6611,-2.6,2.49,2.34
5510,55100,1791070326163,109358,98138,-1.7109,-0.6401,0.626,-1.28,0.92,1.4
5511,55110,1791070326163,109403,98159,-1.7251,-0.6436,0.6235,-3.4,-1.16,1.37
5512,55120,1791070326163,109452,98173,-1.7363,-0.6655,0.6455,-6.96,-2.49,1.15
5513,55130,1791070326163,109488,98190,-1.7339,-0.6636,0.6377,-8.0,-4.6,0.52
5514,55140,1791070326163,109502,98196,-1.7397,-0.6646,0.6743,-5.42,-3.98,2.35
5515,55150,1791070326163,109499,98191,-1.7368,-0.6523,0.7041,-1.68,-0.44,1.95
5516,55160,1791070326222,109493,98185,-1.7539,-0.6489,0.7437,0.34,1.94,0.0
5517,55170,1791070326222,109473,98183,-1.7524,-0.6577,0.7539,1.97,3.65,-0.58
5518,55180,1791070326222,109445,98173,-1.7554,-0.6567,0.7612,1.59,4.56,-1.73
5519,55190,1791070326222,109406,98152,-1.7476,-0.6431,0.7573,-0.93,3.34,-1.92
5520,55200,1791070326224,109364,98136,-1.7466,-0.6377,0.7441,-4.5,3.04,-2.63
5521,55210,1791070326224,109320,98116,-1.7393,-0.645,0.7075,-5.36,0.61,-0.92
5522,55220,1791070326224,109267,98106,-1.729,-0.6348,0.6807,-5.5,-0.75,-0.49
5523,55230,1791070326224,109240,98088,-1.7383,-0.6499,0.6519,-5.5,-1.95,0.67
5524,55240,1791070326281,109214,98074,-1.7275,-0.6621,0.5996,-3.91,-4.82,2.4
5525,55250,1791070326281,109199,98068,-1.6934,-0.6406,0.6226,-7.25,-4.93,3.95
5526,55260,1791070326281,109182,98066,-1.728,-0.6572,0.6465,-7.86,-7.08,4.27
5527,55270,1791070326281,109193,98067,-1.7148,-0.6553,0.6675,-2.79,-5.18,3.85
5528,55280,1791070326345,109217,98071,-1.7114,-0.645,0.6895,1.54,-3.24,2.98
5529,55290,1791070326345,109246,98078,-1.7188,-0.6538,0.7183,5.05,-1.47,2.06
5530,55300,1791070326345,109293,98087,-1.7349,-0.6528,0.7266,6.27,0.44,1.5
5531,55310,1791070326345,109355,98105,-1.7368,-0.668,0.7354,4.08,3.66,0.27
5532,55320,1791070326345,109418,98134,-1.7422,-0.6807,0.7339,3.05,4.15,-1.3
5533,55330,1791070326345,109466,98156,-1.751,-0.666,0.7144,0.96,0.32,-1.02
5534,55340,1791070326345,109529,98173,-1.7637,-0.665,0.7246,-3.4,-2.98,-0.38
5535,55350,1791070326345,109579,98197,-1.7427,-0.6689,0.7114,-5.68,-3.28,-1.02
5536,55360,1791070326403,109623,98207,-1.7466,-0.6665,0.709,-8.53,-1.94,-1.79
5537,55370,1791070326403,109642,98215,-1.7275,-0.667,0.7217,-7.39,-0.49,-1.05
5538,55380,1791070326403,109694,98220,-1.7261,-0.6724,0.6963,-1.8,2.05,-0.2
5539,55390,1791070326403,109717,98241,-1.728,-0.6523,0.6987,2.37,4.38,-0.24
5540,55400,1791070326463,109753,98251,-1.7349,-0.6528,0.6758,4.47,3.08,0.05
5541,55410,1791070326463,109785,98255,-1.7192,-0.6504,0.6416,4.9,1.91,1.28
5542,55420,1791070326463,109823,98277,-1.7139,-0.6504,0.627,3.33,0.02,2.49
5543,55430,1791070326463,109852,98280,-1.7065,-0.6582,0.6289,1.69,-3.05,2.98
5544,55440,1791070326463,109885,98288,-1.7065,-0.6611,0.6235,0.58,-4.37,2.78
5545,55450,1791070326463,109909,98296,-1.7061,-0.6616,0.6514,0.92,-6.24,3.01
5546,55460,1791070326463,109920,98296,-1.7188,-0.6406,0.6792,-2.34,-10.05,3.74
5547,55470,1791070326463,109948,98302,-1.7305,-0.6455,0.7271,-9.11,-12.26,3.19
5548,55480,1791070326522,109978,98326,-1.73,-0.6514,0.7339,-9.71,-11.51,2.37
5549,55490,1791070326522,110002,98334,-1.7305,-0.6562,0.7446,-7.76,-8.67,1.89
5550,55500,1791070326522,110045,98337,-1.7231,-0.6631,0.7075,-4.56,-2.09,1.59
5551,55510,1791070326522,110080,98357,-1.7256,-0.6626,0.6919,0.81,-3.11,2.75
5552,55520,1791070326584,110107,98370,-1.7427,-0.6787,0.688,2.47,-5.83,4.98
5553,55530,1791070326584,110124,98382,-1.7393,-0.6606,0.6875,2.14,-6.69,5.1
5554,55540,1791070326584,110154,98387,-1.7358,-0.6582,0.7021,0.58,-7.68,4.98
5555,55550,1791070326584,110174,98392,-1.7393,-0.6689,0.6929,0.37,-6.15,4.41
5556,55560,1791070326585,110189,98404,-1.75,-0.6626,0.7061,-1.1,-6.78,3.47
5557,55570,1791070326585,110173,98398,-1.7593,-0.6704,0.7046,-1.82,-4.84,1.31
5558,55580,1791070326585,110112,98381,-1.7466,-0.6709,0.7339,-0.26,-3.54,1.42
5559,55590,1791070326585,110001,98342,-1.7505,-0.6538,0.7588,1.44,-0.44,0.73
5560,55600,1791070326642,109863,98292,-1.7578,-0.6641,0.7583,2.12,2.02,0.14
5561,55610,1791070326642,109719,98248,-1.77,-0.6509,0.7417,4.55,0.87,0.32
5562,55620,1791070326642,109577,98199,-1.7627,-0.6406,0.7417,3.66,-3.24,1.66
5563,55630,1791070326642,109457,98160,-1.7246,-0.6528,0.6841,2.17,-3.77,5.22
5564,55640,1791070326702,109348,98131,-1.7324,-0.646,0.6851,3.1,-1.62,2.95
5565,55650,1791070326702,109259,98103,-1.7021,-0.6484,0.6606,-0.06,0.98,1.33
5566,55660,1791070326702,109193,98075,-1.6958,-0.646,0.5996,-2.96,-3.48,1.07
5567,55670,1791070326702,109160,98066,-1.6919,-0.6646,0.6191,-5.74,-6.09,-0.55
5568,55680,1791070326702,109140,98071,-1.7114,-0.6616,0.6519,-7.66,-5.22,-2.81
5569,55690,1791070326702,109136,98065,-1.7197,-0.6689,0.7041,-6.53,-5.19,-2.44
5570,55700,1791070326702,109138,98058,-1.7319,-0.6528,0.7534,0.18,-4.92,-1.4
5571,55710,1791070326702,109161,98067,-1.7417,-0.6733,0.7646,2.23,-1.8,0.72
5572,55720,1791070326762,109190,98071,-1.7202,-0.6655,0.7788,3.71,2.47,1.77
5573,55730,1791070326762,109227,98098,-1.7344,-0.6631,0.751,7.5,5.48,3.3
5574,55740,1791070326762,109265,98103,-1.7344,-0.6479,0.7148,5.53,3.45,4.4
5575,55750,1791070326762,109323,98111,-1.7266,-0.647,0.6836,4.06,2.85,5.16
5576,55760,1791070326821,109374,98133,-1.7271,-0.6528,0.6743,2.73,1.63,5.91
5577,55770,1791070326821,109407,98149,-1.7271,-0.6562,0.6338,2.02,-0.7,6.11
5578,55780,1791070326821,109443,98153,-1.7222,-0.6572,0.6411,2.21,-3.05,7.59
5579,55790,1791070326821,109483,98167,-1.7354,-0.6558,0.6401,2.24,-5.85,7.94
5580,55800,1791070326822,109530,98187,-1.7349,-0.6494,0.6548,1.77,-7.86,8.41
5581,55810,1791070326822,109594,98212,-1.7539,-0.6641,0.6885,2.56,-9.79,7.65
5582,55820,1791070326822,109654,98233,-1.7524,-0.6528,0.7271,6.2,-6.09,6.99
5583,55830,1791070326822,109706,98249,-1.6484,-0.6699,0.7549,4.67,-2.61,3.4
5584,55840,1791070326881,109753,98275,-1.8545,-0.6729,0.7407,2.5,3.22,2.72
5585,55850,1791070326881,109777,98282,-1.7729,-0.6475,0.8008,3.5,1.48,2.99
5586,55860,1791070326881,109796,98291,-1.771,-0.6211,0.7935,0.79,7.3,-1.48
5587,55870,1791070326881,109809,98297,-1.7734,-0.6357,0.7271,-1.88,5.85,-2.55
5588,55880,1791070326942,109811,98300,-1.7612,-0.6309,0.7227,-3.19,2.08,-1.71
5589,55890,1791070326942,109814,98307,-1.7485,-0.644,0.709,-3.85,-1.91,-1.36
5590,55900,1791070326942,109819,98304,-1.7192,-0.6377,0.686,-7.04,-6.63,-1.21
5591,55910,1791070326942,109827,98317,-1.7104,-0.6313,0.6689,-8.34,-9.88,-0.35
5592,55920,1791070326942,109843,98332,-1.7271,-0.6421,0.7007,-7.15,-14.26,0.76
5593,55930,1791070326942,109872,98335,-1.6006,-0.6782,0.542,0.43,-9.94,-3.45
5594,55940,1791070326942,109899,98352,-1.688,-0.6265,0.6714,-5.11,-3.25,2.49
5595,55950,1791070326942,109944,98377,-1.6997,-0.6562,0.686,0.03,-4.06,-0.38
5596,55960,1791070327006,109984,98385,-1.6987,-0.6431,0.6704,0.58,-5.16,1.47
5597,55970,1791070327006,110033,98408,-1.7183,-0.6543,0.7109,6.49,-13.59,2.87
5598,55980,1791070327006,110108,98447,-1.6909,-0.6396,0.6963,0.15,-9.25,3.36
5599,55990,1791070327006,110187,98488,-1.7075,-0.6626,0.6978,-2.61,-11.48,1.44
5600,56000,1791070327062,110246,98504,-1.709,-0.6616,0.7183,-5.08,-14.31,2.69
5601,56010,1791070327062,110308,98528,-1.7007,-0.665,0.6992,-5.15,-19.01,2.76
5602,56020,1791070327062,110360,98552,-1.6968,-0.6787,0.7495,0.47,-25.65,2.98
5603,56030,1791070327062,110447,98592,-1.6924,-0.6675,0.7461,-0.2,-22.64,5.65
5604,56040,1791070327062,110544,98629,-1.7041,-0.6689,0.7407,1.45,-18.63,4.6
5605,56050,1791070327062,110632,98672,-1.7007,-0.6753,0.6997,3.92,-17.08,3.3
5606,56060,1791070327062,110740,98719,-1.7021,-0.6504,0.6929,0.18,-12.34,4.06
5607,56070,1791070327062,110850,98765,-1.7554,-0.6445,0.6694,-0.37,-18.43,3.63
5608,56080,1791070327123,110973,98815,-1.7388,-0.6382,0.6997,1.11,-30.26,7.05
5609,56090,1791070327123,111104,98871,-1.7256,-0.6309,0.7271,-1.59,-35.89,7.25
5610,56100,1791070327123,111217,98943,-1.7168,-0.6479,0.6978,-4.58,-40.27,7.34
5611,56110,1791070327123,111324,98976,-1.7515,-0.6519,0.7104,-2.69,-49.36,9.88
5612,56120,1791070327182,111454,99050,-1.79,-0.6768,0.6987,-8.41,-57.44,17.27
5613,56130,1791070327182,111591,99115,-1.6758,-0.6299,0.7935,-15.68,-62.32,13.57
5614,56140,1791070327182,111737,99187,-1.7578,-0.646,0.8115,-17.05,-41.98,6.08
5615,56150,1791070327182,111840,99240,-1.6577,-0.6631,0.7729,-17.73,-38.99,2.6
5616,56160,1791070327182,111930,99278,-1.6885,-0.6646,0.7368,-16.14,-42.38,1.56
5617,56170,1791070327182,112009,99315,-1.6904,-0.6279,0.7861,-19.47,-45.21,1.8
5618,56180,1791070327182,112086,99345,-1.7812,-0.5981,0.8618,-0.85,-46.95,-1.16
5619,56190,1791070327182,112133,99360,-1.7822,-0.6841,0.8174,12.85,-67.65,6.72
5620,56200,1791070327242,112105,99328,-1.7129,-0.5625,0.8491,13.34,-88.67,11.69
5621,56210,1791070327242,112049,99283,-1.7017,-0.5801,0.8213,0.69,-88.27,12.02
5622,56220,1791070327242,111988,99229,-1.6519,-0.6284,0.8457,-6.26,-94.63,11.8
5623,56230,1791070327242,111871,99157,-1.5962,-0.5498,0.6758,-21.82,-103.73,6.26
5624,56240,1791070327302,111712,99058,-1.5806,-0.5874,0.686,-39.04,-116.46,5.51
5625,56250,1791070327302,111558,98960,-1.6606,-0.6255,0.7881,-43.77,-128.49,5.39
5626,56260,1791070327302,111410,98873,-1.5933,-0.6431,0.7539,-56.81,-133.4,3.68
5627,56270,1791070327302,111262,98783,-1.5591,-0.6489,0.769,-71.54,-126.08,0.24
5628,56280,1791070327302,111122,98718,-1.6104,-0.6646,0.8047,-89.37,-121.05,-5.48
5629,56290,1791070327302,110981,98658,-1.5425,-0.6841,0.8682,-90.21,-115.74,-8.21
5630,56300,1791070327302,110838,98606,-1.5923,-0.7178,0.9189,-92.03,-108.7,-7.77
5631,56310,1791070327302,110675,98540,-1.5723,-0.7686,0.9966,-78.87,-110.5,1.01
5632,56320,1791070327362,110464,98466,-1.5498,-0.7236,1.0625,-64.76,-102.34,0.73
5633,56330,1791070327362,110219,98393,-1.5522,-0.7319,1.1177,-42.92,-95.4,3.07
5634,56340,1791070327362,109973,98303,-1.5439,-0.7676,1.1123,-24.35,-84.69,3.88
5635,56350,1791070327362,109690,98206,-1.5542,-0.7446,1.0977,-0.92,-88.7,9.92
5636,56360,1791070327423,109419,98099,-1.5503,-0.7036,1.0996,8.12,-98.08,10.46
5637,56370,1791070327423,109178,98009,-1.4951,-0.6958,1.0522,9.22,-95.27,11.3
5638,56380,1791070327423,108958,97908,-1.5186,-0.6919,1.043,13.6,-102.34,10.82
5639,56390,1791070327423,108807,97844,-1.4399,-0.541,0.9067,21.74,-96.96,4.63
5640,56400,1791070327423,108719,97803,-1.4644,-0.6899,1.0786,26.12,-91.31,10.15
5641,56410,1791070327423,108682,97790,-1.4961,-0.6548,1.0342,24.55,-87.18,8.47
5642,56420,1791070327423,108707,97802,-1.5054,-0.6455,1.02,11.42,-83.1,6.67
5643,56430,1791070327423,108741,97812,-1.4634,-0.6392,1.0039,-3.59,-85.24,2.14
5644,56440,1791070327483,108789,97834,-1.5044,-0.6636,1.0278,-16.55,-89.45,2.78
5645,56450,1791070327483,108866,97862,-1.4795,-0.6753,1.0225,-20.5,-95.85,2.76
5646,56460,1791070327483,108943,97896,-1.4785,-0.6694,1.0493,-25.62,-104.99,4.89
5647,56470,1791070327483,109027,97927,-1.4585,-0.6909,1.0488,-24.47,-111.66,5.08
5648,56480,1791070327543,109108,97958,-1.4365,-0.6812,1.0562,-19.91,-113.25,3.07
5649,56490,1791070327543,109170,97985,-1.415,-0.7041,1.0557,-9.13,-109.65,2.82
5650,56500,1791070327543,109247,98011,-1.4116,-0.689,1.0483,7.73,-108.72,0.05
5651,56510,1791070327543,109340,98054,-1.3076,-0.6553,1.124,11.8,-105.66,1.25
5652,56520,1791070327543,109465,98107,-1.3145,-0.6313,1.1724,-10.69,-97.48,-0.7
5653,56530,1791070327543,109602,98172,-1.3472,-0.6362,1.1802,-35.74,-88.44,-2.37
5654,56540,1791070327543,109735,98253,-1.4033,-0.6499,1.1816,-48.67,-91.59,-4.43
5655,56550,1791070327543,109856,98313,-1.3877,-0.6729,1.2012,-51.59,-105.53,-4.03
5656,56560,1791070327601,109950,98361,-1.3535,-0.6597,1.3242,-47.59,-109.08,-1.95
5657,56570,1791070327601,110006,98392,-1.3379,-0.6963,1.3364,-34.84,-110.73,-1.34
5658,56580,1791070327601,110020,98415,-1.3223,-0.7231,1.3472,-17.54,-110.27,-1.37
5659,56590,1791070327601,110015,98416,-1.3491,-0.7271,1.3555,-4.64,-105.27,-1.59
5660,56600,1791070327660,110016,98418,-1.3521,-0.7358,1.4062,-2.61,-104.24,-2.06
5661,56610,1791070327660,110027,98431,-1.3281,-0.7407,1.4365,-12.82,-102.4,-2.72
5662,56620,1791070327660,110023,98437,-1.3242,-0.749,1.4683,-29.11,-90.64,-3.13
5663,56630,1791070327660,109991,98436,-1.4438,-0.7627,1.4067,-41.74,-75.97,-0.37
5664,56640,1791070327662,109935,98418,-1.2656,-0.7852,1.498,-42.61,-59.59,-2.73
5665,56650,1791070327662,109879,98382,-1.3447,-0.7603,1.4561,-31.73,-41.97,-4.9
5666,56660,1791070327662,109831,98379,-1.3374,-0.7646,1.4858,-19.94,-32.24,-2.31
5667,56670,1791070327662,109795,98364,-1.3179,-0.7617,1.4814,-5.37,-23.48,-1.6
5668,56680,1791070327723,109769,98357,-1.3354,-0.7764,1.4688,13.33,-19.69,-0.12
5669,56690,1791070327723,109768,98354,-1.311,-0.7622,1.4653,25.33,-14.85,0.17
5670,56700,1791070327723,109789,98366,-1.3101,-0.7422,1.4771,24.58,-9.48,1.16
5671,56710,1791070327723,109845,98386,-1.2969,-0.7524,1.4341,19.73,-9.71,2.85
5672,56720,1791070327782,109905,98417,-1.291,-0.7451,1.4131,14.17,-14.06,4.75
5673,56730,1791070327782,109964,98442,-1.291,-0.7397,1.3994,7.3,-17.01,6.85
5674,56740,1791070327782,110035,98470,-1.2769,-0.7383,1.4004,0.05,-15.73,6.47
5675,56750,1791070327782,110095,98493,-1.2681,-0.73,1.3843,-2.96,-11.74,6.37
5676,56760,1791070327783,110149,98517,-1.2617,-0.7417,1.3633,0.84,-11.51,6.93
5677,56770,1791070327783,110200,98548,-1.2559,-0.7207,1.3823,5.01,-11.95,5.59
5678,56780,1791070327783,110278,98565,-1.2593,-0.709,1.3789,5.89,-10.5,5.47
5679,56790,1791070327783,110350,98591,-1.2915,-0.7153,1.3887,5.89,-12.66,3.95
5680,56800,1791070327842,110421,98634,-1.2393,-0.7085,1.3706,10.7,-6.85,2.95
5681,56810,1791070327842,110476,98655,-1.2212,-0.7178,1.3496,15.95,5.66,3.27
5682,56820,1791070327842,110520,98664,-1.2515,-0.7051,1.3525,14.18,3.36,3.86
5683,56830,1791070327842,110551,98678,-1.2305,-0.7148,1.3545,12.67,0.08,4.52
5684,56840,1791070327904,110597,98684,-1.2319,-0.7163,1.3657,9.04,4.06,4.41
5685,56850,1791070327904,110628,98704,-1.2163,-0.7036,1.3921,6.02,9.1,2.73
5686,56860,1791070327904,110652,98709,-1.2129,-0.6948,1.3809,-0.61,10.26,2.44
5687,56870,1791070327904,110667,98713,-1.2266,-0.709,1.3667,-4.23,13.05,0.58
5688,56880,1791070327904,110677,98705,-1.2515,-0.71,1.3418,-4.31,3.02,3.65
5689,56890,1791070327904,110685,98708,-1.2544,-0.686,1.3716,-1.5,-2.12,4.76
5690,56900,1791070327904,110700,98724,-1.2544,-0.7036,1.3789,-1.11,-1.45,4.08
5691,56910,1791070327904,110718,98719,-1.2466,-0.7271,1.3438,4.05,0.84,3.31
5692,56920,1791070327962,110732,98724,-1.2554,-0.7158,1.3379,8.21,3.42,3.01
5693,56930,1791070327962,110741,98726,-1.2617,-0.7109,1.3149,11.24,0.9,2.35
5694,56940,1791070327962,110762,98723,-1.2505,-0.6992,1.3315,8.32,1.19,1.44
5695,56950,1791070327962,110790,98729,-1.252,-0.708,1.3286,4.44,4.49,-0.82
5696,56960,1791070328022,110812,98738,-1.2422,-0.7212,1.3105,0.85,1.86,-0.95
5697,56970,1791070328022,110821,98739,-1.2588,-0.6987,1.334,-4.96,-0.53,-0.21
5698,56980,1791070328022,110847,98748,-1.2573,-0.7056,1.3301,-9.79,-4.14,-0.41
5699,56990,1791070328022,110864,98746,-1.2749,-0.707,1.3838,-13.91,-9.04,1.37
5700,57000,1791070328023,110859,98746,-1.272,-0.7153,1.3911,-11.01,-13.18,1.36
5701,57010,1791070328023,110855,98740,-1.2476,-0.7266,1.4067,-3.36,-17.71,3.16
5702,57020,1791070328023,110850,98736,-1.2466,-0.7402,1.4053,3.45,-14.4,3.37
5703,57030,1791070328023,110823,98731,-1.2622,-0.7305,1.3994,10.15,-9.48,2.32
5704,57040,1791070328082,110783,98710,-1.2666,-0.7129,1.3774,12.61,-3.89,1.57
5705,57050,1791070328082,110707,98690,-1.2598,-0.7104,1.3564,14.37,0.03,0.17
5706,57060,1791070328082,110593,98644,-1.269,-0.7041,1.3428,16.58,2.6,0.38
5707,57070,1791070328082,110453,98588,-1.2461,-0.6973,1.3511,17.24,3.86,-0.52
5708,57080,1791070328142,110296,98543,-1.2549,-0.7026,1.356,15.22,-0.17,0.23
5709,57090,1791070328142,110136,98485,-1.2676,-0.6943,1.3638,11.56,-7.16,1.88
5710,57100,1791070328142,109977,98422,-1.2568,-0.6982,1.4092,2.53,-8.18,1.57
5711,57110,1791070328142,109846,98375,-1.2607,-0.6694,1.3315,-5.11,-6.27,-0.35
5712,57120,1791070328142,109722,98330,-1.2515,-0.6919,1.4053,-6.75,-8.73,4.24
5713,57130,1791070328142,109633,98298,-1.2505,-0.7017,1.4165,-7.95,-11.74,4.0
5714,57140,1791070328142,109574,98288,-1.2495,-0.6978,1.416,-8.6,-8.67,3.27
5715,57150,1791070328142,109554,98278,-1.2451,-0.709,1.3882,-4.11,-6.23,3.51
5716,57160,1791070328203,109554,98275,-1.2461,-0.7026,1.3662,1.54,-3.59,3.3
5717,57170,1791070328203,109575,98291,-1.2471,-0.7139,1.3555,5.59,0.24,2.09
5718,57180,1791070328203,109615,98302,-1.2529,-0.7188,1.3604,9.31,2.95,1.69
5719,57190,1791070328203,109674,98322,-1.252,-0.7085,1.3608,10.44,4.95,0.9
5720,57200,1791070328262,109749,98358,-1.248,-0.7065,1.3574,10.38,4.2,1.16
5721,57210,1791070328262,109837,98386,-1.2397,-0.7002,1.3926,9.1,2.46,1.74
5722,57220,1791070328262,109922,98421,-1.2495,-0.6831,1.4038,4.08,0.67,1.71
5723,57230,1791070328262,110000,98455,-1.251,-0.6782,1.4038,-1.77,-2.96,1.54
5724,57240,1791070328263,110085,98490,-1.2578,-0.6841,1.4141,-6.96,-5.73,2.6
5725,57250,1791070328263,110146,98513,-1.2393,-0.6909,1.3926,-9.39,-5.92,2.78
5726,57260,1791070328263,110199,98545,-1.2397,-0.6797,1.3809,-7.18,-6.89,3.01
5727,57270,1791070328263,110266,98568,-1.2407,-0.6763,1.3579,-5.36,-5.6,2.55
5728,57280,1791070328323,110330,98588,-1.2388,-0.6904,1.3438,-2.64,-4.4,1.73
5729,57290,1791070328323,110377,98610,-1.2529,-0.6973,1.3369,-2.53,-3.6,0.84
5730,57300,1791070328323,110420,98626,-1.2593,-0.6943,1.3296,-2.03,-2.82,-0.26
5731,57310,1791070328323,110445,98637,-1.2642,-0.7051,1.3477,-1.31,-4.41,0.76
5732,57320,1791070328382,110464,98645,-1.2583,-0.7017,1.376,0.75,-5.19,0.31
5733,57330,1791070328382,110466,98655,-1.2588,-0.6899,1.4111,-1.65,-4.27,0.55
5734,57340,1791070328382,110444,98635,-1.2554,-0.6958,1.4106,-4.05,-4.5,1.22
5735,57350,1791070328382,110407,98632,-1.2568,-0.6929,1.4409,-4.15,-3.69,0.9
5736,57360,1791070328383,110349,98613,-1.2432,-0.6978,1.4287,-3.95,-3.48,2.6
5737,57370,1791070328383,110299,98568,-1.2358,-0.7026,1.4316,-1.3,-4.34,3.39
5738,57380,1791070328383,110244,98554,-1.2622,-0.6978,1.4429,1.02,-0.09,2.7
5739,57390,1791070328383,110204,98540,-1.2671,-0.707,1.4204,4.46,1.42,2.08
5740,57400,1791070328442,110180,98530,-1.2671,-0.6992,1.4146,6.34,5.62,2.52
5741,57410,1791070328442,110173,98530,-1.2559,-0.6968,1.3813,8.7,10.46,0.49
5742,57420,1791070328442,110179,98519,-1.2656,-0.6851,1.3613,7.98,10.6,2.31
5743,57430,1791070328442,110201,98524,-1.2744,-0.6826,1.3516,7.94,7.01,3.57
5744,57440,1791070328502,110240,98538,-1.2583,-0.6909,1.3506,6.32,4.58,3.44
5745,57450,1791070328502,110283,98557,-1.2573,-0.6929,1.3853,2.58,3.97,2.15
5746,57460,1791070328502,110337,98576,-1.2642,-0.687,1.3799,-2.21,5.33,2.03
5747,57470,1791070328502,110388,98588,-1.249,-0.6812,1.3545,0.75,3.15,1.15
5748,57480,1791070328503,110444,98603,-1.2808,-0.7036,1.3599,-3.1,-9.08,1.44
5749,57490,1791070328503,110510,98630,-1.2148,-0.666,1.3594,3.01,-7.18,-0.38
5750,57500,1791070328503,110599,98660,-1.2432,-0.6841,1.3647,-0.17,-1.24,1.31
5751,57510,1791070328503,110660,98688,-1.2417,-0.6812,1.3657,-2.6,-2.0,1.1
5752,57520,1791070328562,110715,98711,-1.2729,-0.6821,1.3618,-9.31,-5.01,1.3
5753,57530,1791070328562,110751,98722,-1.2437,-0.6895,1.3735,-16.5,-9.86,0.67
5754,57540,1791070328562,110776,98735,-1.2349,-0.688,1.3755,-17.83,-9.22,0.23
5755,57550,1791070328562,110795,98736,-1.2539,-0.6934,1.3687,-15.95,-7.98,-0.72
5756,57560,1791070328621,110807,98743,-1.2446,-0.6948,1.3936,-13.68,-5.92,0.11
5757,57570,1791070328621,110815,98743,-1.2622,-0.7061,1.3892,-10.69,-1.39,0.02
5758,57580,1791070328621,110838,98750,-1.2642,-0.71,1.3848,-4.55,-0.2,-0.41
5759,57590,1791070328621,110865,98760,-1.2529,-0.7217,1.3589,1.69,2.66,1.24
5760,57600,1791070328622,110899,98771,-1.248,-0.7129,1.3521,6.32,4.49,0.96
5761,57610,1791070328622,110937,98773,-1.252,-0.7021,1.373,7.07,5.62,1.05
5762,57620,1791070328622,110980,98782,-1.2524,-0.6987,1.3652,3.51,3.86,0.53
5763,57630,1791070328622,111025,98793,-1.2559,-0.6934,1.3921,-0.73,0.58,0.84
5764,57640,1791070328682,111068,98803,-1.2476,-0.7061,1.3984,-6.96,-1.47,0.29
5765,57650,1791070328682,111088,98809,-1.2354,-0.7056,1.3755,-10.75,-3.08,0.55
5766,57660,1791070328682,111106,98819,-1.2676,-0.6909,1.3989,-13.4,-8.55,0.49
5767,57670,1791070328682,111106,98819,-1.2573,-0.7134,1.3936,-15.48,-10.29,1.63
5768,57680,1791070328740,111107,98814,-1.2573,-0.7241,1.3779,-14.67,-7.08,2.17
5769,57690,1791070328740,111109,98821,-1.2485,-0.7236,1.3579,-13.27,-2.2,1.42
5770,57700,1791070328740,111114,98823,-1.2568,-0.7329,1.3647,-10.66,2.96,2.17
5771,57710,1791070328740,111116,98817,-1.2554,-0.7295,1.3374,-4.24,4.17,1.98
5772,57720,1791070328741,111122,98819,-1.2495,-0.729,1.3521,1.53,4.05,1.45
5773,57730,1791070328741,111107,98804,-1.252,-0.7251,1.3613,4.17,4.4,3.22
5774,57740,1791070328741,111098,98785,-1.25,-0.7065,1.3828,4.67,2.98,3.4
5775,57750,1791070328741,111074,98773,-1.2539,-0.7095,1.3921,1.31,1.59,2.35
5776,57760,1791070328802,111009,98751,-1.2583,-0.7046,1.3857,0.26,-0.18,2.98
5777,57770,1791070328802,110899,98706,-1.2544,-0.6787,1.3828,1.3,1.01,2.08
5778,57780,1791070328802,110763,98659,-1.2471,-0.6855,1.3848,1.83,1.34,2.14
5779,57790,1791070328802,110605,98604,-1.2563,-0.6802,1.3579,1.97,-0.52,2.58
5780,57800,1791070328866,110445,98544,-1.2646,-0.6978,1.3481,-2.49,-0.89,2.0
5781,57810,1791070328866,110296,98496,-1.2666,-0.7021,1.3701,-5.16,-1.56,1.39
5782,57820,1791070328866,110146,98448,-1.2573,-0.7144,1.3501,-6.41,-1.4,0.98
5783,57830,1791070328866,110016,98400,-1.2607,-0.709,1.3525,-7.92,1.07,1.28
5784,57840,1791070328866,109892,98351,-1.248,-0.7075,1.3276,-5.02,0.24,0.53
5785,57850,1791070328866,109820,98322,-1.2485,-0.7056,1.335,-1.53,0.23,0.31
5786,57860,1791070328866,109757,98292,-1.2612,-0.6929,1.3218,-1.63,0.87,-0.24
5787,57870,1791070328866,109737,98282,-1.2544,-0.6797,1.3638,-0.98,0.29,-0.6
5788,57880,1791070328922,109755,98284,-1.2607,-0.6831,1.3735,-2.24,-0.85,-0.29
5789,57890,1791070328922,109787,98299,-1.2603,-0.6904,1.3838,-1.98,-2.2,0.06
5790,57900,1791070328922,109834,98306,-1.2529,-0.6973,1.3848,-2.96,-4.44,0.67
5791,57910,1791070328922,109884,98323,-1.2505,-0.7134,1.3921,-4.5,-4.61,1.94
5792,57920,1791070328981,109925,98346,-1.2471,-0.7197,1.3857,-4.17,-3.76,1.89
5793,57930,1791070328981,109981,98359,-1.2397,-0.7021,1.3979,-4.23,-3.59,1.16
5794,57940,1791070328981,110025,98384,-1.251,-0.709,1.3843,-4.66,-3.11,1.22
5795,57950,1791070328981,110070,98392,-1.2573,-0.7075,1.3799,-4.05,-3.13,-0.6
5796,57960,1791070328983,110108,98414,-1.2554,-0.7192,1.3647,-6.52,-2.38,0.15
5797,57970,1791070328983,110137,98429,-1.2549,-0.7158,1.3613,-4.08,-1.65,-0.79
5798,57980,1791070328983,110182,98444,-1.2554,-0.7095,1.3628,0.27,0.44,-0.79
5799,57990,1791070328983,110214,98451,-1.2588,-0.708,1.3506,3.66,-0.21,-0.66
5800,58000,1791070329042,110246,98465,-1.2725,-0.7144,1.3423,6.41,-1.21,-0.2
5801,58010,1791070329042,110273,98476,-1.2627,-0.7124,1.3496,6.26,1.15,-0.76
5802,58020,1791070329042,110292,98491,-1.2632,-0.7012,1.3374,6.35,1.79,0.49
5803,58030,1791070329042,110295,98488,-1.2598,-0.7075,1.3379,2.47,-0.99,1.33
5804,58040,1791070329101,110286,98481,-1.2603,-0.7012,1.3569,-1.85,-1.21,1.34
5805,58050,1791070329101,110277,98477,-1.2627,-0.6934,1.3516,-4.95,-5.27,1.19
5806,58060,1791070329101,110243,98469,-1.2539,-0.7051,1.377,-8.21,-10.2,0.99
5807,58070,1791070329101,110206,98455,-1.2495,-0.708,1.3901,-10.58,-8.52,1.6
5808,58080,1791070329102,110158,98443,-1.2563,-0.7192,1.3853,-10.49,-7.27,1.01
5809,58090,1791070329102,110094,98416,-1.2646,-0.7178,1.3979,-9.47,-5.5,0.64
5810,58100,1791070329102,110048,98399,-1.2622,-0.7261,1.3809,-7.11,-3.82,2.08
5811,58110,1791070329102,109999,98383,-1.2559,-0.7344,1.3774,-5.51,2.2,1.79
5812,58120,1791070329161,109965,98367,-1.2554,-0.7319,1.3447,-1.76,2.61,3.11
5813,58130,1791070329161,109964,98363,-1.2563,-0.7275,1.3267,2.73,-1.31,3.74
5814,58140,1791070329161,109978,98385,-1.252,-0.7178,1.3433,3.77,-1.47,3.36
5815,58150,1791070329161,110013,98382,-1.2466,-0.7227,1.3467,1.97,-0.27,2.81
5816,58160,1791070329222,110054,98411,-1.2656,-0.7168,1.3579,-1.05,0.35,2.53
5817,58170,1791070329222,110086,98423,-1.2769,-0.7188,1.3628,-3.86,-0.92,2.73
5818,58180,1791070329222,110140,98431,-1.2378,-0.7217,1.3936,-5.94,-2.23,1.45
5819,58190,1791070329222,110184,98450,-1.2861,-0.7056,1.3867,-5.79,-3.76,2.49
5820,58200,1791070329223,110226,98471,-1.2363,-0.6987,1.4277,-3.21,-2.12,2.09
5821,58210,1791070329223,110260,98463,-1.2612,-0.689,1.418,-1.18,0.11,1.45
5822,58220,1791070329223,110283,98474,-1.2505,-0.6958,1.3984,1.42,0.66,0.35
5823,58230,1791070329223,110302,98478,-1.2539,-0.7061,1.394,0.5,1.3,0.38
5824,58240,1791070329283,110312,98488,-1.2554,-0.7217,1.3535,-0.32,-1.65,0.66
5825,58250,1791070329283,110311,98475,-1.2603,-0.7222,1.3569,-3.04,-3.19,1.05
5826,58260,1791070329283,110332,98486,-1.2627,-0.728,1.333,-5.37,-4.08,0.66
5827,58270,1791070329283,110349,98489,-1.2651,-0.7402,1.3271,-5.79,-5.53,0.9
5828,58280,1791070329343,110365,98491,-1.2642,-0.728,1.3501,-4.82,-5.82,0.53
5829,58290,1791070329343,110369,98499,-1.2598,-0.7266,1.3511,-3.83,-3.98,0.27
5830,58300,1791070329343,110372,98500,-1.2598,-0.7251,1.3613,-2.87,-2.15,1.05
5831,58310,1791070329343,110375,98497,-1.2529,-0.7158,1.3447,0.46,-2.15,0.95
5832,58320,1791070329343,110370,98496,-1.252,-0.707,1.3657,3.07,-0.82,1.31
5833,58330,1791070329343,110372,98499,-1.2397,-0.7065,1.3882,5.42,-0.18,1.31
5834,58340,1791070329343,110381,98499,-1.2412,-0.7109,1.3779,4.87,0.64,0.98
5835,58350,1791070329343,110395,98503,-1.2324,-0.6997,1.396,0.41,-0.75,0.02
5836,58360,1791070329402,110399,98511,-1.2383,-0.7114,1.3677,-3.74,-2.21,-0.37
5837,58370,1791070329402,110395,98505,-1.2378,-0.7114,1.3486,-7.88,-4.5,-0.14
5838,58380,1791070329402,110384,98500,-1.249,-0.7168,1.3599,-12.61,-7.45,-0.31
5839,58390,1791070329402,110377,98489,-1.2554,-0.731,1.3472,-13.36,-9.05,0.72
5840,58400,1791070329462,110361,98485,-1.2559,-0.729,1.3447,-12.27,-10.15,1.18
5841,58410,1791070329462,110338,98473,-1.2471,-0.729,1.375,-7.27,-9.76,2.4
5842,58420,1791070329462,110325,98469,-1.2441,-0.7461,1.3628,0.12,-5.18,1.25
5843,58430,1791070329462,110314,98450,-1.2388,-0.7412,1.3691,7.4,0.06,0.46
5844,58440,1791070329462,110306,98464,-1.2441,-0.7261,1.3726,11.53,3.04,-0.95
5845,58450,1791070329462,110285,98452,-1.252,-0.731,1.3618,12.49,2.85,-0.55
5846,58460,1791070329462,110232,98424,-1.248,-0.7246,1.3599,10.6,1.45,-0.85
5847,58470,1791070329462,110128,98396,-1.2607,-0.7168,1.3682,6.58,-1.91,0.11
5848,58480,1791070329523,109982,98340,-1.2583,-0.7202,1.375,-1.73,-3.77,1.05
5849,58490,1791070329523,109796,98272,-1.2769,-0.7183,1.3921,-9.79,-6.26,0.89
5850,58500,1791070329523,109588,98208,-1.2593,-0.7139,1.4082,-13.39,-7.95,2.02
5851,58510,1791070329523,109363,98126,-1.2432,-0.7231,1.4155,-12.17,-7.33,2.24
5852,58520,1791070329582,109150,98054,-1.231,-0.707,1.4126,-9.92,-1.59,1.16
5853,58530,1791070329582,108967,97984,-1.2466,-0.709,1.3857,-7.62,2.06,0.02
5854,58540,1791070329582,108807,97926,-1.2378,-0.7183,1.3706,-5.6,3.1,-0.27
5855,58550,1791070329582,108692,97877,-1.2402,-0.7148,1.3433,-4.43,1.48,-0.76
5856,58560,1791070329583,108616,97846,-1.2471,-0.7178,1.3276,-3.83,1.24,-0.85
5857,58570,1791070329583,108561,97828,-1.2593,-0.7319,1.3091,-1.36,-1.16,-0.58
5858,58580,1791070329583,108540,97819,-1.2568,-0.7461,1.3247,-0.78,-5.3,1.22
5859,58590,1791070329583,108526,97816,-1.2588,-0.7402,1.3516,-2.64,-4.61,2.95
5860,58600,1791070329642,108533,97817,-1.2598,-0.7461,1.3774,-1.15,-5.02,4.15
5861,58610,1791070329642,108541,97818,-1.2339,-0.7339,1.3896,4.29,-4.9,5.22
5862,58620,1791070329642,108567,97830,-1.2354,-0.7222,1.4014,9.95,-1.18,5.05
5863,58630,1791070329642,108607,97845,-1.2417,-0.7134,1.397,12.24,2.02,4.55
5864,58640,1791070329703,108654,97867,-1.2407,-0.7129,1.3857,10.64,3.73,2.49
5865,58650,1791070329703,108708,97881,-1.2388,-0.7061,1.3726,5.25,6.06,1.22
5866,58660,1791070329703,108774,97905,-1.2681,-0.7051,1.3623,-1.89,4.17,-0.7
5867,58670,1791070329703,108838,97933,-1.2588,-0.7158,1.3706,-5.57,2.44,-1.97
5868,58680,1791070329703,108916,97954,-1.2612,-0.7251,1.3828,-6.7,-1.44,-0.52
5869,58690,1791070329703,108987,97983,-1.2622,-0.7158,1.3887,-6.85,-1.27,-0.29
5870,58700,1791070329703,109052,97992,-1.2705,-0.7241,1.3638,-2.73,-3.16,-0.02
5871,58710,1791070329703,109099,98009,-1.2656,-0.7134,1.3506,2.18,-5.76,0.61
5872,58720,1791070329762,109125,98021,-1.2563,-0.7114,1.3457,4.6,-2.78,0.31
5873,58730,1791070329762,109117,98023,-1.2739,-0.7178,1.3398,2.56,1.07,0.14
5874,58740,1791070329762,109100,98011,-1.269,-0.7183,1.3354,0.99,0.63,0.47
5875,58750,1791070329762,109058,97991,-1.2549,-0.7148,1.3433,1.15,-0.38,0.78
5876,58760,1791070329822,109007,97984,-1.2573,-0.7256,1.3389,-0.53,-1.34,0.89
5877,58770,1791070329822,108953,97965,-1.2578,-0.7246,1.3701,-3.74,-1.31,1.28
5878,58780,1791070329822,108903,97934,-1.2515,-0.7275,1.3926,-5.21,-3.57,1.36
5879,58790,1791070329822,108844,97908,-1.2446,-0.7188,1.4023,-6.38,-2.85,0.6
5880,58800,1791070329823,108784,97898,-1.2573,-0.7266,1.4067,-7.02,-3.31,0.5
5881,58810,1791070329823,108736,97866,-1.2573,-0.7295,1.3979,-7.63,-2.56,1.18
5882,58820,1791070329823,108705,97851,-1.2578,-0.731,1.4087,-4.69,-1.89,0.11
5883,58830,1791070329823,108687,97846,-1.2451,-0.7354,1.376,-1.11,2.32,0.61
5884,58840,1791070329881,108678,97841,-1.2593,-0.7285,1.3521,2.14,4.55,0.24
5885,58850,1791070329881,108698,97843,-1.2495,-0.7256,1.3481,4.79,7.39,0.92
5886,58860,1791070329881,108723,97852,-1.2563,-0.7173,1.3364,8.41,9.62,0.08
5887,58870,1791070329881,108763,97865,-1.2559,-0.7217,1.334,9.83,9.92,0.84
5888,58880,1791070329941,108817,97880,-1.2651,-0.7222,1.3145,10.81,6.98,0.75
5889,58890,1791070329941,108863,97895,-1.2656,-0.7231,1.3325,7.27,6.6,1.63
5890,58900,1791070329941,108926,97921,-1.2627,-0.7197,1.3354,2.4,1.48,2.2
5891,58910,1791070329941,108994,97942,-1.2637,-0.7139,1.3618,-2.99,-1.98,1.89
5892,58920,1791070329942,109064,97958,-1.2534,-0.7153,1.3726,-6.82,-4.37,2.6
5893,58930,1791070329942,109122,97984,-1.2437,-0.7114,1.3901,-8.21,-6.76,1.69
5894,58940,1791070329942,109175,98003,-1.2422,-0.7212,1.3887,-8.23,-5.66,0.7
5895,58950,1791070329942,109220,98017,-1.2466,-0.7192,1.3823,-7.13,-3.73,-0.46
5896,58960,1791070330002,109252,98029,-1.2471,-0.7227,1.3369,-6.15,-4.58,-0.84
5897,58970,1791070330002,109260,98029,-1.249,-0.7324,1.3535,-7.37,-4.79,0.58
5898,58980,1791070330002,109282,98043,-1.2529,-0.7354,1.3267,-7.83,-3.63,1.44
5899,58990,1791070330002,109301,98045,-1.2651,-0.7314,1.3135,-6.0,-4.52,1.48
5900,59000,1791070330064,109314,98051,-1.2422,-0.7451,1.3267,-1.79,-2.31,1.66
5901,59010,1791070330064,109336,98057,-1.2461,-0.728,1.3418,2.32,-0.82,2.43
5902,59020,1791070330064,109357,98062,-1.2646,-0.7231,1.3608,2.75,-2.7,2.69
5903,59030,1791070330064,109371,98065,-1.248,-0.7207,1.3662,2.85,-0.18,2.03
5904,59040,1791070330064,109392,98073,-1.2456,-0.7148,1.353,4.0,0.43,1.73
5905,59050,1791070330064,109417,98083,-1.25,-0.7173,1.3716,3.24,0.55,1.08
5906,59060,1791070330064,109450,98092,-1.2559,-0.7188,1.3672,0.5,0.11,1.13
5907,59070,1791070330064,109475,98094,-1.2583,-0.7183,1.3916,-1.83,-4.32,1.22
5908,59080,1791070330127,109508,98110,-1.2466,-0.7178,1.397,-2.38,-5.39,1.5
5909,59090,1791070330127,109530,98120,-1.2476,-0.7197,1.3887,-1.92,-4.78,0.2
5910,59100,1791070330127,109563,98133,-1.2495,-0.7236,1.3511,-4.55,-3.25,-0.82
5911,59110,1791070330127,109580,98145,-1.2563,-0.7305,1.3228,-8.24,-3.3,0.18
5912,59120,1791070330183,109608,98156,-1.2549,-0.7285,1.3135,-8.26,-4.11,-0.76
5913,59130,1791070330183,109631,98166,-1.2568,-0.7358,1.3486,-7.25,-4.09,-0.95
5914,59140,1791070330183,109663,98177,-1.2603,-0.7383,1.3545,-5.79,-4.26,-1.01
5915,59150,1791070330183,109660,98173,-1.2578,-0.7432,1.3672,-2.12,-4.67,-0.08
5916,59160,1791070330183,109627,98168,-1.248,-0.7393,1.3931,0.96,-0.87,0.52
5917,59170,1791070330183,109545,98136,-1.2656,-0.73,1.4097,4.82,3.37,-0.32
5918,59180,1791070330183,109432,98085,-1.2637,-0.7188,1.4038,8.24,4.34,0.96
5919,59190,1791070330183,109285,98037,-1.2695,-0.7065,1.3789,6.32,1.85,1.6
5920,59200,1791070330243,109116,97977,-1.2695,-0.7144,1.3687,1.56,-2.46,2.44
5921,59210,1791070330243,108919,97920,-1.2598,-0.7188,1.3867,-4.82,-4.66,3.56
5922,59220,1791070330243,108721,97843,-1.2686,-0.7197,1.3789,-11.63,-3.24,3.39
5923,59230,1791070330243,108535,97776,-1.2485,-0.7261,1.355,-12.23,-5.01,3.66
5924,59240,1791070330302,108395,97724,-1.2437,-0.7314,1.3667,-9.57,-3.98,3.34
5925,59250,1791070330302,108282,97697,-1.25,-0.7305,1.3525,-4.32,-1.37,2.56
5926,59260,1791070330302,108218,97672,-1.2554,-0.7295,1.356,-1.48,-1.24,1.73
5927,59270,1791070330302,108181,97666,-1.2495,-0.7319,1.3613,0.75,-0.72,-0.41
5928,59280,1791070330302,108176,97659,-1.2461,-0.73,1.3281,2.29,2.49,-0.08
5929,59290,1791070330302,108179,97658,-1.2417,-0.73,1.3276,4.58,2.21,-0.4
5930,59300,1791070330302,108218,97673,-1.2583,-0.7319,1.3242,4.37,-0.05,0.85
5931,59310,1791070330302,108268,97688,-1.2407,-0.7397,1.3467,2.11,-1.91,0.87
5932,59320,1791070330362,108330,97715,-1.2217,-0.7285,1.3545,0.15,0.26,1.19
5933,59330,1791070330362,108390,97746,-1.2588,-0.7207,1.3906,-3.42,-1.51,2.14
5934,59340,1791070330362,108464,97759,-1.252,-0.7212,1.4102,-6.26,-4.58,2.32
5935,59350,1791070330362,108537,97782,-1.2466,-0.7241,1.3984,-6.09,-2.73,1.74
5936,59360,1791070330424,108609,97805,-1.2344,-0.7339,1.3965,-2.31,-0.55,1.92
5937,59370,1791070330424,108677,97828,-1.2461,-0.7319,1.3672,0.4,0.05,2.5
5938,59380,1791070330424,108753,97861,-1.2686,-0.731,1.353,-0.69,0.47,1.44
5939,59390,1791070330424,108837,97893,-1.2729,-0.7246,1.3364,-1.13,-0.47,0.21
5940,59400,1791070330424,108914,97920,-1.2642,-0.728,1.3252,1.56,-2.23,-0.11
5941,59410,1791070330424,108971,97943,-1.2563,-0.7295,1.3291,4.95,-0.14,-0.38
5942,59420,1791070330424,108994,97960,-1.2686,-0.7358,1.332,6.26,2.47,-0.32
5943,59430,1791070330424,109008,97958,-1.2695,-0.7168,1.3398,4.66,0.99,-0.63
5944,59440,1791070330483,109010,97959,-1.2671,-0.7163,1.3506,2.44,-0.09,-0.15
5945,59450,1791070330483,109007,97964,-1.2563,-0.7236,1.3604,2.02,-1.92,0.11
5946,59460,1791070330483,108980,97962,-1.2632,-0.7173,1.3892,-3.97,-1.77,0.63
5947,59470,1791070330483,108951,97948,-1.2612,-0.7222,1.3823,-6.78,-2.64,0.9
5948,59480,1791070330541,108902,97933,-1.2627,-0.7178,1.4053,-8.93,-4.81,2.24
5949,59490,1791070330541,108853,97915,-1.2651,-0.7266,1.3955,-8.63,-5.27,2.95
5950,59500,1791070330541,108811,97901,-1.2485,-0.7417,1.3984,-4.18,-3.77,2.99
5951,59510,1791070330541,108780,97892,-1.2485,-0.7441,1.3926,-0.24,-1.19,2.44
5952,59520,1791070330543,108758,97883,-1.2651,-0.7397,1.3896,3.22,1.27,2.5
5953,59530,1791070330543,108737,97879,-1.2539,-0.7373,1.355,5.16,2.34,1.76
5954,59540,1791070330543,108740,97872,-1.248,-0.7432,1.3516,7.07,6.0,1.28
5955,59550,1791070330543,108753,97883,-1.2451,-0.7305,1.3247,7.34,6.09,0.52
5956,59560,1791070330603,108807,97895,-1.2544,-0.7202,1.3228,5.31,2.99,0.03
5957,59570,1791070330603,108855,97919,-1.2642,-0.7217,1.3057,1.76,2.6,-0.49
5958,59580,1791070330603,108920,97948,-1.2573,-0.7085,1.3213,-0.37,-1.68,-0.21
5959,59590,1791070330603,108980,97966,-1.2549,-0.7178,1.3477,-3.39,-3.82,1.94
5960,59600,1791070330665,109037,97987,-1.2534,-0.7251,1.3486,-3.42,-5.82,2.34
5961,59610,1791070330665,109070,98005,-1.252,-0.729,1.374,-4.18,-5.63,1.86
5962,59620,1791070330665,109117,98018,-1.2559,-0.7339,1.3994,-2.49,-3.82,2.24
5963,59630,1791070330665,109154,98039,-1.2544,-0.7354,1.3975,0.31,-3.34,2.43
5964,59640,1791070330665,109196,98052,-1.2573,-0.7271,1.3882,0.82,-2.24,2.47
5965,59650,1791070330665,109234,98064,-1.2495,-0.7324,1.3721,0.15,-0.34,1.97
5966,59660,1791070330665,109270,98082,-1.2437,-0.731,1.3691,-1.22,2.06,0.52
5967,59670,1791070330665,109315,98094,-1.2485,-0.7378,1.3452,0.47,4.17,-0.79
5968,59680,1791070330721,109352,98114,-1.2568,-0.7383,1.3237,2.58,3.07,-1.04
5969,59690,1791070330721,109394,98127,-1.269,-0.7271,1.3198,1.22,0.61,-1.51
5970,59700,1791070330721,109446,98148,-1.2812,-0.7402,1.3193,-1.98,-4.55,0.23
5971,59710,1791070330721,109471,98154,-1.2607,-0.7373,1.3428,-4.34,-3.45,-0.05
5972,59720,1791070330784,109492,98157,-1.2544,-0.7319,1.3374,-5.22,-3.36,2.18
5973,59730,1791070330784,109520,98172,-1.2559,-0.7271,1.3589,-6.08,-2.64,2.53
5974,59740,1791070330784,109553,98191,-1.2666,-0.7158,1.3667,-5.5,-5.1,2.24
5975,59750,1791070330784,109575,98193,-1.2612,-0.7246,1.3877,-4.06,-6.44,2.27
5976,59760,1791070330784,109591,98202,-1.2573,-0.7173,1.4185,-2.53,-3.74,3.45
5977,59770,1791070330784,109602,98202,-1.2515,-0.7227,1.3945,1.01,-0.64,3.8
5978,59780,1791070330784,109618,98214,-1.2632,-0.7197,1.3862,3.89,-2.27,4.32
5979,59790,1791070330784,109643,98224,-1.2686,-0.7295,1.3545,5.85,-3.18,3.68
5980,59800,1791070330842,109673,98237,-1.2539,-0.731,1.3208,4.98,-5.4,2.96
5981,59810,1791070330842,109695,98240,-1.2314,-0.7402,1.314,1.73,-3.21,1.76
5982,59820,1791070330842,109716,98246,-1.2437,-0.731,1.3169,-0.82,-1.44,-0.75
5983,59830,1791070330842,109729,98263,-1.2354,-0.7266,1.3433,-5.48,-1.08,-0.85
5984,59840,1791070330902,109742,98263,-1.2451,-0.7319,1.354,-8.27,0.67,-2.23
5985,59850,1791070330902,109732,98264,-1.2588,-0.7319,1.3706,-8.64,-2.26,-1.98
5986,59860,1791070330902,109690,98243,-1.2603,-0.7256,1.3955,-4.7,-4.24,-0.63
5987,59870,1791070330902,109607,98205,-1.2607,-0.7197,1.4102,-0.56,-1.63,1.18
5988,59880,1791070330902,109449,98160,-1.2773,-0.7246,1.4111,2.55,-0.82,3.79
5989,59890,1791070330902,109253,98084,-1.2808,-0.7329,1.3921,1.5,1.6,4.84
5990,59900,1791070330902,109046,98011,-1.272,-0.7251,1.3706,3.25,1.97,5.37
5991,59910,1791070330902,108837,97943,-1.2495,-0.7163,1.3569,3.04,-0.73,4.98
5992,59920,1791070330969,108653,97873,-1.2505,-0.7178,1.3491,2.7,-1.74,4.08
5993,59930,1791070330969,108482,97831,-1.249,-0.7231,1.3335,-0.17,-2.69,1.51
5994,59940,1791070330969,108347,97768,-1.2441,-0.7197,1.3354,-5.39,-3.5,-0.08
5995,59950,1791070330969,108243,97738,-1.2593,-0.7207,1.3071,-9.02,-4.29,-1.05
5996,59960,1791070331023,108182,97717,-1.2583,-0.7256,1.3228,-10.5,-5.33,-1.88
5997,59970,1791070331023,108152,97709,-1.2568,-0.731,1.3335,-9.08,-6.76,-1.05
5998,59980,1791070331023,108153,97706,-1.2544,-0.7266,1.3716,-6.87,-7.24,-0.46
5999,59990,1791070331023,108158,97707,-1.2451,-0.7324,1.3833,-3.82,-5.25,0.69
6000,60000,1791070331023,108174,97712,-1.252,-0.7476,1.3838,-0.15,-2.31,2.35
6001,60010,1791070331023,108187,97718,-1.2505,-0.7417,1.4077,3.57,1.27,3.15
6002,60020,1791070331023,108241,97731,-1.2549,-0.7251,1.3936,6.55,1.76,3.19
6003,60030,1791070331023,108299,97765,-1.2432,-0.7329,1.376,7.02,2.75,3.37
6004,60040,1791070331087,108376,97781,-1.249,-0.7305,1.3442,6.99,1.57,2.29
6005,60050,1791070331087,108448,97807,-1.2505,-0.7183,1.3369,2.55,-0.17,2.38
6006,60060,1791070331087,108519,97834,-1.2588,-0.7241,1.3525,-3.33,-1.05,1.45
6007,60070,1791070331087,108583,97859,-1.2593,-0.7183,1.3354,-7.77,-5.31,0.11
6008,60080,1791070331142,108659,97888,-1.2466,-0.7212,1.3506,-8.78,-4.78,-0.31
6009,60090,1791070331142,108723,97917,-1.2598,-0.7358,1.3535,-7.18,-2.67,-0.81
6010,60100,1791070331142,108785,97939,-1.2617,-0.731,1.3257,-2.21,-2.66,-1.36
6011,60110,1791070331142,108818,97949,-1.2676,-0.7349,1.3252,0.47,-3.73,-1.13
6012,60120,1791070331142,108845,97957,-1.2637,-0.7432,1.3315,0.18,-3.94,-0.21
6013,60130,1791070331142,108838,97960,-1.2651,-0.7422,1.3413,-1.13,-3.79,-0.26
6014,60140,1791070331142,108827,97953,-1.2466,-0.7529,1.3584,-1.74,-2.69,1.02
6015,60150,1791070331142,108791,97937,-1.2441,-0.7539,1.4111,-1.48,-1.48,1.15
6016,60160,1791070331202,108759,97927,-1.2554,-0.7314,1.4028,0.96,-3.68,1.71
6017,60170,1791070331202,108694,97908,-1.2612,-0.7295,1.394,1.21,-4.53,1.76
6018,60180,1791070331202,108641,97893,-1.2485,-0.7144,1.3774,2.44,0.92,2.11
6019,60190,1791070331202,108578,97869,-1.2588,-0.7129,1.3633,6.46,3.71,2.08
6020,60200,1791070331262,108540,97860,-1.2627,-0.7021,1.3574,8.43,2.79,2.29
6021,60210,1791070331262,108519,97855,-1.2563,-0.7021,1.3403,8.56,2.18,1.79
6022,60220,1791070331262,108503,97854,-1.2617,-0.7109,1.3545,6.7,1.31,1.5
6023,60230,1791070331262,108507,97853,-1.2607,-0.7197,1.3486,4.5,-1.02,1.28
6024,60240,1791070331262,108525,97851,-1.248,-0.7217,1.3452,-0.64,-3.15,2.55
6025,60250,1791070331262,108535,97863,-1.2544,-0.7134,1.3413,-7.37,-5.65,2.29
6026,60260,1791070331262,108576,97874,-1.2559,-0.7378,1.3306,-10.79,-10.17,2.15
6027,60270,1791070331262,108607,97890,-1.2534,-0.7383,1.3418,-11.79,-10.27,2.24
6028,60280,1791070331323,108624,97891,-1.2598,-0.7344,1.3491,-9.94,-8.9,2.27
6029,60290,1791070331323,108644,97907,-1.27,-0.751,1.3535,-8.23,-6.85,2.76
6030,60300,1791070331323,108667,97912,-1.2617,-0.7451,1.3706,-3.1,-1.82,2.55
6031,60310,1791070331323,108694,97918,-1.2637,-0.7437,1.3667,4.09,1.65,1.91
6032,60320,1791070331381,108746,97931,-1.2637,-0.7373,1.3696,9.88,3.1,3.05
6033,60330,1791070331381,108785,97954,-1.2676,-0.7397,1.3735,14.14,5.28,3.36
6034,60340,1791070331381,108844,97971,-1.2534,-0.7314,1.3677,10.87,8.0,3.34
6035,60350,1791070331381,108908,97995,-1.2661,-0.7241,1.3813,7.1,5.83,3.01
6036,60360,1791070331382,108978,98021,-1.25,-0.7095,1.3921,2.02,1.28,2.66
6037,60370,1791070331382,109053,98048,-1.248,-0.7085,1.3516,-1.98,-1.45,1.04
6038,60380,1791070331382,109104,98075,-1.2549,-0.7051,1.356,-5.42,-4.31,0.37
6039,60390,1791070331382,109139,98075,-1.2568,-0.7056,1.3813,-6.05,-3.91,0.05
6040,60400,1791070331442,109154,98080,-1.271,-0.7202,1.3652,-5.68,-3.02,0.06
6041,60410,1791070331442,109166,98083,-1.2554,-0.7271,1.333,-4.23,-2.12,-0.32
6042,60420,1791070331442,109196,98099,-1.2476,-0.7275,1.3091,0.37,-2.26,0.34
6043,60430,1791070331442,109230,98115,-1.251,-0.7271,1.3193,4.72,-0.31,0.69
6044,60440,1791070331502,109268,98124,-1.2476,-0.7246,1.3506,6.34,3.37,-0.26
6045,60450,1791070331502,109293,98142,-1.2544,-0.7236,1.3618,5.15,6.93,-0.37
6046,60460,1791070331502,109320,98143,-1.2554,-0.7285,1.3911,1.42,5.47,0.66
6047,60470,1791070331502,109328,98142,-1.2549,-0.7246,1.4258,-0.5,3.51,1.05
6048,60480,1791070331503,109347,98150,-1.2544,-0.7266,1.3882,0.17,3.62,1.53
6049,60490,1791070331503,109375,98152,-1.2407,-0.7168,1.3545,2.46,1.56,2.08
6050,60500,1791070331503,109399,98162,-1.2476,-0.7095,1.3164,2.15,-0.82,2.47
6051,60510,1791070331503,109447,98182,-1.2549,-0.7178,1.2949,-1.05,-3.39,1.69
6052,60520,1791070331563,109486,98191,-1.2559,-0.7168,1.2935,-4.95,-6.79,0.2
6053,60530,1791070331563,109514,98205,-1.2505,-0.731,1.3076,-7.13,-6.32,-0.26
6054,60540,1791070331563,109526,98208,-1.2456,-0.7388,1.3379,-6.81,-5.68,-1.94
6055,60550,1791070331563,109493,98195,-1.2544,-0.7397,1.3662,-3.11,-3.22,-2.02
6056,60560,1791070331622,109411,98170,-1.2437,-0.7261,1.3926,2.11,-1.79,-1.8
6057,60570,1791070331622,109289,98121,-1.2383,-0.7183,1.4048,7.07,0.26,-1.57
6058,60580,1791070331622,109118,98063,-1.2529,-0.7197,1.3774,10.78,0.55,-1.92
6059,60590,1791070331622,108914,97989,-1.2549,-0.7041,1.3799,9.56,-0.09,0.2
6060,60600,1791070331622,108692,97918,-1.2637,-0.7031,1.3579,4.64,-1.94,0.73
6061,60610,1791070331622,108457,97837,-1.2676,-0.7144,1.3296,-1.27,-8.14,1.1
6062,60620,1791070331622,108248,97751,-1.2612,-0.7212,1.3511,-6.37,-12.55,2.06
6063,60630,1791070331622,108052,97686,-1.25,-0.7285,1.335,-9.19,-11.98,1.16
6064,60640,1791070331682,107884,97635,-1.2515,-0.7339,1.3647,-9.08,-7.77,0.73
6065,60650,1791070331682,107765,97590,-1.2466,-0.7354,1.3647,-5.39,-4.43,-0.02
6066,60660,1791070331682,107693,97549,-1.2637,-0.7329,1.3838,-0.31,-1.27,-1.3
6067,60670,1791070331682,107663,97538,-1.25,-0.7354,1.3813,6.21,3.36,-2.47
6068,60680,1791070331742,107677,97531,-1.2573,-0.7349,1.3853,9.5,7.15,-1.4
6069,60690,1791070331742,107722,97556,-1.2729,-0.7261,1.3447,10.85,7.66,-0.66
6070,60700,1791070331742,107806,97576,-1.2681,-0.7168,1.3711,9.25,3.97,0.41
6071,60710,1791070331742,107915,97617,-1.2856,-0.7153,1.373,4.34,-0.2,0.64
6072,60720,1791070331743,108022,97662,-1.2759,-0.7241,1.3643,-1.3,-3.28,1.6
6073,60730,1791070331743,108124,97694,-1.2681,-0.7173,1.354,-5.8,-5.15,1.22
6074,60740,1791070331743,108225,97730,-1.2607,-0.7173,1.3467,-11.45,-8.99,1.3
6075,60750,1791070331743,108290,97755,-1.2632,-0.7476,1.3398,-19.11,-12.03,0.98
6076,60760,1791070331802,108334,97770,-1.2554,-0.7573,1.3516,-22.78,-14.73,-0.2
6077,60770,1791070331802,108365,97792,-1.2397,-0.7627,1.3813,-23.95,-12.95,-0.21
6078,60780,1791070331802,108408,97798,-1.2246,-0.7788,1.3823,-20.0,-10.79,-0.67
6079,60790,1791070331802,108431,97807,-1.2271,-0.7671,1.3848,-12.11,-8.7,-0.52
6080,60800,1791070331860,108447,97805,-1.2407,-0.7671,1.3643,-4.43,-7.37,0.9
6081,60810,1791070331860,108432,97801,-1.2314,-0.7627,1.3564,2.67,-4.44,2.11
6082,60820,1791070331860,108408,97802,-1.2275,-0.7451,1.3862,8.15,3.94,2.52
6083,60830,1791070331860,108365,97782,-1.2339,-0.7349,1.3687,12.67,6.79,2.46
6084,60840,1791070331862,108308,97763,-1.2354,-0.7036,1.356,15.02,9.48,2.27
6085,60850,1791070331862,108241,97737,-1.249,-0.7021,1.3325,13.25,8.11,1.82
6086,60860,1791070331862,108171,97709,-1.2397,-0.6987,1.3179,10.27,3.97,2.85
6087,60870,1791070331862,108093,97679,-1.2456,-0.6973,1.3296,5.42,0.27,2.79
6088,60880,1791070331923,108019,97654,-1.2607,-0.6987,1.3159,-3.16,-4.15,1.21
6089,60890,1791070331923,107940,97628,-1.2603,-0.7085,1.3647,-12.38,-8.79,1.13
6090,60900,1791070331923,107886,97611,-1.269,-0.7271,1.3809,-14.69,-11.98,1.05
6091,60910,1791070331923,107852,97593,-1.2549,-0.7285,1.3809,-13.62,-10.61,0.43
6092,60920,1791070331981,107825,97584,-1.2593,-0.73,1.3848,-10.43,-7.97,0.41
6093,60930,1791070331981,107809,97578,-1.269,-0.7432,1.3955,-4.84,-4.55,0.27
6094,60940,1791070331981,107834,97583,-1.2686,-0.7397,1.3896,2.52,-1.37,0.55
6095,60950,1791070331981,107861,97602,-1.2607,-0.7417,1.3916,7.54,2.81,0.46
6096,60960,1791070331982,107918,97617,-1.2544,-0.7354,1.3916,12.09,4.66,0.34
6097,60970,1791070331982,107975,97631,-1.2583,-0.7202,1.4004,13.31,8.06,1.45
6098,60980,1791070331982,108037,97667,-1.2695,-0.728,1.3677,12.44,7.59,1.44
6099,60990,1791070331982,108113,97688,-1.2622,-0.7095,1.3872,9.19,2.89,1.31
6100,61000,1791070332042,108186,97718,-1.2515,-0.7026,1.3643,3.57,3.33,1.45
6101,61010,1791070332042,108261,97740,-1.252,-0.7065,1.3516,-0.12,-0.56,1.25
6102,61020,1791070332042,108330,97765,-1.2598,-0.7119,1.3408,-3.89,-2.93,1.25
6103,61030,1791070332042,108395,97792,-1.2476,-0.709,1.334,-7.4,-5.21,2.24
6104,61040,1791070332101,108445,97808,-1.2402,-0.7339,1.3511,-8.66,-7.54,1.82
6105,61050,1791070332101,108480,97824,-1.2466,-0.7334,1.3574,-7.07,-3.19,0.96
6106,61060,1791070332101,108505,97838,-1.2432,-0.7339,1.3545,-2.93,-2.05,-0.05
6107,61070,1791070332101,108542,97837,-1.2275,-0.7363,1.3457,1.48,-2.61,0.21
6108,61080,1791070332103,108562,97846,-1.2261,-0.731,1.3613,2.82,-1.91,-0.73
6109,61090,1791070332103,108584,97855,-1.2437,-0.7295,1.3604,0.75,-1.05,-1.15
6110,61100,1791070332103,108604,97859,-1.2393,-0.7339,1.3843,-0.2,-0.14,-2.12
6111,61110,1791070332103,108610,97866,-1.2378,-0.7329,1.3975,1.91,2.0,-1.5
6112,61120,1791070332163,108621,97878,-1.2466,-0.7407,1.395,5.18,3.08,-1.85
6113,61130,1791070332163,108628,97876,-1.2476,-0.7246,1.3813,6.12,2.63,-0.11
6114,61140,1791070332163,108657,97867,-1.248,-0.7231,1.3828,4.37,5.11,0.15
6115,61150,1791070332163,108678,97890,-1.2559,-0.729,1.3496,1.73,3.59,0.7
6116,61160,1791070332222,108710,97897,-1.2607,-0.7188,1.3198,0.46,-0.35,2.03
6117,61170,1791070332222,108743,97911,-1.252,-0.7231,1.3003,-1.5,-3.25,2.96
6118,61180,1791070332222,108774,97924,-1.27,-0.7363,1.2954,-3.59,-4.2,3.42
6119,61190,1791070332222,108801,97934,-1.2578,-0.75,1.2979,-4.21,-8.08,3.48
6120,61200,1791070332222,108817,97939,-1.2588,-0.7495,1.312,-5.68,-11.77,3.65
6121,61210,1791070332222,108812,97937,-1.2441,-0.7598,1.3569,-8.4,-10.32,3.28
6122,61220,1791070332222,108799,97934,-1.2368,-0.7559,1.4067,-10.67,-5.69,1.5
6123,61230,1791070332222,108769,97922,-1.2471,-0.7446,1.4106,-9.08,-4.89,1.21
6124,61240,1791070332306,108716,97900,-1.2485,-0.749,1.4248,-5.97,-2.66,0.44
6125,61250,1791070332306,108620,97865,-1.2461,-0.7583,1.4087,-1.1,-0.17,0.61
6126,61260,1791070332306,108480,97811,-1.2505,-0.7388,1.4141,3.27,2.67,0.82
6127,61270,1791070332306,108308,97754,-1.2598,-0.7393,1.3979,6.11,5.16,1.51
6128,61280,1791070332342,108128,97693,-1.2666,-0.7349,1.376,6.41,5.79,2.32
6129,61290,1791070332342,107959,97640,-1.2651,-0.7324,1.3413,7.39,5.8,1.86
6130,61300,1791070332342,107807,97576,-1.2583,-0.7285,1.3408,7.83,4.81,2.58
6131,61310,1791070332342,107675,97528,-1.2524,-0.7002,1.3296,6.79,3.69,3.15
6132,61320,1791070332342,107567,97494,-1.2534,-0.7031,1.3198,2.98,3.56,2.84
6133,61330,1791070332342,107502,97473,-1.2427,-0.7012,1.3081,0.09,-0.31,2.21
6134,61340,1791070332342,107475,97461,-1.2383,-0.7065,1.3267,-4.66,-5.37,1.98
6135,61350,1791070332342,107482,97469,-1.251,-0.7085,1.3677,-10.24,-8.09,0.49
6136,61360,1791070332401,107509,97464,-1.249,-0.7227,1.3682,-13.95,-9.08,0.73
6137,61370,1791070332401,107533,97478,-1.2314,-0.7251,1.4009,-13.65,-9.07,0.27
6138,61380,1791070332401,107573,97498,-1.2402,-0.7319,1.4292,-10.92,-5.65,0.37
6139,61390,1791070332401,107620,97504,-1.2437,-0.7212,1.4243,-6.09,-1.39,0.17
6140,61400,1791070332461,107697,97530,-1.2446,-0.731,1.3892,1.37,1.1,0.99
6141,61410,1791070332461,107770,97566,-1.252,-0.7104,1.3652,8.52,3.39,1.85
6142,61420,1791070332461,107852,97589,-1.2563,-0.7251,1.3481,12.23,6.26,3.04
6143,61430,1791070332461,107937,97621,-1.2656,-0.7192,1.3125,11.31,5.07,4.26
6144,61440,1791070332463,108044,97664,-1.2725,-0.7134,1.3105,7.42,-0.6,4.63
6145,61450,1791070332463,108141,97702,-1.2583,-0.7139,1.3286,0.98,-5.13,4.73
6146,61460,1791070332463,108245,97734,-1.2612,-0.7231,1.3608,-2.6,-7.24,2.63
6147,61470,1791070332463,108313,97757,-1.2505,-0.7114,1.3843,-4.0,-7.62,2.73
6148,61480,1791070332524,108354,97776,-1.2578,-0.7202,1.4082,-4.32,-6.84,0.66
6149,61490,1791070332524,108378,97786,-1.2544,-0.7231,1.3979,-5.92,-2.17,-0.34
6150,61500,1791070332524,108372,97788,-1.2534,-0.7114,1.3721,-5.71,2.05,-2.49
6151,61510,1791070332524,108355,97774,-1.2676,-0.7168,1.3662,-4.7,2.03,-2.78
6152,61520,1791070332582,108342,97781,-1.27,-0.7266,1.3584,-5.05,1.79,-2.73
6153,61530,1791070332582,108303,97766,-1.2769,-0.7344,1.3579,-3.11,1.01,-0.96
6154,61540,1791070332582,108272,97751,-1.2773,-0.7334,1.3643,-0.98,1.44,0.87
6155,61550,1791070332582,108224,97746,-1.2935,-0.7412,1.356,-1.51,1.39,1.95
6156,61560,1791070332582,108170,97726,-1.2773,-0.7378,1.3643,-0.7,0.09,3.39
6157,61570,1791070332582,108125,97705,-1.2725,-0.731,1.3745,1.77,1.62,4.63
6158,61580,1791070332582,108079,97679,-1.2617,-0.7202,1.3599,3.86,3.48,4.6
6159,61590,1791070332582,108054,97679,-1.2549,-0.7168,1.377,6.92,4.03,4.09
6160,61600,1791070332645,108045,97672,-1.2607,-0.709,1.3828,6.69,3.68,3.34
6161,61610,1791070332645,108057,97678,-1.2617,-0.7153,1.3682,3.65,2.73,1.25
6162,61620,1791070332645,108095,97698,-1.2505,-0.7173,1.3501,0.66,0.9,1.19
6163,61630,1791070332645,108141,97702,-1.2529,-0.729,1.3374,-3.62,-2.43,1.27
6164,61640,1791070332704,108198,97724,-1.2627,-0.7285,1.3276,-9.11,-4.44,0.93
6165,61650,1791070332704,108256,97757,-1.2534,-0.7344,1.3232,-10.78,-6.56,1.66
6166,61660,1791070332704,108300,97763,-1.2378,-0.7349,1.3398,-9.28,-4.73,1.54
6167,61670,1791070332704,108340,97780,-1.2471,-0.7368,1.3711,-1.42,-0.31,2.47
6168,61680,1791070332705,108391,97791,-1.2485,-0.7378,1.3774,6.5,4.2,2.35
6169,61690,1791070332705,108428,97812,-1.251,-0.728,1.3608,13.48,6.7,2.55
6170,61700,1791070332705,108503,97831,-1.251,-0.7163,1.3579,16.69,8.73,2.6
6171,61710,1791070332705,108578,97863,-1.248,-0.7148,1.3306,16.58,10.89,2.47
6172,61720,1791070332763,108669,97896,-1.2495,-0.7051,1.3418,12.44,6.2,2.66
6173,61730,1791070332763,108748,97928,-1.2686,-0.6987,1.3369,4.31,-0.4,2.6
6174,61740,1791070332763,108830,97962,-1.2661,-0.7129,1.3467,-3.54,-6.02,2.08
6175,61750,1791070332763,108882,97977,-1.2524,-0.7139,1.356,-9.86,-9.44,1.34
6176,61760,1791070332822,108907,97990,-1.2422,-0.7173,1.3442,-11.98,-10.41,1.05
6177,61770,1791070332822,108911,97991,-1.2407,-0.7134,1.3711,-12.95,-8.08,0.58
6178,61780,1791070332822,108904,97985,-1.2646,-0.7256,1.3643,-12.99,-5.57,0.12
6179,61790,1791070332822,108916,97989,-1.2656,-0.73,1.3628,-9.91,-5.36,-0.11
6180,61800,1791070332823,108937,97998,-1.252,-0.7373,1.3696,-3.6,-2.63,0.09
6181,61810,1791070332823,108971,98013,-1.252,-0.7354,1.3638,1.95,1.83,1.07
6182,61820,1791070332823,109007,98015,-1.2617,-0.7231,1.3599,6.99,3.3,-0.14
6183,61830,1791070332823,109053,98032,-1.269,-0.7271,1.3496,9.48,4.06,-0.17
