t,ppg,ax,ay,az,gx,gy,gz
1730000000000,50074,0.027,-0.9826,0.065,0.0066,-0.0053,-0.0022
1730000000010,50081,0.0212,-0.9751,0.0916,0.0131,0.0022,-0.0074
1730000000020,50089,0.0099,-0.9746,0.0931,0.0008,-0.0021,0.0053
1730000000030,50096,0.0055,-0.9855,0.0849,0.0175,-0.0048,0.0038
1730000000040,50103,0.0225,-0.9634,0.0689,0.0114,-0.0303,-0.0262
1730000000050,50110,0.0139,-0.9971,0.0888,0.0133,-0.0244,0.0085
1730000000060,50116,0.01,-0.9803,0.0771,0.0023,0.0164,0.0064
1730000000070,50123,0.0235,-0.9654,0.0848,-0.0125,-0.0143,-0.0047
1730000000080,50130,0.025,-0.9831,0.1034,-0.0164,-0.022,0.0077
1730000000090,50137,0.0342,-0.9678,0.0884,0.0285,-0.0019,-0.0142
1730000000100,50144,0.0147,-0.9586,0.0656,0.0007,0.0051,-0.0032
1730000000110,50151,0.0272,-0.9658,0.1032,0.0124,-0.0122,-0.0056
1730000000120,50158,0.0117,-0.9581,0.0743,-0.0014,0.015,-0.0072
1730000000130,50164,0.0171,-1.0138,0.0692,-0.0114,0.0083,0.0119
1730000000140,50171,0.0198,-0.9715,0.0817,0.0217,0.0179,0.0027
1730000000150,50178,0.0099,-0.9584,0.0838,0.0245,-0.0006,0.0195
1730000000160,50185,0.0164,-0.9444,0.0812,-0.0103,-0.0226,-0.0015
1730000000170,50191,0.0342,-0.9597,0.0869,-0.0475,0.0142,0.0056
1730000000180,50198,0.0145,-0.9884,0.08,0.0345,-0.0211,-0.0043
1730000000190,50204,0.0336,-0.9845,0.0764,0.002,-0.0248,0.0022
1730000000200,50211,0.0079,-0.9577,0.08,0.0457,0.0056,0.0137
1730000000210,50217,0.007,-0.9776,0.0832,0.0349,-0.0336,0.0099
1730000000220,50224,0.0259,-0.9442,0.0871,0.001,-0.0104,-0.0125
1730000000230,50230,0.022,-0.9785,0.1002,-0.0122,0.0064,-0.0157
1730000000240,50236,0.016,-0.9693,0.0882,0.029,-0.0009,-0.0112
1730000000250,50242,0.0246,-0.9639,0.0849,-0.014,0.0227,0.0009
1730000000260,50249,0.027,-0.9486,0.0861,0.0057,0.0431,0.0024
1730000000270,50255,0.017,-0.9716,0.0948,0.0024,0.0104,0.012
1730000000280,50261,0.0149,-1.0081,0.083,0.0046,-0.0122,0.0087
1730000000290,50267,0.0261,-0.9933,0.0852,-0.0039,-0.0297,0.0045
1730000000300,50273,0.0195,-0.9881,0.0852,0.0098,-0.0116,0.004
1730000000310,50279,0.0302,-0.9872,0.0838,0.0001,0.0453,-0.0186
1730000000320,50285,0.027,-0.9789,0.079,0.038,-0.0002,0.0224
1730000000330,50291,0.0156,-0.9656,0.0751,-0.0138,0.0012,-0.0028
1730000000340,50296,0.022,-1.0145,0.1,-0.0033,0.0349,-0.0101
1730000000350,50302,0.0229,-0.9089,0.0713,-0.0299,-0.0109,0.0047
1730000000360,50308,0.0269,-0.9462,0.0774,-0.032,-0.0087,0.0124
1730000000370,50313,0.0247,-1.0109,0.0796,0.028,0.0425,0.0056
1730000000380,50319,0.0231,-0.9964,0.0716,0.0009,0.0101,0.0058
1730000000390,50324,0.0152,-0.9944,0.0722,-0.0231,0.0129,-0.0231
1730000000400,50330,0.0167,-0.9622,0.0952,0.0014,0.02,-0.004
1730000000410,50335,0.0126,-0.9845,0.0953,0.0199,0.0097,0.0333
1730000000420,50340,0.0197,-0.9584,0.0831,-0.0044,0.0463,0.0151
1730000000430,50345,0.006,-0.9786,0.0843,0.0157,-0.027,-0.0226
1730000000440,50350,0.0009,-0.9719,0.079,0.0069,-0.0154,-0.0122
1730000000450,50355,-0.0002,-0.9637,0.0837,0.0199,0.0158,-0.0019
1730000000460,50360,0.0335,-0.9728,0.0734,-0.0104,-0.0117,-0.0217
1730000000470,50365,0.0216,-0.9649,0.0764,-0.0143,0.0074,0.0172
1730000000480,50370,0.0204,-0.9799,0.0741,-0.0014,-0.0253,-0.0013
1730000000490,50375,0.0206,-0.9327,0.0894,0.0207,-0.0143,0.0067
1730000000500,50379,0.0086,-0.9632,0.0842,-0.0153,0.04,0.0057
1730000000510,50384,0.001,-0.9582,0.0759,0.0,0.0093,0.0039
1730000000520,50388,-0.0004,-0.9922,0.0877,0.026,0.0381,0.018
1730000000530,50393,-0.0006,-0.9535,0.0608,0.0323,0.0051,-0.0114
1730000000540,50397,0.0401,-0.9559,0.0611,0.0059,-0.0146,0.0011
1730000000550,50401,0.0153,-0.9411,0.0658,0.0063,0.0363,-0.0083
1730000000560,50405,0.0221,-0.9644,0.0731,0.013,0.0019,-0.0094
1730000000570,50410,0.0376,-0.9525,0.0783,-0.0127,-0.0157,0.0123
1730000000580,50414,0.0185,-0.959,0.0782,0.0123,-0.0023,0.0076
1730000000590,50417,0.0182,-0.9514,0.0867,-0.0023,-0.0172,-0.0094
1730000000600,50421,0.0126,-0.9876,0.0887,-0.0009,0.0314,0.0228
1730000000610,50425,0.0202,-0.9987,0.0762,-0.0015,-0.0298,-0.0025
1730000000620,50429,0.0229,-0.9768,0.0723,-0.0152,0.0357,-0.0016
1730000000630,50432,0.0117,-0.9749,0.0895,-0.0137,0.0096,0.0073
1730000000640,50436,0.0275,-0.9393,0.0745,0.0227,-0.0159,-0.004
1730000000650,50439,0.032,-0.9508,0.08,-0.0238,0.0112,-0.0063
1730000000660,50442,0.0108,-0.9801,0.0825,-0.0424,0.0072,0.0017
1730000000670,50445,0.0142,-0.9462,0.0861,-0.0121,-0.0134,0.007
1730000000680,50449,0.0048,-0.9735,0.0737,0.0014,0.0042,0.0004
1730000000690,50452,0.0313,-0.9622,0.0769,-0.0242,0.0144,0.0053
1730000000700,50454,0.0345,-0.9816,0.0803,-0.0012,-0.0018,0.0001
1730000000710,50457,0.0029,-0.95,0.0865,0.0226,0.045,-0.0032
1730000000720,50460,0.0196,-0.9662,0.0994,-0.0346,0.0097,-0.0147
1730000000730,50463,-0.0058,-1.0067,0.0662,0.0214,-0.0174,-0.0023
1730000000740,50465,0.0084,-0.954,0.069,0.0264,-0.0199,-0.0076
1730000000750,50468,0.0212,-0.9656,0.0942,0.0024,-0.0242,-0.0056
1730000000760,50470,0.0143,-0.9516,0.0838,-0.0024,0.0174,-0.0053
1730000000770,50472,0.0186,-0.9624,0.0953,-0.002,-0.007,-0.0105
1730000000780,50474,0.0269,-0.9776,0.0834,-0.038,0.0209,-0.0133
1730000000790,50476,0.0122,-0.9446,0.0667,-0.0016,0.0015,-0.01
1730000000800,50478,0.0334,-0.9358,0.0603,-0.029,0.0162,-0.013
1730000000810,50480,0.0161,-0.9631,0.0869,-0.0045,0.0019,-0.0078
1730000000820,50482,0.0329,-0.9755,0.0834,-0.0102,0.0021,-0.0017
1730000000830,50484,0.0184,-0.9858,0.088,0.0283,0.0049,0.0073
1730000000840,50485,0.0284,-0.9469,0.083,0.0042,0.0173,0.0007
1730000000850,50487,0.0103,-0.9649,0.0611,-0.0001,0.0083,0.0124
1730000000860,50488,0.0215,-0.9468,0.08,-0.0205,-0.0282,-0.0097
1730000000870,50489,0.0063,-0.9526,0.0779,0.0114,0.0015,0.0104
1730000000880,50490,0.0306,-0.9782,0.0773,-0.0107,-0.0324,0.0068
1730000000890,50491,0.0319,-0.9654,0.0751,0.0218,-0.0469,0.0018
1730000000900,50492,0.0214,-0.9766,0.0939,0.0194,-0.0052,-0.0009
1730000000910,50493,0.0161,-0.9754,0.0669,0.0276,0.0206,0.008
1730000000920,50494,0.0091,-0.9235,0.0998,0.0038,-0.0181,-0.0087
1730000000930,50495,0.0242,-0.9834,0.0797,0.0218,-0.0301,0.0201
1730000000940,50495,0.0357,-0.9898,0.0659,-0.0057,-0.0206,-0.0026
1730000000950,50496,-0.0058,-0.9696,0.098,-0.0223,-0.0055,-0.0149
1730000000960,50498,0.0264,-0.9695,0.0994,0.0041,-0.0074,0.0055
1730000000970,50503,0.0149,-0.9918,0.083,-0.0035,0.0033,0.0038
1730000000980,50514,0.0149,-0.9566,0.0974,-0.0222,0.0347,-0.0024
1730000000990,50539,0.0123,-0.9165,0.0816,0.0274,0.0164,-0.0168
1730000001000,50588,0.0212,-0.9755,0.0666,-0.0354,0.002,0.0059
1730000001010,50674,0.0239,-0.9711,0.072,-0.0197,-0.0111,-0.0103
1730000001020,50813,0.018,-0.9655,0.071,-0.0046,-0.0152,-0.0
1730000001030,51011,0.0251,-0.9615,0.0847,-0.033,-0.0076,0.0028
1730000001040,51261,0.0264,-0.997,0.0816,0.0241,-0.0036,-0.0009
1730000001050,51533,0.0245,-0.9601,0.0867,0.0014,0.003,-0.0078
1730000001060,51779,0.0183,-0.94,0.078,-0.0034,-0.0098,0.0079
1730000001070,51946,0.0115,-0.9469,0.0706,-0.0212,0.0041,0.0013
1730000001080,51992,0.023,-0.9439,0.0759,0.0089,-0.0182,0.0126
1730000001090,51905,0.0263,-0.9544,0.0819,-0.0157,-0.0065,0.005
1730000001100,51709,0.0198,-0.9627,0.0664,0.0036,-0.0138,-0.0108
1730000001110,51452,0.0185,-1.0024,0.087,0.017,-0.0011,-0.0099
1730000001120,51188,0.0105,-0.9683,0.0558,0.0036,0.0133,-0.0031
1730000001130,50960,0.0151,-0.9617,0.0835,0.0219,0.0004,-0.0069
1730000001140,50794,0.0154,-0.9617,0.0956,-0.0064,-0.0211,-0.0087
1730000001150,50691,-0.001,-0.9588,0.0664,-0.0247,-0.0395,-0.0112
1730000001160,50643,0.0257,-0.9917,0.0625,0.0036,-0.0068,0.0043
1730000001170,50635,0.0274,-0.9657,0.067,-0.0025,0.01,-0.0058
1730000001180,50654,0.0056,-0.9435,0.0758,-0.0082,0.0003,0.0103
1730000001190,50687,0.0226,-0.9723,0.0868,0.0429,0.0278,0.0067
1730000001200,50727,0.0088,-0.8907,0.068,-0.0074,-0.014,0.0163
1730000001210,50767,0.0242,-0.9944,0.0827,0.0109,-0.0064,-0.0122
1730000001220,50802,0.0127,-0.9746,0.0802,-0.0104,0.0147,-0.0095
1730000001230,50826,0.0027,-0.9808,0.0935,-0.0115,0.0468,0.0049
1730000001240,50837,0.0084,-0.9827,0.0824,-0.0236,0.0475,-0.0099
1730000001250,50834,0.0268,-0.9369,0.0789,-0.0199,-0.0055,0.0036
1730000001260,50815,0.0288,-0.9651,0.066,0.0008,-0.0135,-0.0218
1730000001270,50784,0.013,-0.995,0.0859,0.0389,0.0372,-0.0057
1730000001280,50742,0.0153,-0.9527,0.0906,-0.0084,-0.0029,0.0221
1730000001290,50696,0.0189,-0.9762,0.0812,0.0116,-0.0204,-0.0025
1730000001300,50647,0.0083,-0.9722,0.0988,0.0148,-0.0019,-0.0093
1730000001310,50600,0.0169,-0.9457,0.0744,0.029,-0.0275,-0.0029
1730000001320,50558,0.0374,-1.007,0.0919,-0.037,-0.0018,-0.0017
1730000001330,50522,0.0282,-1.0301,0.0608,-0.0113,0.0007,-0.0089
1730000001340,50493,0.0178,-0.9908,0.076,-0.0169,0.0049,0.0058
1730000001350,50469,0.0343,-0.9803,0.0768,0.001,-0.0059,-0.0005
1730000001360,50452,0.0044,-0.9599,0.0708,-0.0191,-0.0318,0.0116
1730000001370,50438,0.0186,-0.9445,0.0827,-0.0341,-0.0217,0.0076
1730000001380,50428,0.0123,-0.9894,0.0782,-0.0035,-0.0202,-0.0033
1730000001390,50420,0.0152,-1.0195,0.085,-0.0162,0.0261,-0.0115
1730000001400,50414,0.0042,-0.9441,0.0641,-0.0127,0.0119,-0.0033
1730000001410,50409,0.0034,-0.9642,0.0781,0.0257,0.0118,0.0304
1730000001420,50404,0.0035,-0.9686,0.0693,0.0231,0.0164,0.0075
1730000001430,50399,0.0122,-0.9832,0.0597,0.0342,0.0102,-0.0026
1730000001440,50395,0.0293,-0.9534,0.0898,-0.0325,-0.0143,0.002
1730000001450,50390,0.0236,-0.9494,0.0699,0.0025,0.0441,0.0069
1730000001460,50386,0.0287,-0.9691,0.0877,0.0361,0.0021,0.0122
1730000001470,50381,0.0112,-0.9571,0.089,-0.015,0.022,-0.0068
1730000001480,50377,0.0119,-0.9691,0.0993,0.0062,0.0187,-0.0073
1730000001490,50372,0.0208,-0.9928,0.0743,0.0167,-0.0008,0.0145
1730000001500,50367,0.018,-0.9734,0.0928,-0.013,-0.0304,0.013
1730000001510,50363,0.0241,-1.0129,0.0804,-0.0081,0.0349,-0.0073
1730000001520,50358,0.0142,-0.9879,0.0695,-0.014,-0.0287,-0.0103
1730000001530,50353,0.0039,-0.9999,0.0644,-0.0104,-0.0137,-0.0123
1730000001540,50348,0.0248,-0.971,0.0757,-0.0093,0.0319,0.0024
1730000001550,50342,0.0248,-1.022,0.0735,-0.0434,-0.0085,0.0037
1730000001560,50337,0.0133,-0.9601,0.0698,0.0115,-0.0311,-0.0026
1730000001570,50332,0.0242,-0.9599,0.0787,0.0388,-0.0083,-0.0045
1730000001580,50327,-0.0076,-0.9354,0.0763,-0.0235,0.0264,0.0124
1730000001590,50321,0.0211,-0.9997,0.0842,-0.0124,-0.0234,0.0104
1730000001600,50316,-0.0013,-0.9598,0.0846,0.041,0.0065,-0.0206
1730000001610,50310,0.0116,-0.9701,0.0836,0.0196,-0.0392,-0.0033
1730000001620,50305,0.0297,-0.9407,0.0986,-0.0078,0.022,0.0171
1730000001630,50299,0.032,-0.9573,0.0883,-0.0158,-0.0289,0.0098
1730000001640,50293,0.0165,-0.9725,0.0742,-0.0079,0.0047,-0.0102
1730000001650,50287,0.0207,-0.9672,0.0792,-0.0149,0.0157,0.0187
1730000001660,50282,0.014,-0.9477,0.0889,-0.0531,-0.0152,-0.0064
1730000001670,50276,0.0278,-0.9688,0.0847,0.0127,-0.018,-0.0075
1730000001680,50270,0.0078,-0.9762,0.0788,0.0034,-0.0145,0.0091
1730000001690,50264,0.0292,-0.9421,0.0871,0.0037,0.0134,0.0061
1730000001700,50258,0.0135,-0.9474,0.0972,0.0395,0.0007,0.0032
1730000001710,50252,0.0242,-0.9735,0.0862,-0.0024,-0.0039,0.0176
1730000001720,50245,0.0216,-0.9723,0.0888,0.003,0.0058,-0.0006
1730000001730,50239,0.0078,-0.9744,0.0686,0.0042,-0.0236,0.0092
1730000001740,50233,0.0275,-0.9684,0.079,0.0083,-0.0393,-0.011
1730000001750,50226,0.0185,-0.9674,0.0792,-0.0201,0.0027,-0.0045
1730000001760,50220,0.0093,-0.9679,0.0779,0.0239,0.0133,0.0073
1730000001770,50214,0.0232,-0.9916,0.0706,-0.0294,0.0576,-0.0108
1730000001780,50208,0.0179,-0.9821,0.0772,-0.0117,-0.0374,-0.01
1730000001790,50203,0.0061,-0.9777,0.0732,-0.0137,0.0043,-0.0058
1730000001800,50202,0.0293,-0.9831,0.0823,-0.0265,0.0131,-0.0041
1730000001810,50207,0.0241,-0.969,0.0783,0.0043,-0.0077,0.0135
1730000001820,50226,0.0293,-0.9662,0.0682,-0.022,-0.0133,-0.0025
1730000001830,50270,0.0245,-0.994,0.0918,0.0001,-0.0403,-0.0048
1730000001840,50353,-0.0059,-0.9913,0.0745,-0.0122,-0.0065,-0.0039
1730000001850,50489,0.0141,-0.9464,0.0921,-0.0228,0.0251,-0.0162
1730000001860,50684,0.0119,-0.9462,0.0576,0.0115,-0.0251,-0.0014
1730000001870,50930,0.0182,-0.943,0.0719,-0.0014,0.0125,-0.0025
1730000001880,51195,0.0118,-0.9784,0.0809,0.0177,-0.0189,-0.0045
1730000001890,51431,0.0232,-0.9808,0.0781,-0.0003,-0.0139,-0.008
1730000001900,51586,0.0244,-0.9996,0.0917,0.0043,-0.0255,0.0028
1730000001910,51618,0.0217,-0.9626,0.0916,-0.0073,-0.0142,-0.0061
1730000001920,51520,0.0102,-0.993,0.0828,0.0003,-0.0098,-0.0074
1730000001930,51314,0.0235,-0.9884,0.0696,-0.003,-0.0053,-0.0107
1730000001940,51050,0.0283,-0.9617,0.0804,0.0026,0.0105,-0.0003
1730000001950,50781,0.0289,-0.9457,0.0808,0.0088,0.0175,-0.0034
1730000001960,50551,0.0087,-0.9609,0.0643,0.0358,0.0174,0.0019
1730000001970,50382,0.0205,-0.9443,0.0705,-0.0232,-0.012,-0.0026
1730000001980,50276,0.0099,-0.9765,0.0814,-0.0163,0.0321,-0.0139
1730000001990,50225,0.0072,-0.9722,0.0779,0.0084,-0.0124,-0.0103
1730000002000,50213,0.0135,-0.9937,0.0852,-0.0096,0.0152,0.0059
1730000002010,50227,0.0304,-0.9622,0.0878,0.0154,-0.0103,-0.0026
1730000002020,50256,0.0017,-0.9746,0.0733,0.008,0.0105,-0.0135
1730000002030,50291,0.0099,-0.9877,0.0748,0.0033,-0.0231,0.0005
1730000002040,50325,0.0031,-1.024,0.0872,-0.0261,-0.0112,-0.0142
1730000002050,50355,0.0059,-0.9892,0.0759,0.0197,0.009,-0.0026
1730000002060,50374,0.0276,-0.9591,0.0841,-0.0081,0.0204,0.0177
1730000002070,50380,0.0266,-0.9462,0.0893,0.017,-0.0218,-0.0111
1730000002080,50372,0.0195,-1.0153,0.0741,0.0173,-0.0133,0.0053
1730000002090,50348,0.0065,-0.992,0.0902,0.0042,0.0058,0.017
1730000002100,50312,0.033,-0.9999,0.0932,-0.0123,-0.0004,0.0002
1730000002110,50267,0.0307,-1.0052,0.0845,0.0105,0.0162,-0.0021
1730000002120,50216,0.03,-0.997,0.0915,0.007,-0.028,0.0041
1730000002130,50163,0.0218,-0.9902,0.0726,-0.0048,-0.0288,0.0169
1730000002140,50112,0.0087,-0.9965,0.0914,0.0117,0.0144,0.0152
1730000002150,50066,0.0169,-1.0044,0.0884,0.0159,-0.0065,-0.0127
1730000002160,50027,0.0324,-0.9722,0.0663,0.0156,-0.0288,-0.0048
1730000002170,49994,0.0088,-0.9967,0.0717,-0.0123,0.0145,0.0029
1730000002180,49967,0.0263,-0.9623,0.0763,0.0016,0.0108,0.0171
1730000002190,49946,0.029,-0.9568,0.0902,0.0211,-0.0357,0.0088
1730000002200,49929,0.0221,-0.9836,0.0747,-0.0085,0.0083,0.0084
1730000002210,49916,0.005,-0.9805,0.0744,-0.019,0.0079,-0.0033
1730000002220,49905,0.0134,-1.0005,0.0828,-0.0002,-0.0218,-0.0084
1730000002230,49895,0.0182,-0.9772,0.0695,0.0098,-0.0165,0.0273
1730000002240,49887,0.0106,-1.0013,0.0819,-0.018,0.0166,0.018
1730000002250,49879,0.0161,-0.9823,0.0748,-0.0,0.0286,0.0089
1730000002260,49872,0.011,-0.955,0.0916,0.0097,-0.0132,0.0007
1730000002270,49865,0.012,-0.9768,0.0768,-0.0447,0.0185,0.0019
1730000002280,49858,0.0308,-0.9891,0.0819,0.0223,0.0078,0.0029
1730000002290,49851,0.0521,-0.99,0.0817,0.0347,-0.0161,-0.0104
1730000002300,49844,0.0057,-0.9761,0.0863,0.0148,-0.0271,0.0101
1730000002310,49837,0.032,-0.989,0.0803,0.0135,0.0073,0.0064
1730000002320,49831,0.0091,-0.9907,0.0679,0.0126,0.0106,-0.001
1730000002330,49824,0.023,-1.0186,0.0886,-0.0093,0.0026,0.0112
1730000002340,49817,0.0124,-0.9637,0.0812,0.0006,0.0111,-0.0125
1730000002350,49811,0.0259,-0.9866,0.0904,-0.0043,-0.0073,0.0037
1730000002360,49804,0.0194,-1.0115,0.0781,0.0254,-0.0019,-0.0087
1730000002370,49797,0.0272,-1.0253,0.0588,-0.0001,0.0036,0.0022
1730000002380,49791,0.0111,-0.9914,0.066,0.0044,-0.0323,-0.0015
1730000002390,49784,0.0226,-1.0238,0.0748,0.0158,0.031,-0.015
1730000002400,49778,0.0234,-1.0135,0.0665,0.0319,0.0134,-0.008
1730000002410,49771,0.0222,-0.9762,0.0818,0.0449,0.0121,-0.0299
1730000002420,49765,0.0171,-1.0039,0.078,0.0003,-0.013,-0.0108
1730000002430,49759,0.0336,-0.9774,0.0733,0.0136,0.0135,0.0127
1730000002440,49752,0.0094,-0.974,0.0739,0.0231,-0.0038,-0.0227
1730000002450,49746,0.0204,-1.0254,0.0778,-0.0012,-0.008,-0.0149
1730000002460,49740,0.0088,-1.0068,0.0775,0.0258,0.0142,-0.0047
1730000002470,49734,0.0327,-1.0175,0.0869,-0.0035,0.0047,0.0064
1730000002480,49728,0.0132,-0.9742,0.0799,0.0482,-0.0061,0.0127
1730000002490,49722,0.0265,-1.0139,0.0936,-0.0212,-0.0446,0.0085
1730000002500,49716,0.0307,-0.9896,0.0774,0.0317,0.0142,-0.0066
1730000002510,49710,0.0273,-1.0156,0.0744,-0.021,-0.044,-0.0118
1730000002520,49704,0.0322,-1.0129,0.0745,-0.0232,0.0173,0.0
1730000002530,49698,0.0249,-0.9932,0.0683,-0.0195,0.0167,-0.0006
1730000002540,49693,0.0277,-1.0545,0.0911,-0.0099,0.0435,-0.0051
1730000002550,49687,0.0203,-0.9782,0.0712,0.0175,-0.0129,0.0129
1730000002560,49681,0.0279,-0.9816,0.0728,-0.0042,0.006,-0.0203
1730000002570,49676,0.0145,-0.9729,0.0673,0.0256,-0.0126,0.0032
1730000002580,49670,0.0085,-0.9822,0.0846,0.0227,0.0271,0.0125
1730000002590,49665,0.0221,-1.0165,0.0932,-0.0261,-0.0088,0.0074
1730000002600,49660,0.0244,-0.9603,0.08,-0.0338,-0.0055,0.0017
1730000002610,49655,0.0165,-0.964,0.0775,-0.0287,0.0093,-0.0115
1730000002620,49651,0.037,-0.987,0.066,0.0216,0.0474,-0.02
1730000002630,49649,0.029,-0.9829,0.0818,0.0069,0.0098,-0.0069
1730000002640,49652,0.0341,-1.0197,0.0996,0.0306,-0.0237,-0.0001
1730000002650,49666,0.0342,-1.0026,0.0784,-0.008,0.0233,-0.0061
1730000002660,49698,0.0199,-0.9821,0.0779,-0.0173,-0.0268,-0.0152
1730000002670,49760,0.0082,-1.0274,0.0727,0.006,0.0011,-0.0083
1730000002680,49868,0.0098,-1.013,0.0661,-0.0247,0.0143,-0.014
1730000002690,50030,0.0202,-1.0056,0.1043,-0.0359,0.0039,-0.0033
1730000002700,50247,0.0123,-0.9871,0.0816,-0.0214,0.0085,0.0039
1730000002710,50502,0.0331,-1.0057,0.0947,-0.0039,-0.0395,0.0052
1730000002720,50758,0.0192,-1.0112,0.0893,-0.0094,0.0203,-0.0008
1730000002730,50966,0.0275,-0.9801,0.0847,-0.0206,0.0184,0.0002
1730000002740,51080,0.04,-0.9842,0.0875,-0.0153,-0.0081,0.001
1730000002750,51072,0.0083,-1.0173,0.0789,-0.0016,0.004,0.0112
1730000002760,50942,0.016,-0.9803,0.0786,-0.0039,0.0051,-0.0207
1730000002770,50722,0.0207,-1.0068,0.0707,-0.0377,-0.0089,-0.0188
1730000002780,50460,0.0287,-0.9989,0.0632,-0.0135,0.0151,-0.0059
1730000002790,50207,0.0172,-1.0016,0.0787,-0.034,-0.0009,-0.0056
1730000002800,49997,0.0495,-0.9985,0.0754,0.0198,-0.0031,0.0025
1730000002810,49847,0.0113,-0.9632,0.0737,0.0075,0.0226,-0.003
1730000002820,49757,0.02,-0.9827,0.0868,-0.0218,0.0036,-0.0095
1730000002830,49717,0.0125,-1.0074,0.0922,0.0319,0.0521,-0.0006
1730000002840,49713,0.0116,-1.0139,0.0961,-0.0308,-0.0063,-0.0057
1730000002850,49732,0.0375,-1.0149,0.091,0.0263,-0.0033,0.0047
1730000002860,49764,0.0046,-0.9964,0.0778,-0.0516,0.0083,0.0036
1730000002870,49802,0.0031,-1.0229,0.0725,-0.0106,-0.0061,-0.0096
1730000002880,49840,0.0099,-0.9886,0.0752,-0.0021,-0.0046,0.0046
1730000002890,49873,0.0185,-0.9775,0.081,0.0178,0.0249,-0.0146
1730000002900,49896,0.0292,-0.9592,0.0703,-0.0006,-0.0071,0.0044
1730000002910,49907,0.0252,-1.0082,0.0931,-0.0171,-0.0028,0.0102
1730000002920,49904,0.0395,-1.0051,0.0878,0.0044,-0.0316,-0.0096
1730000002930,49887,0.008,-1.005,0.0758,0.0006,0.0256,0.0042
1730000002940,49858,0.0465,-0.9998,0.0879,0.0083,0.0301,-0.0038
1730000002950,49819,0.0285,-0.9624,0.0728,-0.0015,0.0101,-0.0043
1730000002960,49774,0.0112,-0.9583,0.0777,0.0347,-0.0102,-0.0021
1730000002970,49728,0.028,-0.9991,0.071,-0.0144,0.0055,-0.0067
1730000002980,49682,0.0209,-1.0401,0.0744,-0.0036,-0.0103,-0.0099
1730000002990,49641,0.0112,-0.9936,0.0949,-0.028,-0.0055,0.0098
1730000003000,49606,0.0233,-0.9969,0.0755,0.0003,-0.002,-0.0219
1730000003010,49577,0.0128,-1.034,0.0929,0.0165,-0.0158,0.008
1730000003020,49554,0.0445,-1.0075,0.093,0.0073,-0.0047,-0.0111
1730000003030,49537,0.0144,-1.0029,0.0568,0.0106,-0.0064,0.0046
1730000003040,49525,0.0158,-0.935,0.0634,-0.0187,0.0141,0.0236
1730000003050,49516,0.0101,-0.9584,0.0708,0.0259,0.0015,0.0223
1730000003060,49510,0.0378,-1.0079,0.1094,-0.0225,-0.0063,0.0181
1730000003070,49506,0.0127,-1.0077,0.0813,0.009,0.0077,-0.0075
1730000003080,49503,0.022,-0.9821,0.095,0.0066,-0.0251,0.0003
1730000003090,49501,0.0138,-0.9685,0.0632,0.0112,-0.0213,0.0127
1730000003100,49500,0.0277,-0.9904,0.085,-0.0067,0.0135,-0.0005
1730000003110,49499,0.0273,-0.9936,0.0552,-0.0103,0.0303,0.0145
1730000003120,49498,0.021,-0.9973,0.0766,0.0126,0.0116,-0.0098
1730000003130,49498,0.0266,-0.97,0.0705,-0.0037,0.0093,0.0072
1730000003140,49497,0.0158,-1.0052,0.0754,0.0077,0.0086,-0.0002
1730000003150,49497,0.0064,-1.0164,0.0864,-0.0244,0.0045,-0.0036
1730000003160,49496,0.014,-0.994,0.0968,0.0058,-0.0059,-0.0147
1730000003170,49496,0.0251,-0.9717,0.0861,0.0233,0.0095,-0.013
1730000003180,49496,0.0196,-0.9839,0.0872,-0.0099,-0.0013,0.0037
1730000003190,49496,0.0327,-0.9742,0.0865,0.0079,-0.0205,-0.011
1730000003200,49496,0.0191,-0.9734,0.084,0.0112,-0.03,-0.0146
1730000003210,49497,0.0312,-0.9949,0.0669,0.0176,0.0052,0.0295
1730000003220,49497,0.0325,-0.9872,0.0785,0.0046,-0.0021,-0.0144
1730000003230,49497,0.0293,-0.9885,0.0525,-0.0127,-0.0166,0.0098
1730000003240,49498,0.0196,-0.9642,0.0641,-0.0215,0.0213,-0.0066
1730000003250,49499,0.0094,-1.0044,0.0724,0.0108,0.0224,-0.0159
1730000003260,49499,0.0171,-0.9935,0.0808,0.0167,0.0024,-0.0058
1730000003270,49500,0.0089,-1.0302,0.0763,0.0003,0.0184,-0.0038
1730000003280,49501,0.0432,-0.9951,0.0752,0.0076,-0.0194,0.0021
1730000003290,49502,-0.0006,-0.9799,0.0807,0.0042,0.0031,-0.0127
1730000003300,49503,0.011,-0.962,0.0849,-0.0119,0.0084,0.0041
1730000003310,49505,0.0395,-0.971,0.0841,-0.009,0.0357,-0.001
1730000003320,49506,0.0113,-1.0175,0.0714,-0.0073,0.0153,0.0091
1730000003330,49507,0.0315,-0.99,0.0883,0.0452,0.0182,0.016
1730000003340,49509,0.0049,-1.0077,0.0725,-0.0535,0.0015,0.0139
1730000003350,49511,0.0146,-0.9889,0.0715,-0.0098,0.0057,-0.012
1730000003360,49512,0.0317,-1.031,0.0832,-0.0098,0.0298,0.0076
1730000003370,49514,-0.0008,-1.041,0.07,-0.01,-0.0038,0.0003
1730000003380,49516,0.0267,-1.0197,0.062,0.005,-0.0072,-0.001
1730000003390,49518,0.0136,-0.9957,0.0949,-0.0325,-0.0245,0.0064
1730000003400,49520,0.0357,-0.9962,0.0674,-0.04,0.0052,-0.0125
1730000003410,49523,0.0418,-0.9452,0.0823,0.0097,-0.0024,0.0114
1730000003420,49525,0.02,-0.9906,0.0936,0.0125,0.0426,-0.0164
1730000003430,49528,0.0144,-1.0098,0.0884,-0.0099,0.012,-0.0117
1730000003440,49530,0.0191,-0.9456,0.0964,-0.0376,0.0073,0.0083
1730000003450,49533,0.0151,-1.0135,0.0866,0.002,0.0111,-0.0016
1730000003460,49536,0.0433,-1.0095,0.075,0.0103,0.0146,-0.0138
1730000003470,49541,0.033,-1.0203,0.0801,-0.0061,-0.0142,0.0113
1730000003480,49548,-0.0035,-1.0056,0.071,0.0175,0.031,0.0078
1730000003490,49561,0.034,-1.0353,0.0816,-0.0277,-0.0075,0.0024
1730000003500,49588,0.0209,-0.9631,0.0602,-0.0167,-0.0296,-0.0164
1730000003510,49638,0.0301,-0.9868,0.0956,0.0237,0.0014,-0.0097
1730000003520,49725,0.0299,-1.0041,0.068,-0.023,0.0024,0.0127
1730000003530,49863,0.0205,-0.9656,0.0809,-0.0085,0.0544,0.0182
1730000003540,50061,0.022,-1.0066,0.0639,0.008,-0.0051,0.0047
1730000003550,50311,0.0232,-0.981,0.0914,0.0063,-0.0145,-0.0077
1730000003560,50587,0.0258,-1.011,0.0872,0.0143,-0.0009,-0.0078
1730000003570,50841,0.0022,-1.0119,0.0637,0.0005,-0.0088,-0.0092
1730000003580,51019,0.0287,-0.9866,0.0805,0.0112,0.0207,-0.016
1730000003590,51080,0.0271,-1.0252,0.0721,0.0202,0.0138,0.0066
1730000003600,51009,0.0218,-0.9606,0.0646,-0.0061,0.0009,0.0204
1730000003610,50826,0.0303,-0.9679,0.0724,0.045,0.0094,-0.0101
1730000003620,50577,0.0435,-1.017,0.0713,-0.0047,-0.0196,0.0053
1730000003630,50317,0.0228,-0.986,0.0989,-0.0327,0.0273,-0.0082
1730000003640,50092,0.0346,-0.9499,0.103,-0.0038,-0.0233,0.0033
1730000003650,49926,0.0195,-1.0231,0.0874,-0.0185,0.0288,0.0097
1730000003660,49824,0.0172,-0.9869,0.0776,-0.0091,0.062,-0.0094
1730000003670,49778,0.0206,-0.9676,0.0762,-0.0126,-0.0266,0.0119
1730000003680,49774,0.0271,-0.9778,0.0649,0.0101,0.0057,-0.0034
1730000003690,49797,0.0062,-0.9882,0.0713,0.0016,0.0013,-0.0034
1730000003700,49836,0.0288,-0.9881,0.0853,0.0084,0.0202,-0.0096
1730000003710,49883,0.0165,-0.9682,0.0815,0.0225,0.0149,-0.0044
1730000003720,49930,0.0288,-0.9915,0.0896,0.0371,0.0218,0.0229
1730000003730,49973,0.0045,-0.9971,0.0773,-0.008,0.0074,-0.0037
1730000003740,50006,0.0311,-0.9663,0.0841,-0.0202,0.0109,0.0067
1730000003750,50026,0.0235,-0.9851,0.094,-0.011,-0.0073,0.0067
1730000003760,50031,0.0253,-0.9685,0.0772,-0.0263,-0.0248,-0.0043
1730000003770,50022,0.0279,-0.9695,0.0618,0.0107,-0.0017,-0.0104
1730000003780,50000,0.0419,-0.9798,0.0883,0.0514,-0.0116,-0.004
1730000003790,49968,0.0349,-1.011,0.0807,0.0009,0.0194,0.0041
1730000003800,49930,0.0109,-0.9652,0.0885,-0.021,-0.0138,-0.0053
1730000003810,49890,0.0085,-0.9631,0.0768,-0.0056,-0.0208,-0.0039
1730000003820,49852,0.0348,-0.9692,0.0638,-0.0198,0.0127,-0.005
1730000003830,49818,0.0145,-1.0012,0.0667,0.0019,-0.0076,0.0114
1730000003840,49791,0.0193,-1.003,0.0869,0.0269,-0.0147,-0.017
1730000003850,49770,0.0152,-1.0105,0.0964,-0.0278,-0.0066,0.0147
1730000003860,49755,0.0287,-0.9935,0.0722,-0.0036,-0.0048,0.015
1730000003870,49747,0.0185,-1.01,0.0899,0.0207,-0.0045,0.0077
1730000003880,49742,0.0205,-1.0069,0.0792,-0.0229,-0.0127,-0.0094
1730000003890,49742,0.0233,-0.9788,0.0668,-0.0184,-0.0001,0.0046
1730000003900,49744,0.0207,-1.0265,0.0929,0.0354,0.0317,0.0054
1730000003910,49747,0.0267,-0.9952,0.0819,-0.0226,0.0024,-0.0143
1730000003920,49752,0.0259,-0.989,0.0877,0.0037,-0.0092,0.0084
1730000003930,49758,0.0083,-0.9869,0.0746,0.0149,-0.0015,0.0027
1730000003940,49764,0.0253,-1.0283,0.0707,0.0023,0.0202,0.0057
1730000003950,49770,0.0331,-0.9856,0.081,-0.01,-0.0087,-0.0083
1730000003960,49776,0.0146,-0.9848,0.0735,0.0005,-0.0364,0.0043
1730000003970,49782,0.0218,-0.9718,0.0754,-0.0102,0.0196,-0.0015
1730000003980,49789,0.0399,-1.0086,0.0775,-0.0225,-0.0157,-0.0079
1730000003990,49795,0.0152,-0.9646,0.0686,0.0122,-0.0288,-0.0041
1730000004000,49802,0.0332,-0.9708,0.0827,0.0126,0.0115,0.0063
1730000004010,49809,0.034,-1.0005,0.0793,0.0127,0.015,0.0056
1730000004020,49815,0.0331,-0.9895,0.0665,0.0254,-0.0,-0.0055
1730000004030,49822,0.0204,-0.9879,0.0901,0.0178,0.0062,0.0054
1730000004040,49829,0.0203,-0.9585,0.0564,-0.0234,-0.0008,-0.0041
1730000004050,49836,0.0105,-0.9664,0.0702,0.0043,0.0025,0.0006
1730000004060,49842,0.0117,-0.9825,0.0923,0.0109,0.0193,-0.0008
1730000004070,49849,0.003,-0.9877,0.0785,0.026,0.0227,0.0042
1730000004080,49856,0.0114,-0.9756,0.0774,-0.0049,-0.0247,0.0046
1730000004090,49863,0.0197,-0.9618,0.0654,-0.0225,0.0729,-0.0088
1730000004100,49870,0.0229,-0.9689,0.0702,0.0346,-0.0013,0.0015
1730000004110,49877,0.0382,-0.9932,0.0751,-0.0069,-0.0275,0.0028
1730000004120,49884,0.0247,-0.9735,0.0866,0.0173,0.0068,-0.0024
1730000004130,49891,0.0322,-0.9909,0.094,-0.0039,0.0153,0.0183
1730000004140,49898,-0.0026,-0.9806,0.076,0.0341,-0.0081,0.0273
1730000004150,49905,0.0047,-0.9695,0.0761,0.0101,-0.0113,-0.0045
1730000004160,49912,0.0018,-0.9741,0.065,-0.0262,0.0017,-0.0012
1730000004170,49919,0.0303,-1.0031,0.0842,0.0065,-0.006,-0.008
1730000004180,49926,0.0192,-0.9581,0.0763,0.0169,-0.0055,0.0172
1730000004190,49933,0.0203,-0.9791,0.0639,-0.0285,0.0076,-0.0023
1730000004200,49940,0.0228,-0.9891,0.0785,-0.0125,0.0059,-0.0022
1730000004210,49947,0.0386,-0.9889,0.0912,-0.0211,-0.0093,-0.0084
1730000004220,49954,0.0326,-0.9662,0.0814,0.0047,-0.0217,0.014
1730000004230,49962,0.0339,-0.9754,0.0801,0.013,-0.0035,-0.002
1730000004240,49969,0.0151,-0.9814,0.0752,0.0146,-0.0066,-0.0043
1730000004250,49976,0.0137,-1.0042,0.0956,0.0102,0.0173,-0.0053
1730000004260,49983,0.0346,-0.9711,0.0945,-0.0003,-0.0009,-0.0053
1730000004270,49990,0.0208,-0.9693,0.0949,0.0308,0.0018,0.0122
1730000004280,49998,-0.0072,-0.983,0.0825,0.0177,0.0085,-0.0006
1730000004290,50006,0.0154,-0.9894,0.099,0.0224,0.0262,0.0001
1730000004300,50016,0.0147,-0.9621,0.0798,-0.0026,-0.0005,-0.0063
1730000004310,50031,0.0113,-0.9778,0.0661,0.012,0.0168,-0.0077
1730000004320,50056,0.0017,-0.9649,0.0824,0.0004,-0.0267,-0.0192
1730000004330,50102,0.0371,-0.9769,0.085,-0.0014,0.0083,-0.0128
1730000004340,50183,0.0155,-0.9995,0.0691,-0.0142,-0.0361,-0.0046
1730000004350,50315,0.0129,-0.9959,0.0787,-0.0002,-0.0167,0.0201
1730000004360,50511,0.0272,-0.9495,0.0767,0.0179,0.0153,-0.0102
1730000004370,50767,0.0132,-0.9135,0.0759,0.0097,-0.0043,0.0083
1730000004380,51057,0.0101,-0.9917,0.0913,0.004,-0.0496,0.0002
1730000004390,51329,0.0182,-0.9572,0.0832,0.0068,0.0017,0.0029
1730000004400,51524,0.0085,-0.9875,0.0715,-0.0268,0.0158,0.0108
1730000004410,51591,0.0261,-0.983,0.0746,-0.0088,0.0223,0.0053
1730000004420,51514,0.0374,-0.9902,0.0777,-0.0252,-0.0283,-0.0016
1730000004430,51318,0.0166,-0.9809,0.0647,0.0039,-0.0057,0.0091
1730000004440,51057,0.0255,-0.9967,0.084,-0.012,0.0307,-0.0003
1730000004450,50792,0.015,-0.9784,0.065,0.0255,0.0424,-0.0173
1730000004460,50571,0.0175,-0.9723,0.0741,0.0244,0.0249,-0.0025
1730000004470,50417,0.0407,-0.9692,0.0776,0.0056,-0.0149,0.0145
1730000004480,50332,0.0262,-0.9768,0.0781,-0.0182,0.0053,-0.0129
1730000004490,50303,0.02,-0.9799,0.0857,0.0209,0.0157,-0.0012
1730000004500,50313,0.0129,-0.9754,0.0798,0.0098,-0.0114,-0.0097
1730000004510,50347,0.0217,-0.9421,0.0987,0.0159,-0.0198,0.0141
1730000004520,50394,0.0115,-0.9845,0.0843,-0.0276,0.016,-0.0005
1730000004530,50446,0.024,-0.9854,0.0885,0.0103,-0.0073,0.0095
1730000004540,50494,-0.0066,-0.9615,0.0789,-0.0159,0.0035,0.005
1730000004550,50534,0.0126,-0.971,0.0796,0.0079,0.0245,-0.0046
1730000004560,50562,0.0332,-0.9945,0.083,-0.0344,0.0014,0.0072
1730000004570,50574,0.0402,-0.9673,0.0725,0.0205,0.0008,0.001
1730000004580,50569,0.0292,-0.9463,0.0627,0.001,-0.0003,-0.0107
1730000004590,50550,0.0038,-0.9693,0.0754,-0.0145,-0.0027,-0.0035
1730000004600,50519,0.0202,-0.9363,0.0797,0.0376,0.0249,0.0097
1730000004610,50481,0.0127,-0.9736,0.0708,0.0083,-0.0013,0.0044
1730000004620,50440,0.023,-0.9642,0.0764,-0.0195,-0.0088,0.0072
1730000004630,50400,0.0184,-0.9687,0.0887,0.0098,-0.0295,-0.0008
1730000004640,50365,0.0113,-0.9684,0.0839,0.0102,0.0333,-0.005
1730000004650,50336,0.0171,-0.9557,0.0896,-0.0206,0.0137,0.0067
1730000004660,50315,0.0185,-0.9727,0.0873,0.0085,0.008,-0.0073
1730000004670,50301,0.0028,-0.9689,0.0773,0.0092,-0.0153,0.0063
1730000004680,50292,0.0241,-0.9817,0.0895,-0.0069,-0.0139,0.0025
1730000004690,50289,0.0199,-0.9848,0.0862,-0.0002,-0.0152,-0.0175
1730000004700,50288,0.0243,-0.9647,0.0812,0.0275,-0.0498,0.0127
1730000004710,50290,0.0336,-0.9861,0.0901,-0.0162,-0.0209,-0.001
1730000004720,50294,0.0383,-0.9592,0.0805,0.0177,-0.0124,0.015
1730000004730,50299,0.0357,-0.9577,0.0721,0.0214,0.0059,0.0064
1730000004740,50304,0.0314,-0.9575,0.071,0.0298,0.0056,0.0032
1730000004750,50309,0.0262,-0.9599,0.0875,0.0039,-0.0036,-0.0055
1730000004760,50314,0.0149,-0.9718,0.0899,-0.0067,-0.0022,-0.001
1730000004770,50320,0.0253,-0.953,0.0997,-0.0279,-0.0046,0.0057
1730000004780,50325,0.0031,-0.9311,0.0788,-0.0159,0.0194,-0.022
1730000004790,50331,0.0221,-0.9856,0.0799,0.0075,0.0159,0.0041
1730000004800,50336,0.0409,-0.9645,0.0766,0.0245,-0.0013,0.0042
1730000004810,50341,-0.0194,-0.9566,0.0793,-0.0087,-0.0131,0.009
1730000004820,50346,-0.0004,-0.9026,0.0915,0.0074,0.038,0.0027
1730000004830,50351,0.0111,-0.945,0.0636,0.012,0.024,0.0053
1730000004840,50356,0.0055,-0.9614,0.0788,-0.0148,-0.0462,-0.0119
1730000004850,50361,0.015,-0.9429,0.1075,0.0171,-0.0158,-0.0042
1730000004860,50366,0.0308,-0.9531,0.0839,0.0048,0.024,0.0224
1730000004870,50371,0.0201,-0.9621,0.085,-0.0092,-0.0439,0.0049
1730000004880,50376,0.0127,-0.9389,0.0818,0.0299,-0.0172,0.0113
1730000004890,50380,0.0037,-0.9465,0.0776,0.0187,-0.0072,0.0068
1730000004900,50385,0.025,-0.9575,0.0844,0.0336,-0.0112,0.014
1730000004910,50389,0.0165,-0.941,0.1034,-0.016,-0.0431,0.0016
1730000004920,50394,0.0131,-0.9756,0.0767,-0.0107,0.0286,0.0113
1730000004930,50398,0.0316,-0.9188,0.0723,-0.0499,0.0405,0.0025
1730000004940,50402,0.0194,-1.0011,0.0665,0.0138,-0.0029,-0.0215
1730000004950,50406,0.0106,-0.9441,0.0928,0.0043,0.0567,0.0103
1730000004960,50410,0.0381,-0.9384,0.0883,-0.0268,-0.032,-0.0074
1730000004970,50414,0.0226,-0.965,0.0837,-0.0004,0.0096,0.0099
1730000004980,50418,0.0201,-0.9708,0.0538,0.0174,-0.0155,-0.0091
1730000004990,50422,0.0287,-0.9466,0.0868,0.0191,-0.0219,-0.0023
1730000005000,50426,0.0145,-0.9304,0.0886,-0.0049,0.0168,0.0037
1730000005010,50429,0.0188,-0.9557,0.0885,-0.0028,-0.025,0.0035
1730000005020,50433,0.0174,-0.9879,0.0723,-0.005,0.0005,0.0056
1730000005030,50436,0.0179,-0.956,0.0763,0.0109,0.0081,0.0057
1730000005040,50440,0.0344,-0.9707,0.0641,-0.0016,0.0162,0.0002
1730000005050,50443,0.0232,-0.9995,0.0717,0.0108,0.0156,-0.0075
1730000005060,50446,0.0237,-0.9793,0.0685,0.0014,0.0043,0.004
1730000005070,50449,0.0273,-0.9315,0.0895,-0.0072,0.0188,-0.0147
1730000005080,50452,0.021,-0.944,0.0868,0.0166,0.0382,-0.0074
1730000005090,50456,0.0279,-0.967,0.0911,0.0024,0.0156,0.0155
1730000005100,50461,0.0263,-0.9694,0.0763,-0.0139,0.0208,0.0131
1730000005110,50469,0.0176,-1.0014,0.0737,0.0087,-0.0189,-0.0196
1730000005120,50483,0.0156,-1.0061,0.0833,-0.008,0.0012,0.013
1730000005130,50512,0.0109,-1.0083,0.0797,0.0094,-0.0286,-0.0037
1730000005140,50566,0.0165,-0.9648,0.0738,0.0533,-0.0052,0.0019
1730000005150,50657,0.0152,-1.0183,0.0938,-0.0631,0.0271,-0.0132
1730000005160,50800,0.0064,-0.9676,0.102,0.0064,-0.0038,-0.0077
1730000005170,51001,0.0265,-0.9729,0.0871,-0.0393,0.0106,0.0032
1730000005180,51251,0.0064,-0.9862,0.0785,-0.0097,0.0058,-0.0143
1730000005190,51522,0.0112,-0.9234,0.0716,-0.0085,-0.0035,-0.0028
1730000005200,51766,0.0321,-0.9772,0.0885,-0.0171,0.0155,-0.0021
1730000005210,51934,0.0183,-0.9676,0.0855,-0.0239,-0.0194,0.0204
1730000005220,51984,0.0251,-0.9731,0.0864,-0.0012,-0.045,0.0016
1730000005230,51906,0.0188,-0.959,0.0723,-0.0044,0.0228,-0.0015
1730000005240,51720,0.0157,-0.9588,0.0761,0.0214,-0.0035,0.0036
1730000005250,51471,0.013,-0.9911,0.0872,0.0052,0.0127,0.0074
1730000005260,51212,0.0053,-0.9638,0.0599,0.0104,-0.0217,0.0047
1730000005270,50986,0.0273,-0.9771,0.0798,0.0244,-0.0331,0.0064
1730000005280,50817,0.0212,-0.9475,0.0635,0.0001,0.0221,0.0136
1730000005290,50711,0.0123,-0.9721,0.0984,-0.0284,-0.0009,0.0018
1730000005300,50659,0.0217,-0.9853,0.0896,0.0178,0.0363,-0.0079
1730000005310,50649,0.0152,-0.9448,0.0982,-0.0002,-0.0306,-0.0022
1730000005320,50666,0.0296,-0.9533,0.0911,0.0385,-0.0086,-0.009
1730000005330,50700,0.008,-0.9694,0.0902,0.0345,0.0044,0.0001
1730000005340,50741,0.0187,-0.9426,0.0724,-0.0021,-0.0015,-0.0003
1730000005350,50783,0.0381,-0.985,0.1046,-0.0131,-0.0164,-0.0066
1730000005360,50821,0.0265,-0.9676,0.0912,-0.0165,-0.0335,-0.0037
1730000005370,50850,0.0228,-0.9969,0.0789,0.0107,-0.0161,-0.0082
1730000005380,50868,0.009,-0.9705,0.0846,0.055,0.0233,-0.0126
1730000005390,50870,0.0046,-0.9699,0.0957,0.0131,-0.0105,0.01
1730000005400,50859,0.0338,-0.9386,0.0693,0.0087,-0.0256,-0.0081
1730000005410,50834,0.0072,-0.9732,0.0656,0.0155,-0.0002,-0.0086
1730000005420,50798,0.0249,-0.9375,0.0835,-0.0117,-0.0057,-0.001
1730000005430,50756,0.013,-1.0025,0.0762,0.0249,-0.0165,-0.0193
1730000005440,50710,0.0191,-0.9464,0.0628,0.0038,0.0082,0.0054
1730000005450,50666,0.0256,-0.9564,0.0642,0.0123,0.0276,-0.0022
1730000005460,50625,0.0237,-0.989,0.093,-0.0124,0.033,-0.0038
1730000005470,50589,0.0268,-0.9796,0.0988,-0.0394,0.0074,-0.0208
1730000005480,50559,0.008,-0.9312,0.0891,-0.0402,-0.0001,-0.0062
1730000005490,50536,0.0257,-0.9322,0.0865,0.0087,0.0102,-0.0109
1730000005500,50519,0.027,-0.951,0.0739,-0.0128,0.029,0.0021
1730000005510,50506,0.0086,-0.978,0.0754,-0.0013,-0.0015,-0.0025
1730000005520,50497,0.0367,-0.9531,0.0948,-0.0339,0.0022,0.0117
1730000005530,50491,0.0273,-0.9835,0.0724,0.0192,-0.0043,0.0065
1730000005540,50486,0.0216,-0.9724,0.0812,-0.0166,0.034,0.0055
1730000005550,50483,0.034,-0.9808,0.0746,-0.0064,-0.0172,0.0068
1730000005560,50480,0.0271,-0.9807,0.0768,0.0075,-0.0151,-0.0041
1730000005570,50477,0.0356,-0.9856,0.0748,0.0501,-0.0425,-0.0118
1730000005580,50475,0.038,-0.979,0.085,0.0424,-0.0143,-0.0059
1730000005590,50473,0.0241,-0.9725,0.0748,-0.0027,-0.0266,0.0047
1730000005600,50471,0.0283,-0.9744,0.0778,0.011,-0.0108,-0.0031
1730000005610,50468,0.0193,-0.9419,0.0795,-0.0023,-0.0033,-0.0038
1730000005620,50466,0.0104,-0.99,0.0886,-0.0114,0.0018,-0.0048
1730000005630,50463,0.0067,-0.9811,0.094,-0.0083,-0.0135,-0.0043
1730000005640,50461,0.0167,-0.9674,0.0759,-0.002,-0.0098,0.0036
1730000005650,50458,0.0231,-0.9679,0.0863,-0.002,0.0243,0.0047
1730000005660,50455,0.0349,-0.974,0.0827,-0.0136,0.0003,0.0082
1730000005670,50452,0.0163,-0.9427,0.0803,0.0317,-0.021,-0.0028
1730000005680,50449,0.015,-0.9526,0.0864,-0.0015,-0.0091,-0.0003
1730000005690,50446,0.0272,-0.9563,0.0794,-0.0089,0.002,0.0013
1730000005700,50443,0.0225,-0.9823,0.0974,-0.0126,0.0302,0.0139
1730000005710,50440,0.0295,-0.9359,0.0856,-0.0063,-0.0105,-0.0067
1730000005720,50437,0.0284,-1.0032,0.0658,0.0306,0.0203,0.0041
1730000005730,50433,0.0292,-0.9583,0.0781,-0.0294,0.0257,0.0045
1730000005740,50430,0.0062,-0.9712,0.0753,-0.0023,-0.0066,0.0055
1730000005750,50426,0.0179,-0.9974,0.0867,0.0097,-0.0285,0.0041
1730000005760,50422,0.0289,-0.9775,0.0819,-0.0153,-0.035,0.0052
1730000005770,50418,0.0191,-0.9661,0.0777,-0.0052,0.0032,-0.0006
1730000005780,50415,0.0287,-0.9834,0.0656,0.0029,-0.0261,-0.0253
1730000005790,50411,0.009,-0.9839,0.072,-0.0307,-0.0045,0.0122
1730000005800,50407,0.0283,-0.9752,0.0892,-0.0088,-0.0176,0.0068
1730000005810,50402,0.0092,-0.9689,0.0797,-0.0073,-0.0092,0.0114
1730000005820,50398,0.0041,-0.9704,0.0771,-0.0148,0.0008,0.0032
1730000005830,50394,0.0194,-0.9711,0.0941,-0.012,0.0084,-0.0174
1730000005840,50390,0.0246,-1.0136,0.0863,-0.0095,0.0033,-0.0146
1730000005850,50385,0.0202,-0.96,0.0862,-0.0003,-0.0001,0.0115
1730000005860,50381,0.0274,-0.9892,0.0742,-0.0136,-0.0007,-0.0116
1730000005870,50376,-0.0016,-0.9813,0.0825,0.0037,0.0217,-0.0129
1730000005880,50371,0.0149,-1.006,0.0825,-0.0021,-0.0096,0.0004
1730000005890,50366,0.0129,-0.9979,0.0958,0.0162,-0.0037,-0.0154
1730000005900,50362,0.0179,-0.9662,0.0817,0.0202,0.0245,-0.0008
1730000005910,50357,0.0153,-0.9878,0.0759,0.0181,-0.0085,-0.0168
1730000005920,50352,0.0246,-0.9801,0.0753,-0.0393,0.0234,0.007
1730000005930,50348,0.0086,-0.9753,0.0692,-0.0272,-0.042,0.0078
1730000005940,50345,0.0288,-0.9848,0.0794,0.0351,-0.0151,-0.0118
1730000005950,50345,0.0213,-0.9678,0.077,-0.0285,-0.0153,0.0069
1730000005960,50353,0.0271,-1.0125,0.0678,-0.0197,-0.0005,0.0221
1730000005970,50377,0.0171,-0.9781,0.072,0.0517,-0.012,-0.0051
1730000005980,50428,0.0216,-1.006,0.0881,-0.0002,-0.0169,-0.006
1730000005990,50521,0.0011,-0.9909,0.0573,-0.009,-0.0099,-0.0059
1730000006000,50669,0.0142,-0.9968,0.0923,0.0288,-0.0034,0.0114
1730000006010,50877,0.0169,-0.9863,0.0717,0.0139,0.0124,-0.0129
1730000006020,51131,0.0216,-0.9908,0.071,-0.0005,-0.0384,-0.0043
1730000006030,51397,0.0389,-0.972,0.0686,0.0111,0.0018,-0.0032
1730000006040,51624,0.0141,-0.9809,0.0741,-0.0035,0.0148,0.0082
1730000006050,51758,0.007,-0.9905,0.0961,0.0359,0.0074,0.0161
1730000006060,51765,0.0321,-0.9841,0.06,-0.0012,-0.0256,0.0014
1730000006070,51641,0.0375,-0.9767,0.0721,-0.0234,-0.0393,-0.0191
1730000006080,51418,0.0363,-0.9648,0.0787,-0.0031,-0.001,-0.0001
1730000006090,51148,0.0339,-0.9743,0.0602,0.0212,-0.0386,-0.0041
1730000006100,50885,0.0061,-0.9815,0.0674,-0.0276,-0.0209,0.0081
1730000006110,50667,0.0181,-0.9692,0.0936,0.0048,0.0114,-0.0097
1730000006120,50513,0.0192,-1.0058,0.0855,0.0181,0.0193,-0.0003
1730000006130,50422,0.029,-0.9859,0.0744,0.01,0.0145,0.022
1730000006140,50382,0.0273,-1.0053,0.0702,-0.026,0.0015,-0.011
1730000006150,50379,0.0336,-0.9893,0.0864,0.003,0.0069,-0.0104
1730000006160,50398,0.0197,-0.9923,0.079,0.0025,0.0136,-0.0047
1730000006170,50430,0.0282,-0.9774,0.0964,-0.0663,-0.0129,0.0126
1730000006180,50466,-0.0052,-0.9545,0.0808,-0.0408,0.0145,-0.0105
1730000006190,50501,0.0109,-0.9551,0.0761,-0.0192,0.0402,0.0093
1730000006200,50529,0.0167,-1.0004,0.078,0.0315,-0.0197,-0.0127
1730000006210,50545,0.0327,-0.9905,0.081,0.0105,-0.0078,-0.0242
1730000006220,50548,0.0179,-0.9603,0.1017,-0.0024,-0.0006,0.0137
1730000006230,50535,0.026,-0.9794,0.0602,-0.0083,0.0043,-0.0151
1730000006240,50509,0.0163,-0.9514,0.0774,-0.0287,-0.0377,-0.0001
1730000006250,50470,0.0142,-1.0031,0.0823,0.0057,0.0035,0.0035
1730000006260,50422,0.0077,-0.9988,0.0767,-0.0011,0.0198,-0.0073
1730000006270,50370,0.0122,-0.9564,0.0816,-0.028,-0.0062,-0.0124
1730000006280,50318,0.0086,-1.0131,0.072,0.0412,0.0202,0.0138
1730000006290,50269,0.0309,-0.9893,0.084,0.0021,-0.0214,-0.0116
1730000006300,50225,0.029,-1.0112,0.082,0.013,0.0151,0.0037
1730000006310,50187,0.008,-0.9762,0.0786,-0.0196,-0.0398,0.0045
1730000006320,50156,0.0045,-1.0214,0.0975,-0.024,-0.0084,0.0007
1730000006330,50131,0.0207,-1.0078,0.0729,0.0161,-0.0056,-0.0002
1730000006340,50112,-0.0016,-0.9991,0.0886,-0.0146,-0.019,0.0037
1730000006350,50096,0.026,-0.9812,0.0743,0.015,0.0326,0.0117
1730000006360,50084,0.0044,-0.9294,0.0667,-0.0245,0.0061,-0.0009
1730000006370,50073,0.0236,-0.962,0.0893,-0.0179,0.0014,0.0101
1730000006380,50064,0.0305,-0.9659,0.0882,0.0142,-0.0103,-0.0132
1730000006390,50056,0.0242,-0.9977,0.0924,-0.0175,-0.0076,-0.0043
1730000006400,50049,0.0297,-0.9738,0.0802,0.0058,0.0323,-0.0176
1730000006410,50041,0.0275,-0.9674,0.0921,0.0161,-0.0155,-0.0054
1730000006420,50034,0.0266,-1.001,0.078,-0.0301,-0.0238,0.0035
1730000006430,50027,0.0157,-1.0046,0.0781,0.006,-0.0052,0.0017
1730000006440,50019,0.0209,-0.9946,0.0799,-0.0177,-0.01,-0.0184
1730000006450,50012,0.0083,-1.0135,0.076,0.0226,-0.0002,0.0015
1730000006460,50005,0.0106,-0.9842,0.097,-0.0017,-0.0165,-0.0117
1730000006470,49998,0.0226,-1.0089,0.0871,-0.0202,-0.0331,0.0048
1730000006480,49991,0.0071,-0.9781,0.0904,-0.0119,0.0042,0.0139
1730000006490,49984,0.0154,-0.9585,0.0767,-0.0188,0.002,0.0023
1730000006500,49976,0.0313,-0.9729,0.0837,0.0131,0.0036,0.0079
1730000006510,49969,0.0148,-1.0124,0.0821,0.0538,0.0162,-0.007
1730000006520,49962,0.0339,-1.0282,0.0775,0.0079,-0.0135,-0.0059
1730000006530,49955,0.0183,-1.0019,0.0722,-0.0217,-0.0312,-0.0097
1730000006540,49948,0.019,-0.9711,0.0734,-0.0242,0.0321,-0.0114
1730000006550,49941,0.0209,-1.0101,0.0728,0.0077,0.0092,0.0127
1730000006560,49934,0.0267,-0.9885,0.0862,-0.0206,0.0242,0.0053
1730000006570,49927,0.0249,-0.9797,0.0652,-0.0227,0.0026,0.0014
1730000006580,49920,0.0258,-0.9897,0.0782,0.0252,0.007,0.0075
1730000006590,49912,0.032,-0.9667,0.0832,0.0145,0.0053,0.0107
1730000006600,49905,0.0428,-1.013,0.0725,0.0317,0.0037,-0.0043
1730000006610,49898,0.0131,-0.9735,0.0856,0.0402,-0.0018,0.009
1730000006620,49891,0.0365,-1.0211,0.0695,0.0054,-0.0115,-0.0042
1730000006630,49884,0.0134,-0.9955,0.071,-0.0256,0.0077,0.0012
1730000006640,49877,0.0298,-0.9822,0.0842,0.0151,-0.0183,-0.005
1730000006650,49870,0.0227,-0.9741,0.0865,-0.0042,-0.0037,0.0025
1730000006660,49864,0.0084,-0.9759,0.0877,0.0186,0.0199,0.01
1730000006670,49857,0.0012,-0.9885,0.0657,-0.0191,-0.0027,0.0118
1730000006680,49850,0.0233,-0.9885,0.0979,0.0048,-0.019,-0.0139
1730000006690,49843,0.0113,-0.991,0.0646,0.0088,0.0062,-0.0072
1730000006700,49836,0.021,-0.983,0.0737,0.0147,-0.0143,0.0059
1730000006710,49829,0.0346,-0.987,0.0673,0.0018,0.0016,-0.0086
1730000006720,49823,0.0074,-1.0012,0.0887,0.0164,0.024,-0.0004
1730000006730,49816,0.0396,-1.0106,0.0844,-0.0048,0.0298,0.0003
1730000006740,49809,0.0097,-0.9889,0.0688,-0.0174,0.0185,-0.0002
1730000006750,49803,0.0286,-1.0113,0.093,-0.0035,-0.0391,-0.009
1730000006760,49798,0.006,-1.0232,0.0851,0.0073,0.0118,-0.0074
1730000006770,49794,0.0253,-1.0234,0.0752,-0.0032,-0.0114,0.001
1730000006780,49795,0.0198,-0.9847,0.083,0.0191,-0.0096,0.0065
1730000006790,49806,0.0228,-0.9893,0.0813,-0.0431,0.0383,-0.0092
1730000006800,49836,0.012,-1.0007,0.0669,0.0349,-0.0124,-0.0068
1730000006810,49897,0.0117,-0.9856,0.094,0.0055,-0.0155,0.0132
1730000006820,50005,0.0228,-1.0089,0.0793,0.0026,0.0047,0.0
1730000006830,50170,0.0202,-0.9572,0.1083,0.0035,-0.0183,-0.0105
1730000006840,50394,0.0281,-1.027,0.0782,0.0079,0.0036,-0.004
1730000006850,50655,0.0384,-0.9787,0.0753,0.0157,-0.0037,-0.0052
1730000006860,50914,0.0159,-0.971,0.0744,-0.0014,0.0204,0.003
1730000006870,51118,0.0224,-1.008,0.1033,0.0164,-0.0474,0.013
1730000006880,51216,0.0071,-1.0222,0.073,0.0252,-0.0054,0.0021
1730000006890,51183,0.0033,-0.9733,0.0773,-0.0258,0.0065,0.0049
1730000006900,51026,0.0209,-0.969,0.0858,0.03,-0.0011,0.0011
1730000006910,50783,0.0286,-0.9717,0.0767,0.0377,0.0023,0.0
1730000006920,50511,0.0244,-1.012,0.0635,0.0411,0.0213,-0.0092
1730000006930,50259,0.0214,-0.9824,0.0751,0.0287,-0.0099,0.0099
1730000006940,50059,0.0137,-0.9848,0.0955,0.0095,-0.0098,0.0022
1730000006950,49925,0.0272,-1.0035,0.0761,0.0352,0.0279,-0.0066
1730000006960,49851,0.0068,-1.0206,0.0689,-0.0057,-0.0015,-0.0138
1730000006970,49824,0.0215,-1.053,0.0814,0.0322,-0.0243,-0.0288
1730000006980,49829,0.0217,-0.981,0.0759,0.0046,0.0258,0.0169
1730000006990,49854,0.026,-1.0197,0.0817,-0.02,-0.0003,-0.0024
1730000007000,49889,0.0143,-0.9644,0.0777,-0.0296,0.0076,0.0069
1730000007010,49927,0.0205,-1.0105,0.0757,-0.0118,-0.0101,-0.007
1730000007020,49962,0.0178,-1.0221,0.0825,-0.0156,0.0175,0.0038
1730000007030,49988,0.0351,-1.0223,0.0941,-0.0023,0.0124,0.0089
1730000007040,50003,0.0296,-0.9937,0.0845,-0.0018,0.0146,-0.0089
1730000007050,50003,0.024,-0.9642,0.1001,0.0214,0.0292,0.0052
1730000007060,49988,0.0305,-0.956,0.0795,-0.0318,-0.0034,0.0019
1730000007070,49960,0.0118,-1.0189,0.0751,-0.0246,0.0183,0.017
1730000007080,49921,0.0268,-1.0228,0.0821,-0.0172,0.0056,-0.0082
1730000007090,49874,0.0298,-0.9808,0.0768,0.0101,0.0013,0.0173
1730000007100,49824,0.001,-0.9866,0.0924,-0.0073,-0.01,0.0018
1730000007110,49775,0.0108,-1.0055,0.0698,-0.0036,-0.0418,-0.006
1730000007120,49729,0.0256,-1.0023,0.0759,0.018,0.0316,-0.0074
1730000007130,49689,0.032,-1.0297,0.0715,0.0107,0.0052,0.0012
1730000007140,49656,0.0286,-0.9987,0.0876,-0.0098,-0.0125,-0.0187
1730000007150,49630,0.0268,-1.0119,0.0901,0.0202,-0.0044,0.0009
1730000007160,49610,0.022,-0.9986,0.0654,0.0289,-0.0114,0.0053
1730000007170,49595,0.0229,-0.9887,0.0822,0.0182,-0.0174,0.0099
1730000007180,49583,0.0217,-0.9936,0.0758,-0.0009,0.0116,-0.0117
1730000007190,49575,0.0028,-0.9998,0.087,-0.006,0.0274,0.013
1730000007200,49568,0.034,-0.9652,0.0826,0.0113,-0.0136,-0.0269
1730000007210,49563,0.0241,-1.0096,0.078,-0.0497,0.018,-0.002
1730000007220,49558,0.0141,-1.0172,0.0719,-0.0169,-0.0194,-0.0141
1730000007230,49555,0.0179,-1.0008,0.0886,-0.035,-0.0089,-0.0089
1730000007240,49551,0.0234,-0.995,0.0885,0.0368,0.0,0.0053
1730000007250,49548,0.0125,-0.9964,0.0802,0.0428,-0.0228,-0.0013
1730000007260,49545,0.0202,-1.0089,0.0835,0.0003,0.0024,-0.0072
1730000007270,49541,0.0273,-1.0123,0.0763,0.0169,0.028,-0.0075
1730000007280,49539,0.0262,-0.9953,0.0904,0.0022,0.0339,0.0153
1730000007290,49536,0.0103,-1.0,0.0725,-0.0016,-0.0363,-0.0167
1730000007300,49533,0.0302,-0.9866,0.0875,-0.0181,-0.021,-0.0019
1730000007310,49530,0.0338,-0.9917,0.0818,0.0236,0.0076,0.0018
1730000007320,49528,0.0243,-0.997,0.0957,-0.0021,-0.0144,0.0068
1730000007330,49525,0.0295,-1.0025,0.0872,0.0215,-0.067,-0.0172
1730000007340,49523,0.024,-1.0115,0.0969,0.0065,-0.002,0.0006
1730000007350,49521,0.0162,-1.0056,0.0812,0.0201,-0.0309,0.0024
1730000007360,49518,0.0155,-0.9909,0.0725,0.0029,-0.0214,-0.0002
1730000007370,49516,0.0174,-1.0258,0.0842,-0.0562,-0.0075,-0.0149
1730000007380,49514,0.0226,-0.9991,0.0882,-0.004,-0.0043,0.0112
1730000007390,49513,0.0154,-0.9929,0.0943,0.0132,0.0397,0.0046
1730000007400,49511,0.0147,-0.9707,0.0892,-0.0055,0.0108,-0.0008
1730000007410,49509,0.025,-0.9913,0.0787,0.0338,0.0091,-0.0133
1730000007420,49508,0.0221,-0.9978,0.0831,0.0048,0.0073,-0.017
1730000007430,49506,0.0043,-0.9637,0.0797,0.0268,0.0106,-0.0053
1730000007440,49505,0.0031,-0.9813,0.0852,0.035,-0.0041,0.0008
1730000007450,49503,0.0019,-1.0035,0.0825,-0.007,-0.0175,0.0142
1730000007460,49502,0.036,-1.0126,0.081,-0.0086,0.0297,0.0024
1730000007470,49501,0.026,-1.0098,0.0933,-0.006,0.0373,0.0109
1730000007480,49500,0.0135,-0.9804,0.0824,-0.0044,0.015,-0.0003
1730000007490,49499,0.0203,-1.0034,0.0726,0.0015,0.0036,0.0108
1730000007500,49499,0.0065,-0.9884,0.0959,-0.0136,-0.0209,-0.0093
1730000007510,49498,0.0279,-1.0158,0.0802,-0.0134,-0.0115,-0.0031
1730000007520,49497,0.0163,-0.9976,0.0795,0.0054,-0.0091,0.0047
1730000007530,49497,0.0152,-0.9992,0.0804,-0.0343,-0.0164,-0.0067
1730000007540,49497,0.0098,-0.9946,0.0727,-0.0182,0.0203,0.0208
1730000007550,49496,0.0299,-0.9838,0.0912,0.0063,-0.0052,0.0011
1730000007560,49496,0.0166,-1.0337,0.0716,-0.0166,0.0097,-0.0048
1730000007570,49496,0.002,-0.99,0.0829,0.0154,0.0073,0.0239
1730000007580,49497,0.0113,-0.9629,0.0892,-0.0127,-0.0026,-0.0075
1730000007590,49498,0.0188,-0.9979,0.0756,-0.0001,-0.0207,0.0112
1730000007600,49501,0.0288,-1.0027,0.0886,-0.021,-0.0357,0.0031
1730000007610,49510,0.0255,-1.0034,0.0853,0.0392,0.0602,-0.0087
1730000007620,49528,0.0233,-1.013,0.1083,-0.0087,0.0172,0.0009
1730000007630,49566,0.0094,-0.9924,0.0665,-0.0128,-0.0054,0.0022
1730000007640,49635,-0.0027,-0.9893,0.1055,-0.019,0.0065,-0.0042
1730000007650,49750,-0.0082,-1.0077,0.0732,0.0169,-0.0007,-0.0022
1730000007660,49922,0.0267,-0.9851,0.0784,0.0134,-0.0275,-0.0021
1730000007670,50151,0.0325,-1.0302,0.0721,0.0031,0.0046,-0.0034
1730000007680,50417,0.0243,-1.005,0.0898,0.0039,0.0363,0.0085
1730000007690,50681,0.0255,-0.9587,0.072,-0.0059,-0.035,0.0087
1730000007700,50892,0.0365,-0.9965,0.0678,0.0225,-0.0147,-0.005
1730000007710,51000,0.0354,-0.9938,0.0781,0.0322,0.0118,-0.0106
1730000007720,50980,0.0351,-1.0212,0.0901,0.0098,-0.0105,-0.0078
1730000007730,50837,0.0089,-0.9516,0.0812,-0.0126,0.0115,0.012
1730000007740,50609,0.0232,-0.972,0.0895,0.0012,0.0063,-0.0012
1730000007750,50347,0.0101,-1.0111,0.0845,-0.0142,-0.0004,-0.0025
1730000007760,50101,0.0297,-0.9799,0.0831,-0.0057,-0.0028,-0.0034
1730000007770,49906,0.0225,-1.0198,0.0798,0.0074,0.0079,-0.0108
1730000007780,49774,0.0158,-0.9927,0.0746,-0.0243,-0.0217,0.0001
1730000007790,49703,0.0239,-0.9819,0.0713,0.0077,-0.004,-0.005
1730000007800,49679,0.0107,-0.9948,0.0872,-0.0037,-0.0025,-0.01
1730000007810,49688,0.0479,-1.0297,0.0597,-0.0105,0.004,0.0177
1730000007820,49718,0.0251,-0.9782,0.0892,0.0019,-0.0391,0.0025
1730000007830,49760,0.0222,-0.9406,0.0728,0.0251,-0.0272,0.0153
1730000007840,49805,0.0213,-0.967,0.087,0.0136,0.002,-0.0066
1730000007850,49848,0.0184,-0.9988,0.0789,-0.0322,0.0034,0.0098
1730000007860,49884,0.032,-0.957,0.0815,-0.0031,-0.0051,0.0039
1730000007870,49909,0.0272,-0.9763,0.0665,0.0276,0.0095,0.0099
1730000007880,49920,0.0205,-0.988,0.0994,-0.0214,-0.0338,0.02
1730000007890,49916,0.0224,-0.9911,0.0741,-0.0401,0.0373,0.0071
1730000007900,49899,0.0251,-0.9659,0.0709,0.0092,0.0217,-0.022
1730000007910,49870,0.026,-0.9672,0.081,-0.0177,-0.0033,-0.0046
1730000007920,49833,0.0236,-0.9925,0.0876,-0.0104,-0.0104,0.0117
1730000007930,49792,0.0184,-0.971,0.067,0.0304,-0.029,0.001
1730000007940,49751,0.0178,-0.9967,0.0773,0.0247,0.0348,-0.0024
1730000007950,49712,0.0164,-1.0187,0.0972,-0.0213,-0.0182,0.001
1730000007960,49679,0.0273,-0.9505,0.1017,0.0151,-0.0096,-0.0066
1730000007970,49653,0.0182,-0.9646,0.0895,0.0123,-0.0379,-0.0057
1730000007980,49633,0.0346,-0.9911,0.0792,0.0545,-0.0015,0.0142
1730000007990,49619,0.0384,-0.9651,0.0757,-0.0456,-0.0172,0.0064
1730000008000,49610,0.0259,-0.9566,0.0689,0.004,-0.041,-0.0088
1730000008010,49606,0.0253,-1.0234,0.0882,0.0366,-0.0287,-0.0026
1730000008020,49604,0.0372,-0.9695,0.084,0.0022,-0.0274,-0.0014
1730000008030,49605,0.0329,-0.9776,0.0872,-0.0072,-0.0174,-0.0043
1730000008040,49608,0.0095,-1.0063,0.0798,-0.0046,-0.0188,0.007
1730000008050,49611,0.0107,-0.9703,0.085,0.0333,0.0068,0.0079
1730000008060,49615,0.0207,-1.0067,0.0886,0.0336,-0.0025,0.0209
1730000008070,49619,0.0292,-0.9383,0.0782,-0.0177,0.0011,-0.0073
1730000008080,49624,0.022,-0.983,0.0816,-0.0018,-0.0195,-0.0053
1730000008090,49629,0.0327,-0.9792,0.0666,-0.0403,-0.0064,0.0028
1730000008100,49634,0.0082,-1.0134,0.0856,0.0639,0.0174,-0.01
1730000008110,49639,0.0188,-0.9798,0.0673,-0.0281,-0.0029,0.0079
1730000008120,49644,0.0225,-0.9909,0.0851,0.0104,-0.0197,-0.0122
1730000008130,49649,0.0265,-0.9542,0.0841,0.0236,0.0293,-0.0153
1730000008140,49654,0.0248,-0.9504,0.0913,0.0285,-0.0118,0.0068
1730000008150,49659,0.0278,-0.9885,0.0819,-0.0266,-0.017,0.0033
1730000008160,49664,0.0305,-0.9763,0.0953,0.0298,-0.0197,-0.001
1730000008170,49670,0.015,-0.9596,0.0872,-0.0159,0.0185,-0.0132
1730000008180,49675,0.0318,-1.0246,0.0782,-0.0142,0.0135,0.0025
1730000008190,49681,-0.0019,-1.0025,0.0741,0.0237,0.0326,0.0068
1730000008200,49686,0.0342,-0.9904,0.0842,0.0025,-0.0216,-0.0035
1730000008210,49692,0.0164,-0.966,0.085,-0.011,-0.0106,-0.019
1730000008220,49698,0.0251,-0.977,0.0797,0.0109,-0.0099,-0.0096
1730000008230,49704,0.014,-0.9816,0.0822,-0.0121,-0.0088,-0.0133
1730000008240,49709,0.0159,-1.0094,0.0734,0.0108,0.0034,-0.0016
1730000008250,49715,0.0178,-0.9563,0.0682,0.0088,-0.0143,0.0028
1730000008260,49721,0.0185,-0.9849,0.0831,-0.0129,-0.0243,-0.0048
1730000008270,49727,0.0075,-0.9709,0.0739,-0.0253,0.0073,0.004
1730000008280,49733,0.0182,-0.9795,0.0891,-0.0054,0.0052,-0.0113
1730000008290,49739,0.0256,-0.9763,0.0852,-0.0055,-0.0151,-0.012
1730000008300,49746,0.0179,-0.9824,0.067,0.025,0.0205,-0.0203
1730000008310,49752,-0.0014,-1.0034,0.0816,0.0536,-0.0236,-0.0032
1730000008320,49758,0.0333,-0.9827,0.0912,0.0187,-0.0006,0.0088
1730000008330,49764,0.0294,-1.0006,0.0783,-0.0126,0.0006,-0.0121
1730000008340,49771,0.01,-0.9712,0.0799,0.0277,0.0042,0.0143
1730000008350,49777,0.0331,-0.9494,0.0447,-0.0155,0.0093,-0.0132
1730000008360,49784,0.0147,-0.9586,0.0805,-0.007,0.0346,-0.0042
1730000008370,49790,0.0311,-0.9728,0.081,-0.0072,-0.0168,-0.0022
1730000008380,49797,0.0063,-0.9593,0.0811,-0.0088,0.0159,-0.0104
1730000008390,49803,0.0003,-0.9629,0.0662,-0.0279,0.0033,0.0097
1730000008400,49810,0.0122,-0.989,0.0951,-0.0282,0.017,0.0043
1730000008410,49817,0.0127,-0.9737,0.0714,-0.0133,-0.0031,-0.0071
1730000008420,49824,0.0035,-0.9566,0.074,0.0159,-0.0031,0.0281
1730000008430,49832,0.0256,-0.9975,0.0663,-0.0179,-0.0086,-0.0165
1730000008440,49843,0.0087,-0.9701,0.0644,-0.002,0.0047,-0.01
1730000008450,49861,0.026,-0.9686,0.0909,0.0133,-0.0043,-0.0016
1730000008460,49890,0.0246,-0.9625,0.0631,0.0185,-0.0112,0.0113
1730000008470,49942,0.0218,-0.9829,0.08,0.0288,-0.015,-0.0171
1730000008480,50031,0.0174,-0.9445,0.0959,0.0207,-0.0424,-0.0024
1730000008490,50168,0.0152,-0.9731,0.0691,-0.0055,-0.0237,0.0232
1730000008500,50364,0.0206,-0.9797,0.0676,0.0192,0.0117,0.0116
1730000008510,50612,0.0235,-0.9786,0.0727,-0.0153,-0.0081,0.0069
1730000008520,50888,0.0145,-0.9634,0.0875,-0.0091,0.0196,0.0042
1730000008530,51147,0.0238,-0.9694,0.0817,-0.0172,-0.0168,0.0025
1730000008540,51337,0.0289,-0.9734,0.085,-0.0046,-0.0157,0.0001
1730000008550,51414,0.0238,-0.9824,0.0741,-0.0099,0.0037,-0.0148
1730000008560,51363,0.0227,-0.9632,0.0821,-0.0112,0.0056,-0.011
1730000008570,51197,0.0124,-0.9523,0.0667,-0.0129,-0.0116,0.0065
1730000008580,50960,0.0056,-0.9799,0.0691,0.0331,-0.0055,-0.0052
1730000008590,50704,0.0211,-0.9507,0.0593,-0.0216,0.0044,-0.0063
1730000008600,50476,0.0056,-0.982,0.0816,0.0065,0.0392,-0.0164
1730000008610,50303,0.0052,-0.9919,0.0897,-0.0179,-0.0304,0.0081
1730000008620,50193,0.0126,-0.9453,0.0821,-0.0132,0.0179,0.0082
1730000008630,50141,0.035,-0.9757,0.0768,0.0294,0.0222,0.0026
1730000008640,50132,0.0115,-0.9883,0.0657,-0.0198,-0.0041,-0.0119
1730000008650,50152,0.0272,-1.0188,0.072,-0.0136,0.0122,0.0052
1730000008660,50191,0.0077,-0.9625,0.0696,0.0058,-0.0244,0.0013
1730000008670,50238,0.0347,-0.9262,0.0909,-0.0206,-0.0104,-0.0093
1730000008680,50288,0.0139,-1.0018,0.0737,0.0224,0.0447,0.0043
1730000008690,50334,0.022,-0.9533,0.0642,-0.0169,0.0161,-0.0023
1730000008700,50371,0.0163,-0.9496,0.0609,0.0233,-0.0162,0.0056
1730000008710,50397,0.02,-0.952,0.0899,-0.0202,0.0167,0.0051
1730000008720,50409,0.0343,-0.977,0.0919,0.0146,-0.0088,0.01
1730000008730,50406,0.0163,-0.9481,0.079,0.0022,0.0014,0.0101
1730000008740,50390,0.0191,-0.9546,0.086,-0.0172,0.0185,0.0147
1730000008750,50363,0.0251,-0.958,0.0715,0.0258,-0.0307,0.0014
1730000008760,50329,0.0355,-0.9798,0.0854,-0.0145,0.0132,-0.0142
1730000008770,50291,0.0159,-0.9787,0.081,-0.034,0.0302,0.0031
1730000008780,50254,0.0151,-0.9361,0.0798,0.0051,0.0058,0.0159
1730000008790,50220,0.0216,-0.9872,0.0809,0.0084,-0.0005,-0.0065
1730000008800,50191,0.0119,-0.9997,0.0848,-0.0167,-0.0129,0.0051
1730000008810,50169,0.0308,-0.9864,0.0765,-0.0079,0.0101,-0.0104
1730000008820,50154,0.012,-0.9572,0.074,-0.0206,-0.0002,-0.0092
1730000008830,50144,0.0173,-0.9399,0.0782,-0.0027,-0.0094,-0.0152
1730000008840,50139,0.0218,-0.9451,0.0926,0.0571,-0.0059,0.002
1730000008850,50138,0.009,-0.9284,0.0899,0.0192,0.0119,-0.0013
1730000008860,50140,-0.0054,-0.9404,0.0867,0.0052,-0.0165,0.0087
1730000008870,50144,0.023,-0.9613,0.0689,-0.0224,-0.0018,-0.0011
1730000008880,50149,0.0096,-0.9306,0.0756,-0.0013,0.0052,0.0147
1730000008890,50155,0.0122,-0.9689,0.0673,0.021,0.0085,0.0016
1730000008900,50161,0.0228,-0.9289,0.0789,-0.0117,-0.0116,0.0103
1730000008910,50167,0.0259,-0.9555,0.0735,0.0109,0.012,0.0011
1730000008920,50174,0.0187,-0.9556,0.084,-0.0096,-0.0062,-0.0172
1730000008930,50180,0.026,-0.9673,0.0955,-0.0357,0.0034,0.0059
1730000008940,50187,0.013,-0.9554,0.0828,0.0106,-0.0047,-0.0318
1730000008950,50194,0.0208,-0.9632,0.0727,-0.0265,0.0105,0.004
1730000008960,50200,0.0358,-0.9812,0.0919,0.0003,-0.0099,0.005
1730000008970,50207,0.0288,-0.9755,0.0957,0.0004,-0.0247,-0.0114
1730000008980,50213,0.0307,-0.9761,0.0809,0.0021,-0.0022,0.0098
1730000008990,50220,0.0152,-0.9872,0.057,-0.0024,-0.0053,0.0124
1730000009000,50226,0.013,-0.9445,0.0771,0.0344,-0.0195,-0.004
1730000009010,50232,0.0268,-0.9412,0.0884,-0.0267,0.0218,-0.0001
1730000009020,50239,0.0037,-0.9762,0.0765,-0.016,0.0261,0.0054
1730000009030,50245,0.0314,-0.9826,0.0633,0.009,0.0007,0.0086
1730000009040,50251,0.0266,-0.9619,0.088,0.0015,0.0041,0.0198
1730000009050,50257,0.0329,-0.9861,0.0642,0.0271,-0.0087,-0.0013
1730000009060,50263,0.0151,-0.9585,0.0759,-0.0238,-0.0357,-0.0239
1730000009070,50269,0.0095,-0.9406,0.0706,-0.0005,0.0224,0.0131
1730000009080,50275,0.0144,-0.9509,0.0762,-0.0388,0.0191,0.0011
1730000009090,50281,0.0112,-0.961,0.0833,0.0033,-0.0194,-0.0017
1730000009100,50287,0.0231,-0.9501,0.0778,-0.0217,0.0085,0.0124
1730000009110,50293,0.014,-0.9551,0.0905,0.0212,0.0269,0.0028
1730000009120,50298,0.0341,-0.9382,0.0717,0.0062,0.0047,-0.0068
1730000009130,50304,0.0167,-1.0055,0.0871,0.017,0.023,0.0135
1730000009140,50310,0.014,-0.9686,0.0954,0.0216,-0.0148,-0.0236
1730000009150,50315,0.0177,-0.9868,0.0806,0.0194,-0.0289,0.0027
1730000009160,50321,0.0078,-0.9158,0.0805,0.0095,-0.0209,-0.0213
1730000009170,50326,0.0104,-0.9847,0.0917,-0.023,0.0165,0.0042
1730000009180,50331,0.0189,-1.0153,0.0745,0.0194,0.0107,0.0015
1730000009190,50337,0.0056,-0.9631,0.0825,-0.0097,0.0087,-0.0071
1730000009200,50342,-0.0001,-0.9786,0.0731,0.0244,0.0144,-0.0005
1730000009210,50347,0.0145,-0.9546,0.0949,-0.0193,-0.0128,0.0115
1730000009220,50352,0.0248,-0.9747,0.0916,0.011,-0.0189,0.0027
1730000009230,50357,0.0199,-0.9329,0.0861,0.0097,0.0027,0.0052
1730000009240,50362,0.0061,-0.9951,0.0839,0.008,-0.0081,-0.02
1730000009250,50367,0.0091,-0.9554,0.0813,-0.0128,-0.0186,0.0027
1730000009260,50372,0.0185,-0.9694,0.075,0.003,0.0057,-0.0063
1730000009270,50378,0.0366,-0.9781,0.0817,-0.031,-0.02,0.0092
1730000009280,50386,0.0273,-0.9621,0.0733,0.0071,-0.0199,0.0107
1730000009290,50398,-0.0063,-0.9742,0.072,0.0259,-0.004,0.0124
1730000009300,50420,0.0345,-0.9575,0.0636,-0.0151,-0.01,0.004
1730000009310,50459,0.0238,-0.9933,0.0878,-0.0203,-0.0071,0.0026
1730000009320,50527,0.0187,-0.9355,0.0914,-0.0264,-0.0225,0.0115
1730000009330,50637,0.0211,-0.9544,0.0803,0.0246,0.0154,0.0079
1730000009340,50799,0.0132,-0.9549,0.0639,-0.0048,-0.0127,-0.0078
1730000009350,51015,0.0106,-1.0074,0.0924,-0.0043,-0.0035,0.005
1730000009360,51272,0.0307,-0.9406,0.0757,0.0038,-0.0181,0.0073
1730000009370,51535,0.0202,-0.9493,0.0883,0.0156,0.0107,0.0009
1730000009380,51761,0.0076,-0.961,0.0968,-0.0087,-0.0135,0.0062
1730000009390,51901,0.0367,-0.9885,0.0558,-0.0123,0.002,-0.0014
1730000009400,51924,0.0174,-0.9779,0.0735,-0.0165,0.0072,0.0057
1730000009410,51826,0.0041,-0.9364,0.0844,0.0111,-0.0057,0.0025
1730000009420,51633,0.0088,-0.9365,0.0941,-0.0048,-0.0264,-0.0031
1730000009430,51387,0.0259,-0.9762,0.072,0.0032,-0.0175,0.0134
1730000009440,51138,0.0295,-0.9552,0.0729,0.0041,0.0222,-0.0209
1730000009450,50924,0.0221,-0.9405,0.0981,-0.019,0.0055,0.0104
1730000009460,50766,0.0321,-1.0055,0.0599,0.0031,0.01,-0.0012
1730000009470,50668,0.0167,-0.9433,0.0948,-0.0118,0.0032,-0.0116
1730000009480,50621,0.0374,-0.9972,0.0693,-0.0178,-0.021,0.0128
1730000009490,50613,0.0432,-0.964,0.0766,0.0144,-0.0181,0.0134
1730000009500,50632,0.0196,-0.961,0.0731,-0.0041,-0.0324,0.0002
1730000009510,50666,0.0289,-1.0066,0.0699,-0.0095,-0.0062,-0.0009
1730000009520,50708,0.0195,-0.9641,0.0796,-0.0336,0.0063,0.012
1730000009530,50752,0.0226,-1.0054,0.0823,0.0095,-0.0198,0.0008
1730000009540,50792,0.0328,-0.9377,0.0813,0.0101,-0.0033,-0.0041
1730000009550,50824,0.0339,-0.951,0.0862,-0.0105,0.0293,0.0104
1730000009560,50844,0.0071,-0.9487,0.0817,0.0056,-0.0403,-0.0146
1730000009570,50852,0.0299,-0.986,0.0881,-0.0265,-0.0295,0.0191
1730000009580,50846,0.0291,-0.9734,0.0822,-0.0142,0.0071,0.0118
1730000009590,50826,0.0158,-0.9613,0.0631,0.036,0.0201,-0.0003
1730000009600,50796,0.0167,-0.943,0.075,0.0074,-0.0063,-0.0092
1730000009610,50758,0.0304,-0.9796,0.0846,-0.0069,-0.0027,-0.0017
1730000009620,50716,0.0135,-0.9569,0.0791,0.0173,0.0149,0.0122
1730000009630,50674,0.0151,-0.9585,0.0783,-0.0004,-0.0143,-0.0047
1730000009640,50635,0.0263,-0.9788,0.0727,0.017,0.0071,-0.0122
1730000009650,50600,0.0211,-0.9496,0.091,-0.0107,-0.0222,-0.0037
1730000009660,50571,0.0334,-0.9575,0.0571,0.0172,-0.0444,0.0193
1730000009670,50547,0.0285,-0.9805,0.0811,0.0132,-0.0099,0.0046
1730000009680,50530,0.0187,-0.9778,0.0953,-0.0408,0.0009,-0.0139
1730000009690,50518,0.0182,-0.9871,0.1055,-0.0103,-0.0027,-0.0062
1730000009700,50509,0.0289,-0.9834,0.0735,0.0374,0.0156,0.0027
1730000009710,50504,0.0441,-0.9861,0.0719,-0.0159,0.0241,-0.0062
1730000009720,50500,0.0319,-0.9862,0.0619,-0.016,0.0057,0.0119
1730000009730,50499,0.033,-0.9665,0.0868,-0.0529,0.0053,0.0004
1730000009740,50497,0.0169,-0.9874,0.0888,0.0228,0.0393,-0.0019
1730000009750,50497,0.012,-0.9366,0.0768,-0.0104,-0.0277,0.0042
1730000009760,50497,0.0261,-0.9576,0.0822,0.0109,0.0111,0.0051
1730000009770,50496,0.0318,-0.9576,0.0819,-0.0107,0.0161,-0.0058
1730000009780,50496,0.0185,-0.9892,0.1013,-0.0194,0.0133,0.0068
1730000009790,50496,0.0288,-0.9759,0.0808,-0.0039,-0.0544,-0.0076
1730000009800,50496,0.0336,-0.9917,0.0814,0.0528,-0.0194,-0.005
1730000009810,50495,0.0175,-1.0156,0.0713,-0.0286,0.0109,-0.0025
1730000009820,50495,-0.0013,-0.9596,0.0897,-0.0072,0.0189,0.0059
1730000009830,50494,0.0109,-0.9704,0.0818,-0.0167,-0.0205,0.0041
1730000009840,50493,0.0431,-0.977,0.0821,-0.0211,-0.0052,-0.002
1730000009850,50492,0.0162,-0.9896,0.0795,-0.0113,0.0248,0.0205
1730000009860,50491,0.0124,-0.984,0.0843,0.0117,-0.0153,-0.0057
1730000009870,50490,0.0259,-1.0097,0.1022,0.006,-0.0061,-0.0015
1730000009880,50489,0.0093,-0.9411,0.0792,-0.0087,0.0351,0.0103
1730000009890,50488,0.0181,-0.9687,0.0767,-0.0072,-0.0044,0.003
1730000009900,50487,0.0309,-0.9381,0.0583,0.0464,0.0205,0.0002
1730000009910,50485,0.0157,-1.0152,0.0919,-0.0219,0.013,-0.0041
1730000009920,50484,0.0037,-0.9698,0.0849,-0.0187,0.0172,0.0181
1730000009930,50482,0.0249,-0.9697,0.0727,-0.0208,-0.0081,0.0007
1730000009940,50480,0.0201,-0.9826,0.1049,0.0114,-0.0195,-0.012
1730000009950,50478,0.0026,-0.999,0.0858,-0.0057,-0.0139,0.0059
1730000009960,50477,0.0255,-0.9716,0.0799,-0.0007,-0.0264,-0.0185
1730000009970,50474,0.0119,-0.9951,0.0718,-0.0035,-0.0095,-0.013
1730000009980,50472,0.019,-0.9728,0.0751,0.0164,0.0063,0.0039
1730000009990,50470,0.0163,-0.9715,0.0868,-0.0386,0.0214,-0.0051
1730000010000,50468,0.0265,-1.0261,0.0757,-0.034,-0.003,0.0018
1730000010010,50465,0.0241,-0.9798,0.0675,0.0261,-0.0269,-0.0034
1730000010020,50463,0.0122,-0.9925,0.066,0.0217,0.0149,0.0007
1730000010030,50460,0.0186,-0.9999,0.0789,-0.0182,0.0017,0.0039
1730000010040,50458,0.0175,-0.973,0.0858,0.0161,0.0395,-0.0143
1730000010050,50455,0.0077,-1.0055,0.078,-0.0319,-0.0106,0.0084
1730000010060,50452,0.0273,-0.9486,0.0885,0.0203,-0.0106,-0.0036
1730000010070,50449,0.0288,-0.9645,0.0608,-0.0278,-0.0196,-0.0086
1730000010080,50446,0.0332,-0.9458,0.0833,0.0068,0.0388,0.0045
1730000010090,50443,0.0256,-0.9747,0.0837,0.027,0.0145,0.0009
1730000010100,50439,0.0161,-0.9771,0.0634,0.0092,0.0025,0.0032
1730000010110,50436,0.0084,-0.9732,0.0818,-0.0001,0.0074,-0.0083
1730000010120,50433,0.0054,-0.9737,0.058,0.0119,0.0414,0.0037
1730000010130,50431,0.0285,-0.9505,0.0904,0.0455,-0.0174,-0.0034
1730000010140,50430,0.0248,-1.0156,0.0799,0.0013,0.026,0.0107
1730000010150,50434,0.0277,-0.9696,0.0806,0.0058,0.0152,0.0101
1730000010160,50448,0.0128,-0.9747,0.0792,0.0053,0.0231,-0.0025
1730000010170,50479,0.0108,-1.0022,0.0743,0.0122,-0.0033,-0.006
1730000010180,50540,0.0277,-0.981,0.087,0.0439,0.0376,0.0034
1730000010190,50645,0.0234,-0.9621,0.0928,-0.0072,-0.0245,0.0086
1730000010200,50804,0.0223,-0.9724,0.0854,-0.014,-0.0102,0.0107
1730000010210,51019,0.0184,-1.0005,0.0772,0.008,-0.0102,0.0174
1730000010220,51272,0.0281,-1.0149,0.0823,0.0314,0.0659,-0.0047
1730000010230,51530,0.0202,-1.0124,0.0856,0.0096,0.0057,-0.0108
1730000010240,51743,0.0278,-0.949,0.0936,0.0072,-0.001,0.009
1730000010250,51864,0.0186,-1.0363,0.0628,0.0274,0.0266,-0.0013
1730000010260,51862,0.012,-0.992,0.0671,-0.0051,0.0349,-0.0063
1730000010270,51737,0.0121,-1.0131,0.0821,-0.019,0.013,-0.0031
1730000010280,51520,0.0368,-0.9746,0.0848,-0.0281,0.0005,0.003
1730000010290,51258,0.0234,-0.9795,0.0812,-0.0234,-0.0481,-0.0112
1730000010300,51002,0.0301,-0.9708,0.0914,0.0066,0.0045,0.0002
1730000010310,50788,0.0029,-0.9835,0.0735,-0.0122,-0.0198,-0.0007
1730000010320,50633,0.0292,-0.9712,0.0703,0.0048,-0.0015,-0.0201
1730000010330,50539,0.0294,-1.0004,0.0858,-0.0158,0.0156,0.0125
1730000010340,50495,0.0226,-0.9768,0.0735,-0.0063,-0.0224,0.0105
1730000010350,50487,0.0319,-0.9974,0.0804,-0.0133,-0.0262,-0.0051
1730000010360,50504,0.008,-1.0268,0.083,-0.0199,-0.0008,-0.0266
1730000010370,50533,0.0209,-1.0021,0.0737,0.0174,-0.0024,0.003
1730000010380,50569,0.0205,-0.9788,0.0721,-0.0002,-0.0047,0.0071
1730000010390,50605,0.0142,-0.9736,0.0853,-0.0116,0.0145,-0.004
1730000010400,50635,0.0136,-1.0048,0.0693,0.0062,-0.0039,-0.0031
1730000010410,50656,0.0285,-0.9714,0.0811,-0.0387,0.0097,-0.0196
1730000010420,50664,0.0111,-0.9924,0.0953,-0.0496,-0.0306,-0.0072
1730000010430,50659,0.0269,-1.022,0.072,0.0243,0.0176,-0.0061
1730000010440,50639,0.0301,-0.9879,0.0709,-0.0143,-0.0126,-0.0108
1730000010450,50606,0.0246,-0.9695,0.0656,0.0133,-0.0209,-0.0007
1730000010460,50564,0.023,-0.9696,0.0798,0.005,0.0326,0.0162
1730000010470,50516,0.0305,-0.9751,0.0851,0.0328,0.0147,-0.0068
1730000010480,50465,0.0211,-0.9821,0.0661,-0.0116,0.0342,-0.0114
1730000010490,50416,0.0251,-0.9842,0.0897,-0.0155,-0.0155,0.0005
1730000010500,50370,0.0137,-0.9596,0.0818,0.0171,-0.0199,0.0059
1730000010510,50330,0.0449,-0.9919,0.0688,0.0228,-0.0095,-0.0129
1730000010520,50297,0.0087,-1.0146,0.0852,-0.017,-0.0174,-0.0037
1730000010530,50269,0.0243,-0.9733,0.0923,-0.0066,0.0203,-0.0079
1730000010540,50247,0.0371,-0.9788,0.0827,-0.0318,0.0195,-0.0047
1730000010550,50230,0.0139,-1.0078,0.0739,0.0099,0.0085,0.0005
1730000010560,50216,0.0387,-1.0165,0.0829,-0.0266,0.0113,0.0057
1730000010570,50205,0.0214,-0.9816,0.0858,0.0097,-0.0277,0.0088
1730000010580,50195,0.0375,-0.9694,0.0774,0.0393,0.0049,0.0117
1730000010590,50187,0.0268,-0.9631,0.0641,-0.0159,0.0105,-0.0024
1730000010600,50180,0.0164,-0.9621,0.0744,0.0062,0.0075,-0.0023
1730000010610,50172,-0.0031,-1.0295,0.0774,0.044,-0.0144,-0.0002
1730000010620,50165,0.0408,-0.9916,0.0851,0.0062,-0.0168,-0.0086
1730000010630,50158,0.015,-0.9927,0.0727,-0.0099,0.0052,0.012
1730000010640,50152,0.0436,-1.0069,0.0828,-0.0196,-0.0124,-0.0172
1730000010650,50145,0.0373,-1.0013,0.0896,-0.0211,-0.0469,0.0171
1730000010660,50138,0.0038,-1.0136,0.092,0.0018,-0.0037,0.0133
1730000010670,50131,0.0172,-0.977,0.0676,0.0285,-0.0111,0.0018
1730000010680,50124,0.0128,-1.0094,0.0772,0.0183,-0.0049,0.0019
1730000010690,50117,0.0153,-0.9668,0.0653,-0.0335,0.0283,-0.0216
1730000010700,50110,0.0372,-0.9937,0.0843,0.0065,-0.0132,0.0052
1730000010710,50103,0.0404,-0.9691,0.0729,0.0248,-0.0234,-0.0022
1730000010720,50096,0.0215,-0.9687,0.0661,0.021,-0.0082,-0.0164
1730000010730,50089,0.03,-1.002,0.06,0.0159,-0.0337,-0.0038
1730000010740,50082,0.0087,-1.01,0.0909,0.0127,-0.0302,-0.0023
1730000010750,50075,0.0207,-0.9667,0.0846,-0.0242,-0.0258,0.0066
1730000010760,50068,0.0276,-1.006,0.0737,0.0102,0.0058,-0.0263
1730000010770,50061,0.0173,-0.9776,0.0652,0.0174,-0.025,0.0023
1730000010780,50054,0.0115,-1.0264,0.0822,-0.002,0.0304,0.0083
1730000010790,50047,0.0041,-0.9876,0.0898,0.017,0.0372,0.0195
1730000010800,50040,0.0129,-0.9865,0.104,0.0256,-0.0134,-0.0152
1730000010810,50032,0.0044,-0.9812,0.0789,-0.0037,-0.0116,-0.0086
1730000010820,50025,0.0262,-0.995,0.0843,-0.0327,0.0358,0.0118
1730000010830,50018,0.0307,-1.0357,0.0889,-0.0287,0.0086,0.0116
1730000010840,50011,0.0307,-0.98,0.0985,0.0033,-0.0161,-0.0053
1730000010850,50004,0.0202,-0.9778,0.0694,0.0163,-0.0005,-0.0046
1730000010860,49997,0.0107,-1.0041,0.0831,-0.0039,0.0151,-0.0161
1730000010870,49989,0.0053,-1.0154,0.0911,-0.0028,0.0007,0.0059
1730000010880,49982,0.0266,-1.0054,0.0657,-0.0072,-0.0306,-0.0007
1730000010890,49975,0.0123,-0.989,0.082,-0.0073,0.0127,0.0284
1730000010900,49968,0.0016,-0.9463,0.0703,-0.0271,-0.0192,0.0073
1730000010910,49961,0.0222,-1.0073,0.0742,-0.0152,0.0118,0.0125
1730000010920,49954,0.0174,-1.0085,0.0762,-0.0462,-0.0011,0.0038
1730000010930,49947,0.0163,-1.005,0.0912,0.0063,0.0078,0.005
1730000010940,49940,0.0214,-0.9687,0.0663,-0.0006,-0.0457,-0.0042
1730000010950,49932,0.04,-1.0206,0.069,-0.0015,0.0173,0.0068
1730000010960,49926,0.0146,-0.961,0.0794,0.0228,0.0319,-0.0098
1730000010970,49919,0.0051,-0.9843,0.0819,0.0007,0.0054,-0.001
1730000010980,49913,0.0356,-1.0552,0.0927,0.0052,-0.0025,-0.0097
1730000010990,49910,0.0323,-1.0182,0.0811,0.0228,-0.0331,0.0032
1730000011000,49913,0.0231,-0.9865,0.0753,0.0117,0.0208,-0.003
1730000011010,49928,0.0408,-1.0177,0.0732,0.0241,-0.0043,-0.0094
1730000011020,49964,0.0155,-0.9647,0.0879,-0.0185,-0.0375,0.0149
1730000011030,50036,0.0225,-1.0034,0.0709,-0.0414,-0.0264,0.003
1730000011040,50157,0.0151,-0.9621,0.0892,-0.0118,-0.0185,0.0129
1730000011050,50336,0.0163,-0.9421,0.081,-0.0273,-0.0408,-0.0074
1730000011060,50568,0.0345,-0.9999,0.055,-0.0125,-0.0058,0.0137
1730000011070,50831,0.0243,-0.9979,0.083,0.0445,0.0212,-0.0074
1730000011080,51078,0.0268,-0.9722,0.1033,0.0057,-0.0065,0.0036
1730000011090,51260,0.0152,-0.9918,0.072,0.0005,-0.0291,0.0084
1730000011100,51329,0.028,-1.0278,0.0875,-0.0112,0.0283,0.01
1730000011110,51268,0.0309,-0.983,0.0696,-0.0415,0.0027,-0.0127
1730000011120,51091,0.0219,-1.0245,0.0878,0.0103,-0.0256,-0.0096
1730000011130,50841,0.0242,-0.977,0.0823,-0.0139,0.0032,-0.0023
1730000011140,50570,0.0147,-1.0228,0.0804,-0.0164,-0.0026,-0.0201
1730000011150,50327,0.0284,-1.0058,0.0808,0.03,0.0311,0.0066
1730000011160,50138,0.0098,-0.9963,0.083,0.0054,0.0028,0.0082
1730000011170,50014,0.0266,-0.9701,0.0882,-0.0139,-0.0064,-0.0001
1730000011180,49947,0.0241,-1.0042,0.0799,-0.0066,-0.0107,0.0041
1730000011190,49924,0.0291,-0.9589,0.0902,-0.0078,0.0254,-0.0143
1730000011200,49931,0.0242,-1.0054,0.0745,0.0396,-0.0084,0.0025
1730000011210,49956,0.0259,-0.9947,0.0664,0.0066,-0.0068,-0.0011
1730000011220,49990,0.0198,-0.985,0.0841,-0.0304,0.0044,0.0176
1730000011230,50026,0.0009,-1.0126,0.0731,-0.0397,-0.0366,-0.0096
1730000011240,50059,0.0315,-1.0013,0.0707,-0.0034,0.0098,0.0049
1730000011250,50083,0.0204,-0.941,0.0826,0.0087,-0.0106,-0.0086
1730000011260,50096,0.0084,-1.0196,0.0855,0.0032,-0.0126,-0.0035
1730000011270,50094,0.0306,-0.9978,0.0803,0.0058,0.0099,-0.0076
1730000011280,50078,-0.0046,-1.0326,0.0835,-0.0115,-0.0068,-0.0172
1730000011290,50048,0.012,-0.9911,0.0804,-0.0216,-0.0231,0.0193
1730000011300,50008,0.0175,-0.9955,0.0666,-0.0156,-0.0055,-0.0115
1730000011310,49960,0.0209,-1.0164,0.0726,-0.016,-0.0332,-0.0158
1730000011320,49910,0.0212,-1.0138,0.0781,-0.0029,0.0066,0.0081
1730000011330,49860,0.0135,-1.0161,0.0819,0.0171,-0.0069,-0.0007
1730000011340,49813,0.0181,-0.996,0.0863,-0.0081,0.0121,0.0041
1730000011350,49772,0.0415,-1.0072,0.0915,0.0161,-0.0245,0.0057
1730000011360,49738,0.0261,-1.0048,0.0554,0.0149,-0.0259,-0.0017
1730000011370,49710,0.0023,-0.9807,0.0616,-0.0117,-0.0113,-0.0001
1730000011380,49689,0.0052,-0.9832,0.0848,-0.0073,-0.0057,-0.0275
1730000011390,49672,0.0361,-0.9968,0.0865,0.0037,0.0011,0.0069
1730000011400,49659,0.0136,-0.9718,0.0958,0.004,-0.0031,0.0098
1730000011410,49649,0.0241,-0.9995,0.0766,0.0025,0.0152,-0.005
1730000011420,49641,0.0279,-0.9526,0.0859,-0.0013,0.0114,-0.0044
1730000011430,49634,0.0088,-1.0069,0.0663,0.0192,-0.0095,-0.0185
1730000011440,49628,0.0251,-0.9843,0.083,-0.0268,-0.0224,0.0176
1730000011450,49623,0.014,-0.9823,0.0812,-0.0277,-0.0295,0.005
1730000011460,49618,0.0169,-0.9969,0.0904,-0.0325,-0.0012,0.0117
1730000011470,49613,0.0284,-0.9966,0.0847,0.0125,-0.0175,-0.0148
1730000011480,49609,0.0286,-0.9899,0.0982,-0.0129,0.0199,0.0083
1730000011490,49604,0.0249,-0.9902,0.0705,-0.0058,-0.0099,0.0002
1730000011500,49600,0.0095,-0.9857,0.0978,-0.0176,0.0106,-0.0189
1730000011510,49595,0.025,-0.9852,0.0709,0.011,0.0021,0.0181
1730000011520,49591,0.0211,-0.9824,0.0785,-0.0224,0.052,0.0018
1730000011530,49587,0.0231,-0.9884,0.0653,-0.0272,-0.0335,0.0132
1730000011540,49583,0.025,-0.9966,0.0657,-0.0166,-0.0021,-0.0123
1730000011550,49579,0.0287,-1.0058,0.0772,-0.002,-0.0438,0.0081
1730000011560,49575,0.0204,-1.0339,0.0761,-0.0067,-0.0207,0.0035
1730000011570,49571,0.032,-0.9824,0.0659,-0.0136,-0.0396,0.002
1730000011580,49568,0.01,-0.9837,0.088,0.0176,0.0042,-0.0026
1730000011590,49564,0.0038,-0.9454,0.1021,-0.0019,0.0086,-0.0115
1730000011600,49560,0.0161,-0.9883,0.0741,0.0351,0.0062,-0.0062
1730000011610,49557,0.0159,-0.9838,0.0641,0.0096,-0.0008,0.009
1730000011620,49553,0.0236,-1.0015,0.0733,0.0277,0.0086,0.006
1730000011630,49550,0.0259,-0.99,0.0691,0.036,-0.0039,0.0129
1730000011640,49547,0.0191,-0.9659,0.0713,-0.0263,-0.0056,-0.0048
1730000011650,49544,0.0266,-0.981,0.0645,-0.0148,-0.028,-0.0075
1730000011660,49541,0.0191,-1.0001,0.0917,0.0084,-0.017,0.0129
1730000011670,49538,0.0291,-0.9835,0.0764,0.0387,0.016,-0.0108
1730000011680,49535,0.0216,-1.0039,0.0889,-0.0206,-0.0127,-0.0062
1730000011690,49532,0.0248,-1.008,0.0801,-0.043,0.017,-0.0269
1730000011700,49530,0.0218,-0.9818,0.075,0.022,0.0226,0.0107
1730000011710,49527,0.0313,-0.9801,0.0762,0.0053,0.022,-0.0005
1730000011720,49525,-0.004,-1.02,0.098,-0.0165,-0.0122,0.0094
1730000011730,49523,0.029,-0.975,0.0814,-0.0424,0.0444,-0.0038
1730000011740,49520,0.0309,-0.9831,0.0746,-0.0053,-0.0034,0.0165
1730000011750,49518,0.0071,-0.9778,0.0981,-0.0102,0.0007,-0.0117
1730000011760,49516,0.0365,-1.0082,0.0865,-0.0393,-0.0172,0.0022
1730000011770,49514,0.0089,-0.9904,0.0666,0.0018,-0.0236,-0.0106
1730000011780,49512,0.0227,-1.0232,0.0863,-0.0163,0.0319,-0.0053
1730000011790,49511,0.0112,-0.9827,0.09,-0.0487,-0.0128,0.0126
1730000011800,49509,0.0096,-1.009,0.0641,-0.0069,-0.0251,0.0045
1730000011810,49509,0.005,-0.9939,0.0781,-0.0122,-0.0048,-0.0096
1730000011820,49511,0.0111,-0.9596,0.0842,0.0084,0.0211,0.004
1730000011830,49517,0.0169,-0.9724,0.0775,0.0349,0.0042,0.0005
1730000011840,49535,0.0356,-0.9672,0.073,0.0096,-0.0256,-0.0025
1730000011850,49573,0.0218,-0.9807,0.0783,-0.0191,0.008,0.0056
1730000011860,49645,0.0133,-0.9837,0.0849,0.0098,0.0071,0.0047
1730000011870,49768,0.026,-0.9686,0.0846,-0.0102,0.0067,-0.0067
1730000011880,49951,0.0142,-0.976,0.0806,-0.0135,0.0112,-0.0076
1730000011890,50191,0.0246,-1.0092,0.0932,0.0098,0.0093,0.0002
1730000011900,50466,0.0067,-1.0157,0.0807,-0.0074,0.0065,0.0104
1730000011910,50728,0.0242,-1.0013,0.0863,-0.0122,0.008,0.006
1730000011920,50921,0.0148,-0.9527,0.0766,0.0006,0.0254,0.0019
1730000011930,50998,0.0117,-0.9886,0.0823,-0.0089,-0.0102,0.0095
1730000011940,50937,0.0181,-0.9467,0.0784,-0.0204,-0.0049,0.0093
1730000011950,50756,0.0142,-0.9588,0.0801,0.0079,-0.0145,0.0003
1730000011960,50502,0.0199,-0.96,0.0753,-0.0312,-0.0221,-0.0068
1730000011970,50232,0.0264,-0.9986,0.0702,-0.0061,-0.0004,-0.0009
1730000011980,49996,0.0072,-0.9867,0.0895,0.0079,0.0077,-0.0076
1730000011990,49820,0.0172,-1.0052,0.0857,0.0169,-0.0046,-0.0038
1730000012000,49712,0.0117,-0.9824,0.0967,-0.0144,0.0044,0.0091
1730000012010,49662,0.019,-1.006,0.0834,0.0305,0.0031,-0.0004
1730000012020,49654,0.0195,-1.0221,0.0832,-0.0096,-0.0183,0.0123
1730000012030,49674,0.0105,-0.9773,0.0676,0.0067,-0.0282,0.0022
1730000012040,49711,0.0212,-0.9643,0.067,-0.0088,-0.0165,0.0072
1730000012050,49755,0.0027,-0.9867,0.0849,0.0035,-0.0307,0.0111
1730000012060,49799,0.0206,-0.9586,0.0758,0.0007,0.0039,-0.0044
1730000012070,49837,0.0421,-0.9838,0.0834,-0.0129,-0.0111,-0.0015
1730000012080,49865,0.0128,-0.9971,0.0804,-0.0083,0.0425,-0.0018
1730000012090,49879,0.0134,-0.9656,0.0975,-0.0321,0.0245,-0.0106
1730000012100,49878,0.0151,-1.0055,0.0753,-0.0277,-0.0122,-0.0034
1730000012110,49862,0.0185,-0.9723,0.0826,-0.0016,0.0259,0.0017
1730000012120,49833,0.0321,-0.9746,0.0736,-0.0272,-0.0559,-0.0043
1730000012130,49795,0.0084,-0.9774,0.0928,-0.0452,0.0135,-0.0151
1730000012140,49752,0.0015,-0.9319,0.0876,-0.0595,0.0268,-0.0023
1730000012150,49707,0.0349,-0.995,0.082,0.0024,-0.0414,0.0013
1730000012160,49666,0.028,-0.9954,0.0853,0.0132,0.0004,0.0113
1730000012170,49629,0.0264,-0.9437,0.0826,0.0208,-0.0029,0.0068
1730000012180,49600,0.0234,-0.967,0.0874,-0.0063,-0.0064,-0.018
1730000012190,49577,0.0223,-0.999,0.0723,-0.0077,0.0131,0.0057
1730000012200,49561,0.0246,-0.979,0.0828,-0.0178,0.0308,0.0162
1730000012210,49550,0.014,-1.0,0.0684,-0.0186,-0.0186,0.003
1730000012220,49544,0.0218,-0.958,0.0818,0.0042,-0.006,0.0156
1730000012230,49541,0.0361,-0.9905,0.083,-0.0052,-0.0053,-0.0056
1730000012240,49541,0.0085,-0.9799,0.0894,0.0275,0.0189,0.0014
1730000012250,49542,0.0335,-0.9758,0.0788,-0.0266,0.0237,0.0101
1730000012260,49543,0.0105,-0.9992,0.0999,0.0045,-0.0215,-0.0031
1730000012270,49546,0.0258,-0.9523,0.0881,0.0322,0.0145,0.0045
1730000012280,49549,0.0322,-0.9836,0.0742,-0.0282,0.0153,-0.007
1730000012290,49552,0.0225,-0.9713,0.0766,-0.0081,0.0198,0.0162
1730000012300,49555,0.0158,-0.9888,0.0993,0.0018,-0.0112,-0.0033
1730000012310,49558,0.0285,-0.9747,0.0809,-0.0258,-0.0156,0.0111
1730000012320,49562,0.0242,-0.9526,0.063,-0.0116,0.0062,0.0067
1730000012330,49566,0.0408,-0.9686,0.0711,-0.0152,-0.0268,0.0134
1730000012340,49569,0.0185,-0.9852,0.0915,0.0269,-0.0064,-0.0052
1730000012350,49573,0.0229,-1.006,0.085,0.0136,0.0037,0.0071
1730000012360,49577,0.0202,-0.9685,0.0939,0.0022,0.0325,0.0086
1730000012370,49581,0.0174,-0.9726,0.0732,0.0243,0.0555,-0.0025
1730000012380,49585,0.023,-0.9618,0.0809,-0.0033,0.0127,-0.0146
1730000012390,49589,0.0113,-0.9667,0.0807,0.004,0.0117,0.012
1730000012400,49593,0.0095,-0.9848,0.0907,0.0018,0.0038,0.0121
1730000012410,49597,0.0017,-0.9412,0.082,-0.0255,0.0243,0.018
1730000012420,49602,0.0351,-0.9758,0.087,0.0107,-0.0274,0.0256
1730000012430,49606,0.0101,-0.9293,0.0797,0.0053,-0.0051,0.014
1730000012440,49611,0.0379,-0.9668,0.0737,-0.014,0.0134,-0.0223
1730000012450,49615,0.0039,-0.97,0.0831,-0.0097,-0.0086,-0.0172
1730000012460,49620,0.0161,-0.9732,0.0829,0.0115,-0.039,0.0156
1730000012470,49625,-0.0011,-0.9596,0.0755,0.0197,0.011,-0.0019
1730000012480,49630,0.0169,-1.003,0.0791,-0.0146,-0.0189,-0.0112
1730000012490,49634,0.0201,-0.978,0.0887,-0.0108,-0.0298,-0.0079
1730000012500,49639,0.0203,-1.006,0.0931,-0.0047,-0.0028,0.0013
1730000012510,49645,0.0266,-0.9561,0.0724,-0.0144,0.0393,-0.0211
1730000012520,49650,0.0098,-0.9869,0.089,0.0056,0.0063,-0.0087
1730000012530,49655,0.0232,-0.9882,0.0744,-0.0153,-0.0145,-0.01
1730000012540,49660,0.0221,-0.9629,0.0718,-0.0093,0.0085,0.0015
1730000012550,49665,0.0343,-0.9738,0.0832,0.0132,-0.02,-0.0109
1730000012560,49671,0.0062,-0.9603,0.078,0.005,0.0024,0.002
1730000012570,49676,0.0263,-0.9764,0.0875,0.0121,-0.0278,-0.0024
1730000012580,49682,0.0355,-0.8964,0.0795,0.0005,-0.0328,0.0011
1730000012590,49687,0.0193,-0.9794,0.0977,0.0042,-0.0199,-0.0109
1730000012600,49693,0.0274,-0.9805,0.0706,-0.0337,-0.0027,0.006
1730000012610,49699,0.0281,-0.9629,0.0965,-0.0238,0.0039,0.0038
1730000012620,49706,0.0036,-0.9714,0.069,0.0045,-0.0167,0.0065
1730000012630,49714,0.0359,-0.9719,0.0735,-0.0243,0.0079,-0.0093
1730000012640,49725,0.0293,-0.9342,0.0973,0.0364,0.0022,0.0046
1730000012650,49746,0.0121,-0.9938,0.0874,-0.0285,0.0198,-0.0086
1730000012660,49782,0.0179,-0.9324,0.0826,0.0102,-0.0054,0.0086
1730000012670,49849,0.0174,-0.9856,0.0701,-0.0313,-0.0252,0.0067
1730000012680,49961,0.0192,-0.986,0.0878,0.0036,0.0089,-0.0099
1730000012690,50131,0.0154,-0.9598,0.0773,0.0201,0.0155,0.015
1730000012700,50364,0.0231,-0.9795,0.0805,0.0465,0.0217,-0.0015
1730000012710,50641,0.0271,-0.9706,0.0768,0.0226,0.0085,0.0093
1730000012720,50922,0.0375,-0.9763,0.0831,0.019,0.0159,-0.0037
1730000012730,51150,0.0205,-0.9278,0.0744,0.0093,0.0099,-0.0143
1730000012740,51272,0.0265,-0.9931,0.0821,0.0247,-0.0099,-0.0152
1730000012750,51255,0.0198,-0.9665,0.0812,0.0045,0.0057,-0.0146
1730000012760,51109,0.0307,-1.0094,0.0764,0.0161,-0.0153,-0.0145
1730000012770,50873,0.0125,-0.9757,0.1001,-0.0299,0.0084,-0.002
1730000012780,50606,0.0118,-0.9935,0.0681,0.0069,0.0135,0.0131
1730000012790,50362,0.0104,-1.0082,0.0858,0.0105,0.0237,-0.0189
1730000012800,50176,0.035,-0.9631,0.1002,-0.0042,0.0278,-0.0058
1730000012810,50058,0.0415,-0.9759,0.0648,0.0048,0.0228,0.0127
1730000012820,50002,0.0194,-0.9576,0.0799,0.0269,0.0209,-0.005
1730000012830,49993,0.0297,-0.9659,0.0919,-0.0076,0.0018,-0.0057
1730000012840,50015,0.0044,-0.9898,0.0912,0.0124,-0.0158,0.0049
1730000012850,50056,0.0203,-0.95,0.0756,-0.0002,-0.023,0.0115
1730000012860,50105,0.0252,-0.963,0.1045,0.0236,0.0286,0.0033
1730000012870,50155,0.0149,-0.9562,0.0805,-0.0068,0.0238,-0.0031
1730000012880,50201,0.0225,-0.9627,0.065,0.0107,0.0155,0.0006
1730000012890,50237,0.0226,-0.9716,0.0738,-0.0125,-0.036,0.0054
1730000012900,50259,0.0067,-0.9741,0.0592,-0.0133,0.0109,0.0009
1730000012910,50266,0.0203,-0.9604,0.0631,0.0175,-0.0084,0.0003
1730000012920,50258,0.0244,-1.0182,0.0942,-0.0068,0.0112,-0.0034
1730000012930,50235,0.0138,-0.9387,0.068,0.0059,-0.0106,0.0052
1730000012940,50203,0.029,-0.9512,0.0856,-0.012,-0.0049,0.0033
1730000012950,50165,0.032,-0.9556,0.0781,0.0042,0.0183,0.0047
1730000012960,50125,0.029,-0.9731,0.0891,-0.0071,0.0019,0.0058
1730000012970,50088,0.0067,-0.9701,0.0827,0.0033,0.0166,-0.0232
1730000012980,50056,0.0034,-0.9451,0.0874,0.0389,-0.0023,0.012
1730000012990,50030,0.0423,-1.0107,0.0634,-0.01,-0.0284,0.0152
1730000013000,50012,0.0173,-0.979,0.0924,0.013,-0.0117,0.0068
1730000013010,50000,0.0108,-0.979,0.0918,-0.0169,-0.01,-0.0046
1730000013020,49994,0.0144,-1.0159,0.0644,0.003,0.0275,0.0069
1730000013030,49992,0.0148,-0.9676,0.0632,-0.0051,-0.0048,-0.0059
1730000013040,49993,0.0259,-0.9572,0.0855,0.0441,0.0107,-0.0197
1730000013050,49997,0.006,-0.9663,0.0711,-0.0051,0.0283,0.0008
1730000013060,50002,0.0079,-0.9364,0.078,-0.001,0.0043,0.0051
1730000013070,50008,0.0126,-0.9639,0.0924,0.0246,-0.0164,0.0002
1730000013080,50015,0.0352,-0.9703,0.0666,-0.013,0.0119,-0.001
1730000013090,50022,0.0204,-0.9599,0.0772,0.01,0.0265,0.0043
1730000013100,50029,0.0252,-0.9427,0.0873,0.0226,-0.0404,0.0003
1730000013110,50036,0.024,-0.9679,0.0715,-0.0027,-0.0148,0.0034
1730000013120,50043,0.0268,-0.9701,0.0906,-0.0105,-0.012,0.0008
1730000013130,50050,0.016,-0.9455,0.0783,0.0107,0.0188,-0.0163
1730000013140,50057,0.0195,-0.963,0.0615,0.0011,-0.0039,-0.0144
1730000013150,50064,0.0333,-0.9629,0.0575,-0.0095,-0.0065,-0.0011
1730000013160,50071,0.0124,-0.9869,0.0825,-0.0193,0.0193,0.0049
1730000013170,50078,0.0224,-0.9769,0.0811,0.0012,0.003,-0.0161
1730000013180,50085,0.0199,-1.0111,0.0812,0.0494,-0.0195,-0.0081
1730000013190,50092,0.0283,-0.9825,0.0697,-0.0047,0.0031,0.0087
1730000013200,50099,0.0153,-0.9778,0.0774,-0.0141,0.006,0.0137
1730000013210,50106,0.0117,-0.9889,0.0793,-0.0116,-0.0286,-0.0133
1730000013220,50113,0.0014,-0.9672,0.0726,0.0358,0.0079,-0.0102
1730000013230,50120,0.009,-0.9753,0.0664,-0.0016,0.022,-0.0032
1730000013240,50127,0.013,-1.0055,0.0653,0.0017,-0.0026,0.0019
1730000013250,50134,0.0057,-0.9487,0.075,-0.0369,-0.0222,-0.0064
1730000013260,50141,0.0192,-0.9995,0.0888,-0.0003,0.017,0.0144
1730000013270,50148,0.017,-0.979,0.0858,-0.0348,0.0216,-0.0006
1730000013280,50155,0.0157,-0.9891,0.0669,-0.0062,0.0092,-0.0002
1730000013290,50161,-0.0031,-0.9803,0.0851,0.0367,-0.003,0.0038
1730000013300,50168,0.02,-0.9747,0.0685,-0.0184,-0.0268,0.0046
1730000013310,50175,0.0285,-0.9705,0.0736,0.0202,0.0443,-0.0175
1730000013320,50182,0.0256,-0.9641,0.0832,0.0138,0.0308,-0.0013
1730000013330,50188,0.0415,-0.9906,0.0876,-0.0286,-0.0284,0.0042
1730000013340,50195,0.0272,-0.9787,0.0856,-0.0145,0.0222,-0.0148
1730000013350,50201,0.0221,-0.9615,0.0821,0.0,-0.0024,-0.0257
1730000013360,50208,0.0053,-0.9474,0.0869,0.0272,0.0012,0.0169
1730000013370,50214,0.0186,-0.9468,0.0753,-0.011,0.0181,-0.0145
1730000013380,50221,0.0352,-0.9307,0.0799,0.0276,-0.0107,-0.0025
1730000013390,50227,0.0224,-0.9788,0.087,0.0179,0.013,-0.0051
1730000013400,50233,0.0048,-0.9595,0.0765,-0.0323,-0.0241,-0.0029
1730000013410,50240,0.0352,-0.9604,0.0712,-0.0216,-0.0199,-0.0102
1730000013420,50246,0.0216,-0.9459,0.1071,0.0353,-0.0096,0.0094
1730000013430,50253,0.021,-0.9335,0.0851,-0.0099,0.0193,-0.0079
1730000013440,50261,0.0137,-0.9747,0.0773,-0.0416,0.0203,0.0267
1730000013450,50271,0.0076,-0.9415,0.063,-0.0016,-0.0166,0.0019
1730000013460,50287,0.0252,-0.9946,0.0784,0.0147,-0.0186,0.0124
1730000013470,50315,0.0328,-0.9784,0.0942,-0.0389,-0.0123,0.0054
1730000013480,50365,0.0295,-0.947,0.0898,0.0008,0.0138,0.0003
1730000013490,50451,0.0053,-0.9511,0.0857,-0.0025,-0.0115,0.0195
1730000013500,50586,0.0107,-0.9679,0.073,-0.0011,0.0227,0.0041
1730000013510,50778,0.0169,-0.9533,0.0893,-0.0013,-0.0086,-0.0073
1730000013520,51024,0.0011,-0.9387,0.0729,-0.0232,-0.017,-0.0114
1730000013530,51297,0.0311,-0.9716,0.0702,-0.0161,-0.02,0.0112
1730000013540,51556,0.0057,-0.9684,0.0849,0.0074,0.0045,-0.0014
1730000013550,51748,-0.0035,-0.9706,0.075,-0.0264,0.0289,0.0126
1730000013560,51828,0.0163,-0.9633,0.08,-0.0378,-0.0086,0.0087
1730000013570,51779,0.0189,-0.9906,0.0913,0.007,-0.0232,-0.0057
1730000013580,51615,0.0158,-0.9905,0.0876,-0.0108,0.0027,0.0178
1730000013590,51378,0.0133,-0.9931,0.08,-0.009,-0.0067,-0.0091
1730000013600,51120,0.0045,-0.9791,0.0671,-0.022,0.0568,0.0242
1730000013610,50888,0.0438,-0.9775,0.069,0.0111,-0.0206,-0.0028
1730000013620,50711,0.0107,-0.9537,0.0789,0.0065,-0.0121,-0.002
1730000013630,50597,0.0019,-0.9738,0.0769,0.0083,-0.0094,-0.0099
1730000013640,50540,0.0208,-0.9428,0.0786,0.0356,-0.05,-0.0087
1730000013650,50527,0.0173,-0.9988,0.0526,0.001,-0.0199,-0.008
1730000013660,50544,0.0186,-0.9767,0.0738,0.0124,-0.0157,0.0114
1730000013670,50580,0.0322,-1.0042,0.0712,0.0185,-0.0255,-0.0058
1730000013680,50624,0.0216,-0.9527,0.0917,-0.0029,0.0108,0.0033
1730000013690,50671,0.0363,-0.9732,0.0787,-0.0039,-0.0259,-0.013
1730000013700,50714,-0.0069,-0.9438,0.0996,-0.0344,0.017,0.004
1730000013710,50750,0.018,-0.961,0.079,0.053,0.0181,-0.0079
1730000013720,50773,0.0091,-0.946,0.0773,-0.0043,0.003,0.0007
1730000013730,50783,0.0316,-0.9927,0.057,-0.0111,-0.0159,-0.0064
1730000013740,50777,0.0034,-0.9929,0.0654,0.0192,-0.0218,-0.0023
1730000013750,50758,0.0344,-0.9811,0.0837,0.0201,0.0115,-0.0058
1730000013760,50728,0.0096,-0.9487,0.0819,-0.0144,-0.007,-0.0005
1730000013770,50691,0.0022,-0.965,0.0904,-0.0131,-0.0168,-0.0041
1730000013780,50650,0.018,-0.9346,0.0885,0.0036,-0.0123,0.0008
1730000013790,50609,0.0182,-0.9984,0.0757,0.0088,-0.0214,-0.0132
1730000013800,50572,0.0184,-0.9833,0.0628,0.0238,0.0235,0.0209
1730000013810,50539,0.0154,-0.9642,0.0923,0.0108,0.023,0.0016
1730000013820,50513,0.0151,-0.9664,0.0849,0.0136,0.0218,0.0016
1730000013830,50494,0.0179,-0.9525,0.0785,-0.0164,0.019,-0.0213
1730000013840,50480,0.0312,-0.9594,0.08,0.0228,-0.008,0.003
1730000013850,50471,0.0056,-1.0012,0.0845,-0.0082,-0.0229,0.0093
1730000013860,50466,0.0192,-0.9901,0.0784,0.0301,0.0216,0.0005
1730000013870,50463,0.0264,-0.9886,0.098,0.0262,-0.0072,0.002
1730000013880,50463,0.0292,-0.9579,0.0901,0.0137,0.0069,-0.0159
1730000013890,50464,0.0346,-0.9842,0.0824,-0.0006,0.021,-0.0042
1730000013900,50465,0.0084,-0.9483,0.087,0.0309,-0.0009,0.0034
1730000013910,50467,0.029,-0.9983,0.0645,-0.0165,-0.0128,0.0178
1730000013920,50469,0.0457,-0.9823,0.0809,-0.0064,-0.0049,0.0034
1730000013930,50471,0.0234,-0.9854,0.0789,-0.0121,-0.0146,-0.004
1730000013940,50473,0.0269,-0.9689,0.0748,0.0194,0.0012,0.0096
1730000013950,50475,0.0181,-0.9428,0.094,0.0145,0.0288,-0.0065
1730000013960,50477,0.0374,-1.0035,0.0808,-0.0123,-0.0381,-0.013
1730000013970,50479,0.0156,-0.9695,0.0763,0.0188,-0.0066,-0.0093
1730000013980,50481,0.0336,-0.9554,0.0775,-0.0323,-0.0218,-0.0052
1730000013990,50483,0.0208,-0.9558,0.0807,0.0058,0.0086,-0.0118
1730000014000,50484,0.0313,-0.9496,0.0852,0.031,-0.005,0.0001
1730000014010,50486,0.0337,-0.9836,0.0739,0.0357,-0.0031,-0.008
1730000014020,50487,0.0199,-1.0233,0.0905,0.027,-0.0249,-0.0067
1730000014030,50489,0.0386,-0.9614,0.0767,-0.0033,0.008,0.0142
1730000014040,50490,0.0277,-0.9696,0.078,0.0309,0.0116,-0.011
1730000014050,50491,0.0161,-0.9451,0.0618,-0.0212,0.011,-0.0014
1730000014060,50492,0.0087,-1.0515,0.0767,0.0236,-0.02,-0.0115
1730000014070,50493,0.0277,-0.9536,0.0712,-0.007,-0.0304,-0.0
1730000014080,50494,0.0125,-0.9853,0.0555,0.0183,-0.0369,-0.0135
1730000014090,50494,0.0176,-1.0225,0.0639,-0.0189,-0.0368,-0.0071
1730000014100,50495,0.0189,-0.9483,0.0887,-0.0492,-0.0042,-0.0086
1730000014110,50495,0.0246,-0.9894,0.0835,0.013,-0.0078,-0.0165
1730000014120,50496,0.0159,-0.9704,0.0857,-0.0037,0.0133,-0.001
1730000014130,50496,0.0071,-0.9796,0.0883,0.0262,-0.0117,0.0012
1730000014140,50496,0.0176,-1.0103,0.0832,-0.0187,0.0014,-0.0067
1730000014150,50496,0.0141,-0.9847,0.0808,0.0099,-0.0082,-0.0028
1730000014160,50496,0.0237,-0.9921,0.0802,-0.0115,-0.001,0.0082
1730000014170,50496,0.0281,-0.9676,0.0921,0.003,0.0198,-0.0032
1730000014180,50496,0.0301,-0.9691,0.0966,0.0167,0.0136,0.0032
1730000014190,50495,0.015,-0.9974,0.0885,-0.0256,0.0313,0.0021
1730000014200,50495,0.0261,-0.9652,0.0825,-0.0016,-0.043,0.0036
1730000014210,50494,0.0256,-1.0142,0.0819,-0.0021,0.0208,-0.0171
1730000014220,50494,0.0144,-0.989,0.0714,0.0037,-0.0412,-0.0227
1730000014230,50493,0.0197,-0.9743,0.0717,0.0074,0.0061,0.0058
1730000014240,50492,0.0208,-1.0197,0.08,0.0026,0.03,-0.015
1730000014250,50491,0.0429,-0.9874,0.0694,-0.0057,0.0224,0.0005
1730000014260,50490,0.0125,-0.9722,0.0898,0.0001,0.0341,0.0211
1730000014270,50490,-0.0042,-0.9856,0.0985,0.01,0.0297,0.0057
1730000014280,50489,0.0055,-0.999,0.0799,0.0267,-0.0013,-0.0048
1730000014290,50491,0.0146,-0.9828,0.0821,0.0459,-0.0028,-0.0124
1730000014300,50496,0.0262,-0.9814,0.0817,-0.0143,0.0094,-0.0049
1730000014310,50510,0.0146,-0.9988,0.0898,-0.0287,-0.0018,-0.0026
1730000014320,50540,0.0275,-0.9908,0.0891,-0.0153,0.0086,0.0028
1730000014330,50597,0.0209,-0.9561,0.0853,0.0053,0.022,0.0039
1730000014340,50694,0.0175,-0.9683,0.1023,-0.0112,0.0129,0.0014
1730000014350,50842,0.0209,-1.0256,0.0736,-0.0161,0.0287,-0.0112
1730000014360,51043,0.0333,-1.007,0.0783,-0.0081,-0.0111,-0.0156
1730000014370,51288,0.0339,-0.9658,0.092,0.0193,0.0182,0.0124
1730000014380,51546,0.0124,-0.977,0.0945,0.007,-0.0036,-0.0088
1730000014390,51774,0.0174,-0.998,0.0501,0.0095,0.0305,0.0063
1730000014400,51924,0.0218,-1.0033,0.0776,0.0281,-0.0274,0.0227
1730000014410,51962,0.005,-0.9718,0.0733,-0.009,-0.0431,0.0095
1730000014420,51879,0.0243,-0.9677,0.075,0.0268,0.0037,-0.0017
1730000014430,51694,0.015,-0.9646,0.0836,0.0085,-0.0296,-0.0006
1730000014440,51448,0.01,-1.0057,0.0615,0.0118,-0.0021,0.0
1730000014450,51192,0.0102,-0.986,0.0701,-0.0017,0.0126,0.0038
1730000014460,50964,0.0259,-1.0034,0.0606,0.0056,-0.0213,-0.0032
1730000014470,50789,0.0082,-0.9947,0.0867,-0.0066,-0.0245,0.0015
1730000014480,50673,0.0227,-0.9899,0.0828,0.0248,0.0333,0.0071
1730000014490,50611,0.0165,-0.9832,0.0661,0.0002,0.0372,-0.0005
1730000014500,50590,0.0199,-1.0063,0.0912,-0.0057,0.0061,-0.0035
1730000014510,50598,0.0079,-0.9943,0.0699,-0.0135,-0.0114,0.0172
1730000014520,50623,0.0265,-0.9846,0.0737,0.0122,-0.0027,0.0122
1730000014530,50657,0.0178,-0.9567,0.0777,0.0018,-0.0093,-0.0003
1730000014540,50695,0.0102,-1.0142,0.0634,-0.0168,-0.0189,0.0029
1730000014550,50730,0.0136,-0.9945,0.0931,0.0119,-0.0313,0.0041
1730000014560,50758,0.026,-0.9944,0.0705,0.0072,-0.0051,0.0027
1730000014570,50775,0.0258,-0.9833,0.0751,-0.0323,0.0019,-0.0012
1730000014580,50780,0.0184,-0.9853,0.0853,-0.0215,0.0169,0.0035
1730000014590,50771,0.0216,-0.9907,0.1019,0.009,-0.0017,-0.0159
1730000014600,50749,0.0173,-0.9824,0.0673,-0.0029,0.0028,0.0079
1730000014610,50715,0.0049,-0.996,0.0776,0.0001,0.0084,0.0088
1730000014620,50673,0.031,-0.9405,0.0822,0.0091,-0.0025,-0.0008
1730000014630,50626,0.0109,-0.9961,0.0735,-0.0255,0.0032,-0.0056
1730000014640,50578,0.022,-0.9984,0.085,0.0288,0.0106,-0.0036
1730000014650,50531,0.0163,-0.9886,0.0758,-0.0069,0.0229,0.0029
1730000014660,50489,0.0153,-0.9892,0.0788,-0.0101,0.005,-0.004
1730000014670,50453,0.0141,-0.9787,0.0732,0.0278,-0.0247,0.0046
1730000014680,50422,0.024,-0.986,0.083,0.0181,-0.0052,-0.0038
1730000014690,50397,0.0167,-0.9534,0.0696,0.0216,-0.0166,0.0054
1730000014700,50378,0.0311,-1.0178,0.0712,0.0174,0.024,-0.0059
1730000014710,50362,0.0375,-0.9989,0.0838,0.0255,-0.0148,0.0166
1730000014720,50350,0.0125,-0.9955,0.0761,0.0465,0.0006,0.0087
1730000014730,50341,0.0317,-1.0022,0.089,-0.0063,-0.0345,-0.0037
1730000014740,50333,0.0205,-1.0385,0.0681,-0.0015,0.0086,0.0063
1730000014750,50326,0.0198,-1.007,0.0858,-0.0273,0.0142,-0.0152
1730000014760,50319,0.0291,-1.012,0.0956,-0.0085,-0.0124,-0.0102
1730000014770,50313,0.0257,-1.0181,0.0774,0.0085,-0.0178,-0.0091
1730000014780,50307,0.0149,-1.0213,0.0728,-0.0003,-0.0312,0.0001
1730000014790,50302,0.0208,-0.9905,0.0799,-0.0469,-0.018,0.0031
1730000014800,50296,0.0183,-1.017,0.0958,0.0248,-0.0275,-0.0015
1730000014810,50290,0.0254,-0.962,0.0587,0.0127,-0.0078,0.0016
1730000014820,50284,0.017,-0.9613,0.0995,-0.0056,-0.0187,0.0255
1730000014830,50278,0.0243,-1.016,0.0912,-0.0041,-0.0067,0.0106
1730000014840,50272,0.0028,-0.9758,0.0818,0.007,0.0038,-0.0166
1730000014850,50266,0.0123,-0.9871,0.0851,-0.0013,-0.0332,-0.0027
1730000014860,50260,0.012,-1.0101,0.0848,0.006,-0.0302,-0.0013
1730000014870,50254,0.0257,-0.9909,0.0783,0.0002,-0.0237,0.0189
1730000014880,50248,0.0213,-1.0122,0.0615,-0.0355,-0.0126,0.0103
1730000014890,50242,0.0143,-1.0001,0.0698,0.0297,0.0448,-0.0274
1730000014900,50236,0.0163,-0.9851,0.0849,-0.0103,-0.0096,0.0067
1730000014910,50229,0.0351,-1.0306,0.073,0.0091,-0.0205,-0.0055
1730000014920,50223,0.0332,-0.9893,0.0747,0.0095,-0.0272,0.0016
1730000014930,50217,0.0245,-0.9709,0.0864,0.0027,-0.0039,-0.0025
1730000014940,50210,0.0322,-0.9702,0.0854,0.0007,-0.0172,-0.0135
1730000014950,50204,0.0154,-0.9794,0.0816,0.0255,-0.0038,-0.0163
1730000014960,50197,0.0131,-0.9783,0.0825,0.0024,-0.0009,-0.0051
1730000014970,50191,0.0264,-1.0055,0.0839,0.0004,-0.0322,0.0154
1730000014980,50184,0.0175,-0.9782,0.0859,-0.0005,-0.0092,0.002
1730000014990,50177,0.0147,-1.0118,0.0749,-0.0335,-0.0202,-0.0014
1730000015000,50171,0.0256,-1.0355,0.0848,0.0265,0.0176,0.0136
1730000015010,50164,0.0079,-1.0144,0.0659,0.0273,0.0437,-0.0161
1730000015020,50157,0.0183,-1.0218,0.0612,-0.0191,0.0295,-0.005
1730000015030,50150,0.028,-0.9819,0.0716,0.0267,-0.0219,-0.0052
1730000015040,50143,0.0244,-1.001,0.0775,0.0162,0.023,-0.0181
1730000015050,50137,0.0203,-0.9697,0.0958,-0.0504,-0.0154,0.0008
1730000015060,50130,0.0158,-0.9805,0.0848,0.0109,-0.0048,-0.0018
1730000015070,50123,0.0293,-0.9843,0.0833,0.0021,-0.0153,-0.0076
1730000015080,50116,0.0213,-0.9742,0.0699,0.0065,0.0079,-0.0026
1730000015090,50109,0.0188,-0.982,0.0722,0.0278,-0.0349,0.0066
1730000015100,50102,0.0269,-0.9671,0.0596,-0.0212,0.0216,-0.0078
1730000015110,50095,0.0197,-0.9733,0.0693,-0.0209,-0.0198,-0.0004
1730000015120,50088,0.0125,-0.9936,0.0789,0.01,-0.0132,0.0055
1730000015130,50081,0.0285,-0.9769,0.0844,-0.0086,0.0021,-0.014
1730000015140,50075,0.0231,-0.9765,0.0734,0.0278,0.0167,0.0196
1730000015150,50071,0.0088,-0.9931,0.0734,-0.0083,0.0154,0.0115
1730000015160,50070,0.0197,-1.0012,0.0691,-0.001,0.0055,0.0063
1730000015170,50079,0.0293,-1.0057,0.0732,0.0266,0.0053,-0.0171
1730000015180,50105,0.036,-1.0081,0.0881,-0.0066,0.0011,0.0167
1730000015190,50160,0.0018,-1.0008,0.0727,-0.0055,-0.0063,0.0092
1730000015200,50259,0.0243,-1.0037,0.0951,0.0168,-0.0176,-0.0037
1730000015210,50413,0.0132,-0.9899,0.0761,0.0149,-0.0106,0.0001
1730000015220,50626,0.014,-1.0063,0.0885,-0.0302,0.0047,0.0082
1730000015230,50880,0.0331,-1.0128,0.0922,-0.0022,0.0018,0.0028
1730000015240,51141,0.0068,-0.9677,0.087,-0.0132,-0.0118,0.0236
1730000015250,51355,0.018,-0.9953,0.0637,-0.0046,0.0104,-0.0055
1730000015260,51474,0.0215,-0.9873,0.0763,0.0201,-0.0038,-0.0009
1730000015270,51465,0.0199,-1.0297,0.0858,0.0154,0.0155,0.0044
1730000015280,51330,0.0191,-0.9827,0.1073,-0.022,0.0121,0.0049
1730000015290,51102,0.0284,-1.022,0.1001,0.0258,-0.0046,0.0183
1730000015300,50832,0.0217,-0.951,0.0822,-0.0402,-0.0005,-0.0045
1730000015310,50572,0.0063,-1.013,0.0828,-0.015,0.02,-0.0168
1730000015320,50359,0.0175,-0.9837,0.0841,-0.0112,0.0054,-0.0104
1730000015330,50209,0.013,-1.0214,0.0931,-0.0081,-0.0199,-0.0029
1730000015340,50120,0.0336,-0.9578,0.0711,0.0362,-0.0011,0.0115
1730000015350,50081,0.0288,-1.0081,0.0731,-0.0334,0.0008,0.0041
1730000015360,50077,0.018,-1.0174,0.0845,0.0162,0.0034,-0.0062
1730000015370,50096,0.0234,-1.0113,0.0828,0.0076,0.0212,0.0186
1730000015380,50127,0.0385,-0.9747,0.0747,0.0134,-0.0282,-0.0001
1730000015390,50162,0.0188,-1.0023,0.085,-0.0086,0.0402,-0.0017
1730000015400,50196,0.039,-0.9863,0.0701,0.0023,0.0429,-0.0015
1730000015410,50223,0.0209,-0.9809,0.088,0.0151,-0.0338,-0.0073
1730000015420,50240,0.0147,-0.9311,0.072,0.0028,0.0538,0.0051
1730000015430,50243,0.0335,-0.9747,0.0642,-0.0093,-0.0049,-0.018
1730000015440,50231,-0.0008,-0.9716,0.0992,-0.0213,-0.0023,0.0146
1730000015450,50205,0.0305,-1.0197,0.0796,0.0082,-0.0376,-0.0054
1730000015460,50167,0.0144,-1.0373,0.072,0.0025,0.0085,-0.013
1730000015470,50120,0.0254,-0.9951,0.0787,-0.0119,-0.0434,0.0086
1730000015480,50069,0.0247,-0.9914,0.0747,-0.0271,0.0081,-0.0047
1730000015490,50017,0.0258,-0.9773,0.075,-0.0146,-0.0033,0.0033
1730000015500,49968,0.0028,-0.9869,0.0654,-0.0073,0.0462,-0.0099
1730000015510,49924,0.0098,-0.9986,0.0778,-0.026,0.0068,0.0064
1730000015520,49886,0.0251,-0.9833,0.0773,-0.0189,0.0007,0.0052
1730000015530,49855,0.0115,-0.9943,0.0801,0.0453,0.0226,0.0135
1730000015540,49830,0.027,-1.0022,0.0861,0.0305,-0.0198,0.0006
1730000015550,49810,0.0213,-0.9785,0.0917,-0.004,-0.0031,0.0315
1730000015560,49795,0.0152,-1.017,0.0814,-0.0112,-0.0034,-0.0012
1730000015570,49783,-0.0028,-0.9877,0.0823,0.0237,0.0035,0.0116
1730000015580,49773,0.0364,-0.9787,0.0846,-0.0066,0.0125,-0.0033
1730000015590,49764,-0.0035,-0.9915,0.0914,0.0177,-0.0054,-0.0079
1730000015600,49757,0.0173,-0.9895,0.0683,-0.0201,-0.0016,0.0022
1730000015610,49750,0.0258,-1.0047,0.0607,-0.0039,0.0196,-0.0148
1730000015620,49743,0.0114,-1.0018,0.0965,0.0222,-0.0066,0.0078
1730000015630,49737,0.013,-0.9889,0.0616,-0.0196,-0.0191,-0.0117
1730000015640,49731,0.0256,-1.0079,0.0901,0.0111,0.0048,0.0117
1730000015650,49725,0.0225,-1.0021,0.0757,0.0133,-0.0255,0.0091
1730000015660,49719,0.018,-0.9753,0.0812,-0.0156,0.0318,-0.0024
1730000015670,49713,0.023,-0.9981,0.072,0.0019,-0.01,-0.0006
1730000015680,49707,0.0213,-0.9979,0.0898,0.012,-0.0411,-0.0091
1730000015690,49701,0.0163,-1.0067,0.0727,0.0129,0.0097,-0.0161
1730000015700,49695,0.007,-0.9818,0.077,0.0164,-0.0131,0.0003
1730000015710,49689,0.0113,-0.9923,0.086,0.0076,-0.0222,0.0104
1730000015720,49684,0.0194,-0.9777,0.0843,-0.0091,0.0174,-0.0073
1730000015730,49678,0.0162,-1.0106,0.0645,0.0439,-0.0033,-0.0041
1730000015740,49673,0.0388,-1.0208,0.0922,0.0049,-0.0028,-0.0023
1730000015750,49667,0.017,-0.956,0.0901,-0.0027,-0.0158,0.0002
1730000015760,49662,0.0099,-1.0018,0.077,-0.0152,-0.013,-0.0036
1730000015770,49657,0.0096,-0.9549,0.0587,0.014,0.0134,-0.0018
1730000015780,49652,0.0184,-0.9823,0.0804,0.0139,0.0108,-0.0041
1730000015790,49646,0.0101,-0.9786,0.0857,0.0157,-0.0111,0.0248
1730000015800,49641,0.0027,-0.9478,0.0719,-0.0021,0.035,0.0186
1730000015810,49636,0.0356,-0.9685,0.0841,-0.0278,-0.0238,-0.0008
1730000015820,49631,0.0261,-0.9698,0.0885,0.0279,0.0284,0.0004
1730000015830,49626,-0.0009,-0.9638,0.0778,-0.0097,0.0034,-0.0129
1730000015840,49622,0.0177,-1.0127,0.0568,-0.0141,0.0292,0.0012
1730000015850,49617,0.0277,-0.9859,0.084,-0.0379,-0.0146,-0.0088
1730000015860,49612,0.0063,-0.9811,0.0839,0.0069,-0.0012,0.007
1730000015870,49608,0.0206,-0.9777,0.0741,0.0108,0.0084,-0.0103
1730000015880,49603,0.0134,-0.9615,0.0669,-0.0083,0.0204,0.0067
1730000015890,49599,0.0298,-0.9705,0.0764,-0.0356,0.0411,0.0081
1730000015900,49595,0.0111,-0.9799,0.0737,-0.0021,0.0118,-0.0071
1730000015910,49590,0.0389,-0.9888,0.0755,0.0236,-0.0232,0.0013
1730000015920,49586,0.0412,-0.98,0.0822,-0.0115,-0.0187,-0.0022
1730000015930,49582,0.0428,-0.9633,0.0854,0.0138,0.0192,-0.0033
1730000015940,49578,0.0198,-0.9827,0.0845,-0.0193,-0.0261,-0.0074
1730000015950,49574,0.0239,-1.0032,0.0877,-0.0229,-0.0043,-0.0138
1730000015960,49571,0.0261,-1.0116,0.0599,0.0013,0.0065,0.0077
1730000015970,49568,0.0217,-0.9723,0.0819,0.0041,0.0275,-0.0021
1730000015980,49566,0.0103,-0.9543,0.0897,0.0115,-0.0109,0.0048
1730000015990,49567,0.0369,-0.9897,0.0867,-0.0268,-0.0185,0.0098
1730000016000,49575,0.0266,-0.987,0.0692,-0.0148,0.041,0.0006
1730000016010,49598,0.0287,-0.9681,0.0827,0.0089,-0.0065,0.0113
1730000016020,49644,0.0209,-0.9858,0.0854,-0.0007,0.008,-0.0084
1730000016030,49730,0.0023,-1.0232,0.0653,-0.0201,-0.0116,0.0001
1730000016040,49869,0.0248,-0.9682,0.0683,0.0379,-0.0023,-0.006
1730000016050,50067,0.019,-0.9734,0.0835,-0.011,0.0307,-0.0156
1730000016060,50315,0.0248,-0.9632,0.0795,-0.019,0.0016,0.0093
1730000016070,50584,0.0208,-0.9888,0.0596,0.0061,-0.039,0.011
1730000016080,50826,0.0122,-0.955,0.0899,-0.0006,-0.0041,0.0195
1730000016090,50986,0.0174,-0.9838,0.0753,-0.015,0.0002,-0.0015
1730000016100,51026,-0.0069,-0.9986,0.0928,0.0172,0.0467,-0.0167
1730000016110,50934,0.0001,-0.9558,0.0695,0.0176,-0.0129,0.0118
1730000016120,50734,0.0168,-0.9801,0.095,0.0152,-0.0129,-0.0277
1730000016130,50475,0.0359,-0.9791,0.0827,-0.0182,-0.0023,-0.0081
1730000016140,50211,0.0131,-1.0272,0.0873,0.0043,-0.0159,0.0115
1730000016150,49985,0.0178,-0.9853,0.0697,0.0306,0.0422,-0.0105
1730000016160,49820,0.0096,-0.9817,0.0878,0.0011,-0.0034,0.0079
1730000016170,49719,0.0221,-0.9816,0.0782,-0.0073,0.0199,-0.0002
1730000016180,49672,0.0197,-0.976,0.0893,-0.0082,0.0387,-0.0087
1730000016190,49665,0.0052,-0.9708,0.0835,-0.0086,0.0658,0.0044
1730000016200,49684,0.0325,-0.9631,0.0834,-0.0185,0.0031,0.0054
1730000016210,49718,0.0068,-1.0213,0.0922,0.0127,0.009,-0.0028
1730000016220,49759,0.0282,-1.0027,0.0741,-0.0116,0.0236,-0.0027
1730000016230,49800,0.0139,-0.958,0.0896,-0.0027,0.008,-0.0129
1730000016240,49835,0.0143,-0.9931,0.0772,0.0152,-0.0151,0.007
1730000016250,49861,0.0283,-0.9924,0.1016,-0.0052,-0.0219,-0.0094
1730000016260,49874,0.0246,-0.978,0.0813,-0.0469,-0.0182,-0.0148
1730000016270,49872,0.028,-0.9865,0.0744,0.0011,0.0239,0.0087
1730000016280,49855,0.029,-0.9889,0.0767,0.0007,-0.02,-0.0009
1730000016290,49826,0.0206,-0.959,0.0609,-0.0065,0.0017,0.0177
1730000016300,49787,0.0263,-0.9838,0.0727,0.0136,0.0095,-0.0089
1730000016310,49743,0.021,-0.9425,0.0861,-0.015,-0.0292,0.0064
1730000016320,49697,0.0222,-0.9525,0.0929,-0.0142,0.0004,-0.0088
1730000016330,49653,0.0025,-0.978,0.0882,0.0023,-0.0002,-0.0152
1730000016340,49614,0.0214,-0.9722,0.0801,-0.0081,-0.0062,0.0055
1730000016350,49581,0.0239,-1.0095,0.0831,-0.0064,0.0023,0.0073
1730000016360,49555,0.0271,-0.9351,0.078,0.0137,-0.0211,0.0066
1730000016370,49536,0.0064,-0.9542,0.0693,-0.0259,0.0117,0.0074
1730000016380,49522,0.0369,-0.9783,0.0749,-0.0013,-0.0251,-0.0082
1730000016390,49513,0.0212,-0.9964,0.058,-0.0297,0.0013,-0.012
1730000016400,49507,0.0298,-0.955,0.0865,-0.0042,0.0022,-0.0124
1730000016410,49503,0.0234,-0.954,0.0806,-0.0259,-0.0334,-0.0022
1730000016420,49502,0.018,-0.928,0.0659,-0.0314,0.0064,-0.0048
1730000016430,49501,0.0479,-0.9953,0.0953,-0.0185,-0.0004,-0.0027
1730000016440,49501,0.0104,-0.9435,0.0856,-0.019,0.0256,-0.0084
1730000016450,49502,0.0334,-0.9666,0.0721,0.0013,-0.0169,-0.0175
1730000016460,49503,0.0338,-0.982,0.0723,-0.0289,0.0052,-0.0203
1730000016470,49504,0.0095,-0.966,0.0679,0.0122,0.0129,0.0089
1730000016480,49505,0.0174,-0.9848,0.0732,0.0375,0.0109,0.0024
1730000016490,49507,0.0238,-0.9329,0.0944,-0.0334,0.005,0.0181
1730000016500,49508,0.0179,-0.971,0.0727,0.01,-0.0073,0.0131
1730000016510,49510,0.0095,-0.9756,0.0818,-0.0075,-0.0064,0.0022
1730000016520,49512,0.0168,-0.9668,0.0664,0.0245,-0.0382,-0.0067
1730000016530,49513,0.034,-1.012,0.1009,-0.0119,-0.006,-0.0002
1730000016540,49515,0.0307,-0.9718,0.0865,0.0192,0.0312,0.0024
1730000016550,49517,0.0139,-0.9931,0.0731,-0.0066,-0.0118,0.0078
1730000016560,49519,0.0003,-0.9815,0.0879,-0.0074,-0.0022,0.0064
1730000016570,49522,0.0349,-0.944,0.0724,-0.0378,0.0009,-0.0102
1730000016580,49524,0.0152,-0.9848,0.0911,-0.0102,-0.0039,0.0096
1730000016590,49526,0.0243,-0.9735,0.0827,0.0308,0.0165,-0.0015
1730000016600,49529,0.0248,-0.9646,0.0935,-0.0069,0.0124,0.021
1730000016610,49531,0.0118,-0.968,0.0956,0.0369,0.0168,0.0039
1730000016620,49534,0.0192,-1.0025,0.0711,0.0214,-0.0098,-0.0028
1730000016630,49537,0.022,-0.9706,0.0754,-0.0439,0.0081,-0.0002
1730000016640,49540,0.0225,-0.9755,0.0866,-0.0172,0.0293,0.0081
1730000016650,49543,0.0297,-0.9718,0.0574,-0.0213,-0.0351,0.0004
1730000016660,49546,0.0239,-0.9261,0.073,-0.0099,-0.0326,0.0275
1730000016670,49549,0.0262,-0.9413,0.0758,-0.0062,-0.0053,-0.023
1730000016680,49552,0.0123,-0.9676,0.0829,0.0232,0.0053,-0.0062
1730000016690,49556,0.0114,-0.9796,0.0984,0.0041,-0.0007,0.0162
1730000016700,49559,0.0259,-0.9573,0.0685,0.0193,-0.0233,-0.001
1730000016710,49563,0.0074,-0.9343,0.0855,-0.0071,-0.02,-0.0049
1730000016720,49566,0.0224,-1.0059,0.0881,0.019,-0.0021,0.0037
1730000016730,49570,0.03,-0.9527,0.0826,-0.0122,-0.0076,-0.0003
1730000016740,49574,-0.0009,-0.9593,0.0675,0.0035,-0.0002,-0.0034
1730000016750,49578,0.002,-0.9569,0.0824,0.0025,0.0054,-0.0086
1730000016760,49582,0.0318,-0.9655,0.0883,-0.0179,-0.0141,0.0029
1730000016770,49586,0.0228,-0.966,0.0925,-0.0326,0.001,-0.0138
1730000016780,49590,0.0374,-0.96,0.0955,0.0325,-0.0125,-0.0039
1730000016790,49594,0.034,-0.9814,0.0787,-0.0076,-0.0224,0.0203
1730000016800,49599,0.0271,-0.9734,0.0666,-0.0025,0.0133,0.0178
1730000016810,49604,0.0407,-0.9616,0.0963,0.0047,0.0187,0.0022
1730000016820,49612,0.0149,-0.9349,0.0779,-0.0129,-0.0178,0.0089
1730000016830,49626,0.0277,-0.9498,0.0817,-0.028,0.0249,0.007
1730000016840,49649,0.0241,-0.9835,0.0726,0.0128,-0.015,0.0065
1730000016850,49692,0.0219,-0.9569,0.0897,0.0162,0.0055,-0.0089
1730000016860,49768,0.0176,-0.9383,0.0822,0.0354,-0.0281,0.0152
1730000016870,49888,0.01,-0.9936,0.0709,-0.0203,0.0316,-0.0097
1730000016880,50065,0.0243,-0.9695,0.0638,0.009,0.0034,-0.0122
1730000016890,50297,0.0303,-0.9825,0.0622,0.0206,-0.0085,-0.0116
1730000016900,50564,0.0143,-0.977,0.0793,-0.0243,0.0225,0.0047
1730000016910,50829,0.0176,-0.9295,0.0817,0.0081,-0.0026,0.0
1730000016920,51041,0.0325,-0.9756,0.0885,-0.0142,-0.0126,-0.0094
1730000016930,51154,0.0053,-0.955,0.0673,0.0184,0.0183,-0.0034
1730000016940,51142,0.0271,-0.9554,0.09,-0.0208,0.0083,0.0112
1730000016950,51009,0.0176,-0.9572,0.0742,0.0441,0.017,-0.0023
1730000016960,50790,0.0335,-0.9679,0.0833,0.0146,0.0308,-0.0033
1730000016970,50535,0.0399,-0.9453,0.0901,0.0167,0.0221,0.0047
1730000016980,50294,0.0215,-0.9355,0.0836,0.0169,-0.0202,0.0153
1730000016990,50100,0.0241,-0.9356,0.0859,-0.0009,0.0154,-0.0086
1730000017000,49967,0.0022,-0.9842,0.0927,-0.015,-0.011,0.0096
1730000017010,49893,0.0251,-0.9797,0.0795,-0.0088,0.0171,0.0046
1730000017020,49868,0.0107,-0.9907,0.0641,0.0111,0.0139,0.0021
1730000017030,49877,0.0112,-0.9894,0.0879,-0.053,0.0099,-0.0043
1730000017040,49909,0.0159,-0.9207,0.0864,0.0039,-0.0024,-0.0141
1730000017050,49952,0.0085,-0.9998,0.0788,-0.0264,-0.0014,-0.0039
1730000017060,50000,0.0258,-0.9626,0.0777,-0.0029,-0.0194,0.004
1730000017070,50046,0.0199,-0.9237,0.0909,0.0038,0.0234,-0.0113
1730000017080,50087,0.0143,-0.9934,0.088,0.0141,-0.02,0.0107
1730000017090,50117,0.0236,-0.9865,0.0783,-0.0046,0.0378,-0.002
1730000017100,50135,0.0272,-0.9637,0.0971,-0.0143,0.0168,-0.0001
1730000017110,50138,0.015,-0.9634,0.0962,0.0138,-0.013,-0.0071
1730000017120,50127,0.0295,-0.9402,0.0726,-0.0172,-0.0134,-0.0113
1730000017130,50105,0.0263,-0.9605,0.0754,-0.0337,-0.0081,-0.0111
1730000017140,50073,0.0273,-0.9553,0.0859,-0.004,0.0169,0.0091
1730000017150,50036,0.0251,-0.9394,0.0786,-0.0231,-0.0255,0.0165
1730000017160,49998,0.008,-0.9554,0.0805,-0.0021,0.0253,0.0149
1730000017170,49962,0.013,-0.9618,0.0819,-0.0278,0.0128,0.0053
1730000017180,49931,0.0197,-0.9356,0.0634,0.0154,-0.0106,-0.0104
1730000017190,49905,0.0273,-0.968,0.0751,0.0342,-0.0257,-0.0116
1730000017200,49886,0.0125,-0.9597,0.0799,-0.0013,-0.0187,-0.0097
1730000017210,49873,0.0232,-1.0019,0.0859,-0.0056,0.0221,0.0042
1730000017220,49866,0.0248,-0.9614,0.0578,0.0077,-0.0032,0.0106
1730000017230,49862,0.0118,-0.9858,0.0906,-0.0156,0.0148,-0.0133
1730000017240,49863,0.0193,-0.9576,0.0785,-0.0054,0.0175,-0.0196
1730000017250,49865,0.0116,-0.9999,0.0707,-0.0158,0.0078,-0.0026
1730000017260,49870,0.0257,-0.9434,0.0944,-0.0058,-0.0599,0.003
1730000017270,49875,0.0317,-0.991,0.0737,0.0133,0.0096,0.0059
1730000017280,49881,0.0254,-1.005,0.0878,-0.0107,0.0434,0.0167
1730000017290,49888,0.0188,-0.9402,0.0732,0.0086,0.0105,0.0089
1730000017300,49895,0.0058,-0.9241,0.0837,0.0241,-0.0062,0.0004
1730000017310,49902,0.0189,-0.9645,0.078,0.0138,0.0456,-0.0146
1730000017320,49909,0.013,-1.0042,0.0775,-0.0027,0.0093,-0.0052
1730000017330,49916,0.0014,-0.987,0.0836,-0.0033,0.0399,0.0162
1730000017340,49923,0.0193,-0.9532,0.0862,0.0312,0.0169,-0.0013
1730000017350,49930,0.0112,-0.9833,0.0796,-0.0164,-0.0175,0.0026
1730000017360,49937,0.0046,-0.9854,0.1009,-0.0424,0.0189,0.0024
1730000017370,49944,0.0116,-0.9515,0.0677,0.0039,-0.0037,-0.0008
1730000017380,49951,0.0191,-0.9549,0.0874,0.028,-0.0105,-0.0005
1730000017390,49958,0.0257,-0.955,0.065,-0.0027,0.013,0.0175
1730000017400,49965,0.0027,-0.9471,0.067,0.0075,0.0001,-0.0064
1730000017410,49973,0.0176,-0.9589,0.0894,-0.0016,0.0195,-0.0123
1730000017420,49980,0.0128,-0.9973,0.0814,0.0072,0.0153,0.0009
1730000017430,49987,0.0283,-1.0038,0.0817,-0.0147,0.0118,-0.0045
1730000017440,49994,0.0205,-0.937,0.0934,0.0005,-0.0165,0.0087
1730000017450,50001,0.0183,-0.9738,0.0758,-0.0171,0.0039,0.0117
1730000017460,50008,0.0301,-0.9784,0.0635,-0.036,0.0037,-0.0103
1730000017470,50016,0.0207,-0.9673,0.0883,-0.042,-0.002,0.0007
1730000017480,50023,0.0165,-0.9669,0.0723,-0.0082,0.0182,-0.0094
1730000017490,50030,0.0236,-0.9558,0.0759,-0.0025,-0.0181,0.0036
1730000017500,50037,0.0122,-0.9914,0.087,0.0068,0.0118,-0.0172
1730000017510,50044,0.0028,-0.9831,0.0742,-0.0032,-0.0025,-0.0031
1730000017520,50051,0.0023,-0.9434,0.0884,0.0291,-0.0179,-0.0138
1730000017530,50058,0.0152,-0.9887,0.0789,0.0037,0.0111,-0.0193
1730000017540,50065,0.0156,-0.9654,0.0978,0.0152,-0.0096,0.0035
1730000017550,50073,0.0359,-0.9652,0.079,0.0471,0.006,0.0081
1730000017560,50080,0.026,-0.9821,0.0806,-0.0046,0.0137,0.0011
1730000017570,50087,0.0125,-0.9721,0.0851,0.0062,-0.0285,0.0112
1730000017580,50094,0.0321,-0.9719,0.0842,0.0286,0.0143,0.0008
1730000017590,50101,0.0097,-0.9335,0.0817,-0.0091,-0.007,-0.0016
1730000017600,50108,0.0023,-0.9618,0.0928,-0.0067,0.0164,-0.0022
1730000017610,50115,0.0198,-0.9734,0.0867,-0.0026,0.0291,-0.0082
1730000017620,50122,0.0215,-0.928,0.0944,-0.0213,-0.0086,0.0103
1730000017630,50129,0.0132,-0.9716,0.0819,-0.02,0.0004,-0.0088
1730000017640,50136,0.029,-0.9609,0.0845,0.0199,-0.0031,0.0011
1730000017650,50144,0.0295,-0.9986,0.0745,-0.018,0.0317,0.0044
1730000017660,50156,0.0193,-0.9529,0.0975,-0.0151,0.001,0.0087
1730000017670,50173,0.0307,-1.0042,0.0827,-0.0133,-0.0059,0.0008
1730000017680,50205,0.0124,-0.9796,0.0884,0.0103,0.0143,-0.0094
1730000017690,50262,0.0159,-0.9424,0.0805,0.0011,-0.0356,-0.0083
1730000017700,50360,0.0176,-0.9834,0.0728,-0.0061,-0.0232,0.0198
1730000017710,50516,-0.0044,-0.9652,0.0823,-0.0061,-0.0184,0.0003
1730000017720,50736,0.0141,-0.9738,0.074,-0.0494,0.0204,0.0102
1730000017730,51009,0.0226,-0.9566,0.0958,-0.0331,0.0027,-0.0097
1730000017740,51298,0.0171,-0.9802,0.0902,-0.0124,0.0434,-0.0054
1730000017750,51547,0.0091,-0.9887,0.0736,-0.0065,-0.0089,-0.0067
1730000017760,51696,0.019,-0.9984,0.0696,-0.0151,-0.0018,-0.0228
1730000017770,51707,0.0254,-0.9461,0.0729,0.0065,-0.0086,-0.0186
1730000017780,51580,0.0171,-0.9542,0.0806,0.0044,0.006,0.0086
1730000017790,51352,0.0188,-0.9634,0.0942,-0.0174,-0.0042,0.0104
1730000017800,51082,0.0242,-0.9651,0.0877,-0.0133,-0.0052,-0.0158
1730000017810,50829,0.0034,-0.9813,0.0983,0.0179,-0.0195,-0.0048
1730000017820,50631,0.0331,-0.9884,0.0844,-0.0284,-0.0075,0.0051
1730000017830,50503,0.0227,-0.978,0.072,-0.0008,0.0093,0.0039
1730000017840,50440,0.0073,-0.9745,0.0711,0.0037,-0.0265,-0.0031
1730000017850,50426,0.0379,-0.956,0.0693,-0.012,0.002,0.0063
1730000017860,50446,-0.0094,-0.9464,0.0898,0.0073,0.0096,0.0062
1730000017870,50485,0.0137,-0.9718,0.078,-0.0215,-0.0016,-0.0045
1730000017880,50534,0.0123,-0.9872,0.08,-0.0181,-0.0072,-0.0085
1730000017890,50584,0.0275,-0.9866,0.0912,-0.0407,-0.0079,0.0137
1730000017900,50629,-0.0009,-0.942,0.0736,-0.0092,-0.0372,-0.0108
1730000017910,50664,0.0157,-0.9705,0.0652,-0.02,-0.0076,-0.0013
1730000017920,50685,0.0218,-0.993,0.0884,-0.0156,-0.0283,0.0029
1730000017930,50690,0.0325,-0.931,0.0797,-0.0093,0.0085,-0.0
1730000017940,50679,0.0185,-1.0014,0.0843,0.0172,0.0006,0.008
1730000017950,50654,0.0253,-0.9799,0.1026,-0.0041,-0.0032,-0.0018
1730000017960,50619,0.0313,-0.9494,0.0842,-0.0005,0.028,0.0183
1730000017970,50578,0.0166,-0.9494,0.0626,0.0283,-0.0005,-0.0113
1730000017980,50536,0.0207,-0.956,0.0682,0.002,-0.0052,0.0209
1730000017990,50496,0.0238,-0.9611,0.0934,0.0073,-0.0077,-0.0169
1730000018000,50462,0.0294,-0.9533,0.0849,0.0084,0.0035,-0.0275
1730000018010,50435,0.0122,-0.9708,0.093,0.0379,0.004,0.005
1730000018020,50415,0.0129,-0.9915,0.059,-0.0411,-0.0249,-0.0236
1730000018030,50402,0.0176,-1.012,0.0909,-0.0035,-0.0064,0.0054
1730000018040,50394,0.0095,-0.982,0.0758,-0.0151,0.0056,0.0038
1730000018050,50390,0.0313,-0.9658,0.0947,0.0008,-0.0014,-0.0014
1730000018060,50389,0.0292,-0.9955,0.0909,-0.0086,-0.0244,-0.0048
1730000018070,50391,0.0211,-0.9544,0.0887,0.0105,0.0246,0.0167
1730000018080,50393,0.0164,-0.9785,0.0732,-0.0058,0.0058,-0.0012
1730000018090,50397,0.0126,-0.9672,0.0678,0.0106,-0.0076,0.0002
1730000018100,50401,0.0147,-0.9528,0.0851,0.0048,0.0099,-0.0029
1730000018110,50405,0.0266,-0.9669,0.0992,0.0074,0.015,-0.0025
1730000018120,50409,0.0126,-1.0091,0.0808,-0.0167,0.0233,-0.0134
1730000018130,50412,0.0244,-0.9804,0.0776,0.01,-0.017,-0.0067
1730000018140,50416,0.0184,-0.9887,0.0712,0.0133,-0.0331,0.0041
1730000018150,50420,0.035,-1.0211,0.0796,0.0024,-0.0084,0.0011
1730000018160,50424,0.0124,-0.9887,0.0805,0.022,0.0194,0.0021
1730000018170,50428,0.0251,-1.0005,0.075,-0.0192,0.0185,0.0152
1730000018180,50431,0.0233,-1.0119,0.0653,0.0209,0.001,-0.0073
1730000018190,50435,0.0324,-0.9487,0.093,-0.0078,0.021,0.0008
1730000018200,50438,0.0219,-0.9766,0.0697,-0.019,-0.0098,-0.0153
1730000018210,50441,0.0312,-0.9852,0.0897,-0.0158,0.0257,-0.0082
1730000018220,50445,0.0453,-0.9607,0.0682,0.0193,-0.0139,-0.0152
1730000018230,50448,0.0282,-0.9659,0.0771,0.0236,0.0043,0.0184
1730000018240,50451,0.0102,-0.9388,0.0748,0.0171,0.0508,0.0001
1730000018250,50454,0.0147,-1.0111,0.102,0.0169,-0.0032,0.0018
1730000018260,50457,0.0021,-0.9976,0.0815,0.0113,0.0001,0.0063
1730000018270,50459,0.0143,-0.9733,0.0836,0.0025,0.0083,0.0005
1730000018280,50462,0.0352,-0.9754,0.072,-0.0182,0.0026,-0.015
1730000018290,50464,0.0228,-1.0006,0.059,-0.0185,-0.0329,-0.0046
1730000018300,50467,0.0037,-0.9782,0.083,0.0009,-0.0107,0.0031
1730000018310,50469,-0.0011,-0.9733,0.0653,-0.0178,0.0091,0.0104
1730000018320,50472,0.025,-0.9888,0.0667,0.0048,0.027,0.0011
1730000018330,50474,0.0105,-1.0074,0.0957,-0.0256,-0.0214,0.0124
1730000018340,50476,0.0126,-0.9793,0.0849,0.0052,0.0208,-0.0078
1730000018350,50478,0.0323,-1.0025,0.0837,-0.0281,0.0242,0.0246
1730000018360,50480,0.0255,-0.9986,0.0828,-0.0156,-0.0345,-0.0041
1730000018370,50481,0.0209,-0.9919,0.0757,0.0234,-0.0274,0.0087
1730000018380,50483,0.0207,-1.006,0.0755,-0.0222,0.0065,0.0098
1730000018390,50485,0.0175,-0.9864,0.0716,-0.0015,0.0283,-0.0143
1730000018400,50486,0.0091,-1.0072,0.083,-0.0178,0.003,-0.0093
1730000018410,50488,0.0179,-0.9766,0.0526,-0.0193,-0.0039,-0.0026
1730000018420,50489,0.0149,-1.0135,0.0999,-0.0112,-0.0071,0.0062
1730000018430,50490,0.0051,-0.9954,0.0809,-0.002,0.01,-0.0095
1730000018440,50492,0.0206,-0.9662,0.0702,-0.0003,0.0181,-0.0053
1730000018450,50494,0.0377,-1.0018,0.0783,-0.0023,0.0029,-0.0064
1730000018460,50498,0.0327,-1.0054,0.0747,0.0319,0.0075,0.0
1730000018470,50508,0.0242,-0.9634,0.089,-0.0143,-0.0157,-0.0041
1730000018480,50528,0.0464,-0.9959,0.0731,0.0174,-0.0338,-0.0013
1730000018490,50570,0.0079,-0.9981,0.081,-0.0079,0.0081,0.0141
1730000018500,50646,0.0179,-0.9761,0.0734,0.008,-0.001,0.0149
1730000018510,50771,0.0127,-0.9945,0.081,0.0147,-0.0047,-0.0119
1730000018520,50955,0.003,-0.9799,0.0709,0.0097,0.0087,-0.0006
1730000018530,51195,0.0285,-1.0302,0.0783,0.0014,0.0358,-0.008
1730000018540,51466,0.028,-0.9898,0.0693,-0.0007,-0.0347,-0.0025
1730000018550,51726,0.0347,-1.0261,0.0666,-0.007,-0.0144,-0.0016
1730000018560,51918,0.0211,-1.0006,0.0827,-0.0029,0.0269,0.0087
1730000018570,51997,0.0187,-0.991,0.0819,-0.0033,0.0065,-0.0037
1730000018580,51941,0.0353,-0.9795,0.0682,-0.0118,-0.0134,-0.0177
1730000018590,51767,0.0348,-0.9738,0.0807,-0.0123,0.0178,-0.016
1730000018600,51518,0.0239,-0.9846,0.095,-0.0072,-0.0136,0.0192
1730000018610,51251,0.0239,-0.9646,0.0772,-0.0171,-0.0069,0.0076
1730000018620,51012,0.0479,-1.0037,0.0861,-0.012,0.0275,0.0138
1730000018630,50831,0.0226,-0.9832,0.0881,-0.0602,0.0276,0.0266
1730000018640,50716,0.0239,-1.0145,0.076,0.0043,0.0449,0.0093
1730000018650,50658,0.0301,-0.9875,0.0763,0.0123,0.061,-0.0057
1730000018660,50644,0.0173,-0.9742,0.0946,-0.002,-0.0202,-0.014
1730000018670,50659,0.0291,-1.0166,0.0867,-0.008,0.0172,0.0164
1730000018680,50691,0.0328,-0.9603,0.0758,-0.0102,0.0226,-0.0154
1730000018690,50731,0.0324,-1.0156,0.0804,0.0101,-0.0194,0.0056
1730000018700,50772,0.0171,-0.9993,0.092,-0.0113,0.0193,0.0102
1730000018710,50809,0.0393,-1.0151,0.0897,0.0203,-0.0033,-0.0091
1730000018720,50836,0.0095,-0.9756,0.0906,0.0271,-0.0002,-0.0027
1730000018730,50850,-0.004,-1.0006,0.0868,-0.0205,-0.0095,0.0081
1730000018740,50850,0.0252,-0.9956,0.0593,-0.0144,-0.0209,0.0127
1730000018750,50834,0.0053,-0.9837,0.0881,0.0088,-0.0088,0.0208
1730000018760,50805,0.0113,-1.0013,0.0875,0.0107,-0.0084,-0.0073
1730000018770,50765,0.0218,-1.0422,0.0617,0.0155,-0.0514,-0.0049
1730000018780,50719,0.02,-1.0084,0.0745,0.0103,-0.0057,-0.0249
1730000018790,50671,0.026,-0.9891,0.0801,-0.0178,-0.036,0.0199
1730000018800,50624,0.0194,-0.9755,0.0844,-0.002,0.0317,0.0125
1730000018810,50582,0.0319,-1.0092,0.0701,0.0226,0.0034,-0.0012
1730000018820,50545,0.0118,-1.0243,0.0911,0.0022,-0.0189,-0.0025
1730000018830,50515,0.0083,-1.0069,0.0715,0.008,0.0079,-0.0015
1730000018840,50492,0.0386,-0.9943,0.0751,0.0101,0.018,-0.0118
1730000018850,50474,0.0387,-0.9907,0.0734,0.0235,0.0164,0.0191
1730000018860,50461,0.0296,-1.0096,0.0804,-0.0011,0.0167,-0.0165
1730000018870,50451,0.026,-1.0028,0.0677,-0.0281,-0.0189,0.0049
1730000018880,50444,0.0266,-0.9912,0.0895,-0.0108,0.0126,0.0055
1730000018890,50438,0.018,-1.0099,0.0715,-0.0155,0.0062,-0.0006
1730000018900,50433,0.0046,-0.9847,0.0866,-0.0213,0.0189,0.0068
1730000018910,50428,0.0212,-1.0035,0.0925,-0.0019,0.0319,-0.001
1730000018920,50424,-0.0133,-1.0179,0.0877,0.0088,0.0161,0.0109
1730000018930,50420,0.0362,-1.0025,0.0889,0.0153,-0.0173,0.0059
1730000018940,50416,0.0307,-0.9757,0.099,0.0483,0.0043,-0.0047
1730000018950,50412,0.0272,-0.9924,0.088,0.0062,-0.0347,-0.0055
1730000018960,50408,0.0124,-1.0377,0.0856,0.0318,-0.0213,0.0099
1730000018970,50404,0.0056,-1.0092,0.0789,0.0087,0.0282,-0.0037
1730000018980,50400,0.0227,-0.9986,0.0833,-0.0234,-0.0081,-0.0011
1730000018990,50396,-0.0003,-0.9883,0.0794,-0.0138,-0.0061,-0.0006
1730000019000,50392,0.0364,-1.0057,0.0665,0.0009,0.0306,-0.0028
1730000019010,50387,0.0208,-1.0146,0.072,0.0109,0.0071,0.0018
1730000019020,50383,0.0168,-0.975,0.073,0.0133,0.0054,-0.0113
1730000019030,50378,0.0132,-1.0192,0.0828,0.0034,-0.0172,-0.0044
1730000019040,50373,0.0151,-0.9888,0.0828,0.0081,0.0237,0.0025
1730000019050,50369,0.0313,-1.0189,0.0744,0.0063,-0.0074,0.0131
1730000019060,50364,0.0087,-0.9826,0.097,-0.0166,-0.0145,0.0168
1730000019070,50359,0.0201,-1.0136,0.0731,0.0106,0.0213,-0.0245
1730000019080,50354,0.0178,-1.0072,0.0991,0.0001,0.016,-0.008
1730000019090,50349,0.0168,-1.046,0.0901,0.0218,-0.0077,-0.0114
1730000019100,50344,0.0445,-1.0065,0.0811,0.0195,0.0085,-0.0077
1730000019110,50339,0.0414,-1.0215,0.085,-0.0123,-0.003,0.0031
1730000019120,50333,0.0033,-0.9893,0.0915,-0.0105,0.0222,0.0067
1730000019130,50328,0.0251,-1.0148,0.0717,0.0066,0.0096,0.0018
1730000019140,50323,0.0025,-0.9782,0.069,0.0276,0.0418,0.0145
1730000019150,50317,0.0183,-0.9862,0.0631,-0.0056,0.0461,-0.0194
1730000019160,50312,0.0234,-0.9982,0.0853,-0.0094,0.0162,-0.0003
1730000019170,50306,0.0091,-1.0123,0.0845,-0.0294,0.0169,-0.0217
1730000019180,50300,0.0349,-1.0163,0.0944,0.0337,-0.0053,0.0155
1730000019190,50295,0.0219,-0.9862,0.0953,-0.0054,0.0186,-0.0077
1730000019200,50289,0.0359,-1.006,0.0914,0.0043,0.0132,-0.0197
1730000019210,50283,0.0196,-0.9825,0.0846,-0.0104,0.0203,-0.002
1730000019220,50277,0.0089,-0.9881,0.0794,-0.0164,-0.0257,0.0097
1730000019230,50271,0.0137,-0.9992,0.0934,-0.0065,0.0065,-0.0051
1730000019240,50265,0.0138,-1.0249,0.0966,0.0082,0.0069,-0.0
1730000019250,50259,0.0111,-0.9906,0.0698,0.0066,0.0093,-0.002
1730000019260,50253,0.0264,-0.981,0.0839,-0.0304,-0.015,-0.0008
1730000019270,50248,0.0323,-0.9948,0.082,0.001,-0.0074,0.0035
1730000019280,50243,0.0046,-1.0089,0.098,0.018,-0.0122,0.0048
1730000019290,50241,0.0158,-1.0153,0.0822,-0.015,0.0261,-0.0022
1730000019300,50244,0.0126,-0.9934,0.0778,0.0151,0.014,-0.0092
1730000019310,50258,0.027,-0.9698,0.0836,0.0205,-0.0125,0.0107
1730000019320,50293,0.0211,-0.9699,0.0824,0.0106,-0.0337,-0.0131
1730000019330,50361,0.0207,-1.0147,0.0678,-0.0496,-0.0216,0.0024
1730000019340,50476,0.0079,-0.9813,0.0615,0.0385,0.0237,-0.0243
1730000019350,50648,-0.0001,-0.9924,0.0629,-0.0146,0.0068,-0.0197
1730000019360,50874,0.0262,-0.9947,0.0655,0.0259,0.0128,-0.0066
1730000019370,51131,0.0303,-1.0056,0.0627,-0.0038,0.0017,-0.001
1730000019380,51381,0.0195,-0.9906,0.0783,0.0033,0.0209,-0.0004
1730000019390,51573,0.0271,-1.0004,0.0721,-0.0286,0.0078,0.0016
1730000019400,51660,0.007,-1.0173,0.0963,0.0077,-0.0085,0.001
1730000019410,51621,0.0133,-0.9901,0.0821,-0.031,-0.0231,0.0023
1730000019420,51463,0.0077,-0.9748,0.0775,-0.0058,0.0133,0.0022
1730000019430,51225,0.0282,-1.0058,0.0836,0.0129,-0.0055,-0.0033
1730000019440,50956,0.0243,-0.9742,0.0736,0.0098,-0.0167,-0.0155
1730000019450,50707,0.0257,-0.9926,0.0702,-0.0191,0.0066,0.0027
1730000019460,50507,0.0294,-0.9878,0.0759,0.0201,0.0394,-0.0008
1730000019470,50369,0.015,-0.9907,0.0749,-0.0272,0.0019,-0.0
1730000019480,50289,0.0113,-0.9699,0.107,0.0058,-0.018,-0.0002
1730000019490,50256,0.0249,-0.9931,0.0803,0.0067,-0.0191,0.0059
1730000019500,50256,0.0127,-0.9547,0.0736,-0.0355,0.0156,-0.0126
1730000019510,50276,0.0583,-0.9657,0.0873,-0.0174,0.0144,0.0076
1730000019520,50307,0.0176,-1.0009,0.0729,0.0096,0.0117,-0.0048
1730000019530,50342,0.0179,-0.9729,0.0928,0.0005,-0.0071,0.0065
1730000019540,50375,0.001,-1.0002,0.0718,-0.0101,0.006,0.011
1730000019550,50401,0.0407,-0.9576,0.0764,0.0047,-0.0118,0.0035
1730000019560,50417,0.0167,-0.9773,0.09,-0.0097,0.0263,0.0066
1730000019570,50419,0.0158,-1.0045,0.0958,-0.0206,0.0365,0.0198
1730000019580,50407,0.0243,-0.9839,0.0784,-0.0193,0.0189,-0.0058
1730000019590,50381,0.0191,-0.9465,0.082,0.0499,0.0326,0.0086
1730000019600,50343,0.0274,-0.9496,0.0779,-0.0105,-0.0025,-0.0113
1730000019610,50297,0.0114,-0.9971,0.0904,0.0086,-0.006,-0.0053
1730000019620,50246,0.0121,-1.0124,0.0696,-0.0329,0.0046,0.004
1730000019630,50194,0.0147,-0.9862,0.0852,0.0134,-0.0051,0.0039
1730000019640,50145,0.0222,-1.0224,0.0919,0.0113,0.0088,0.0059
1730000019650,50100,0.0335,-1.0135,0.1038,-0.0119,-0.0211,-0.0183
1730000019660,50062,0.0103,-0.987,0.0747,-0.026,0.0138,-0.0205
1730000019670,50030,0.0088,-0.9449,0.0846,-0.0047,0.0041,0.002
1730000019680,50004,0.026,-0.9839,0.0821,0.0033,-0.0114,-0.0057
1730000019690,49983,0.0317,-1.0053,0.0809,-0.0254,-0.0267,-0.0097
1730000019700,49966,0.0149,-0.9807,0.0936,-0.0096,-0.0028,-0.0031
1730000019710,49953,0.0368,-0.9705,0.0758,0.012,-0.0096,0.0041
1730000019720,49942,0.0092,-1.0145,0.0755,-0.009,-0.0159,-0.0036
1730000019730,49933,0.0196,-1.0052,0.0907,0.0101,-0.0023,0.0016
1730000019740,49924,0.0309,-0.9666,0.0881,-0.0115,0.039,-0.0038
1730000019750,49916,0.03,-0.9775,0.0796,0.0159,-0.0176,-0.019
1730000019760,49909,0.0343,-0.9724,0.0799,0.0076,-0.012,0.0162
1730000019770,49902,0.0217,-1.0018,0.0908,0.0229,0.0323,-0.0177
1730000019780,49895,0.0172,-0.9945,0.0855,0.0233,-0.008,-0.0032
1730000019790,49888,0.0233,-0.9705,0.0922,-0.0284,-0.026,0.0
1730000019800,49881,0.0143,-0.959,0.0751,0.0102,-0.0126,0.0236
1730000019810,49874,0.0138,-0.9968,0.1006,0.0417,-0.0074,-0.0053
1730000019820,49867,0.0211,-0.9837,0.0799,-0.0002,0.0255,-0.0085
1730000019830,49860,0.041,-1.0223,0.0635,0.0192,0.0075,0.0115
1730000019840,49853,0.0346,-0.9804,0.0619,0.0142,-0.0045,0.0033
1730000019850,49846,0.006,-0.9937,0.0841,0.0039,-0.0066,0.0078
1730000019860,49839,0.0182,-0.9753,0.0768,-0.0031,-0.048,0.0063
1730000019870,49832,0.0288,-0.9989,0.0651,0.01,0.0007,-0.0017
1730000019880,49826,0.0243,-0.9984,0.0718,-0.009,-0.0143,0.0117
1730000019890,49819,0.0316,-0.9899,0.0811,0.0436,-0.0058,-0.0043
1730000019900,49812,0.0267,-0.9628,0.0793,0.0076,-0.0062,-0.013
1730000019910,49806,0.0228,-0.9603,0.0692,0.0093,-0.0324,0.0007
1730000019920,49799,0.0246,-0.9547,0.0798,-0.0154,-0.0111,0.0101
1730000019930,49793,0.0092,-0.955,0.058,-0.0251,0.0135,0.0054
1730000019940,49786,0.0139,-0.984,0.0721,-0.0003,0.0238,-0.0167
1730000019950,49780,0.0292,-0.9729,0.0796,0.0292,0.0215,0.0005
1730000019960,49773,0.0317,-1.0058,0.072,0.0277,0.0212,-0.0033
1730000019970,49767,0.0076,-0.9706,0.0717,-0.0452,-0.0054,-0.01
1730000019980,49760,0.0291,-1.0104,0.0704,0.0251,-0.0075,0.0126
1730000019990,49754,0.0314,-0.9994,0.0915,0.0172,-0.0119,-0.013
1730000020000,49748,0.0302,-1.0002,0.0944,0.0156,-0.0209,-0.0235
1730000020010,49742,0.0166,-0.9689,0.067,0.0051,-0.0293,0.0128
1730000020020,49736,0.0221,-0.9318,0.0837,0.0366,0.0262,0.0052
1730000020030,49729,0.0047,-0.9703,0.0738,0.0076,-0.0167,0.0075
1730000020040,49723,0.0188,-0.985,0.081,-0.0593,0.0159,-0.0015
1730000020050,49717,0.0377,-0.9702,0.0966,-0.0169,-0.0052,-0.0075
1730000020060,49712,0.0254,-0.9632,0.0623,0.0112,-0.0141,-0.0122
1730000020070,49706,0.009,-0.9709,0.0738,0.0044,-0.0081,-0.0025
1730000020080,49700,0.0059,-0.9872,0.0908,0.0077,0.0181,-0.0014
1730000020090,49694,0.0356,-0.9993,0.0946,0.0266,-0.0204,0.0085
1730000020100,49689,0.0178,-0.9575,0.0885,0.0261,-0.0168,-0.0156
1730000020110,49683,0.0138,-0.997,0.0776,-0.0045,-0.0125,0.0114
1730000020120,49678,0.0273,-0.9626,0.0729,-0.0027,0.0316,-0.0098
1730000020130,49675,0.0179,-0.9687,0.0778,0.0353,-0.01,0.0063
1730000020140,49674,0.0146,-0.9842,0.0782,0.0216,-0.0001,0.0122
1730000020150,49680,0.0232,-0.9844,0.0731,-0.0378,0.0013,0.0075
1730000020160,49700,0.0192,-0.9719,0.0943,0.0007,0.0031,0.0001
1730000020170,49742,0.022,-1.0051,0.0676,-0.0218,0.013,-0.0094
1730000020180,49821,0.0157,-0.9606,0.0692,-0.0292,-0.03,0.0164
1730000020190,49949,0.0178,-0.9908,0.0527,0.0052,-0.0148,-0.0147
1730000020200,50132,0.0356,-0.9592,0.0766,-0.0314,0.0394,0.0132
1730000020210,50366,0.0348,-0.9601,0.0794,-0.0102,-0.0025,0.0174
1730000020220,50625,0.0179,-0.9976,0.0795,-0.0141,0.0334,-0.0127
1730000020230,50867,0.0103,-0.9805,0.0659,-0.0547,-0.0193,-0.0128
1730000020240,51043,0.0228,-0.9482,0.0846,-0.0214,0.0004,0.0059
1730000020250,51112,0.0182,-0.9981,0.0753,0.0173,0.0065,0.0038
1730000020260,51057,0.0158,-0.9771,0.0767,-0.005,-0.0255,0.0153
1730000020270,50890,0.0148,-0.9791,0.0687,-0.0136,-0.0459,0.0069
1730000020280,50649,0.0194,-0.9974,0.0837,-0.0082,-0.0159,-0.0185
1730000020290,50387,0.0113,-0.9629,0.0782,-0.0293,-0.0075,-0.0005
1730000020300,50146,0.0211,-0.9976,0.07,-0.0064,0.0078,0.0137
1730000020310,49957,0.018,-1.0048,0.077,-0.0017,-0.015,-0.0135
1730000020320,49828,0.01,-0.9673,0.0857,-0.0138,-0.0189,0.0032
1730000020330,49756,0.0229,-0.9479,0.0757,0.0188,-0.0062,-0.0129
1730000020340,49729,0.0285,-0.9605,0.087,0.0154,0.0106,-0.0055
1730000020350,49733,0.0002,-0.9849,0.08,-0.0117,0.0083,0.0141
1730000020360,49757,0.0187,-0.9898,0.0941,-0.004,-0.0006,-0.0223
1730000020370,49791,0.0025,-0.9538,0.0835,0.0252,0.0449,-0.001
1730000020380,49829,0.0198,-0.9751,0.0816,0.0213,-0.0145,0.0158
1730000020390,49865,0.0007,-0.9609,0.0929,0.0058,0.0128,-0.0114
1730000020400,49895,0.0368,-0.9481,0.0729,-0.0377,-0.0189,-0.0056
1730000020410,49914,0.0002,-0.966,0.0851,0.0021,-0.0045,0.0121
1730000020420,49921,0.023,-0.9249,0.0738,0.0061,-0.0162,-0.0024
1730000020430,49913,0.029,-0.9604,0.091,0.019,-0.0138,-0.0274
1730000020440,49892,-0.0009,-0.9291,0.0686,0.0227,-0.0109,-0.0083
1730000020450,49860,0.027,-0.9513,0.0885,-0.0101,0.0162,0.0012
1730000020460,49819,0.0384,-0.9624,0.0894,-0.0281,0.0346,0.0161
1730000020470,49773,0.0113,-0.9435,0.0716,0.0048,-0.0077,-0.0146
1730000020480,49726,0.0182,-0.9802,0.0911,-0.022,-0.0112,-0.0099
1730000020490,49682,0.0278,-0.9642,0.0884,-0.0126,0.0043,0.0099
1730000020500,49642,0.0164,-0.977,0.0816,0.0093,0.0014,-0.0127
1730000020510,49607,0.0149,-0.9907,0.1093,0.0045,-0.034,-0.0039
1730000020520,49580,0.0084,-0.9223,0.0863,-0.0093,0.0249,0.0101
1730000020530,49558,0.0127,-0.9897,0.0673,-0.0061,-0.0013,-0.0021
1730000020540,49542,0.0261,-0.9623,0.0793,0.0186,-0.0362,-0.0009
1730000020550,49530,0.0078,-0.9602,0.0887,-0.0138,-0.0417,0.0199
1730000020560,49522,0.0342,-0.9438,0.0701,0.0121,0.006,0.0038
1730000020570,49516,0.0338,-0.9233,0.0822,0.0083,0.0294,0.0009
1730000020580,49512,0.0196,-0.9659,0.0983,0.0282,-0.0503,0.0187
1730000020590,49509,0.0185,-0.9944,0.0938,0.0106,0.0031,0.0004
1730000020600,49506,0.0349,-0.9524,0.0729,-0.0361,-0.0171,-0.0048
1730000020610,49504,0.0152,-0.9441,0.0687,-0.0043,0.0303,-0.0089
1730000020620,49503,0.0252,-0.9751,0.1012,0.0094,-0.0211,-0.0113
1730000020630,49502,0.0117,-0.9919,0.0894,-0.028,0.0093,0.0024
1730000020640,49501,0.034,-0.935,0.0943,-0.0127,0.0009,-0.0112
1730000020650,49500,0.0412,-0.9684,0.0951,0.0183,-0.0085,-0.008
1730000020660,49499,0.0182,-0.9758,0.078,0.0272,0.0254,0.0183
1730000020670,49498,0.0037,-0.9891,0.076,0.0459,0.0472,-0.0047
1730000020680,49498,0.0209,-0.9618,0.0988,0.0136,0.0311,0.0026
1730000020690,49497,0.013,-0.9828,0.0729,0.0168,0.0211,0.0225
1730000020700,49497,0.0259,-0.9653,0.0736,0.0043,0.017,-0.0221
1730000020710,49496,0.0098,-0.9931,0.1006,0.0164,-0.0088,0.0044
1730000020720,49496,0.0337,-0.9754,0.0836,-0.0019,0.007,0.0027
1730000020730,49496,0.026,-0.9781,0.071,0.0052,-0.0055,0.0003
1730000020740,49496,0.0323,-0.9767,0.0781,0.0067,-0.0015,-0.0041
1730000020750,49496,0.0106,-0.9933,0.077,0.0224,0.0407,-0.0038
1730000020760,49497,0.024,-0.9545,0.0844,-0.0189,0.0175,0.0067
1730000020770,49497,0.0042,-0.9555,0.0849,-0.0178,-0.0186,0.0129
1730000020780,49497,0.0265,-0.926,0.0675,-0.01,-0.0129,-0.0082
1730000020790,49498,0.0127,-0.9662,0.0648,-0.014,-0.012,0.011
1730000020800,49498,0.0192,-0.9556,0.0772,-0.0184,-0.0043,0.0088
1730000020810,49499,0.0312,-0.9417,0.1033,0.0413,-0.0002,-0.0014
1730000020820,49500,0.0215,-0.9618,0.0748,-0.0305,0.0078,-0.0069
1730000020830,49501,0.0182,-0.9968,0.091,-0.0288,0.0381,-0.0091
1730000020840,49502,0.0249,-0.9677,0.0692,-0.0145,0.0123,-0.0046
1730000020850,49503,0.029,-0.9677,0.0733,0.0027,0.0127,0.0069
1730000020860,49504,0.0391,-0.9803,0.0683,0.0204,-0.0148,0.0009
1730000020870,49506,0.0098,-0.9739,0.0746,0.0061,0.0074,-0.0049
1730000020880,49507,0.0131,-0.9481,0.065,-0.0046,-0.0045,0.0026
1730000020890,49509,0.0324,-0.9543,0.0882,-0.0125,-0.0014,-0.0144
1730000020900,49510,0.0254,-0.9876,0.0897,-0.0048,0.0328,-0.0054
1730000020910,49512,0.0177,-0.9936,0.0901,0.0066,0.0195,-0.0197
1730000020920,49514,0.0239,-0.9336,0.0969,-0.0188,0.0425,-0.0124
1730000020930,49516,0.0094,-0.9437,0.0694,0.0019,-0.0082,0.0199
1730000020940,49518,0.0211,-0.9281,0.0864,-0.0167,0.0397,0.0017
1730000020950,49520,0.0255,-0.9562,0.0987,-0.0285,0.0332,-0.0162
1730000020960,49522,0.0106,-0.9958,0.0824,-0.0023,0.009,-0.0199
1730000020970,49525,0.0118,-0.9531,0.0885,-0.0272,-0.0056,0.0069
1730000020980,49530,0.0306,-1.0212,0.0854,-0.0159,-0.0402,0.0146
1730000020990,49537,0.0178,-0.9519,0.0886,0.0004,-0.0108,-0.0072
1730000021000,49551,0.0266,-0.9631,0.0818,-0.014,-0.0342,0.012
1730000021010,49580,0.0144,-0.9474,0.0993,0.0476,-0.009,-0.019
1730000021020,49633,0.0115,-0.9234,0.0784,0.0098,0.0045,-0.0031
1730000021030,49726,0.0295,-0.9279,0.1054,0.0076,-0.0288,0.0085
1730000021040,49872,0.0179,-0.9767,0.0563,0.0236,0.0136,0.0005
1730000021050,50078,0.0183,-0.9489,0.0734,0.019,0.0341,0.0029
1730000021060,50335,0.0276,-1.0092,0.0772,-0.0434,0.0028,0.007
1730000021070,50611,0.0224,-0.9727,0.0902,-0.0052,0.0024,-0.0
1730000021080,50858,0.0031,-0.973,0.0811,-0.01,-0.0034,0.0139
1730000021090,51021,0.0181,-0.9655,0.078,-0.0317,0.0295,-0.002
1730000021100,51061,0.0219,-0.9797,0.0664,-0.0185,0.031,0.0106
1730000021110,50969,0.0061,-0.9805,0.085,0.0298,-0.0112,-0.011
1730000021120,50771,0.0163,-0.9699,0.102,0.0073,-0.0041,-0.0044
1730000021130,50515,0.0124,-0.9751,0.0797,0.0135,-0.0336,0.0031
1730000021140,50257,0.0225,-0.9735,0.0841,0.011,-0.0329,0.0009
1730000021150,50040,0.0189,-0.9293,0.0815,0.019,-0.0202,0.0078
1730000021160,49884,0.0317,-0.9501,0.072,0.0246,-0.0251,0.004
1730000021170,49793,0.0231,-0.9693,0.0736,-0.0002,-0.0082,0.0206
1730000021180,49755,0.0334,-0.9302,0.0804,0.0007,0.0064,0.0077
1730000021190,49756,0.0242,-0.988,0.0779,0.0193,0.0562,-0.0051
1730000021200,49783,0.0161,-0.9728,0.0946,0.0047,-0.0053,0.0004
1730000021210,49824,0.021,-0.9598,0.0859,0.0155,0.0196,0.0153
1730000021220,49871,0.0174,-0.9682,0.0762,0.0068,0.0163,0.0059
1730000021230,49918,0.0197,-0.9836,0.0699,-0.0191,-0.0142,-0.0023
1730000021240,49958,0.0303,-0.9513,0.0654,-0.0286,-0.0056,0.0075
1730000021250,49989,0.0185,-0.9659,0.0763,0.017,0.0071,-0.0015
1730000021260,50006,0.0062,-0.9629,0.0763,0.0029,-0.0316,0.0165
1730000021270,50008,0.0212,-0.9437,0.087,0.0164,-0.0095,-0.0063
1730000021280,49995,0.0063,-0.9521,0.0831,0.0117,-0.0185,-0.0006
1730000021290,49970,0.0086,-1.0005,0.08,-0.0291,0.069,0.0049
1730000021300,49936,0.0324,-0.9486,0.0825,-0.0217,0.0049,0.0172
1730000021310,49897,0.011,-0.9448,0.0781,0.0177,-0.013,0.0105
1730000021320,49857,0.033,-0.9708,0.0811,0.0112,0.0134,0.0141
1730000021330,49819,0.0191,-0.9697,0.081,0.0076,-0.0285,0.0063
1730000021340,49786,0.0319,-0.9635,0.0841,-0.0088,0.0072,-0.0011
1730000021350,49759,0.0218,-0.9805,0.0853,0.0243,-0.007,0.0016
1730000021360,49740,0.0314,-0.9708,0.0695,0.0112,-0.0038,0.0034
1730000021370,49726,0.0193,-0.9602,0.0791,-0.0101,0.0204,-0.0018
1730000021380,49719,0.0271,-0.9338,0.0737,-0.0028,0.0016,-0.0021
1730000021390,49715,0.0255,-0.9884,0.0689,-0.0092,0.0044,0.0056
1730000021400,49715,0.0259,-0.9736,0.0621,0.0126,-0.0145,0.0035
1730000021410,49717,0.0193,-0.9876,0.0834,0.0045,0.0172,0.0021
1730000021420,49721,0.0402,-0.9852,0.1005,0.0346,-0.006,-0.0123
1730000021430,49726,0.0156,-0.9747,0.0857,0.0123,0.0126,-0.0179
1730000021440,49731,0.0003,-0.9649,0.0933,0.003,0.0369,-0.0112
1730000021450,49737,0.0208,-0.9448,0.0815,0.0275,0.0188,-0.0029
1730000021460,49743,0.0171,-0.9959,0.0808,0.039,-0.0319,-0.0011
1730000021470,49749,0.0309,-0.9628,0.0626,-0.0018,0.011,0.002
1730000021480,49755,0.0171,-0.9685,0.0942,-0.0174,0.033,-0.0056
1730000021490,49762,0.0206,-0.9717,0.0887,0.0271,-0.0025,-0.0182
1730000021500,49768,0.0158,-1.0,0.06,-0.0083,-0.0058,-0.0017
1730000021510,49774,0.0038,-0.9574,0.0968,-0.0072,0.0346,-0.0164
1730000021520,49781,0.0286,-0.9542,0.0805,0.0028,0.0036,-0.0098
1730000021530,49787,0.0062,-0.9502,0.0853,0.0095,-0.0061,-0.009
1730000021540,49794,0.0109,-0.9981,0.0706,0.0125,0.01,-0.0025
1730000021550,49800,0.0354,-0.9817,0.0817,0.0346,0.0361,0.0143
1730000021560,49807,0.0341,-0.9886,0.0769,-0.0127,0.0293,-0.0134
1730000021570,49814,0.0156,-0.9828,0.072,-0.0176,0.0337,0.008
1730000021580,49820,0.0218,-0.9946,0.0748,0.005,-0.0045,-0.0011
1730000021590,49827,0.0148,-0.9641,0.0815,0.0141,0.0198,0.0068
1730000021600,49834,0.0173,-0.9696,0.0532,-0.0109,0.0175,0.0001
1730000021610,49840,0.0084,-0.9948,0.0766,-0.0126,-0.0156,0.0105
1730000021620,49847,0.0354,-0.963,0.07,0.033,0.0292,-0.0005
1730000021630,49854,0.0274,-0.9875,0.0699,0.0364,0.0125,0.0005
1730000021640,49861,0.0229,-0.9691,0.0871,0.0232,0.0331,-0.0088
1730000021650,49868,0.02,-0.971,0.0651,0.0338,0.0041,-0.0149
1730000021660,49875,0.0207,-0.9806,0.0681,0.0259,0.0067,0.0034
1730000021670,49882,0.0328,-0.9415,0.0807,-0.0167,-0.0094,0.0048
1730000021680,49889,0.0164,-0.967,0.0921,0.0284,-0.0168,-0.0025
1730000021690,49896,0.0325,-0.9848,0.0796,0.0082,0.0261,-0.0045
1730000021700,49903,0.0277,-0.9738,0.085,-0.0011,0.0047,-0.0116
1730000021710,49910,0.0112,-0.9937,0.0792,0.0023,0.0054,0.0055
1730000021720,49917,0.0045,-0.9642,0.0753,-0.03,-0.0142,0.0075
1730000021730,49924,0.007,-0.9459,0.0679,-0.0043,0.0051,-0.0091
1730000021740,49931,0.0108,-0.9626,0.0749,-0.0172,-0.0012,0.0013
1730000021750,49938,0.0262,-0.9861,0.0902,-0.006,-0.0313,-0.0096
1730000021760,49945,0.0226,-0.9734,0.0575,-0.0267,0.0033,0.0041
1730000021770,49952,0.0058,-0.9673,0.0785,0.0004,0.0003,0.0031
1730000021780,49960,0.0206,-0.9589,0.0806,0.0217,0.0,-0.0034
1730000021790,49967,-0.0053,-0.9594,0.0855,-0.0324,-0.0422,-0.0005
1730000021800,49975,0.0104,-0.9808,0.0943,-0.0016,0.0051,0.004
1730000021810,49984,0.0238,-1.0203,0.0862,0.0441,-0.0047,0.0104
1730000021820,49996,0.0298,-0.9419,0.0748,0.0339,-0.0317,0.0022
1730000021830,50014,0.0243,-0.9795,0.0691,0.0233,-0.0202,-0.0003
1730000021840,50046,0.0221,-0.9829,0.0786,-0.005,-0.013,-0.0078
1730000021850,50102,0.0258,-0.9558,0.0825,-0.0121,0.0027,0.0213
1730000021860,50195,0.0218,-1.0048,0.0589,0.0224,-0.0221,-0.0013
1730000021870,50338,0.0134,-0.9802,0.0948,0.0126,-0.003,-0.0067
1730000021880,50539,0.0031,-0.9712,0.0799,-0.0364,-0.0153,-0.0145
1730000021890,50791,0.0144,-0.9692,0.0647,-0.0008,-0.0164,0.0081
1730000021900,51066,0.025,-0.9669,0.0687,-0.0301,0.0308,-0.0019
1730000021910,51320,0.0077,-0.9902,0.0929,-0.022,0.0145,-0.0199
1730000021920,51501,0.0406,-0.9769,0.0744,-0.0196,-0.0371,-0.0046
1730000021930,51568,0.0109,-0.9701,0.079,-0.0002,0.0109,0.0128
1730000021940,51507,0.0134,-1.0023,0.0838,-0.0178,-0.038,-0.0124
1730000021950,51335,0.0386,-0.9677,0.0794,-0.0154,0.0237,-0.0006
1730000021960,51096,0.0005,-1.0283,0.0677,0.0098,-0.036,-0.0148
1730000021970,50842,0.0313,-0.9346,0.0592,-0.0233,-0.0066,-0.0068
1730000021980,50617,0.0165,-1.0249,0.0726,-0.002,-0.0303,0.0027
1730000021990,50448,0.0087,-0.9971,0.0969,-0.0329,0.0336,-0.0183
1730000022000,50342,0.0173,-0.9764,0.0891,-0.028,0.0182,0.0112
1730000022010,50292,0.0289,-1.0166,0.0854,0.0102,-0.0079,0.0178
1730000022020,50285,0.0201,-0.99,0.0799,0.0048,0.0061,0.0071
1730000022030,50306,0.0177,-1.0117,0.0904,-0.0087,-0.0023,0.0009
1730000022040,50344,0.018,-0.971,0.081,0.0136,0.0318,0.0069
1730000022050,50391,0.0233,-0.9612,0.0768,-0.0127,0.0159,-0.0027
1730000022060,50440,0.012,-0.9918,0.0844,-0.024,0.0116,-0.0137
1730000022070,50485,0.0219,-0.9592,0.083,0.0172,0.0035,0.0152
1730000022080,50522,0.023,-0.9692,0.0725,-0.0088,-0.0022,-0.0052
1730000022090,50547,0.0071,-1.0137,0.1015,-0.0047,0.0003,0.0112
1730000022100,50559,0.0228,-0.9635,0.0737,-0.008,-0.0023,-0.0026
1730000022110,50555,0.0043,-0.9631,0.0748,-0.0001,-0.0149,0.0026
1730000022120,50539,0.0197,-0.9955,0.0961,0.0085,-0.0111,-0.0012
1730000022130,50511,0.0208,-0.9555,0.0944,0.009,-0.046,-0.0111
1730000022140,50476,0.024,-1.0134,0.0835,-0.0347,0.0294,-0.0018
1730000022150,50438,0.0174,-1.0101,0.0721,-0.0431,0.0024,-0.0016
1730000022160,50401,0.0257,-0.9882,0.0887,0.009,0.0074,0.0035
1730000022170,50366,0.0143,-0.9861,0.0801,0.0058,-0.0358,0.0143
1730000022180,50337,0.0104,-0.972,0.0817,-0.0163,0.0256,0.0041
1730000022190,50314,0.0141,-1.0136,0.0853,0.0079,-0.0049,0.0105
1730000022200,50297,0.0326,-0.9603,0.0758,-0.0177,0.0072,-0.0006
1730000022210,50287,0.0181,-1.0152,0.0776,-0.0063,-0.0071,-0.008
1730000022220,50281,0.0213,-1.0047,0.0763,0.0143,0.0062,0.0089
1730000022230,50279,0.017,-1.0218,0.093,0.034,-0.0226,0.0043
1730000022240,50280,0.0241,-1.0122,0.0737,-0.0635,0.0224,-0.0055
1730000022250,50283,0.0256,-0.9535,0.0872,0.0081,0.019,-0.0068
1730000022260,50287,0.0173,-0.9795,0.0843,-0.0009,-0.0029,0.0164
1730000022270,50291,0.0265,-0.9637,0.0896,-0.0023,-0.0014,0.004
1730000022280,50296,0.0163,-0.9515,0.0705,0.0041,-0.0123,-0.0113
1730000022290,50302,0.0218,-0.9705,0.0858,-0.0167,-0.0186,0.0019
1730000022300,50307,0.0147,-0.9701,0.0885,0.0048,-0.0057,-0.0295
1730000022310,50313,0.0175,-1.0008,0.077,0.0008,-0.0383,-0.0046
1730000022320,50318,0.0255,-0.9878,0.0835,-0.0368,0.0168,0.0005
1730000022330,50324,0.0177,-1.0093,0.0596,-0.0211,0.0173,0.0111
1730000022340,50329,0.0077,-0.9684,0.0899,0.0105,-0.0406,-0.0102
1730000022350,50334,0.0067,-0.973,0.0913,-0.0081,0.0335,-0.0023
1730000022360,50340,0.021,-0.9803,0.0817,0.0087,-0.0071,-0.0061
1730000022370,50345,0.0125,-1.0057,0.0869,0.0156,-0.0418,-0.0041
1730000022380,50350,0.0317,-0.9964,0.0876,0.0227,-0.0076,-0.0153
1730000022390,50355,0.0333,-1.0003,0.0657,0.0242,-0.0126,-0.0069
1730000022400,50360,0.0089,-0.9974,0.0808,-0.0183,0.0012,-0.014
1730000022410,50365,0.0185,-0.9892,0.0879,-0.0022,0.0164,-0.0086
1730000022420,50370,0.0193,-0.953,0.0678,-0.0169,-0.0075,-0.0065
1730000022430,50374,0.0375,-1.0098,0.0789,-0.0018,0.0209,-0.0092
1730000022440,50379,0.0056,-0.9811,0.0765,0.0021,-0.0166,-0.0036
1730000022450,50383,0.0113,-1.0067,0.0777,0.0078,-0.0252,0.0074
1730000022460,50388,0.0342,-0.9696,0.07,0.0097,0.034,0.0031
1730000022470,50392,0.0144,-1.0042,0.0706,0.0006,0.023,-0.0017
1730000022480,50397,0.0328,-1.0012,0.0787,-0.012,-0.0094,0.0179
1730000022490,50401,0.0162,-0.9888,0.0799,0.0175,0.0433,0.0099
1730000022500,50405,0.0152,-0.9642,0.0792,-0.0044,0.0255,0.001
1730000022510,50409,0.0231,-1.0416,0.0924,-0.0188,-0.0128,-0.0038
1730000022520,50413,0.0233,-0.983,0.0886,0.0021,-0.0064,0.0046
1730000022530,50417,0.0134,-1.0062,0.0776,0.0096,-0.0446,-0.0026
1730000022540,50421,0.0138,-0.9712,0.0718,0.0181,0.0011,-0.0057
1730000022550,50425,0.0143,-1.0045,0.0831,-0.0191,-0.0176,-0.0013
1730000022560,50428,0.0326,-0.9854,0.0752,-0.0165,-0.0058,0.0034
1730000022570,50432,0.0378,-0.9856,0.074,-0.037,-0.0332,0.0138
1730000022580,50435,0.0289,-0.9761,0.0789,-0.0089,0.0008,0.004
1730000022590,50439,0.0142,-1.0036,0.0815,0.0065,0.0125,0.0058
1730000022600,50442,0.0246,-1.0016,0.0923,-0.016,-0.0116,0.001
1730000022610,50445,0.0245,-0.9648,0.0878,-0.0307,0.0116,-0.0103
1730000022620,50448,0.0292,-1.0106,0.0885,-0.0056,0.0409,-0.0176
1730000022630,50451,0.0209,-1.01,0.0787,-0.0277,0.0002,0.0072
1730000022640,50455,0.0084,-1.0144,0.0912,-0.025,-0.0184,-0.0127
1730000022650,50459,0.0322,-0.9882,0.0884,-0.0125,0.0085,-0.0018
1730000022660,50466,0.027,-1.0111,0.0734,0.0463,0.0071,0.0006
1730000022670,50478,0.0355,-1.0273,0.0853,-0.0141,0.0118,-0.0085
1730000022680,50502,0.0279,-1.0002,0.0584,0.013,0.0082,0.0013
1730000022690,50547,0.0295,-0.9704,0.0798,0.0192,0.0342,-0.0083
1730000022700,50626,0.0093,-0.9791,0.062,0.0189,-0.0025,0.0003
1730000022710,50754,0.0157,-0.9859,0.0778,-0.0022,-0.006,0.0204
1730000022720,50939,0.0311,-1.0095,0.0824,0.0102,-0.0125,0.0062
1730000022730,51178,0.0164,-1.0028,0.0912,0.001,0.0087,0.0138
1730000022740,51447,0.0247,-0.9832,0.0558,0.0116,-0.0045,-0.0228
1730000022750,51705,0.0129,-0.9823,0.0755,0.0047,-0.0123,-0.0009
1730000022760,51899,0.0164,-0.9643,0.091,0.0045,0.0093,-0.0164
1730000022770,51983,0.0239,-0.996,0.0743,0.0137,-0.0062,0.0196
1730000022780,51939,0.0211,-0.9917,0.0681,0.0235,0.0031,0.005
1730000022790,51778,0.0219,-0.9831,0.0817,0.0268,0.0294,0.0066
1730000022800,51539,0.0087,-0.997,0.0874,0.0044,0.0086,0.0002
1730000022810,51277,0.0343,-0.9941,0.0763,-0.0005,0.0005,-0.0174
1730000022820,51039,0.0244,-1.0032,0.071,-0.0197,-0.0052,-0.0253
1730000022830,50854,0.016,-0.9769,0.0767,-0.0251,-0.0196,-0.0001
1730000022840,50732,0.0033,-1.0148,0.0785,-0.0235,-0.0005,0.0023
1730000022850,50668,0.0136,-1.0101,0.0744,-0.0082,0.026,-0.0083
1730000022860,50649,0.0251,-1.0068,0.0862,0.0011,0.0034,-0.0131
1730000022870,50660,0.0256,-0.9706,0.096,0.0084,-0.0322,-0.005
1730000022880,50691,0.0132,-0.9946,0.0818,0.0031,0.0213,-0.0112
1730000022890,50731,0.0209,-1.0352,0.0845,-0.0202,0.0047,0.023
1730000022900,50773,0.0277,-0.9587,0.0664,-0.0019,0.0063,-0.0096
1730000022910,50813,0.0222,-1.007,0.0712,-0.0153,-0.0108,-0.0114
1730000022920,50845,0.0191,-0.958,0.0719,-0.0185,0.0024,0.0079
1730000022930,50865,0.0412,-0.9636,0.1069,0.0192,0.025,-0.0003
1730000022940,50871,0.0222,-0.9902,0.0919,0.0201,0.0031,0.0033
1730000022950,50863,0.0094,-1.0068,0.0743,0.0229,0.0076,0.0077
1730000022960,50840,0.0275,-1.0288,0.0813,0.0339,0.0078,-0.0017
1730000022970,50807,0.0072,-0.9471,0.0908,0.0178,-0.008,-0.0057
1730000022980,50765,0.0109,-0.9977,0.0722,0.0278,0.0346,0.0082
1730000022990,50720,0.0254,-0.9996,0.0818,-0.0162,0.0468,0.0044
1730000023000,50675,0.0322,-1.0275,0.0893,0.0146,0.0205,-0.0007
1730000023010,50633,0.0422,-0.9876,0.08,0.0099,-0.0122,-0.0037
1730000023020,50596,0.0204,-1.0503,0.0856,0.0208,-0.0106,0.0097
1730000023030,50565,0.0253,-0.9726,0.0718,0.0387,-0.005,0.0074
1730000023040,50541,0.0179,-1.0341,0.0725,0.0071,-0.0165,-0.0062
1730000023050,50522,0.0095,-1.0137,0.0635,-0.0256,-0.0162,0.006
1730000023060,50509,0.0037,-0.9938,0.0984,-0.0146,0.0064,0.0079
1730000023070,50499,0.0169,-0.9342,0.0748,0.0254,0.0085,0.0025
1730000023080,50492,0.0127,-0.9835,0.0686,0.0079,-0.0117,0.0108
1730000023090,50487,0.017,-0.9896,0.0837,-0.0183,-0.005,-0.0005
1730000023100,50483,0.0096,-0.9988,0.0836,0.012,0.0195,0.0033
1730000023110,50481,0.0184,-1.0112,0.0993,-0.0338,0.0145,0.0064
1730000023120,50478,0.0293,-0.9485,0.0845,0.0108,0.0099,0.0084
1730000023130,50476,0.012,-0.9689,0.0765,-0.0322,0.0218,-0.0031
1730000023140,50473,0.0334,-0.9886,0.0851,-0.0091,0.0172,0.0036
1730000023150,50471,0.0221,-0.9938,0.0787,-0.0226,-0.0058,0.0222
1730000023160,50469,0.0345,-0.9842,0.0665,0.0013,-0.0001,0.0024
1730000023170,50466,0.0248,-0.9754,0.079,-0.0147,-0.0344,-0.0081
1730000023180,50464,0.0302,-0.9535,0.0853,-0.0027,0.0049,-0.0258
1730000023190,50461,0.0052,-1.0223,0.0678,0.0043,0.0114,-0.0246
1730000023200,50459,0.0401,-0.9733,0.0884,-0.0183,-0.0162,0.004
1730000023210,50456,0.0129,-0.9691,0.0854,-0.0018,0.0287,-0.0014
1730000023220,50453,0.0157,-1.0181,0.0705,0.0383,0.0078,-0.0078
1730000023230,50450,0.0067,-0.9871,0.0712,-0.0167,-0.0009,-0.0028
1730000023240,50447,0.0103,-0.9888,0.0731,0.0171,-0.0017,-0.0034
1730000023250,50444,0.0266,-0.987,0.0847,0.0234,0.0127,0.0035
1730000023260,50441,0.0232,-1.0046,0.0818,0.0307,0.0153,-0.005
1730000023270,50437,0.0078,-0.9979,0.0695,0.0206,0.02,0.0119
1730000023280,50434,0.0155,-1.0337,0.0677,0.0057,0.0219,0.0057
1730000023290,50431,0.0212,-0.9908,0.0834,0.0384,0.0077,-0.0001
1730000023300,50427,0.0264,-1.0227,0.0802,-0.0251,0.0189,-0.0024
1730000023310,50423,0.0248,-1.0175,0.1031,-0.0154,0.0082,0.0112
1730000023320,50420,0.0135,-0.9939,0.0788,0.0103,-0.0486,-0.01
1730000023330,50416,0.0258,-0.9817,0.0796,0.0111,-0.0099,-0.0199
1730000023340,50412,0.0048,-0.9662,0.0712,-0.0299,0.0169,-0.0107
1730000023350,50408,0.0084,-0.9868,0.0708,0.023,0.0004,0.0053
1730000023360,50404,0.0095,-0.9883,0.0887,-0.0177,-0.0274,-0.0123
1730000023370,50399,0.0196,-0.9436,0.0597,-0.0209,-0.0179,-0.0224
1730000023380,50395,0.0297,-0.9856,0.0695,-0.0049,-0.0247,-0.0163
1730000023390,50391,0.0159,-0.975,0.0825,-0.0235,0.0154,0.0029
1730000023400,50386,0.009,-0.9589,0.0641,0.0235,-0.0141,0.001
1730000023410,50382,0.0286,-1.0104,0.0741,-0.009,0.0276,0.007
1730000023420,50377,0.0217,-0.9792,0.0757,-0.0024,0.0245,0.0238
1730000023430,50373,0.0262,-1.0108,0.0832,-0.0457,0.0215,0.0026
1730000023440,50368,0.0124,-0.9817,0.0684,-0.0205,0.0118,0.017
1730000023450,50363,0.0148,-1.0023,0.0734,-0.0052,-0.0038,0.0069
1730000023460,50358,0.0195,-1.0,0.073,0.0109,0.0097,0.0128
1730000023470,50353,0.0191,-1.003,0.0911,0.0093,0.0289,0.0127
1730000023480,50349,0.0269,-0.9871,0.0793,0.0228,0.0242,-0.0008
1730000023490,50345,0.0346,-1.0006,0.0709,0.0112,-0.0075,0.0023
1730000023500,50343,0.0239,-0.975,0.0764,-0.0243,-0.0066,0.0259
1730000023510,50346,0.0319,-0.9631,0.066,0.0148,0.0003,0.0032
1730000023520,50358,0.0025,-0.9416,0.0711,0.0166,0.0143,0.0123
1730000023530,50389,0.0318,-0.986,0.069,0.0214,0.0206,-0.0007
1730000023540,50451,0.0241,-0.9854,0.0709,-0.0099,0.0084,0.0151
1730000023550,50556,0.0145,-0.9662,0.0726,0.0335,-0.0065,0.0059
1730000023560,50715,0.0197,-1.0029,0.0902,-0.0049,-0.0122,0.0168
1730000023570,50930,0.0191,-1.0002,0.0873,-0.0258,0.0216,0.0095
1730000023580,51182,0.0273,-0.984,0.0736,0.0105,0.0265,0.0024
1730000023590,51437,0.0036,-0.9315,0.0929,0.0043,0.0289,0.01
1730000023600,51646,0.0139,-0.9862,0.0702,-0.0083,-0.0104,0.0106
1730000023610,51762,0.0229,-0.9699,0.0802,0.0465,-0.0036,-0.0062
1730000023620,51756,0.0117,-0.9608,0.0575,0.0055,-0.0064,0.0074
1730000023630,51629,0.0088,-0.9975,0.0781,0.0154,0.0176,0.0161
1730000023640,51410,0.0196,-1.0032,0.0918,0.0372,0.0077,-0.0035
1730000023650,51148,0.0279,-0.9805,0.0725,0.0042,-0.0052,-0.008
1730000023660,50891,0.0445,-0.9776,0.0859,-0.0084,0.0079,-0.0055
1730000023670,50677,0.0287,-0.9655,0.0855,0.0153,0.0078,-0.0007
1730000023680,50521,0.022,-0.9695,0.079,-0.0096,-0.0392,0.0123
1730000023690,50426,0.0143,-0.9757,0.0724,0.0129,0.0088,-0.0105
1730000023700,50380,0.0381,-0.9811,0.0863,0.0045,-0.0138,-0.0032
1730000023710,50371,0.0389,-1.0103,0.0761,0.0232,-0.0283,-0.0125
1730000023720,50386,0.016,-0.9925,0.0722,-0.0159,-0.0054,0.0132
1730000023730,50415,0.0098,-0.9428,0.0857,-0.0257,0.0141,-0.0004
1730000023740,50449,0.0232,-0.9416,0.0902,-0.0081,-0.005,-0.0111
1730000023750,50483,0.0216,-1.0018,0.0896,-0.0024,0.0266,-0.0165
1730000023760,50513,0.0133,-0.975,0.083,-0.0155,-0.0208,0.0094
1730000023770,50533,0.0095,-0.9713,0.0807,-0.0032,-0.0118,0.0193
1730000023780,50541,0.0147,-1.0454,0.0782,0.0243,0.0008,-0.0026
1730000023790,50535,0.0376,-0.9827,0.0736,-0.0067,-0.0021,0.0036
1730000023800,50515,0.0344,-0.976,0.0915,-0.0114,0.0169,-0.0185
1730000023810,50482,0.0081,-0.988,0.0874,0.0064,-0.0081,-0.0127
1730000023820,50440,0.0269,-1.0394,0.0804,-0.0108,0.0073,-0.0001
1730000023830,50391,0.0252,-0.9725,0.0931,0.0217,0.0204,0.0019
1730000023840,50340,0.0221,-0.9507,0.0798,-0.0036,-0.0302,0.0047
1730000023850,50290,0.0252,-0.9582,0.0767,-0.0184,-0.0259,0.0008
1730000023860,50243,0.0185,-0.9726,0.0842,0.0198,0.0253,0.0045
1730000023870,50202,0.0003,-0.9924,0.0892,-0.0163,-0.0255,-0.0063
1730000023880,50168,0.0223,-0.9918,0.0749,-0.0244,0.0322,0.0093
1730000023890,50139,0.0085,-1.0313,0.0815,-0.0141,0.0058,-0.0054
1730000023900,50116,0.0224,-0.9749,0.0614,-0.0003,-0.0244,0.0014
1730000023910,50098,0.0246,-0.9859,0.0879,0.0151,0.0307,-0.0167
1730000023920,50083,0.0228,-0.9617,0.0844,-0.0047,0.0135,0.0061
1730000023930,50071,0.039,-0.9542,0.0582,-0.0028,0.0227,-0.005
1730000023940,50061,0.022,-0.9758,0.0659,-0.0439,0.0389,-0.0136
1730000023950,50052,0.0154,-0.9715,0.0862,-0.0106,0.0111,0.0162
1730000023960,50044,0.0316,-0.9981,0.0791,-0.0059,0.0041,0.0046
1730000023970,50036,0.0187,-0.9684,0.0755,0.0018,0.0503,0.0179
1730000023980,50029,0.0118,-1.021,0.0698,0.0248,-0.0133,0.0008
1730000023990,50021,0.0199,-0.963,0.0777,-0.0094,-0.0236,-0.0005
1730000024000,50014,0.0198,-0.9767,0.0845,-0.0118,0.0319,-0.0001
1730000024010,50007,0.0381,-1.0039,0.0727,-0.0246,-0.0446,-0.0086
1730000024020,50000,0.0163,-0.9999,0.0896,0.0137,-0.0113,0.0059
1730000024030,49993,0.0127,-0.9779,0.0677,-0.0212,0.0009,-0.0141
1730000024040,49986,0.0142,-0.9451,0.0928,0.0047,0.0399,0.0029
1730000024050,49978,0.0299,-0.9711,0.0799,-0.0229,-0.0495,-0.005
1730000024060,49971,0.0219,-0.9796,0.073,0.0126,0.0088,0.0089
1730000024070,49964,0.015,-0.9497,0.0792,0.0326,-0.027,0.0189
1730000024080,49957,0.0326,-0.9849,0.0771,-0.0001,0.027,-0.0005
1730000024090,49950,-0.0036,-0.9766,0.0914,-0.002,0.0119,0.0007
1730000024100,49943,0.0039,-0.9569,0.0748,0.0356,-0.0017,0.0035
1730000024110,49936,0.017,-0.9919,0.0798,-0.0002,-0.0001,-0.0077
1730000024120,49928,-0.002,-0.9767,0.0673,0.0168,0.0281,0.0129
1730000024130,49921,0.0184,-0.9835,0.0743,0.0064,-0.0131,0.006
1730000024140,49914,0.0218,-0.9705,0.0741,-0.002,0.0068,-0.0132
1730000024150,49907,0.0243,-0.945,0.0832,-0.0031,-0.0189,0.0007
1730000024160,49900,0.0031,-0.9655,0.0708,-0.0144,-0.035,0.0053
1730000024170,49893,0.0282,-0.9735,0.0824,0.0174,0.0343,-0.0037
1730000024180,49886,0.022,-0.9715,0.0833,-0.0184,0.0109,-0.0019
1730000024190,49879,0.0143,-0.9827,0.0646,0.0183,-0.0164,0.0109
1730000024200,49872,0.0122,-0.9496,0.0769,-0.0106,0.0193,0.0064
1730000024210,49865,0.0082,-0.9826,0.0741,-0.0117,0.0039,0.0056
1730000024220,49858,0.0107,-0.9859,0.0925,0.032,-0.016,0.0034
1730000024230,49852,0.0143,-0.9844,0.0965,-0.0085,0.0019,-0.0156
1730000024240,49845,0.0113,-0.9698,0.0824,-0.002,-0.0246,0.008
1730000024250,49838,0.01,-0.9971,0.0889,-0.0086,-0.0358,0.006
1730000024260,49831,0.0221,-0.9486,0.0674,0.0004,0.0064,0.0079
1730000024270,49824,0.0103,-0.9516,0.0856,0.0211,0.0122,0.0065
1730000024280,49818,0.0243,-1.0094,0.0743,0.0223,0.0063,0.0029
1730000024290,49811,0.0153,-0.9657,0.065,0.0096,0.006,-0.0098
1730000024300,49804,0.0237,-0.9786,0.077,0.0014,-0.0222,-0.0131
1730000024310,49798,-0.0085,-0.9757,0.0822,0.0047,0.0003,-0.0011
1730000024320,49792,0.0181,-0.971,0.0777,-0.0148,0.0302,0.0047
1730000024330,49786,0.0076,-0.9613,0.0832,0.0087,-0.0026,0.0026
1730000024340,49781,0.0078,-0.9967,0.0927,-0.0003,-0.0273,-0.0057
1730000024350,49780,-0.0093,-0.9837,0.0938,0.0066,-0.0228,-0.0021
1730000024360,49788,0.0281,-0.9584,0.0906,0.0178,0.0238,-0.008
1730000024370,49811,0.018,-1.0056,0.0776,0.0218,0.0303,-0.0034
1730000024380,49863,0.0335,-0.9527,0.0826,0.0207,0.0054,0.0133
1730000024390,49960,0.0222,-0.9558,0.0801,0.0005,0.0184,-0.0051
1730000024400,50116,0.0279,-0.9956,0.0788,-0.0213,0.0144,0.0005
1730000024410,50335,0.0257,-0.9727,0.0871,-0.0128,0.0265,-0.0124
1730000024420,50599,0.0338,-0.9666,0.0705,0.0306,0.0082,-0.0023
1730000024430,50869,0.0177,-0.9653,0.0899,0.0158,-0.0201,-0.013
1730000024440,51089,0.0081,-0.9426,0.0815,-0.031,-0.0357,0.0057
1730000024450,51202,0.0171,-0.9557,0.0831,0.0098,0.003,-0.0148
1730000024460,51178,0.0319,-0.952,0.089,-0.002,-0.0004,-0.0055
1730000024470,51021,0.0145,-0.9621,0.0751,0.0223,-0.0075,0.0109
1730000024480,50773,0.0149,-0.9942,0.0918,-0.0072,-0.0013,-0.0006
1730000024490,50494,0.0258,-0.9413,0.0862,-0.0123,-0.0114,0.0062
1730000024500,50236,0.0314,-0.9851,0.0658,-0.0098,0.0064,0.0005
1730000024510,50036,0.0304,-0.9732,0.0706,-0.0038,-0.0242,0.0019
1730000024520,49905,0.0284,-0.9676,0.0759,0.026,-0.0265,-0.0073
1730000024530,49836,0.0474,-0.9833,0.086,0.0001,-0.0337,0.002
1730000024540,49815,0.0178,-0.9806,0.0841,-0.0082,-0.0163,-0.0034
1730000024550,49825,0.0124,-0.926,0.0744,0.0083,0.0012,-0.0074
1730000024560,49854,0.0272,-0.9715,0.0881,-0.0326,-0.0168,-0.0224
1730000024570,49891,0.0193,-0.9638,0.064,-0.0173,0.0188,-0.0063
1730000024580,49930,0.02,-0.9503,0.079,0.0221,-0.0039,0.0018
1730000024590,49964,0.0169,-0.9701,0.0774,-0.0027,-0.0063,0.0045
1730000024600,49988,0.0141,-0.956,0.0766,0.0018,-0.0186,0.0037
1730000024610,49998,0.0132,-0.9802,0.0944,-0.0112,0.0087,0.0029
1730000024620,49993,0.0236,-0.9452,0.0876,-0.0315,-0.0052,0.0029
1730000024630,49972,0.0078,-0.9779,0.0759,-0.0235,-0.0156,0.0022
1730000024640,49938,0.0266,-0.9819,0.085,0.0063,0.0409,0.0098
1730000024650,49893,0.0073,-0.9241,0.0739,-0.0181,-0.0153,0.0005
1730000024660,49843,0.0111,-0.9842,0.0871,-0.0205,-0.0001,-0.0189
1730000024670,49792,0.0135,-0.9647,0.0791,0.0148,0.034,0.0024
1730000024680,49744,0.02,-0.9396,0.0908,0.008,0.0068,-0.0186
1730000024690,49700,0.007,-0.9661,0.0897,-0.0307,0.0054,-0.0007
1730000024700,49664,0.0281,-0.9566,0.0793,-0.0033,-0.0205,0.0139
1730000024710,49634,0.0203,-0.9622,0.0893,0.0028,-0.0104,0.0081
1730000024720,49612,0.0231,-0.9572,0.0822,-0.0339,-0.0056,-0.0029
1730000024730,49595,0.0321,-0.9633,0.0899,-0.0378,0.0054,-0.0144
1730000024740,49582,0.0113,-0.9764,0.0834,-0.0081,-0.047,-0.0093
1730000024750,49573,0.0126,-0.9465,0.0849,-0.0106,0.0179,0.0195
1730000024760,49566,0.0328,-0.9793,0.0614,-0.0066,0.0233,-0.0138
1730000024770,49561,0.0291,-0.9524,0.0676,0.0032,-0.0179,-0.01
1730000024780,49556,0.0205,-0.9984,0.087,0.0295,0.0088,0.0039
1730000024790,49552,0.0235,-0.9651,0.0781,0.0126,0.0034,0.0121
1730000024800,49549,0.0193,-0.96,0.0895,0.0064,-0.0057,0.0016
1730000024810,49545,0.0183,-0.9532,0.0891,-0.0142,0.0299,0.005
1730000024820,49542,0.0237,-0.9572,0.1009,-0.0228,0.029,-0.0064
1730000024830,49539,0.0196,-0.9863,0.075,0.0121,-0.0172,-0.02
1730000024840,49536,0.0119,-1.0071,0.0602,0.0081,-0.0144,0.0048
1730000024850,49534,0.0189,-0.9739,0.092,0.0158,-0.0558,0.0017
1730000024860,49531,0.011,-0.9622,0.0999,0.0279,-0.017,-0.0101
1730000024870,49528,0.0182,-0.9585,0.094,-0.0077,-0.0068,0.0077
1730000024880,49526,0.0258,-0.9666,0.0782,0.0104,-0.0214,0.0132
1730000024890,49524,0.0194,-0.95,0.0833,-0.0418,-0.021,-0.0024
1730000024900,49521,0.0093,-0.9664,0.0981,-0.0221,0.0155,-0.0214
1730000024910,49519,0.0094,-0.9897,0.0867,0.0144,-0.0377,-0.0104
1730000024920,49517,0.0043,-0.9864,0.0669,-0.0008,-0.03,0.0014
1730000024930,49515,0.0004,-0.9445,0.0865,0.0214,0.0277,-0.0125
1730000024940,49513,0.0132,-0.9753,0.0776,-0.0153,-0.0067,0.0029
1730000024950,49511,-0.0007,-0.9972,0.0725,0.0308,-0.0388,0.0037
1730000024960,49510,0.017,-0.9457,0.0646,0.0059,0.0343,0.0017
1730000024970,49508,0.0095,-1.0118,0.0701,0.0263,0.0094,0.0126
1730000024980,49506,0.0218,-0.9489,0.0918,-0.0201,0.0055,0.0111
1730000024990,49505,0.011,-0.9586,0.0862,-0.0599,-0.0245,0.0019
1730000025000,49504,0.0335,-0.9785,0.0931,0.0243,-0.0159,0.0097
1730000025010,49503,0.0128,-0.9791,0.0693,0.0367,0.0041,-0.0002
1730000025020,49502,0.0208,-0.9765,0.0885,-0.0292,-0.0484,0.0106
1730000025030,49501,0.0126,-0.9695,0.081,0.0118,-0.033,-0.0141
1730000025040,49500,0.0294,-0.9759,0.0784,-0.0047,-0.0075,-0.0124
1730000025050,49499,0.0159,-0.9809,0.0917,0.0124,-0.0065,-0.0168
1730000025060,49498,0.0131,-0.9343,0.0909,0.0252,-0.023,0.0031
1730000025070,49498,0.0119,-0.9886,0.0994,0.028,0.0264,0.0017
1730000025080,49497,0.0101,-0.9493,0.0907,0.0056,-0.0385,-0.0029
1730000025090,49497,0.0412,-0.942,0.065,0.0171,0.0287,0.0148
1730000025100,49496,0.0201,-0.9922,0.0788,0.0166,-0.0109,0.005
1730000025110,49496,0.02,-0.9456,0.0787,0.0024,0.0079,0.0048
1730000025120,49496,0.0329,-0.9487,0.0633,0.0476,0.0077,-0.0024
1730000025130,49496,0.0224,-0.9702,0.0767,-0.0053,-0.0057,-0.0003
1730000025140,49497,0.0167,-0.9758,0.0834,-0.0091,-0.0096,-0.0094
1730000025150,49499,0.0146,-0.9749,0.083,-0.0018,-0.014,-0.0003
1730000025160,49503,0.0218,-0.9871,0.0803,-0.0023,0.0117,-0.0024
1730000025170,49514,0.0094,-0.9526,0.0878,0.0195,-0.0226,-0.0076
1730000025180,49536,0.0148,-0.9739,0.0785,0.0224,-0.0231,0.0104
1730000025190,49581,-0.0001,-0.9155,0.0668,-0.0426,-0.0186,0.0158
1730000025200,49659,0.0271,-0.9192,0.0833,-0.0071,-0.0139,0.0065
1730000025210,49786,0.0188,-0.9741,0.0812,0.0311,0.0343,-0.0145
1730000025220,49970,0.038,-0.9528,0.1013,-0.0183,0.013,0.01
1730000025230,50206,0.0151,-0.9473,0.112,0.0252,-0.0165,0.0053
1730000025240,50472,0.0228,-0.9763,0.0848,-0.0329,0.0176,0.0087
1730000025250,50726,0.0189,-0.9908,0.0825,0.0192,-0.0029,0.004
1730000025260,50919,0.0301,-0.9467,0.0721,-0.0094,0.0251,-0.0009
1730000025270,51007,0.014,-0.9718,0.0785,0.011,-0.0126,0.0178
1730000025280,50967,0.0249,-0.9813,0.0834,0.0207,0.0072,-0.0078
1730000025290,50812,0.0028,-0.9864,0.0874,0.039,-0.019,-0.0007
1730000025300,50579,0.0083,-1.0109,0.0781,0.0337,0.0172,-0.0132
1730000025310,50321,0.0043,-0.9457,0.0718,0.0043,-0.0082,0.0042
1730000025320,50082,0.0313,-0.9547,0.079,-0.0312,-0.0093,-0.0162
1730000025330,49895,0.0209,-0.9784,0.0755,-0.0335,0.0168,0.0088
1730000025340,49769,0.0112,-0.9394,0.0664,0.0134,0.0271,-0.001
1730000025350,49702,0.0222,-0.9628,0.0965,0.0042,-0.0011,0.003
1730000025360,49680,0.007,-0.9714,0.0696,-0.0272,-0.0585,-0.0149
1730000025370,49690,0.0245,-1.0061,0.0935,0.0018,0.0203,0.0011
1730000025380,49721,0.0145,-0.9626,0.0708,0.0249,0.0004,0.0165
1730000025390,49762,0.0297,-0.9558,0.0928,-0.0055,0.0104,0.0151
1730000025400,49806,0.0193,-0.9697,0.0785,-0.0306,0.0516,0.0141
1730000025410,49849,0.0141,-0.9774,0.0832,0.026,0.0128,0.0036
1730000025420,49885,0.0185,-0.9842,0.0762,-0.0177,0.0132,-0.0024
1730000025430,49910,0.0184,-0.9973,0.0707,-0.0025,0.0211,-0.0064
1730000025440,49922,0.0148,-0.9719,0.0795,0.023,0.0354,0.0087
1730000025450,49920,0.0221,-0.9419,0.0829,-0.0038,-0.0292,-0.0262
1730000025460,49904,0.0129,-0.9938,0.0711,-0.0166,-0.0008,0.0142
1730000025470,49876,0.0351,-0.986,0.0939,-0.0281,-0.0022,-0.0049
1730000025480,49841,0.0135,-0.993,0.0837,-0.0352,0.0095,0.0132
1730000025490,49801,0.012,-0.9868,0.0834,0.0183,0.0383,-0.0081
1730000025500,49760,0.0258,-0.958,0.0961,-0.0025,-0.0038,-0.006
1730000025510,49722,0.0147,-0.9598,0.0547,0.0259,0.0109,0.0115
1730000025520,49688,0.0181,-0.989,0.078,0.0164,0.0226,0.0102
1730000025530,49661,0.014,-0.9722,0.0743,0.0089,-0.0152,-0.0103
1730000025540,49640,0.0146,-0.9701,0.0623,-0.0296,-0.0061,0.0144
1730000025550,49625,0.0201,-0.9849,0.0638,-0.0209,0.0227,0.0109
1730000025560,49616,0.0101,-0.9478,0.0676,-0.0249,0.0205,-0.0054
1730000025570,49611,0.0296,-0.9416,0.0836,0.0212,0.0373,0.0074
1730000025580,49609,0.0348,-0.9613,0.0737,0.01,0.0222,-0.0097
1730000025590,49609,0.0224,-0.9472,0.0944,-0.0098,-0.0083,0.0005
1730000025600,49612,0.0446,-0.9845,0.065,0.0202,-0.029,0.0034
1730000025610,49615,0.0138,-0.948,0.0754,0.0212,-0.0151,0.0081
1730000025620,49619,0.0261,-0.9736,0.0952,0.0111,-0.0065,0.0012
1730000025630,49623,0.004,-0.9604,0.0774,0.0187,-0.0067,0.006
1730000025640,49628,0.0188,-0.9586,0.0776,-0.0063,-0.0172,-0.0119
1730000025650,49632,0.0104,-0.9404,0.0919,0.0088,-0.0035,-0.0024
1730000025660,49637,0.0107,-0.9439,0.0823,-0.0497,-0.0059,0.0122
1730000025670,49642,0.016,-0.9551,0.0809,-0.0301,0.0023,0.0032
1730000025680,49647,0.0136,-0.9631,0.0932,0.0219,0.0205,-0.0131
1730000025690,49652,0.019,-0.9642,0.0778,-0.0229,0.0027,0.0116
1730000025700,49658,0.0235,-0.9806,0.0673,-0.0007,0.0055,0.0036
1730000025710,49663,0.0142,-0.9797,0.0883,-0.017,0.0051,-0.0022
1730000025720,49668,0.0242,-0.9761,0.0705,0.0278,-0.0242,-0.0191
1730000025730,49674,0.0229,-0.9884,0.0789,-0.0349,0.0175,0.0243
1730000025740,49679,0.0272,-0.9779,0.0993,-0.0094,-0.0271,0.019
1730000025750,49685,0.0355,-0.9728,0.0774,-0.0134,0.0176,-0.0182
1730000025760,49691,0.0038,-0.9552,0.0893,-0.0069,0.0012,-0.0006
1730000025770,49696,0.0147,-0.9905,0.0811,0.0265,0.0281,-0.0194
1730000025780,49702,0.0167,-0.9818,0.0849,0.0117,0.0136,0.0066
1730000025790,49708,0.003,-0.9814,0.0815,-0.0155,0.0307,-0.0177
1730000025800,49714,0.0193,-0.9959,0.0834,-0.0036,0.0116,-0.0091
1730000025810,49720,0.0204,-0.9927,0.094,-0.0121,-0.0218,-0.0071
1730000025820,49726,0.0313,-0.941,0.0761,-0.013,0.0288,-0.0047
1730000025830,49732,0.0159,-0.9413,0.0982,0.0443,-0.0279,0.004
1730000025840,49738,0.0102,-0.9816,0.0847,0.0245,-0.0333,0.0173
1730000025850,49744,0.0248,-0.9866,0.0852,-0.0087,-0.0116,0.0051
1730000025860,49750,0.0186,-0.947,0.0656,0.0167,-0.0317,0.0026
1730000025870,49756,0.0172,-0.9587,0.0803,0.0132,0.0028,-0.0085
1730000025880,49763,0.0106,-0.9734,0.0842,-0.0128,0.0369,-0.0097
1730000025890,49769,0.0185,-1.0333,0.0631,-0.0235,0.0014,0.018
1730000025900,49775,-0.0046,-0.9738,0.0908,-0.014,-0.0164,0.0136
1730000025910,49782,0.0155,-0.9766,0.0809,-0.0161,0.0179,-0.0004
1730000025920,49788,0.014,-0.9874,0.085,0.0236,-0.0063,0.0021
1730000025930,49795,0.0142,-1.0138,0.075,-0.0011,-0.013,0.0062
1730000025940,49802,0.0226,-0.9547,0.095,0.017,0.0008,0.0081
1730000025950,49808,0.0253,-0.9702,0.0802,0.0005,0.0156,0.0085
1730000025960,49815,0.0334,-0.9834,0.0805,0.0115,0.0195,-0.0042
1730000025970,49822,0.0195,-1.0131,0.0848,0.0185,-0.0135,-0.0071
1730000025980,49829,0.035,-0.9979,0.0907,-0.0194,0.002,0.0155
1730000025990,49837,0.0019,-0.9924,0.0924,-0.0345,-0.0024,-0.0053
1730000026000,49849,0.0104,-0.9595,0.0725,-0.0026,-0.0198,-0.006
1730000026010,49868,0.0181,-0.9897,0.0819,-0.0071,0.0014,-0.0025
1730000026020,49903,0.0139,-0.973,0.0643,0.0261,-0.0131,0.0245
1730000026030,49965,0.0148,-0.9648,0.076,0.0123,0.0232,-0.0126
1730000026040,50072,0.0144,-0.9833,0.0594,0.0312,-0.009,0.0045
1730000026050,50238,0.0061,-1.0058,0.0727,0.0022,0.0252,0.0005
1730000026060,50469,0.026,-0.9992,0.0672,0.0009,0.0262,0.0053
1730000026070,50748,0.0159,-0.9978,0.077,-0.0202,0.0114,-0.0101
1730000026080,51036,0.0071,-0.9715,0.0753,0.0059,-0.0155,0.0122
1730000026090,51273,0.0154,-0.9832,0.0876,0.0129,-0.0321,-0.0123
1730000026100,51403,0.0097,-0.9731,0.0899,0.018,-0.0354,-0.006
1730000026110,51391,0.0224,-0.9791,0.0834,0.0141,0.0051,0.0091
1730000026120,51244,0.0135,-1.0059,0.078,0.0177,0.0151,0.007
1730000026130,51005,0.0146,-1.0055,0.0739,0.0128,-0.0076,0.0108
1730000026140,50734,0.0347,-0.9831,0.0754,0.0054,-0.0194,0.005
1730000026150,50489,0.0007,-0.9953,0.0782,0.0117,-0.0105,-0.0129
1730000026160,50303,0.0154,-0.9451,0.0723,-0.0236,-0.0028,-0.0084
1730000026170,50188,0.0161,-0.9759,0.0959,-0.0054,-0.0185,-0.0064
1730000026180,50136,0.0194,-0.9972,0.0724,0.0354,0.0142,0.0001
1730000026190,50130,-0.0147,-0.9828,0.0733,-0.003,0.0167,0.0127
1730000026200,50156,0.0133,-0.9691,0.0619,-0.0086,-0.0043,0.0174
1730000026210,50199,0.0277,-0.9777,0.0859,-0.0059,-0.0424,0.0014
1730000026220,50250,0.0184,-0.9696,0.0906,0.0059,-0.0318,-0.0079
1730000026230,50301,0.0152,-0.9685,0.0813,-0.0289,0.004,-0.0006
1730000026240,50346,0.0135,-0.9956,0.0757,0.0207,0.0006,-0.0068
1730000026250,50380,0.0213,-0.9931,0.0776,0.011,-0.0023,0.0055
1730000026260,50400,0.0217,-0.9781,0.0856,0.0225,0.0206,-0.0034
1730000026270,50403,0.0094,-1.0149,0.0831,0.0258,0.009,-0.0001
1730000026280,50391,0.0157,-0.971,0.0866,0.0087,0.0092,0.0116
1730000026290,50365,0.031,-1.0169,0.0853,-0.024,-0.0387,0.0015
1730000026300,50330,-0.0032,-0.9778,0.0932,-0.0007,-0.0054,-0.0096
1730000026310,50291,0.0154,-0.9999,0.0906,-0.0118,-0.0186,0.0131
1730000026320,50251,0.0072,-0.9857,0.0754,0.0015,-0.0162,0.0066
1730000026330,50214,0.0248,-0.9799,0.0653,-0.0078,-0.0078,-0.0007
1730000026340,50183,0.0211,-1.0165,0.0556,0.0097,0.0133,0.0132
1730000026350,50160,0.0339,-1.0139,0.0716,-0.0351,0.0389,-0.0034
1730000026360,50143,0.0012,-0.9579,0.0866,-0.0203,-0.0299,0.0033
1730000026370,50133,0.0345,-0.9969,0.077,-0.008,-0.022,0.0045
1730000026380,50129,0.0205,-0.9786,0.079,-0.0033,0.0207,-0.0056
1730000026390,50128,0.0269,-1.0001,0.0864,0.0123,-0.0063,0.0235
1730000026400,50130,0.024,-0.9623,0.0688,0.06,0.0097,0.0095
1730000026410,50134,0.0155,-0.9967,0.0845,0.0028,0.0232,0.0126
1730000026420,50140,0.025,-0.9597,0.086,0.0207,-0.0048,0.0014
1730000026430,50146,0.0184,-0.988,0.0852,-0.0057,0.0284,0.0074
1730000026440,50152,0.0147,-0.9923,0.0999,0.0143,-0.0268,-0.0044
1730000026450,50159,0.0145,-0.9938,0.0721,0.0,0.0103,-0.0163
1730000026460,50165,0.0054,-1.0093,0.0866,0.0245,-0.0147,-0.0143
1730000026470,50172,0.0355,-0.9927,0.0834,-0.0282,0.0106,0.0096
1730000026480,50179,0.0199,-1.0012,0.0828,0.0006,0.0229,0.0149
1730000026490,50185,0.0318,-0.9906,0.0907,0.0196,0.0163,0.0021
1730000026500,50192,0.0023,-0.9962,0.0797,0.0434,0.0073,0.0034
1730000026510,50198,0.0077,-0.9745,0.0859,0.0007,-0.0087,0.0063
1730000026520,50205,0.0303,-1.0141,0.0767,0.0114,-0.0275,-0.0054
1730000026530,50211,0.0218,-0.9598,0.083,0.0308,-0.005,-0.0064
1730000026540,50218,0.0215,-0.9701,0.0829,0.0005,0.0223,0.0005
1730000026550,50224,0.024,-0.9528,0.086,-0.0158,0.0188,-0.0014
1730000026560,50231,0.0283,-0.9876,0.0741,-0.0013,-0.0043,-0.0058
1730000026570,50237,0.0175,-1.0157,0.0776,-0.0129,0.0166,-0.0069
1730000026580,50243,0.0233,-0.9819,0.0809,0.0133,0.0005,-0.0097
1730000026590,50249,0.0022,-0.9858,0.0897,0.0198,-0.0403,-0.0071
1730000026600,50255,0.0228,-1.0106,0.0838,0.0036,-0.0073,-0.0105
1730000026610,50262,0.0138,-0.9772,0.0664,-0.005,0.0008,0.0101
1730000026620,50268,0.0187,-1.0078,0.0839,-0.0129,0.0234,0.0006
1730000026630,50274,0.0022,-0.9672,0.0842,-0.0052,-0.0089,-0.0
1730000026640,50279,0.022,-1.0076,0.069,-0.0459,-0.013,0.0144
1730000026650,50285,0.0266,-0.991,0.0603,-0.0108,-0.0116,0.0076
1730000026660,50291,0.0201,-0.9855,0.0799,0.0013,-0.0057,-0.0091
1730000026670,50297,0.0124,-0.9871,0.0721,0.0179,-0.0325,0.0091
1730000026680,50303,0.0157,-1.0407,0.0613,-0.0186,-0.0221,0.0042
1730000026690,50308,0.0327,-1.0078,0.0632,-0.0188,0.0172,-0.0027
1730000026700,50314,0.0299,-1.0001,0.0831,0.0035,0.0161,0.0109
1730000026710,50319,0.0235,-0.9949,0.0873,0.0081,0.0157,0.0067
1730000026720,50325,0.0349,-0.9644,0.0769,-0.0219,-0.0149,0.0281
1730000026730,50330,0.0027,-0.9969,0.0806,-0.0105,-0.0427,0.0054
1730000026740,50335,0.0291,-0.9645,0.0789,0.0221,0.0037,-0.0184
1730000026750,50341,0.0182,-1.0057,0.0785,0.0057,0.0036,0.0081
1730000026760,50346,0.0324,-0.9584,0.0831,-0.0062,-0.0064,0.0213
1730000026770,50351,0.0101,-0.9604,0.0738,0.0028,0.0302,0.0001
1730000026780,50358,0.007,-1.0284,0.0683,0.0041,-0.0214,0.0029
1730000026790,50368,0.0239,-0.9435,0.0762,-0.003,-0.0247,-0.0182
1730000026800,50385,0.0016,-0.9728,0.0748,0.0156,-0.0358,0.0226
1730000026810,50417,0.0158,-0.9809,0.0747,0.0218,0.0257,-0.0196
1730000026820,50480,0.0262,-1.0092,0.0894,0.0233,-0.0115,-0.0111
1730000026830,50591,0.0244,-0.9973,0.0806,0.0171,0.0323,-0.0002
1730000026840,50766,0.0231,-1.0169,0.0818,0.032,0.0214,0.0054
1730000026850,51009,0.0118,-0.9714,0.0869,0.0243,0.0157,0.0051
1730000026860,51300,0.023,-0.9714,0.0705,-0.0298,-0.0191,-0.0085
1730000026870,51590,0.0138,-0.9853,0.0768,-0.003,-0.0197,0.014
1730000026880,51812,0.0148,-0.9777,0.0679,0.0056,0.0018,-0.0097
1730000026890,51907,0.0325,-0.9967,0.0977,0.0052,-0.0203,-0.0018
1730000026900,51847,0.0224,-0.9717,0.0715,0.0072,0.0147,0.012
1730000026910,51654,0.0105,-1.0117,0.0768,-0.0068,0.0066,0.012
1730000026920,51383,0.0145,-0.9763,0.0686,-0.008,-0.0098,-0.0133
1730000026930,51104,0.004,-0.9671,0.073,-0.0057,0.0269,-0.0056
1730000026940,50870,0.025,-0.9975,0.0937,0.0217,0.0035,-0.0014
1730000026950,50709,0.0234,-0.9694,0.0809,0.0089,0.0066,0.0093
1730000026960,50621,0.0189,-0.9926,0.0614,-0.0208,0.0138,0.0084
1730000026970,50592,0.0284,-1.0265,0.0721,0.0043,0.0244,-0.0116
1730000026980,50603,0.0176,-1.0261,0.0665,0.01,0.0118,-0.0303
1730000026990,50638,0.0239,-0.9946,0.0691,-0.0187,-0.0096,-0.0026
1730000027000,50684,0.0175,-0.9993,0.0866,0.0128,-0.0233,0.0007
1730000027010,50733,0.004,-1.016,0.0931,-0.0298,-0.0215,0.0203
1730000027020,50778,0.0198,-0.9971,0.0753,0.0073,0.0311,0.0072
1730000027030,50812,0.0144,-0.989,0.0796,-0.0007,0.0255,0.0075
1730000027040,50831,0.025,-0.9929,0.0782,0.022,0.0376,-0.0015
1730000027050,50832,0.0283,-0.9886,0.0841,0.0143,0.01,0.0064
1730000027060,50817,0.0213,-0.9961,0.0823,-0.0185,-0.0083,0.0155
1730000027070,50787,0.0265,-1.0387,0.0822,-0.0005,-0.0344,0.0054
1730000027080,50746,0.0255,-1.0274,0.076,-0.0172,-0.0184,0.0156
1730000027090,50700,0.0156,-0.98,0.0717,-0.0086,-0.0029,0.007
1730000027100,50653,0.0238,-1.0599,0.0765,0.0089,-0.0372,-0.0161
1730000027110,50611,0.0044,-1.0287,0.0627,-0.0265,-0.0079,-0.0176
1730000027120,50574,0.0157,-0.9944,0.1072,-0.022,0.0169,-0.0215
1730000027130,50545,0.0284,-1.0074,0.0859,0.0068,-0.0054,-0.0042
1730000027140,50524,0.0266,-1.0061,0.0935,0.0212,0.0177,-0.0026
1730000027150,50509,0.0051,-0.9661,0.0855,-0.0188,0.0026,-0.0032
1730000027160,50500,0.0107,-1.0009,0.0713,0.0073,0.0035,-0.0015
1730000027170,50494,0.0167,-0.9822,0.0692,0.0048,-0.036,0.0023
1730000027180,50492,0.0284,-1.021,0.0884,0.0169,0.0171,-0.0006
1730000027190,50491,0.0296,-0.9727,0.084,0.0256,0.0082,-0.0049
1730000027200,50490,0.0131,-0.9781,0.0893,-0.011,-0.0061,-0.0026
1730000027210,50491,0.0294,-1.0225,0.0942,0.0073,-0.032,-0.01
1730000027220,50492,0.0163,-1.0005,0.0801,0.0038,-0.0151,0.0176
1730000027230,50492,0.0216,-1.0019,0.0897,-0.0221,0.0253,-0.0113
1730000027240,50493,0.0378,-1.0254,0.0724,-0.0063,0.0164,0.0032
1730000027250,50494,0.0371,-0.9922,0.0777,0.0268,0.0289,-0.0122
1730000027260,50495,0.0331,-0.9689,0.0677,0.0078,-0.0101,-0.0135
1730000027270,50495,0.0276,-0.9747,0.0834,-0.0138,0.0237,0.0004
1730000027280,50495,0.0233,-1.0038,0.0659,0.0069,0.0109,0.0038
1730000027290,50496,0.0274,-0.9586,0.0759,-0.0372,0.018,-0.0039
1730000027300,50496,0.0094,-1.021,0.0899,-0.0151,-0.013,0.005
1730000027310,50496,0.0238,-0.9956,0.0756,-0.0373,0.0385,-0.025
1730000027320,50496,0.0195,-1.0167,0.0775,-0.0054,0.0045,0.0018
1730000027330,50496,-0.0078,-0.9704,0.0811,-0.02,-0.002,-0.0075
1730000027340,50496,-0.01,-0.9646,0.0947,0.0125,0.0238,0.0101
1730000027350,50496,0.0161,-0.9921,0.0784,0.007,-0.0206,0.0102
1730000027360,50495,0.0196,-0.9937,0.086,0.003,-0.0074,-0.0028
1730000027370,50495,-0.0023,-0.9694,0.084,0.0045,0.0335,-0.0071
1730000027380,50494,0.021,-1.0075,0.091,-0.0252,0.022,0.0121
1730000027390,50493,0.0238,-0.9642,0.0777,-0.0106,0.0115,-0.0086
1730000027400,50493,0.0192,-0.9739,0.0889,0.0002,-0.0237,0.0069
1730000027410,50492,0.0135,-0.9913,0.0555,0.0287,0.0088,-0.0077
1730000027420,50491,0.0237,-1.0114,0.0908,-0.0059,0.0095,0.0068
1730000027430,50490,0.0395,-0.9549,0.0955,0.0179,0.026,-0.0162
1730000027440,50488,0.0256,-1.0161,0.0692,0.03,-0.0043,-0.0133
1730000027450,50487,0.0073,-0.9729,0.0855,0.005,-0.0336,0.0004
1730000027460,50486,0.0283,-1.012,0.0672,-0.005,0.0003,0.0086
1730000027470,50484,0.0106,-1.0,0.0842,0.0204,0.01,-0.0033
1730000027480,50482,0.0058,-0.955,0.0872,-0.0155,-0.0123,0.0001
1730000027490,50481,0.0229,-1.0043,0.0925,0.0268,0.0057,0.0019
1730000027500,50479,0.013,-0.9952,0.0684,0.0172,0.0221,0.0025
1730000027510,50477,0.0392,-0.9882,0.079,0.025,-0.0311,0.0039
1730000027520,50475,0.004,-1.0218,0.0785,-0.018,0.0137,-0.0049
1730000027530,50473,0.0411,-0.98,0.0723,0.0072,0.0135,0.0216
1730000027540,50471,0.0075,-0.9915,0.0905,0.0063,-0.0122,-0.0092
1730000027550,50470,0.0179,-0.9649,0.0855,0.0063,0.0306,-0.0017
1730000027560,50470,0.0194,-1.0027,0.0645,0.0093,-0.0283,0.0008
1730000027570,50473,0.0334,-0.9761,0.0888,-0.0294,-0.0004,0.0115
1730000027580,50486,0.0084,-0.9806,0.0678,-0.0237,0.012,-0.0058
1730000027590,50515,0.0195,-0.9658,0.07,0.0586,0.0236,-0.0052
1730000027600,50574,0.0321,-0.9735,0.0885,-0.0033,0.0216,0.0063
1730000027610,50678,0.0274,-0.9802,0.081,-0.0036,-0.0268,-0.0001
1730000027620,50839,0.0102,-0.9887,0.0879,0.0312,-0.0213,-0.008
1730000027630,51060,0.0092,-0.9806,0.0863,-0.0085,-0.0039,0.0287
1730000027640,51325,0.0156,-1.0007,0.0701,-0.0287,0.0232,0.0121
1730000027650,51593,0.0155,-0.9638,0.0787,-0.0063,-0.0006,-0.02
1730000027660,51811,0.0093,-0.9826,0.0844,0.0014,-0.0032,0.0026
1730000027670,51925,0.0408,-0.9569,0.0816,-0.0161,0.014,0.0165
1730000027680,51905,0.0345,-1.0154,0.0793,-0.0121,-0.0225,0.0037
1730000027690,51757,0.0092,-0.9893,0.081,0.0145,0.0084,-0.0124
1730000027700,51518,0.0328,-0.9976,0.1017,0.0024,0.0253,0.0131
1730000027710,51244,0.0137,-0.9919,0.0767,-0.0062,-0.0004,-0.0104
1730000027720,50989,0.0211,-0.9861,0.0603,-0.0083,-0.0102,-0.0073
1730000027730,50788,0.0387,-1.0182,0.07,0.0013,-0.0052,0.0055
1730000027740,50653,0.0363,-0.9482,0.082,-0.0105,0.0072,-0.0126
1730000027750,50579,0.0334,-0.9395,0.0714,-0.0182,-0.0113,0.0018
1730000027760,50553,0.0209,-0.9935,0.0701,0.0293,-0.0051,-0.0039
1730000027770,50560,0.0221,-0.9565,0.0812,0.0146,-0.0085,0.0037
1730000027780,50587,0.0223,-0.951,0.0534,0.0026,0.0161,0.0044
1730000027790,50624,0.0083,-0.9626,0.0882,0.0236,-0.0125,0.0016
1730000027800,50662,0.0089,-0.9881,0.0798,0.0049,-0.0334,-0.0114
1730000027810,50698,0.0254,-0.9874,0.0853,-0.0253,-0.0055,-0.0042
1730000027820,50724,0.0159,-1.0116,0.0691,-0.0245,-0.0044,-0.0113
1730000027830,50738,0.0157,-0.9906,0.0762,-0.0298,-0.0055,-0.011
1730000027840,50737,0.0065,-0.9793,0.0811,0.0069,-0.02,-0.0126
1730000027850,50720,0.0346,-1.0221,0.071,0.0266,0.0039,0.0168
1730000027860,50689,0.0371,-0.9555,0.0953,0.0017,-0.0188,0.0082
1730000027870,50648,0.0085,-1.0164,0.0712,0.0013,0.0032,0.0126
1730000027880,50599,0.0182,-0.9349,0.0809,0.0153,-0.0115,0.0025
1730000027890,50548,0.023,-1.0001,0.0822,-0.0198,0.0462,-0.0107
1730000027900,50498,0.0227,-0.9905,0.0657,0.0109,0.0128,-0.014
1730000027910,50452,0.0095,-0.9575,0.0885,0.0129,-0.0218,-0.0026
1730000027920,50412,0.0334,-1.0216,0.067,-0.0115,0.0049,0.0152
1730000027930,50378,0.0385,-0.9951,0.0915,-0.0347,0.0114,0.0163
1730000027940,50352,0.005,-0.9843,0.0961,-0.0011,0.0106,0.0041
1730000027950,50331,0.0117,-0.9874,0.0911,0.0089,-0.0151,0.001
1730000027960,50315,0.0149,-0.9747,0.0754,0.0107,-0.0159,0.0076
1730000027970,50302,0.0062,-0.9484,0.0818,0.0186,0.0078,0.0191
1730000027980,50292,0.0103,-1.0219,0.0931,-0.0133,0.0035,0.0127
1730000027990,50284,0.0346,-0.9925,0.0812,0.0133,0.0219,-0.0075
1730000028000,50277,0.0341,-0.9795,0.079,0.0205,0.0129,0.0173
1730000028010,50270,0.0138,-0.9672,0.0939,-0.003,-0.0145,0.0068
1730000028020,50263,0.0279,-1.0154,0.0949,0.0316,-0.0163,-0.008
1730000028030,50257,0.0282,-0.9619,0.0834,-0.0286,-0.0118,0.0042
1730000028040,50251,0.0186,-1.0275,0.0678,-0.0296,-0.0246,0.0036
1730000028050,50245,0.0168,-0.9754,0.0761,0.0032,0.0076,0.012
1730000028060,50238,0.0087,-0.9734,0.0982,0.0018,-0.0064,-0.006
1730000028070,50232,0.0172,-0.9708,0.0808,-0.0157,0.0074,0.025
1730000028080,50226,0.0223,-0.9794,0.0955,0.0085,-0.0006,-0.0175
1730000028090,50219,0.0195,-0.9944,0.0766,-0.0097,0.0352,0.0082
1730000028100,50213,0.03,-1.0039,0.0827,-0.0359,-0.0177,-0.0045
1730000028110,50207,0.0228,-0.9797,0.105,0.0021,-0.0206,-0.0027
1730000028120,50200,-0.0052,-0.9708,0.0684,0.0143,0.0176,0.0062
1730000028130,50194,0.0028,-0.9396,0.0907,-0.0012,-0.0076,-0.0001
1730000028140,50187,0.023,-0.9921,0.0903,-0.0109,-0.0091,0.0046
1730000028150,50180,0.0303,-0.9919,0.1054,0.0068,-0.0316,-0.0113
1730000028160,50174,0.0246,-0.9653,0.0749,0.0079,-0.0083,-0.01
1730000028170,50167,0.0181,-0.9797,0.0924,0.0206,0.0051,0.0044
1730000028180,50160,0.0318,-0.9088,0.0778,0.0358,-0.0293,-0.0126
1730000028190,50153,0.0197,-0.9585,0.0782,0.0063,0.0446,0.0042
1730000028200,50147,0.0065,-0.9634,0.0717,0.004,0.0048,-0.0055
1730000028210,50140,0.0294,-0.9903,0.0828,0.018,0.0059,-0.0068
1730000028220,50133,0.0136,-0.9881,0.0876,0.0035,0.0122,0.0061
1730000028230,50126,0.008,-0.9921,0.0777,0.0009,-0.0095,-0.0155
1730000028240,50119,0.0206,-0.9781,0.0653,-0.0339,-0.0247,0.0034
1730000028250,50112,0.0224,-0.9462,0.0902,0.0083,-0.0032,0.002
1730000028260,50105,0.0198,-0.982,0.0874,0.0283,-0.0107,0.0147
1730000028270,50098,0.0252,-0.9717,0.0819,-0.004,-0.0188,0.0019
1730000028280,50091,0.0384,-0.9454,0.0736,0.0108,0.0062,0.0042
1730000028290,50084,0.02,-0.9592,0.0881,-0.0139,0.0327,-0.0186
1730000028300,50077,0.0118,-0.9623,0.0821,-0.0318,0.0181,0.0035
1730000028310,50070,0.018,-0.9623,0.0845,-0.0024,-0.0125,0.0188
1730000028320,50063,0.002,-0.9899,0.0674,-0.0017,0.0283,-0.0019
1730000028330,50056,0.0183,-0.9827,0.1045,-0.034,0.0016,-0.0055
1730000028340,50049,0.0015,-0.997,0.0829,0.0285,-0.0132,-0.0081
1730000028350,50042,0.0149,-0.9579,0.0813,0.0,-0.0074,0.01
1730000028360,50035,0.0206,-0.9451,0.0763,0.0338,-0.0065,0.0153
1730000028370,50029,0.0212,-0.9731,0.0796,-0.0273,0.0384,0.0076
1730000028380,50025,0.0127,-1.0025,0.0794,0.0005,-0.0073,-0.0135
1730000028390,50026,0.0163,-0.9293,0.0666,0.0181,-0.0011,-0.0158
1730000028400,50039,0.006,-0.9529,0.0776,0.0009,-0.0149,-0.0091
1730000028410,50072,0.0292,-0.9595,0.0875,0.0063,0.003,0.0126
1730000028420,50141,0.0171,-0.9962,0.0733,-0.0169,0.0127,0.016
1730000028430,50261,0.0104,-0.9472,0.0845,-0.0047,-0.0223,0.0148
1730000028440,50442,0.0242,-0.9692,0.0914,-0.0032,0.03,-0.0052
1730000028450,50681,-0.0045,-0.9839,0.0689,-0.0064,0.0256,0.0094
1730000028460,50952,0.0178,-0.9698,0.0807,-0.0194,0.0011,0.0034
1730000028470,51205,0.0152,-0.9765,0.0862,-0.0252,-0.0278,0.0062
1730000028480,51385,0.0231,-0.9809,0.0853,0.0103,-0.0076,0.0098
1730000028490,51443,0.0277,-0.9667,0.0832,0.0188,0.0447,-0.0017
1730000028500,51362,0.0146,-0.9652,0.0717,0.0047,-0.006,-0.0002
1730000028510,51163,0.0175,-0.9281,0.0853,-0.0265,0.0142,-0.0007
1730000028520,50896,0.0208,-0.9668,0.0676,0.0205,-0.0124,0.0003
1730000028530,50619,0.0257,-0.9619,0.0775,-0.011,0.0088,0.015
1730000028540,50381,0.0373,-0.9747,0.0948,0.0438,-0.0119,-0.0161
1730000028550,50205,0.0245,-0.9431,0.0797,0.0218,-0.0025,0.0124
1730000028560,50097,0.0045,-0.9456,0.087,-0.0175,-0.0116,0.0015
1730000028570,50046,0.0227,-0.9541,0.0779,-0.0197,-0.0364,0.0061
1730000028580,50035,0.0001,-0.956,0.0875,-0.008,-0.001,-0.0108
1730000028590,50051,0.0226,-0.9414,0.0821,0.0217,0.0001,0.0077
1730000028600,50082,0.025,-0.9513,0.0935,-0.012,-0.004,-0.0228
1730000028610,50118,0.0305,-0.9388,0.0904,-0.0019,-0.0121,-0.0132
1730000028620,50154,0.0376,-0.9622,0.0681,0.027,-0.0172,-0.005
1730000028630,50183,0.0081,-0.999,0.087,-0.0138,-0.0003,-0.0087
1730000028640,50201,0.0291,-0.9441,0.0865,-0.0128,0.0307,-0.0041
1730000028650,50205,0.0095,-0.9697,0.0757,-0.0057,-0.0021,0.0297
1730000028660,50193,0.0297,-0.9749,0.0862,-0.0355,-0.0079,-0.0055
1730000028670,50166,0.0158,-0.9855,0.0771,0.0223,-0.0084,-0.0186
1730000028680,50126,0.0095,-0.9615,0.0724,0.0168,-0.0041,0.0042
1730000028690,50078,0.0215,-0.9788,0.0795,0.0003,-0.0119,0.0119
1730000028700,50026,0.0242,-0.9852,0.0718,-0.027,-0.0271,0.002
1730000028710,49973,0.0346,-0.958,0.0863,-0.004,0.0228,-0.0012
1730000028720,49923,0.0268,-0.9439,0.0922,-0.0095,-0.0015,-0.0218
1730000028730,49880,0.0317,-0.9836,0.0905,0.0009,0.0027,0.0098
1730000028740,49843,0.03,-0.9608,0.0802,0.0017,0.0062,0.0142
1730000028750,49813,0.0141,-0.9641,0.0852,-0.0048,-0.023,0.0031
1730000028760,49789,0.0158,-0.9554,0.0747,-0.0012,-0.0057,0.0009
1730000028770,49771,0.0148,-0.9509,0.085,0.0146,0.0045,0.0049
1730000028780,49757,0.0343,-0.9576,0.0718,0.0039,-0.014,0.0052
1730000028790,49746,0.0103,-0.9925,0.097,0.0205,0.0141,0.0026
1730000028800,49737,0.0228,-0.954,0.0809,-0.0169,-0.012,0.0113
1730000028810,49729,0.0098,-0.9668,0.0688,-0.0197,0.019,0.0038
1730000028820,49722,0.0155,-0.9657,0.0677,0.0257,0.0239,-0.0016
1730000028830,49716,0.0391,-0.9674,0.0615,0.0181,0.0081,0.0068
1730000028840,49710,0.031,-0.9612,0.0736,0.017,0.0157,-0.0096
1730000028850,49704,0.0199,-0.9834,0.0766,0.0208,-0.0322,0.0093
1730000028860,49698,0.0139,-0.9645,0.059,-0.0231,0.0208,0.0038
1730000028870,49692,0.0182,-0.9853,0.0792,-0.011,0.013,-0.0039
1730000028880,49686,0.0365,-0.9661,0.0946,-0.0198,0.0077,0.0151
1730000028890,49681,0.0181,-0.9755,0.076,0.0033,0.0205,0.0144
1730000028900,49675,0.0208,-0.9809,0.0877,0.0084,0.0088,0.0137
1730000028910,49670,0.0355,-0.9528,0.0856,0.0084,0.0111,-0.0046
1730000028920,49664,0.0229,-0.9564,0.0719,-0.0174,-0.0255,-0.0006
1730000028930,49659,0.0257,-0.9819,0.0624,-0.0326,-0.0376,-0.0114
1730000028940,49654,0.0175,-0.9162,0.0779,-0.0242,-0.0221,0.0051
1730000028950,49649,0.0176,-0.964,0.0886,0.0036,-0.0076,-0.0122
1730000028960,49644,0.011,-0.9662,0.0867,-0.0078,0.0126,0.0173
1730000028970,49639,0.0394,-0.9166,0.0784,0.0127,-0.0021,-0.0023
1730000028980,49634,0.0226,-0.979,0.0786,-0.0009,0.0134,0.0073
1730000028990,49629,0.0033,-0.9645,0.084,0.0197,-0.0335,-0.01
1730000029000,49624,0.0182,-0.9874,0.0913,-0.0153,0.0164,-0.0031
1730000029010,49619,-0.002,-0.9796,0.0769,-0.0107,0.0192,-0.0181
1730000029020,49614,0.009,-0.9604,0.0724,0.006,-0.0426,-0.0159
1730000029030,49610,0.0017,-0.9745,0.0857,-0.0156,0.0164,0.0062
1730000029040,49605,0.0122,-0.9406,0.0744,-0.0512,-0.0009,0.0063
1730000029050,49601,0.0227,-0.9666,0.084,-0.0106,0.016,-0.0213
1730000029060,49597,0.0152,-1.006,0.07,0.0412,-0.0172,-0.0015
1730000029070,49592,0.024,-0.9835,0.0942,-0.0146,-0.01,0.0122
1730000029080,49588,0.0152,-0.9959,0.0916,0.0163,0.0356,0.0007
1730000029090,49584,0.031,-0.9544,0.0793,-0.0215,0.0235,0.0078
1730000029100,49580,0.0194,-1.0,0.0954,-0.0156,0.0679,0.0139
1730000029110,49576,0.0158,-0.9783,0.0762,0.038,-0.0286,0.0034
1730000029120,49572,0.0123,-0.9723,0.0879,-0.0013,-0.0066,-0.0064
1730000029130,49569,0.0171,-0.9635,0.0729,0.0293,-0.0073,0.0123
1730000029140,49565,0.0214,-0.9693,0.0753,0.0346,-0.0136,0.0048
1730000029150,49561,0.0173,-0.9515,0.0866,-0.0084,-0.0027,0.0074
1730000029160,49558,0.0167,-0.9549,0.0879,0.0159,-0.0031,0.0085
1730000029170,49555,0.0135,-0.9359,0.07,-0.0024,0.0385,-0.0088
1730000029180,49552,0.0078,-0.9432,0.0835,-0.0075,-0.0093,-0.011
1730000029190,49550,0.0052,-0.9414,0.0819,0.0118,-0.0391,0.003
1730000029200,49551,0.0136,-0.9864,0.0837,-0.0179,-0.0094,-0.0029
1730000029210,49557,0.0258,-0.9753,0.081,0.0244,-0.0153,0.0162
1730000029220,49575,0.0249,-0.9772,0.0625,0.0181,-0.0428,0.0211
1730000029230,49612,0.0288,-0.9854,0.0907,-0.0033,-0.0051,0.0057
1730000029240,49683,0.0209,-0.9583,0.0751,0.0119,0.0124,-0.0063
1730000029250,49799,0.0333,-0.9566,0.0783,0.0167,0.0028,0.015
1730000029260,49970,0.0169,-0.9343,0.0957,0.002,-0.0245,-0.003
1730000029270,50195,0.0169,-0.9226,0.0791,0.0042,0.0126,-0.0067
1730000029280,50453,0.0135,-0.9468,0.0942,0.0143,0.0286,-0.0052
1730000029290,50706,0.0162,-0.9724,0.0605,0.0039,-0.0179,-0.005
1730000029300,50907,-0.0056,-0.992,0.0969,-0.0075,-0.0117,0.0006
1730000029310,51010,0.0261,-0.9886,0.0668,-0.029,0.0109,0.0045
1730000029320,50990,0.0313,-0.9677,0.0797,-0.0148,0.0171,-0.0074
1730000029330,50852,0.0001,-0.9499,0.0648,0.0022,0.0142,-0.0107
1730000029340,50629,0.0253,-0.9449,0.078,0.0053,0.0035,0.003
1730000029350,50370,0.0195,-0.9567,0.0926,0.0024,-0.0099,-0.0059
1730000029360,50122,0.0198,-0.9555,0.0722,0.0189,0.0135,0.0026
1730000029370,49920,0.0238,-0.9977,0.0605,0.0141,-0.0017,0.0146
1730000029380,49778,0.0165,-0.9762,0.0753,0.0335,0.0211,-0.0096
1730000029390,49695,0.0034,-0.9965,0.0863,-0.003,0.0395,0.0021
1730000029400,49660,0.0088,-0.9829,0.0949,0.0093,0.0101,0.0069
1730000029410,49660,0.0187,-0.9722,0.0746,0.0429,-0.0133,-0.0142
1730000029420,49682,0.0193,-0.9677,0.0717,0.0184,-0.0003,0.0197
1730000029430,49717,0.0188,-0.9974,0.0736,-0.0155,-0.0262,0.004
1730000029440,49758,0.0152,-0.9488,0.0774,-0.0266,0.0259,-0.0233
1730000029450,49798,-0.0013,-0.9615,0.0942,0.0121,-0.0087,0.0141
1730000029460,49832,0.0094,-1.0042,0.0824,0.0264,0.0118,-0.0078
1730000029470,49857,0.0184,-0.9783,0.0694,0.0116,0.009,-0.0087
1730000029480,49870,0.0208,-0.9387,0.0608,0.004,-0.0288,-0.0007
1730000029490,49869,0.0215,-0.9768,0.0741,-0.0152,0.0134,0.0164
1730000029500,49855,0.0262,-0.9768,0.0738,0.0107,-0.02,-0.0024
1730000029510,49828,0.0227,-0.9739,0.0624,0.0168,0.0049,-0.0163
1730000029520,49791,0.0125,-0.9427,0.0743,-0.0143,0.0156,-0.0007
1730000029530,49750,0.0162,-1.0108,0.071,-0.0116,0.0177,0.0231
1730000029540,49706,0.0225,-0.9432,0.0887,-0.0115,-0.0076,-0.0054
1730000029550,49663,0.0314,-0.9783,0.085,-0.0006,0.0001,0.005
1730000029560,49625,0.0258,-0.9812,0.0823,0.0278,0.0026,-0.0026
1730000029570,49592,0.0163,-0.9718,0.0757,-0.0168,0.0445,-0.015
1730000029580,49565,0.0127,-1.0146,0.0903,-0.0203,0.014,-0.0061
1730000029590,49545,0.0118,-0.9932,0.0751,0.0026,0.0117,-0.0115
1730000029600,49530,0.0207,-0.9474,0.0865,0.0014,-0.0105,-0.0087
1730000029610,49520,0.0078,-0.9216,0.0845,-0.0173,-0.0485,-0.0111
1730000029620,49514,0.0175,-0.9895,0.0774,0.0253,-0.0395,0.0142
1730000029630,49510,0.0145,-0.9467,0.0709,-0.0036,0.0092,0.0144
1730000029640,49509,0.0293,-0.9781,0.0857,0.0286,-0.0085,0.0032
1730000029650,49508,0.0061,-0.9679,0.0847,0.0097,0.0029,0.0174
1730000029660,49509,0.0281,-0.9688,0.0686,-0.0455,0.0438,-0.0102
1730000029670,49510,0.0157,-0.9524,0.0746,-0.0002,-0.0009,-0.0113
1730000029680,49511,0.0261,-0.9864,0.0852,-0.0108,-0.0184,-0.0106
1730000029690,49513,0.0276,-1.0108,0.0675,0.0065,-0.0057,0.004
1730000029700,49515,0.011,-0.9908,0.0925,0.0386,0.0083,0.01
1730000029710,49516,0.0221,-0.9921,0.0924,-0.0054,0.001,-0.0019
1730000029720,49519,-0.0071,-0.999,0.0745,0.021,-0.005,0.0109
1730000029730,49521,0.029,-0.9802,0.0756,-0.0047,-0.0134,0.0042
1730000029740,49523,0.0348,-1.0006,0.0712,0.008,0.0168,0.0031
1730000029750,49525,0.025,-0.9859,0.0835,-0.0182,0.0563,0.0083
1730000029760,49528,0.009,-0.9504,0.073,-0.0242,-0.0095,-0.0051
1730000029770,49530,0.0286,-0.9564,0.0752,-0.0154,0.0067,-0.0038
1730000029780,49533,0.0268,-0.9381,0.0668,-0.0005,-0.0171,-0.0002
1730000029790,49536,0.0239,-0.9532,0.0717,-0.0363,0.028,-0.0142
1730000029800,49539,0.0111,-0.9739,0.0956,0.0101,-0.0125,-0.0068
1730000029810,49541,0.0222,-0.9456,0.0661,-0.0021,0.0243,-0.0066
1730000029820,49544,0.0069,-0.9862,0.0779,0.017,0.0053,-0.012
1730000029830,49548,0.0266,-1.0223,0.0834,0.0297,-0.0022,-0.0168
1730000029840,49551,0.0164,-1.0154,0.0772,-0.0019,0.015,0.001
1730000029850,49554,0.0208,-0.956,0.072,0.0211,0.0222,0.0086
1730000029860,49558,0.0276,-0.9596,0.0824,0.0195,-0.0143,0.005
1730000029870,49561,0.0332,-0.9728,0.0706,-0.0262,0.0045,0.0033
1730000029880,49565,0.016,-0.977,0.083,-0.0037,0.021,-0.0077
1730000029890,49568,0.0417,-0.961,0.091,-0.034,-0.0151,0.0103
1730000029900,49572,0.0327,-0.9843,0.0843,0.0244,0.0215,-0.0192
1730000029910,49576,0.0247,-0.9617,0.0708,-0.0108,-0.0073,-0.0122
1730000029920,49580,0.013,-0.9506,0.0582,-0.0199,-0.0072,0.0078
1730000029930,49584,-0.0012,-1.0155,0.0647,-0.0013,0.0189,-0.0023
1730000029940,49588,0.0274,-0.9878,0.0888,0.0122,0.0072,-0.0093
1730000029950,49592,0.0175,-0.9662,0.0745,0.0152,0.0344,0.0082
1730000029960,49596,0.0325,-0.9531,0.0949,0.0075,0.0208,0.0042
1730000029970,49601,0.0293,-0.9815,0.0784,0.0025,0.0218,-0.0104
1730000029980,49605,0.0143,-0.9921,0.0632,-0.0295,0.0225,0.0013
1730000029990,49609,0.0178,-0.9644,0.0511,-0.0183,-0.0256,0.0104
1730000030000,49614,-0.0625,-0.8692,0.1396,0.0446,-0.0175,0.0088
1730000030010,49649,-0.0185,-0.8393,0.0179,0.0224,-0.0281,-0.0161
1730000030020,49684,0.2813,-0.795,0.1671,0.0538,0.031,0.031
1730000030030,49718,-0.1042,-0.6822,0.0749,0.0436,-0.151,-0.0113
1730000030040,49752,0.1334,-0.6369,0.168,-0.0169,-0.1993,0.0022
1730000030050,49787,0.0149,-0.5194,0.2181,-0.0416,-0.0614,0.0211
1730000030060,49825,0.1129,-0.7746,0.1948,0.0353,0.2403,0.0054
1730000030070,49870,0.1478,-0.6094,0.1662,0.1119,0.076,-0.0304
1730000030080,49929,0.0285,-0.7347,0.1455,0.1571,0.0159,0.043
1730000030090,50013,0.1836,-0.6791,0.0639,-0.0682,0.2355,0.0454
1730000030100,50137,0.1439,-0.6262,0.1314,0.046,-0.0266,0.0095
1730000030110,50311,0.234,-0.6174,0.0286,0.0093,0.0256,-0.0175
1730000030120,50538,0.3131,-0.6525,0.1049,-0.0858,-0.0332,0.1016
1730000030130,50808,0.0939,-0.6515,0.0354,0.0126,-0.0108,-0.0343
1730000030140,51087,0.1588,-0.6741,0.1927,-0.0437,0.2388,0.1028
1730000030150,51329,0.2009,-0.796,0.0033,-0.0093,0.2482,-0.101
1730000030160,51485,0.182,-0.7111,0.1752,-0.0768,-0.1433,-0.0201
1730000030170,51519,0.206,-0.7827,0.1577,-0.1284,-0.1413,0.0172
1730000030180,51426,0.1373,-0.9599,0.1454,-0.1752,-0.0619,0.0512
1730000030190,51229,0.2456,-0.9941,0.0572,0.0202,-0.0314,0.0453
1730000030200,50975,0.2323,-0.9711,0.0197,-0.0299,-0.1095,0.0025
1730000030210,50714,0.0727,-1.0344,0.1333,-0.0128,-0.2904,-0.0839
1730000030220,50488,0.1417,-1.1591,0.0903,0.0456,0.0355,0.0174
1730000030230,50316,0.1488,-1.0118,0.0727,0.0229,-0.0074,-0.0559
1730000030240,50204,-0.0995,-1.1985,0.0149,-0.0012,-0.0384,0.1417
1730000030250,50142,-0.0036,-0.9946,0.0778,0.06,-0.1048,-0.0372
1730000030260,50117,-0.0386,-1.0217,-0.005,-0.064,0.1277,-0.0334
1730000030270,50117,0.0428,-1.1321,0.065,-0.0158,-0.255,0.0215
1730000030280,50131,0.0958,-1.0023,0.0972,0.1251,-0.0671,0.0001
1730000030290,50151,0.1617,-1.027,-0.0015,0.0284,-0.0534,0.0283
1730000030300,50170,0.0788,-1.0362,-0.0908,-0.011,0.2461,-0.1118
1730000030310,50185,0.1683,-0.8737,-0.0777,0.0996,0.0014,0.0551
1730000030320,50191,0.2248,-0.9301,0.0081,0.0128,-0.0131,-0.0725
1730000030330,50184,0.0034,-0.9446,-0.0577,-0.0308,0.0834,0.0359
1730000030340,50164,-0.0031,-0.7658,-0.1171,-0.0684,0.0994,-0.0483
1730000030350,50129,0.0659,-0.7453,-0.0962,-0.0389,-0.128,-0.0924
1730000030360,50082,-0.1589,-0.7976,-0.0392,0.0493,0.2819,-0.0428
1730000030370,50026,-0.091,-0.6866,-0.058,0.0798,-0.0646,0.0098
1730000030380,49963,-0.1093,-0.6792,-0.0745,-0.1452,0.1227,-0.0147
1730000030390,49899,-0.0492,-0.6192,-0.1281,-0.0591,-0.1289,0.0308
1730000030400,49837,-0.1083,-0.6174,-0.0897,0.177,-0.1373,0.0049
1730000030410,49780,-0.155,-0.5716,-0.0772,0.0058,-0.1863,-0.0525
1730000030420,49730,-0.06,-0.6937,-0.0979,0.0464,0.1014,0.0445
1730000030430,49689,-0.2321,-0.6844,-0.2249,0.075,0.031,-0.0237
1730000030440,49656,-0.0734,-0.7099,-0.1262,-0.0343,-0.0172,0.008
1730000030450,49632,-0.0971,-0.7049,-0.1898,0.0618,0.0241,-0.1143
1730000030460,49614,-0.173,-0.6888,-0.1471,0.014,-0.0455,0.0158
1730000030470,49604,-0.1728,-0.6663,-0.194,-0.0465,0.0724,-0.0648
1730000030480,49598,-0.2889,-0.776,-0.1746,0.0685,-0.1097,-0.1805
1730000030490,49598,-0.2044,-0.8055,-0.104,0.0033,-0.0576,-0.0355
1730000030500,49602,-0.0596,-0.8018,-0.0899,-0.0147,0.0604,0.0014
1730000030510,49609,-0.1523,-0.8865,-0.1295,0.16,-0.1165,-0.0856
1730000030520,49620,-0.1458,-1.0545,-0.0811,-0.1372,-0.027,0.0828
1730000030530,49634,-0.1726,-1.008,0.014,-0.0009,-0.2073,0.0471
1730000030540,49651,-0.0814,-0.9866,-0.0463,0.0466,0.1492,-0.0141
1730000030550,49670,-0.2172,-1.0377,-0.0521,0.0279,0.0936,0.0452
1730000030560,49692,-0.1011,-1.1327,-0.0979,0.0111,-0.0563,-0.0153
1730000030570,49717,-0.3059,-1.0247,-0.0802,0.1037,-0.1835,0.1009
1730000030580,49743,-0.0239,-1.2053,-0.0066,-0.0912,0.0914,0.0479
1730000030590,49772,-0.1086,-1.1079,-0.0475,0.0658,0.1574,0.0581
1730000030600,49803,-0.0233,-0.9731,0.0204,-0.0145,0.0116,-0.0138
1730000030610,49835,-0.1213,-1.0628,-0.004,0.1223,-0.0777,-0.0381
1730000030620,49869,-0.0767,-1.1394,0.0689,0.1131,0.0041,-0.0175
1730000030630,49904,-0.0062,-1.0067,0.0798,0.0119,0.1879,0.07
1730000030640,49940,-0.0774,-0.9376,0.0738,0.0181,-0.0683,0.0182
1730000030650,49977,-0.1579,-0.8665,0.0613,-0.0832,-0.0271,0.0444
1730000030660,50014,-0.1301,-0.773,0.0108,0.0449,0.1372,0.0953
1730000030670,50051,-0.1011,-0.9611,0.0597,-0.0769,-0.2201,0.0315
1730000030680,50088,0.1595,-0.871,0.1158,-0.1135,-0.0061,0.1147
1730000030690,50125,-0.1051,-0.6582,0.0359,0.0056,-0.0744,-0.0435
1730000030700,50161,0.0632,-0.8502,0.0456,0.1669,0.2036,0.0327
1730000030710,50196,0.1694,-0.6575,0.0622,0.0167,0.1625,0.0608
1730000030720,50231,0.1305,-0.7982,0.0944,-0.0301,0.0626,-0.0078
1730000030730,50263,-0.0444,-0.5546,0.1288,-0.0353,-0.197,0.0112
1730000030740,50294,0.0898,-0.5386,0.0946,-0.0873,0.1146,-0.0747
1730000030750,50324,0.1588,-0.6543,0.1632,0.1711,0.0101,-0.0268
1730000030760,50351,0.1068,-0.6312,0.0854,0.0142,-0.1658,-0.0637
1730000030770,50376,0.1419,-0.6738,0.1493,-0.0387,-0.0012,0.0614
1730000030780,50399,0.1158,-0.5869,0.0628,-0.0652,-0.0258,-0.02
1730000030790,50419,0.0952,-0.7505,-0.017,0.02,-0.0617,-0.0445
1730000030800,50437,0.1913,-0.6451,0.1033,-0.0366,0.0488,0.0537
1730000030810,50451,0.0701,-0.6995,0.14,0.0315,0.1593,-0.1053
1730000030820,50463,0.0557,-0.76,0.1496,-0.0955,-0.1073,-0.0056
1730000030830,50473,0.1422,-0.8817,0.1215,0.1041,0.1805,0.0469
1730000030840,50479,0.1586,-0.9822,0.1147,-0.0909,0.0842,0.0216
1730000030850,50482,0.1476,-1.0043,0.1214,-0.1024,0.0151,-0.0762
1730000030860,50483,0.11,-1.0022,0.1584,-0.0023,0.1117,-0.0576
1730000030870,50481,0.0709,-1.029,0.0906,-0.1439,-0.0123,0.0373
1730000030880,50478,-0.0111,-0.9918,0.107,-0.0215,0.1289,0.0516
1730000030890,50474,0.1037,-1.1328,0.1006,0.0136,-0.0532,-0.0761
1730000030900,50475,0.2156,-1.1338,0.0431,-0.0572,0.1947,0.0429
1730000030910,50489,0.2116,-1.0556,-0.0549,-0.0227,0.0651,0.0903
1730000030920,50528,-0.099,-1.0826,0.0537,-0.0777,0.031,-0.0202
1730000030930,50611,0.1971,-0.9857,0.055,0.0426,0.134,-0.0012
1730000030940,50757,0.1773,-1.076,0.0062,0.0749,-0.1091,0.0327
1730000030950,50969,0.1782,-0.9857,0.0112,-0.0499,-0.1297,0.0066
1730000030960,51232,0.1624,-1.1332,0.0008,-0.0015,-0.0568,-0.0995
1730000030970,51499,0.2303,-0.9811,0.0025,0.1366,-0.0524,0.0161
1730000030980,51704,0.0155,-0.9211,0.0366,-0.0251,-0.1991,-0.066
1730000030990,51785,0.0753,-0.8417,-0.0966,-0.0092,-0.0177,0.0553
1730000031000,51712,-0.0149,-0.8704,0.0041,0.0056,-0.0778,-0.0694
1730000031010,51500,0.0237,-0.7005,-0.1936,-0.0945,0.0646,-0.0686
1730000031020,51204,-0.0296,-0.7601,-0.086,0.0666,0.0918,-0.0739
1730000031030,50895,0.0169,-0.6874,-0.0793,0.0001,-0.1268,0.0235
1730000031040,50630,-0.0816,-0.6628,0.019,-0.0689,0.2988,0.0547
1730000031050,50437,0.011,-0.5813,-0.0836,-0.101,-0.2572,-0.1288
1730000031060,50320,-0.1467,-0.5996,-0.149,-0.0071,0.032,0.0655
1730000031070,50264,0.016,-0.5101,-0.0365,-0.0655,-0.0827,-0.0517
1730000031080,50252,-0.0929,-0.634,-0.0999,0.0469,-0.0284,-0.0417
1730000031090,50267,-0.158,-0.5836,-0.0477,-0.0462,-0.109,0.0693
1730000031100,50297,-0.1041,-0.6713,-0.1129,-0.1175,-0.0467,-0.037
1730000031110,50332,-0.0332,-0.6739,-0.1462,0.1226,0.1274,0.0049
1730000031120,50366,-0.0789,-0.5444,-0.1162,0.0647,-0.0188,-0.0056
1730000031130,50391,-0.1968,-0.634,-0.0373,0.022,-0.0241,-0.0034
1730000031140,50405,-0.2253,-0.8086,-0.2178,0.0272,-0.019,-0.0139
1730000031150,50403,-0.2367,-0.6968,-0.1462,-0.0597,-0.0995,0.0569
1730000031160,50388,-0.0349,-0.8921,-0.1228,0.0017,0.1107,-0.0388
1730000031170,50360,-0.0417,-0.9003,-0.1137,-0.0589,-0.0518,-0.0232
1730000031180,50324,-0.2158,-0.9242,-0.1394,-0.1831,0.1839,-0.027
1730000031190,50286,-0.0787,-0.9372,-0.0809,-0.0135,0.0337,0.0111
1730000031200,50249,-0.1626,-1.0065,-0.0618,-0.065,0.0329,-0.1004
1730000031210,50220,-0.1135,-1.0685,-0.1097,0.0543,0.0999,-0.0973
1730000031220,50199,-0.1553,-1.0643,-0.0888,0.0218,-0.1294,-0.0314
1730000031230,50188,-0.071,-1.0556,-0.1159,0.0207,0.0942,0.0329
1730000031240,50187,-0.1469,-1.1303,0.0057,-0.0554,-0.0182,0.0298
1730000031250,50195,-0.0665,-1.0085,0.0101,-0.0224,-0.0823,-0.0828
1730000031260,50211,-0.2367,-1.0327,-0.0293,0.0882,0.0317,-0.0363
1730000031270,50232,-0.0951,-1.0631,-0.0213,0.0252,-0.1319,-0.0083
1730000031280,50257,-0.0705,-1.0312,-0.0476,-0.0116,0.0395,0.0272
1730000031290,50286,0.0194,-1.0506,0.0528,-0.0971,-0.2324,-0.0091
1730000031300,50317,-0.1374,-0.9723,-0.0341,0.0829,0.0921,0.0493
1730000031310,50349,0.0198,-1.0059,0.0388,0.0639,-0.1029,-0.006
1730000031320,50382,-0.1049,-0.9381,0.0644,0.0387,-0.1491,0.0474
1730000031330,50416,0.0228,-0.8507,0.1028,-0.0892,-0.0822,0.0647
1730000031340,50450,-0.0631,-0.9636,0.1209,-0.0596,0.1382,-0.0945
1730000031350,50483,-0.0408,-0.7836,0.0506,-0.0996,-0.0307,-0.0781
1730000031360,50516,0.0507,-0.7725,0.0748,0.1141,-0.0791,0.0483
1730000031370,50548,0.1578,-0.7503,0.0769,-0.1718,-0.036,0.0241
1730000031380,50579,0.1225,-0.6812,0.2131,0.0111,-0.0995,0.0009
1730000031390,50609,-0.0957,-0.6773,0.0328,-0.0745,-0.0641,-0.1139
1730000031400,50637,0.0269,-0.5558,0.0145,-0.0597,0.1663,-0.0422
1730000031410,50664,0.1781,-0.509,0.0851,0.0143,-0.0326,0.0402
1730000031420,50689,0.177,-0.6846,0.0754,-0.132,-0.1622,0.0648
1730000031430,50711,-0.0075,-0.5863,0.0803,-0.1106,-0.0431,0.0549
1730000031440,50731,0.0784,-0.6149,0.1239,-0.0497,0.1395,-0.0474
1730000031450,50748,0.3314,-0.55,0.0787,0.0353,-0.2069,0.0191
1730000031460,50763,0.2296,-0.6276,0.0758,-0.0755,0.0923,0.0837
1730000031470,50776,0.2082,-0.7427,0.091,-0.1336,-0.0035,0.0172
1730000031480,50785,0.1153,-0.7187,0.1327,0.0927,-0.0122,-0.0467
1730000031490,50791,0.1339,-0.7351,0.0774,0.013,-0.0167,0.0244
1730000031500,50795,0.0376,-0.7728,0.0336,-0.1388,-0.1026,0.0326
1730000031510,50795,0.0741,-0.9479,0.077,0.0953,0.1911,0.0708
1730000031520,50793,0.0989,-0.9229,0.1794,0.1272,0.1202,-0.0275
1730000031530,50788,0.2315,-0.9834,0.0013,-0.1298,0.0439,0.0105
1730000031540,50780,0.0213,-0.9908,0.1471,0.1311,0.0248,0.0321
1730000031550,50769,0.1748,-1.0597,0.064,0.0953,-0.0381,0.1045
1730000031560,50756,-0.0581,-1.1067,0.1255,-0.0162,0.056,-0.0029
1730000031570,50740,0.0953,-1.0233,0.0703,0.066,-0.1903,0.0587
1730000031580,50722,0.0092,-1.0479,0.0492,0.049,-0.0696,-0.009
1730000031590,50701,0.0461,-1.0482,0.0459,-0.0459,-0.1995,-0.0586
1730000031600,50679,0.09,-1.1966,0.0794,0.1077,0.0874,-0.081
1730000031610,50654,0.0698,-1.1064,-0.0102,0.0056,0.1664,-0.0238
1730000031620,50629,-0.0438,-1.1996,-0.0448,0.1519,-0.0338,-0.0519
1730000031630,50602,0.0833,-0.9462,-0.0335,0.0027,0.174,0.0713
1730000031640,50574,-0.0765,-0.9658,0.0281,0.0289,0.1019,0.0199
1730000031650,50547,-0.0023,-0.9422,0.008,-0.0102,-0.0319,0.0476
1730000031660,50523,0.0805,-0.877,0.0068,-0.1516,0.0631,-0.0603
1730000031670,50506,-0.0279,-0.8285,-0.1093,0.1772,0.0078,-0.0203
1730000031680,50506,0.0744,-0.8209,-0.0436,0.1135,0.0784,-0.0136
1730000031690,50536,-0.0215,-0.5648,0.0362,-0.1895,0.0695,-0.0269
1730000031700,50614,-0.0869,-0.8111,-0.1076,0.0717,-0.06,-0.016
1730000031710,50757,0.157,-0.6516,-0.0978,-0.0489,-0.132,0.1108
1730000031720,50967,0.0961,-0.6057,-0.0997,-0.0734,0.0608,0.0654
1730000031730,51224,-0.123,-0.5495,-0.0642,-0.0392,-0.118,-0.0776
1730000031740,51481,-0.1146,-0.6938,-0.16,0.0938,-0.0699,-0.0162
1730000031750,51675,-0.1171,-0.6466,-0.114,0.0069,-0.2678,0.0538
1730000031760,51748,-0.202,-0.6062,-0.1218,0.0438,0.1264,0.0041
1730000031770,51674,-0.1884,-0.6675,-0.1555,-0.0086,0.1046,0.0284
1730000031780,51469,-0.1409,-0.6692,-0.2109,0.0105,-0.1482,0.0253
1730000031790,51187,-0.1646,-0.7336,-0.1164,0.0127,-0.0161,0.1065
1730000031800,50894,-0.1717,-0.5345,-0.1541,0.0325,-0.196,0.0591
1730000031810,50645,-0.2721,-0.7271,-0.1994,0.0666,0.0224,0.0184
1730000031820,50468,-0.0573,-0.8096,-0.1143,-0.1008,0.0063,-0.0933
1730000031830,50366,-0.1036,-0.793,-0.1155,0.0082,0.1216,0.0045
1730000031840,50325,-0.2369,-0.8686,-0.121,-0.0221,-0.1602,-0.021
1730000031850,50329,-0.1754,-0.8898,-0.1048,0.0747,-0.2167,0.0378
1730000031860,50362,-0.1551,-0.9481,-0.0685,-0.0044,0.0722,0.0453
1730000031870,50411,-0.1258,-1.0299,-0.1049,0.116,-0.1856,-0.0737
1730000031880,50466,-0.2183,-1.0839,-0.027,0.1346,0.0093,0.0187
1730000031890,50521,-0.1181,-1.1028,-0.1325,0.0338,-0.0811,-0.0325
1730000031900,50569,-0.1401,-1.1599,0.0117,0.0617,-0.1454,0.0641
1730000031910,50606,-0.079,-1.1184,-0.0562,-0.0297,-0.0501,0.0003
1730000031920,50628,-0.2029,-1.1775,-0.0159,-0.0083,-0.1356,-0.006
1730000031930,50635,-0.3201,-1.0401,-0.068,0.014,0.072,0.0619
1730000031940,50628,-0.0362,-1.0863,0.0188,-0.0155,0.0913,0.0666
1730000031950,50612,-0.1415,-1.0382,0.0542,0.117,0.1413,0.0372
1730000031960,50590,-0.0386,-1.0683,0.0505,-0.0213,-0.0772,-0.0337
1730000031970,50568,-0.0347,-1.0585,0.0714,0.0901,0.2452,0.0093
1730000031980,50548,-0.0107,-1.0285,-0.0119,0.0144,0.2529,-0.0278
1730000031990,50535,0.0081,-0.9326,0.033,0.1023,-0.041,0.067
1730000032000,50529,0.0056,-0.8617,0.05,0.0493,0.0507,-0.0538
1730000032010,50531,0.1379,-0.7897,0.0647,-0.1073,0.0398,0.0849
1730000032020,50539,0.0994,-0.6938,0.0881,0.0206,0.0488,-0.0568
1730000032030,50552,0.0221,-0.6468,0.0999,0.0874,-0.1161,-0.0384
1730000032040,50569,0.0566,-0.5685,0.1068,-0.073,0.248,0.0145
1730000032050,50588,-0.0624,-0.5899,-0.0778,0.0371,0.0466,0.055
1730000032060,50608,-0.1128,-0.6304,0.1059,-0.0026,0.0899,0.1567
1730000032070,50627,0.1654,-0.5618,0.0348,-0.0376,0.2032,0.0313
1730000032080,50646,0.0733,-0.547,0.1709,0.0729,0.0106,0.0176
1730000032090,50662,0.2164,-0.6009,0.0894,-0.0205,-0.2801,-0.0097
1730000032100,50677,0.0163,-0.6501,0.2066,0.0269,-0.13,0.0353
1730000032110,50690,0.2295,-0.621,0.1506,-0.047,-0.087,0.1127
1730000032120,50700,0.2369,-0.6813,0.1235,-0.1443,0.0475,-0.0025
1730000032130,50707,0.1238,-0.659,0.1137,0.142,-0.0721,-0.0473
1730000032140,50712,0.2225,-0.717,0.1252,0.0824,0.0968,0.1149
1730000032150,50714,0.2756,-0.9047,0.087,0.1218,0.1174,-0.0591
1730000032160,50713,0.1292,-0.8164,0.0678,-0.0777,-0.0923,-0.0587
1730000032170,50709,0.1971,-0.9766,0.1484,0.119,-0.0218,0.0468
1730000032180,50702,0.2127,-0.7811,0.0967,-0.0634,-0.0001,-0.0126
1730000032190,50692,0.1511,-0.9568,0.0365,-0.1204,-0.2744,0.0286
1730000032200,50680,0.137,-0.9482,0.0908,0.0241,-0.0522,-0.0165
1730000032210,50664,0.1468,-1.1129,0.1203,0.0165,-0.2781,0.0167
1730000032220,50646,-0.0584,-1.0365,0.1299,-0.0052,-0.0623,0.0173
1730000032230,50626,0.1913,-1.0733,0.1166,-0.0634,-0.0059,0.0159
1730000032240,50603,0.1079,-1.0722,0.0743,0.0803,-0.0265,-0.0059
1730000032250,50578,0.157,-1.1019,0.027,0.0442,0.0291,-0.0029
1730000032260,50550,0.0026,-1.064,0.0122,0.172,0.0236,0.041
1730000032270,50521,0.0848,-1.0782,0.029,0.0962,0.0165,0.0004
1730000032280,50490,0.1387,-1.0746,-0.0492,0.0026,0.0581,0.0723
1730000032290,50458,0.0625,-1.126,-0.0488,0.0407,-0.0003,0.0787
1730000032300,50424,0.1438,-0.8491,-0.0041,0.0465,-0.0955,0.0016
1730000032310,50390,-0.0797,-0.9424,-0.0579,-0.1863,0.0097,-0.0039
1730000032320,50354,-0.0867,-1.0135,-0.061,-0.0191,-0.1949,-0.0439
1730000032330,50319,-0.0488,-0.9599,-0.0753,-0.0745,0.3426,0.1368
1730000032340,50283,-0.0675,-0.7681,-0.1108,-0.0613,0.0116,0.0006
1730000032350,50247,0.0023,-0.6756,-0.1169,0.0948,-0.0249,-0.0182
1730000032360,50212,-0.0928,-0.7097,-0.0666,0.1008,-0.2555,0.0234
1730000032370,50177,-0.033,-0.6518,-0.1193,-0.0534,-0.1301,-0.0317
1730000032380,50144,-0.0185,-0.7586,-0.0976,0.0669,-0.0239,0.0383
1730000032390,50111,-0.0852,-0.6381,-0.0063,0.0758,0.0086,-0.0199
1730000032400,50080,-0.0353,-0.6249,-0.102,-0.0834,0.259,-0.0356
1730000032410,50051,-0.1371,-0.6834,-0.1512,0.0556,-0.0967,0.0119
1730000032420,50026,-0.088,-0.57,-0.1064,0.0939,-0.1302,0.0346
1730000032430,50009,-0.2349,-0.6334,-0.1238,-0.1799,-0.0119,-0.0414
1730000032440,50007,-0.2052,-0.708,-0.1684,0.0446,-0.0136,0.0256
1730000032450,50037,-0.1616,-0.7171,-0.1313,0.0564,0.0398,-0.0147
1730000032460,50120,-0.1009,-0.6601,-0.0098,-0.0341,-0.0596,-0.0556
1730000032470,50279,0.0379,-0.6817,0.0455,0.0664,0.0109,0.0144
1730000032480,50522,-0.1173,-0.7381,-0.2357,-0.0681,-0.0344,-0.0871
1730000032490,50824,-0.1862,-0.725,-0.1369,0.049,-0.3167,-0.0065
1730000032500,51122,-0.1375,-0.9141,-0.1963,0.0153,0.0201,-0.0361
1730000032510,51328,-0.1385,-0.8374,-0.0815,0.0334,0.0075,-0.0676
1730000032520,51374,-0.184,-0.9562,-0.0895,-0.022,-0.1958,0.0774
1730000032530,51242,0.0609,-0.9158,-0.0267,0.0753,-0.0573,-0.0184
1730000032540,50981,-0.1061,-1.0476,-0.1091,-0.0759,-0.0235,-0.0636
1730000032550,50674,-0.1325,-1.0519,-0.1034,0.0668,-0.232,0.086
1730000032560,50402,-0.196,-1.1129,0.0163,0.0671,-0.0188,0.0147
1730000032570,50213,-0.0784,-1.2573,0.0067,0.0404,-0.0812,0.0062
1730000032580,50114,-0.1254,-1.1384,-0.0686,0.094,0.0061,-0.0034
1730000032590,50090,-0.2113,-1.0708,0.0514,-0.0454,0.0035,0.0073
1730000032600,50115,0.0136,-1.1493,0.012,-0.0411,0.0392,0.0939
1730000032610,50170,-0.1257,-1.0692,-0.0301,-0.1911,0.0758,-0.139
1730000032620,50238,0.0814,-1.1587,0.0015,-0.0228,-0.1138,-0.0551
1730000032630,50309,0.049,-1.0373,0.0353,0.157,0.2508,0.0805
1730000032640,50372,-0.0675,-1.1664,0.0919,0.0518,-0.1038,0.0294
1730000032650,50421,-0.0733,-0.9757,0.0007,0.0567,-0.155,-0.0755
1730000032660,50451,-0.0633,-0.8919,0.0612,0.0379,-0.009,-0.0706
1730000032670,50461,-0.0014,-0.8848,0.0652,0.0357,0.0696,0.072
1730000032680,50452,-0.0914,-0.806,0.1103,-0.1146,0.0955,-0.0249
1730000032690,50429,0.0645,-0.7239,0.0928,0.0215,-0.1237,-0.0017
1730000032700,50399,0.1773,-0.738,0.1241,-0.0438,-0.0334,0.0866
1730000032710,50367,0.0375,-0.6758,0.1349,0.0568,-0.1861,0.076
1730000032720,50338,0.147,-0.6785,0.1026,-0.0936,-0.046,-0.0042
1730000032730,50317,0.0856,-0.639,0.075,0.0186,0.1783,0.0171
1730000032740,50302,0.0042,-0.5331,0.0431,-0.0159,-0.1451,-0.0184
1730000032750,50295,0.2478,-0.7842,0.079,-0.1328,0.1351,0.1154
1730000032760,50293,0.1333,-0.5277,-0.026,0.0197,0.0647,0.0373
1730000032770,50295,0.0762,-0.6444,0.0858,0.0165,-0.073,0.0197
1730000032780,50298,0.101,-0.6811,0.145,-0.0037,-0.1469,0.1449
1730000032790,50301,0.1428,-0.6954,0.12,-0.0204,-0.2415,-0.1332
1730000032800,50303,0.2992,-0.6967,0.1351,-0.0119,-0.0536,-0.1063
1730000032810,50303,0.1957,-0.8384,0.0383,0.033,0.0159,-0.0231
1730000032820,50301,0.3352,-0.7543,0.2202,-0.0394,0.0094,0.0719
1730000032830,50296,0.2261,-0.8355,0.0403,-0.1137,0.0363,-0.0899
1730000032840,50288,0.2207,-0.8144,0.1447,-0.1396,0.1779,0.0094
1730000032850,50278,-0.0411,-0.9609,0.0317,0.0002,-0.0388,-0.0273
1730000032860,50264,0.1436,-1.0398,0.0102,-0.0974,-0.1681,-0.0271
1730000032870,50248,0.2082,-0.979,0.0811,0.0234,0.1239,0.0122
1730000032880,50230,0.2327,-1.0461,0.0605,0.0904,-0.0717,-0.0513
1730000032890,50208,-0.0071,-1.074,0.0608,0.0583,0.1026,0.0062
1730000032900,50185,-0.0051,-1.2296,0.0755,0.0149,0.0175,-0.0107
1730000032910,50159,0.0764,-1.2205,-0.0497,0.0955,0.2098,-0.0547
1730000032920,50131,-0.0447,-1.2511,-0.0479,-0.0008,0.1393,0.0289
1730000032930,50101,0.1285,-1.1149,0.0495,-0.0789,0.0406,0.084
1730000032940,50069,-0.0495,-0.969,0.0118,-0.1145,-0.0523,-0.012
1730000032950,50036,-0.0066,-1.1243,0.0771,-0.0138,-0.0001,-0.0518
1730000032960,50001,-0.0416,-1.0499,0.0715,0.1082,0.184,0.0348
1730000032970,49966,0.0312,-0.9571,-0.0703,0.246,0.0899,-0.0815
1730000032980,49930,-0.0534,-1.0522,-0.0676,-0.0071,0.1775,0.1069
1730000032990,49893,0.0321,-0.9201,-0.0901,-0.113,0.0709,0.003
1730000033000,49856,0.1557,-0.8009,-0.0819,-0.0015,-0.2459,0.0332
1730000033010,49819,0.0408,-0.8134,-0.1623,0.1175,-0.1374,-0.0043
1730000033020,49782,-0.0233,-0.7202,-0.0916,-0.1462,0.252,0.0833
1730000033030,49746,-0.0741,-0.7026,-0.1897,0.0861,0.1941,-0.027
1730000033040,49711,-0.1731,-0.7665,-0.1608,-0.0583,-0.0465,0.0436
1730000033050,49677,-0.1428,-0.6462,-0.092,0.1119,-0.1023,-0.0881
1730000033060,49644,-0.1665,-0.6033,-0.1451,0.006,0.0671,-0.0156
1730000033070,49613,-0.0693,-0.6644,-0.1029,0.0358,-0.1419,-0.038
1730000033080,49583,-0.0598,-0.6109,-0.1505,-0.0926,-0.2444,0.0284
1730000033090,49555,-0.1568,-0.6273,-0.1239,-0.068,0.1975,0.0353
1730000033100,49530,-0.1652,-0.6588,-0.1187,0.0928,-0.0056,0.034
1730000033110,49508,-0.2251,-0.7659,-0.0622,-0.0257,0.0817,-0.0515
1730000033120,49489,-0.0228,-0.6324,-0.1322,-0.0306,-0.0136,-0.0663
1730000033130,49477,-0.1118,-0.6793,-0.1437,-0.1139,-0.1119,-0.0273
1730000033140,49478,-0.1448,-0.7521,-0.0942,0.0695,-0.136,0.0086
1730000033150,49506,-0.294,-0.8146,-0.1045,-0.0343,0.0464,0.0147
1730000033160,49582,-0.2329,-0.8323,-0.2614,0.0114,-0.1246,-0.0322
1730000033170,49729,-0.1396,-0.9064,-0.0615,0.0532,0.0138,0.0311
1730000033180,49962,-0.2279,-0.9822,-0.0282,0.0027,-0.1373,0.1002
1730000033190,50267,-0.1507,-1.0519,-0.0808,0.0193,0.1355,-0.0151
1730000033200,50588,-0.0887,-0.9587,-0.0792,-0.1388,0.079,0.0382
1730000033210,50837,-0.2174,-1.0622,-0.0243,0.0107,0.0348,-0.0498
1730000033220,50935,-0.159,-1.0533,-0.1142,-0.2221,-0.0594,0.0302
1730000033230,50850,-0.1559,-1.1329,-0.0591,0.0797,0.0353,-0.0
1730000033240,50616,-0.1041,-1.1291,-0.0843,0.0244,0.1319,0.1038
1730000033250,50317,-0.0435,-1.0853,0.01,-0.0306,-0.3099,-0.0507
1730000033260,50040,-0.0471,-1.0429,0.0292,0.0197,0.1443,-0.0199
1730000033270,49841,-0.2341,-1.1303,-0.0435,-0.0093,-0.0262,-0.0112
1730000033280,49734,0.1063,-1.1204,-0.0076,-0.0214,-0.0675,-0.036
1730000033290,49706,-0.1903,-1.0243,-0.0272,-0.0104,0.0223,-0.1124
1730000033300,49732,-0.0699,-0.9876,-0.034,-0.1163,-0.0927,0.0515
1730000033310,49789,-0.0517,-0.9179,-0.0089,-0.0005,0.016,0.0313
1730000033320,49862,0.0904,-0.9407,0.0931,-0.0078,-0.1408,0.052
1730000033330,49937,-0.0684,-0.8901,0.0867,-0.0295,0.0187,-0.004
1730000033340,50005,-0.0087,-0.7828,0.0106,0.0304,0.0605,0.0151
1730000033350,50059,0.1021,-0.7383,0.0263,0.0076,0.0405,0.0645
1730000033360,50092,0.2089,-0.7127,0.1006,0.0111,-0.2275,0.042
1730000033370,50104,-0.0509,-0.7725,0.0941,0.0373,-0.0111,0.0535
1730000033380,50095,0.1833,-0.5892,0.1835,-0.0458,0.0714,0.0318
1730000033390,50072,0.0069,-0.6455,0.0989,0.0168,0.0501,-0.0702
1730000033400,50039,0.136,-0.5809,0.2034,0.0084,0.0265,0.0263
1730000033410,50005,0.174,-0.5265,0.0971,-0.0341,-0.0165,0.0468
1730000033420,49973,0.1012,-0.6211,0.0805,0.0134,-0.0373,-0.1157
1730000033430,49947,0.0723,-0.7263,0.1502,0.0107,-0.2703,0.0085
1730000033440,49928,0.0959,-0.5659,0.0947,0.0299,-0.2472,-0.0565
1730000033450,49916,-0.0413,-0.658,0.1521,0.0605,0.209,0.0543
1730000033460,49910,0.3025,-0.7094,0.144,0.1102,0.1423,0.026
1730000033470,49906,0.1986,-0.8724,0.1654,0.0071,-0.0063,0.0134
1730000033480,49903,0.2487,-0.7634,0.0303,-0.0129,0.0379,0.0608
1730000033490,49901,0.0741,-0.937,0.0147,-0.0563,0.1656,0.0158
1730000033500,49897,0.2569,-0.785,0.161,0.0931,-0.0076,-0.0248
1730000033510,49891,0.1407,-0.8731,0.0841,-0.0563,0.072,0.1556
1730000033520,49882,0.2116,-1.0006,0.0722,0.0599,0.0903,-0.0527
1730000033530,49872,0.1828,-1.0019,0.1119,0.0662,-0.1155,-0.0547
1730000033540,49858,0.3471,-1.0612,0.0561,-0.0007,-0.1594,0.0951
1730000033550,49842,0.1524,-1.1276,0.0655,-0.0019,0.0085,-0.0022
1730000033560,49824,-0.1281,-1.0736,-0.0387,0.0239,0.0049,0.0949
1730000033570,49803,0.1267,-0.9709,0.1246,0.0601,-0.1338,0.052
1730000033580,49781,0.2281,-1.0139,-0.0117,0.1555,-0.0848,0.0011
1730000033590,49756,0.1197,-1.1025,0.0916,0.0558,0.0185,0.0447
1730000033600,49729,0.0442,-1.0733,0.0471,0.0484,0.003,-0.0108
1730000033610,49701,0.0944,-1.0214,-0.0971,0.025,-0.1036,0.029
1730000033620,49672,0.0573,-1.0104,-0.0309,-0.0374,0.0913,-0.0256
1730000033630,49641,-0.1165,-1.0002,0.0319,-0.1017,-0.0041,-0.0859
1730000033640,49610,-0.0083,-0.9602,0.0021,0.0084,-0.0775,0.0612
1730000033650,49578,0.1561,-0.9554,-0.0219,-0.0086,0.0064,-0.0539
1730000033660,49545,-0.0078,-0.8829,-0.113,-0.025,-0.0485,0.0519
1730000033670,49513,-0.1276,-0.8339,-0.0826,0.02,-0.0283,0.0188
1730000033680,49480,-0.1499,-0.8902,-0.0022,-0.0844,-0.107,0.0287
1730000033690,49448,-0.0448,-0.7403,-0.0206,0.0294,0.1302,-0.021
1730000033700,49417,0.0255,-0.6331,0.0047,-0.0802,0.1076,0.0576
1730000033710,49387,-0.1445,-0.7859,-0.1382,-0.1276,0.2937,0.0261
1730000033720,49358,-0.0477,-0.6578,-0.089,0.012,0.1364,0.0068
1730000033730,49331,-0.0039,-0.5068,-0.1405,-0.0106,0.1039,-0.0353
1730000033740,49305,-0.1785,-0.5647,-0.1303,0.1388,0.1571,-0.0381
1730000033750,49281,-0.2664,-0.6585,-0.0906,0.0019,-0.0276,-0.0318
1730000033760,49259,-0.1359,-0.6082,-0.1794,-0.019,0.2428,-0.005
1730000033770,49240,-0.0724,-0.6236,-0.1367,-0.0574,-0.2219,-0.0321
1730000033780,49223,-0.0761,-0.6515,-0.0409,0.0676,0.1218,0.0349
1730000033790,49209,-0.1015,-0.6284,-0.1702,-0.1667,0.0961,-0.0319
1730000033800,49197,-0.132,-0.8614,-0.0894,-0.0926,0.1401,0.0221
1730000033810,49190,-0.182,-0.6808,-0.0806,-0.0159,-0.0888,0.0157
1730000033820,49188,-0.2161,-0.6912,-0.1485,-0.1099,-0.1057,0.05
1730000033830,49200,-0.163,-0.9017,-0.1225,-0.1031,0.0711,0.0191
1730000033840,49237,-0.1964,-0.8702,-0.0661,0.0513,0.1404,-0.0524
1730000033850,49322,-0.1749,-0.9795,-0.041,0.0683,0.0385,-0.0186
1730000033860,49483,-0.2611,-0.9238,-0.0977,0.0536,-0.0723,-0.1051
1730000033870,49738,-0.1442,-1.0162,-0.1408,0.0479,-0.1315,0.052
1730000033880,50069,-0.1477,-1.1411,-0.0367,0.0933,0.1587,0.071
1730000033890,50413,-0.1184,-1.094,-0.0459,-0.0419,-0.0369,-0.0142
1730000033900,50671,-0.0688,-1.0647,-0.1515,-0.0026,-0.0489,-0.0313
1730000033910,50754,-0.1374,-1.0774,-0.0142,-0.0791,0.1626,-0.0547
1730000033920,50639,-0.1182,-1.0598,-0.1419,-0.1116,0.1127,0.0652
1730000033930,50380,-0.098,-1.1289,-0.0296,0.0109,-0.247,-0.0159
1730000033940,50076,-0.1081,-0.9759,-0.0375,0.0017,0.0959,-0.0183
1730000033950,49818,0.0334,-1.14,-0.0456,-0.092,-0.1077,-0.0892
1730000033960,49654,0.0377,-1.0514,0.0241,-0.0501,0.0557,0.0268
1730000033970,49588,-0.1058,-0.9021,-0.0828,-0.0338,0.0603,0.1042
1730000033980,49594,0.0338,-0.9491,0.029,0.0036,0.047,-0.002
1730000033990,49647,-0.0476,-0.8859,0.0946,0.0338,0.1588,0.0335
1730000034000,49724,0.0503,-0.8749,0.0624,-0.0658,-0.0643,0.0186
1730000034010,49808,0.015,-0.6675,0.042,0.0572,0.1086,0.059
1730000034020,49888,0.0469,-0.8681,0.1427,-0.0016,-0.2262,0.1539
1730000034030,49954,0.1156,-0.6751,0.0484,0.0193,0.1437,0.008
1730000034040,49999,0.0509,-0.7177,0.0764,0.0294,0.0847,0.0947
1730000034050,50020,0.1484,-0.7118,0.0161,-0.0252,-0.0721,0.0268
1730000034060,50019,0.041,-0.6318,0.1092,0.1023,-0.0643,-0.0055
1730000034070,49999,0.1266,-0.6378,0.1207,0.0113,0.0522,-0.075
1730000034080,49969,0.2422,-0.6318,0.222,0.0165,0.0711,-0.125
1730000034090,49936,0.1445,-0.6695,0.1087,-0.1571,0.1291,0.1164
1730000034100,49906,0.1526,-0.6005,0.1557,-0.0294,0.1619,0.0464
1730000034110,49882,0.1471,-0.6514,0.1282,-0.0343,0.0966,-0.0646
1730000034120,49866,0.1294,-0.5433,0.1186,-0.1105,0.0058,0.019
1730000034130,49857,0.2037,-0.6398,0.2129,-0.013,0.0821,-0.0365
1730000034140,49854,0.2738,-0.6675,0.1438,0.0142,0.1084,0.0206
1730000034150,49854,0.0082,-0.8323,0.1127,-0.0036,0.1559,0.0361
1730000034160,49855,0.1489,-0.746,0.0475,-0.0391,0.0626,0.0178
1730000034170,49856,0.1136,-0.882,0.0981,-0.0187,-0.0685,-0.0972
1730000034180,49855,0.136,-0.9211,0.1696,0.0064,-0.0013,-0.0375
1730000034190,49852,0.2264,-1.0215,0.1791,-0.1906,0.033,0.0273
1730000034200,49847,0.2135,-1.0064,0.1257,-0.0121,-0.0115,0.0236
1730000034210,49839,0.0368,-1.0185,0.1345,-0.0063,0.1264,-0.0392
1730000034220,49829,0.2772,-1.1259,0.0032,-0.0239,0.1274,0.0702
1730000034230,49816,0.0976,-1.0931,0.1093,-0.0617,0.0706,-0.0634
1730000034240,49801,0.0926,-1.1639,-0.0358,0.0445,-0.0639,-0.0578
1730000034250,49784,0.1522,-1.1255,-0.011,0.0103,0.1516,0.0563
1730000034260,49766,-0.0971,-1.0153,0.0528,0.0252,-0.0345,-0.0505
1730000034270,49745,0.1536,-1.0946,0.0034,0.0817,0.0484,0.0323
1730000034280,49723,0.0502,-1.0561,-0.0059,-0.0718,-0.0116,-0.0282
1730000034290,49700,-0.0501,-1.0013,-0.053,-0.0146,0.0853,-0.1056
1730000034300,49675,0.1334,-0.8711,0.0001,0.0084,0.0897,-0.0067
1730000034310,49650,0.1164,-0.9977,-0.0352,-0.0915,0.1046,-0.0064
1730000034320,49625,0.0041,-0.9891,-0.0,0.0308,-0.0394,0.0348
1730000034330,49599,-0.0161,-0.8406,-0.0072,0.1102,-0.206,-0.065
1730000034340,49573,-0.1174,-0.8962,-0.1205,-0.1103,0.0513,-0.0382
1730000034350,49547,0.0001,-0.7671,-0.1482,0.0089,-0.0346,-0.04
1730000034360,49522,-0.0274,-0.7735,-0.0601,0.0478,-0.1709,-0.0419
1730000034370,49497,-0.2019,-0.7594,-0.0911,-0.1064,0.1163,-0.0765
1730000034380,49474,0.172,-0.6629,-0.0874,-0.0324,-0.0895,0.0729
1730000034390,49452,0.0382,-0.6381,-0.1195,-0.0614,-0.1234,0.0096
1730000034400,49431,-0.2237,-0.6706,-0.1226,-0.0033,-0.0291,-0.0298
1730000034410,49413,-0.0666,-0.5808,-0.1057,0.0086,-0.1571,0.1241
1730000034420,49396,-0.1495,-0.5615,-0.1131,0.0386,-0.1474,0.0075
1730000034430,49381,-0.2134,-0.6749,-0.1682,-0.0906,-0.0605,0.0163
1730000034440,49369,-0.0925,-0.5708,-0.0557,0.1339,-0.0439,0.0062
1730000034450,49359,-0.1914,-0.565,-0.0759,0.0872,-0.0697,0.0226
1730000034460,49352,-0.2011,-0.6836,-0.0683,-0.0052,0.0287,-0.016
1730000034470,49348,-0.2489,-0.7503,-0.1854,0.0336,-0.0088,0.0199
1730000034480,49349,-0.3467,-0.8167,0.0287,-0.0127,-0.0141,-0.0209
1730000034490,49358,-0.014,-0.8512,-0.1436,0.0772,0.0197,0.0356
1730000034500,49386,-0.0498,-0.8227,-0.154,0.0619,0.0012,-0.0279
1730000034510,49451,-0.1791,-0.8533,-0.0996,0.1123,-0.1033,-0.0184
1730000034520,49581,-0.0089,-0.9069,-0.1642,0.0252,-0.1807,0.0104
1730000034530,49802,-0.1725,-0.9886,-0.1091,-0.1561,0.0424,0.085
1730000034540,50117,-0.1355,-0.9754,-0.0881,0.0069,0.0581,0.0545
1730000034550,50479,-0.1994,-0.986,-0.1314,0.0328,-0.0266,-0.0268
1730000034560,50794,-0.1761,-1.0572,-0.1696,-0.0939,-0.2164,-0.015
1730000034570,50956,-0.1477,-0.95,-0.0469,0.0061,-0.0585,0.0764
1730000034580,50910,-0.0731,-1.0524,0.0213,0.1588,0.0652,0.0207
1730000034590,50688,-0.0073,-1.1683,-0.0413,0.1635,-0.1823,0.0324
1730000034600,50384,-0.0693,-1.0666,0.009,0.0953,-0.0506,-0.0598
1730000034610,50105,-0.188,-1.0117,-0.0875,-0.0892,0.2577,-0.0063
1730000034620,49916,-0.0772,-0.9997,0.0548,-0.0639,-0.0523,-0.0789
1730000034630,49830,-0.0963,-1.0565,0.0267,0.0887,0.0681,-0.0711
1730000034640,49828,0.0126,-0.9086,0.0734,0.1246,-0.1462,0.0321
1730000034650,49879,0.0562,-0.9355,0.0459,0.0419,0.0133,0.0836
1730000034660,49959,0.0023,-0.9634,0.0701,0.0863,-0.3632,-0.0789
1730000034670,50050,0.0615,-0.7983,0.0335,0.0285,0.2121,-0.064
1730000034680,50137,0.0975,-0.8218,0.0352,-0.1471,-0.0306,-0.0065
1730000034690,50211,0.0336,-0.7011,0.1526,-0.033,0.1696,-0.0277
1730000034700,50264,-0.01,-0.7349,0.0468,-0.013,0.0127,0.1156
1730000034710,50292,0.1574,-0.6037,0.0798,0.0004,0.0762,0.0657
1730000034720,50297,0.0163,-0.7303,0.1529,-0.0172,-0.0873,-0.0726
1730000034730,50283,0.179,-0.4833,0.1073,-0.021,0.1121,0.0685
1730000034740,50257,0.1966,-0.6109,0.0978,-0.0758,0.1469,-0.063
1730000034750,50229,0.1489,-0.5349,0.1446,-0.0711,0.0425,0.0845
1730000034760,50204,0.0723,-0.4844,0.0993,0.0297,-0.0846,0.0514
1730000034770,50187,0.0574,-0.5838,0.1566,-0.0181,-0.1287,-0.0725
1730000034780,50177,0.1324,-0.6546,0.1978,-0.2534,0.2375,0.0422
1730000034790,50176,0.1235,-0.6086,0.1316,-0.1347,0.047,0.0603
1730000034800,50179,0.1274,-0.7302,0.1045,-0.0902,-0.0761,-0.1315
1730000034810,50186,0.1634,-0.6446,0.0448,0.017,0.029,-0.0034
1730000034820,50193,0.2577,-0.8152,0.1313,-0.0942,0.0888,0.0622
1730000034830,50200,0.1557,-0.7751,0.1313,0.0962,-0.0663,0.0562
1730000034840,50206,0.3012,-1.0061,0.2029,0.1634,-0.1584,-0.0191
1730000034850,50209,0.1095,-0.8571,0.0603,0.0962,-0.0455,0.0216
1730000034860,50210,0.2756,-0.9819,-0.0119,-0.0778,0.085,-0.0163
1730000034870,50208,0.0563,-0.958,0.1824,-0.0619,0.041,0.0014
1730000034880,50203,0.2333,-0.9038,0.1075,0.06,-0.2384,0.0104
1730000034890,50196,0.096,-1.0464,0.1196,0.0504,0.1895,0.1588
1730000034900,50187,0.2459,-1.0997,0.0584,0.0527,-0.0599,0.1586
1730000034910,50175,0.1807,-1.1421,-0.0683,0.0669,0.1325,-0.0004
1730000034920,50161,0.0728,-1.0735,-0.0492,-0.0828,-0.1994,0.0669
1730000034930,50145,-0.0022,-1.1308,0.0054,0.0398,0.0548,0.0265
1730000034940,50128,-0.0063,-1.0271,0.0659,-0.041,-0.0173,-0.0628
1730000034950,50109,0.0139,-1.1221,-0.078,-0.0352,0.0472,0.0318
1730000034960,50088,-0.1296,-0.9346,0.0675,-0.1013,0.2785,-0.012
1730000034970,50067,0.0201,-0.9616,0.0155,0.0117,0.155,-0.063
1730000034980,50045,0.0363,-1.0256,-0.0934,-0.0447,-0.0649,0.0504
1730000034990,50022,-0.0311,-0.8298,-0.0802,0.1371,-0.0302,0.1468
1730000035000,49999,-0.1056,-0.676,-0.0261,-0.0677,0.1081,0.0184
1730000035010,49976,-0.0373,-0.8276,-0.0988,0.0802,-0.0518,-0.0232
1730000035020,49954,-0.0081,-0.8351,-0.0869,0.0457,-0.0095,0.0121
1730000035030,49931,-0.2189,-0.7808,-0.1515,0.0054,-0.0113,0.0019
1730000035040,49910,0.1342,-0.7092,-0.0908,0.0296,0.0734,0.0354
1730000035050,49890,-0.045,-0.6756,-0.1359,-0.0106,0.0108,-0.0702
1730000035060,49871,-0.0781,-0.6384,-0.1202,0.0741,-0.0066,0.0039
1730000035070,49853,-0.0584,-0.6866,-0.1437,0.044,-0.0143,-0.0419
1730000035080,49837,-0.0061,-0.5589,-0.1719,0.048,0.0344,-0.041
1730000035090,49823,-0.1071,-0.5531,-0.1065,0.0269,0.0916,0.0481
1730000035100,49812,-0.1228,-0.6841,-0.0989,0.0636,0.0001,-0.059
1730000035110,49802,-0.0928,-0.5708,-0.1332,0.0395,0.062,0.1354
1730000035120,49796,-0.1511,-0.5884,-0.1706,-0.0692,0.0195,0.0141
1730000035130,49793,-0.249,-0.6715,-0.1872,0.1209,-0.0259,0.0985
1730000035140,49797,-0.3184,-0.6514,-0.0751,0.0468,-0.0176,-0.0538
1730000035150,49817,-0.1657,-0.7794,-0.0641,0.0216,-0.0059,0.03
1730000035160,49870,-0.2438,-0.8206,-0.1066,-0.0749,0.1624,-0.0144
1730000035170,49981,-0.2939,-0.9148,-0.0178,-0.0085,0.1906,-0.0654
1730000035180,50182,-0.2298,-0.9115,-0.0232,0.0219,-0.0175,-0.0678
1730000035190,50480,-0.1418,-0.9478,-0.0879,0.0039,0.2254,0.0517
1730000035200,50840,-0.1372,-0.9735,-0.098,-0.0025,0.0228,0.0057
1730000035210,51171,-0.2463,-1.0142,-0.1348,0.063,0.1951,0.0406
1730000035220,51363,-0.1232,-1.1371,-0.007,0.0141,-0.1954,0.0698
1730000035230,51348,-0.1002,-1.0176,-0.0865,-0.1572,0.1728,-0.0639
1730000035240,51141,-0.2044,-1.031,-0.0373,-0.0444,-0.0173,-0.0358
1730000035250,50837,-0.0075,-1.1837,0.0794,-0.0906,0.1243,-0.0103
1730000035260,50545,-0.1483,-1.0829,0.0124,-0.0078,-0.0628,0.0366
1730000035270,50339,-0.0666,-1.032,-0.0155,0.0556,-0.1148,-0.0199
1730000035280,50240,-0.0735,-1.0536,-0.0531,0.1231,0.0506,-0.0544
1730000035290,50229,-0.1159,-0.9529,-0.0021,0.1167,0.0461,0.0688
1730000035300,50276,0.0371,-0.9011,0.0747,0.0495,-0.1519,0.1192
1730000035310,50355,-0.0537,-0.9212,0.049,0.0277,-0.0528,-0.0212
1730000035320,50445,0.0047,-0.9368,0.0784,-0.0131,0.0316,0.0315
1730000035330,50533,0.0643,-0.8539,0.0774,-0.0675,-0.0679,-0.0185
1730000035340,50609,0.094,-0.8907,-0.0717,0.0419,0.0829,-0.0546
1730000035350,50663,-0.0298,-0.7045,0.0758,-0.0179,0.1872,-0.0277
1730000035360,50693,0.1607,-0.7098,0.0775,-0.1653,-0.0503,0.019
1730000035370,50699,-0.1265,-0.6713,0.0773,0.0003,-0.0992,-0.0029
1730000035380,50686,-0.0849,-0.7445,0.0614,-0.0742,-0.0581,0.0287
1730000035390,50662,-0.0629,-0.599,0.1028,-0.0505,0.0498,-0.0228
1730000035400,50636,-0.0121,-0.5618,0.0863,0.0431,-0.0097,-0.0736
1730000035410,50613,0.1864,-0.612,0.1378,-0.1015,0.0133,-0.0397
1730000035420,50598,0.1271,-0.6469,0.1489,-0.071,0.192,-0.0137
1730000035430,50592,0.133,-0.6586,0.151,0.024,0.0019,-0.015
1730000035440,50593,-0.0392,-0.5514,0.1568,-0.001,0.0151,-0.0292
1730000035450,50600,0.1223,-0.5971,0.0686,-0.1998,-0.1965,0.092
1730000035460,50610,0.1869,-0.7003,0.0978,0.0723,0.1234,-0.0486
1730000035470,50621,0.2476,-0.7088,0.062,-0.0619,0.0976,-0.0356
1730000035480,50632,0.114,-0.6918,0.1611,0.0309,0.1104,0.0907
1730000035490,50641,0.1882,-0.8322,0.1216,0.0725,-0.0229,0.0277
1730000035500,50647,0.0644,-0.8648,0.1476,0.0849,-0.3141,-0.0274
1730000035510,50651,0.1259,-0.9387,0.1747,0.0633,-0.0227,-0.0118
1730000035520,50652,0.2171,-0.9728,0.0904,0.1021,0.0157,-0.0159
1730000035530,50650,0.0386,-1.0161,0.123,0.0401,0.2429,0.0573
1730000035540,50645,0.0275,-1.0703,0.1072,0.0723,-0.1201,-0.0134
1730000035550,50638,0.0918,-1.1223,0.0702,-0.0325,0.1127,0.1581
1730000035560,50628,0.1427,-1.1681,0.1078,0.037,-0.0871,-0.0579
1730000035570,50615,0.159,-1.1265,0.1436,0.0474,0.1035,0.0095
1730000035580,50601,0.1025,-1.0642,0.1221,0.0874,0.0547,0.0573
1730000035590,50584,0.1124,-1.0963,0.0309,-0.1125,0.0653,-0.0173
1730000035600,50565,0.0621,-1.1144,0.0158,-0.0654,0.0514,-0.0199
1730000035610,50544,0.0869,-1.0373,0.0319,0.0535,0.0409,-0.0299
1730000035620,50522,0.1406,-1.0517,0.0711,0.1273,-0.0381,-0.018
1730000035630,50499,0.0779,-0.9745,-0.0897,0.0895,-0.0106,0.0905
1730000035640,50474,0.0803,-0.8705,0.0518,0.1006,0.0829,-0.0776
1730000035650,50449,0.0073,-1.0514,0.037,0.1431,-0.0901,-0.0345
1730000035660,50423,0.0408,-0.9415,0.0403,-0.0497,-0.0262,-0.036
1730000035670,50397,0.0936,-0.8421,0.0134,-0.0975,0.0375,0.0913
1730000035680,50371,-0.0135,-0.7512,-0.0605,0.0059,0.1985,-0.0674
1730000035690,50346,-0.0204,-0.7525,-0.1412,0.0003,0.0131,-0.0484
1730000035700,50320,-0.1267,-0.661,-0.029,-0.0543,0.0368,0.041
1730000035710,50296,0.0775,-0.6977,-0.1579,-0.1393,0.0277,0.0519
1730000035720,50272,0.0045,-0.6072,-0.1329,0.1561,0.06,0.0466
1730000035730,50250,-0.1177,-0.6085,-0.1984,0.156,-0.1017,-0.0806
1730000035740,50230,-0.0682,-0.6365,-0.1293,0.046,0.1171,0.0116
1730000035750,50211,0.0793,-0.5484,-0.0478,0.0782,-0.1289,0.0424
1730000035760,50194,-0.0985,-0.5721,-0.0582,-0.0021,0.3709,0.0762
1730000035770,50180,-0.0799,-0.6027,-0.0308,-0.0663,-0.0102,0.0118
1730000035780,50170,-0.0662,-0.6828,-0.1775,-0.1658,-0.0398,0.0895
1730000035790,50169,-0.1308,-0.6936,-0.0811,0.1329,0.1164,-0.0115
1730000035800,50189,-0.1814,-0.8051,-0.0467,-0.0802,0.0454,-0.031
1730000035810,50250,-0.2501,-0.6982,0.0055,0.0049,0.0074,0.0523
1730000035820,50382,-0.2714,-0.7464,-0.115,0.0777,0.1708,-0.0766
1730000035830,50610,-0.1038,-0.8102,-0.2159,-0.0897,0.0061,0.0281
1730000035840,50931,0.0359,-0.9642,-0.0602,-0.0065,-0.0299,-0.1107
1730000035850,51284,-0.0387,-0.929,-0.1069,0.0022,-0.0094,-0.0184
1730000035860,51565,-0.1547,-0.9819,-0.0785,-0.0367,-0.0481,-0.0511
1730000035870,51671,-0.1426,-1.0266,-0.095,0.0514,-0.1533,0.0129
1730000035880,51562,-0.2007,-0.9217,-0.0355,-0.0152,0.1786,0.046
1730000035890,51292,-0.1957,-1.0652,-0.1207,-0.0751,0.0548,-0.0945
1730000035900,50969,0.0107,-1.0531,-0.0958,0.0825,0.1948,0.0019
1730000035910,50696,-0.0311,-1.0682,-0.1103,-0.0964,0.1821,0.0223
1730000035920,50526,-0.1784,-1.0545,-0.041,-0.0261,0.0243,-0.0423
1730000035930,50459,-0.1201,-1.1636,-0.0596,0.0249,0.1411,0.0161
1730000035940,50469,0.0238,-1.0648,-0.0827,-0.0014,-0.2292,-0.03
1730000035950,50525,-0.2165,-1.0719,-0.0082,-0.1019,-0.1092,-0.0718
1730000035960,50604,-0.0081,-1.0591,-0.0151,-0.0625,0.222,-0.0882
1730000035970,50688,-0.1242,-0.9545,0.1157,0.0134,-0.1269,0.0067
1730000035980,50766,0.0135,-0.9282,0.1026,0.029,-0.0345,0.077
1730000035990,50828,0.0613,-1.0171,-0.0125,-0.1135,-0.0366,-0.0702
1730000036000,50866,-0.1486,-0.8737,0.0937,0.0525,-0.0354,0.0926
1730000036010,50880,0.0268,-0.7761,0.117,-0.0129,-0.3554,0.0232
1730000036020,50872,-0.0025,-0.7299,0.1389,-0.1744,-0.0517,0.047
1730000036030,50849,0.0166,-0.652,-0.0173,0.0425,0.1027,-0.0689
1730000036040,50820,0.0781,-0.795,0.0973,0.0149,-0.145,0.0265
1730000036050,50792,0.0454,-0.7297,0.1211,-0.0164,-0.0333,-0.0885
1730000036060,50770,-0.0987,-0.6386,0.153,0.1178,0.0568,0.04
1730000036070,50758,0.0877,-0.621,0.0455,-0.0468,0.0747,-0.0012
1730000036080,50754,-0.002,-0.7185,0.0911,-0.0023,0.0265,-0.031
1730000036090,50758,0.0255,-0.6345,0.0526,-0.1302,-0.088,0.0318
1730000036100,50766,0.2341,-0.612,0.1233,-0.1298,-0.185,0.0341
1730000036110,50777,0.1952,-0.5469,0.1851,0.1534,0.09,-0.0513
1730000036120,50788,0.1749,-0.6389,0.1367,-0.0758,0.2316,-0.01
1730000036130,50798,0.0204,-0.7309,0.141,-0.1829,0.0013,0.05
1730000036140,50805,0.1222,-0.729,0.0692,-0.0367,0.0022,0.045
1730000036150,50811,0.1352,-0.7786,0.1153,0.0922,0.0472,-0.0552
1730000036160,50813,0.2696,-0.8822,0.1401,0.0815,0.1348,-0.0388
1730000036170,50813,0.2146,-0.8978,0.1388,0.0958,0.2083,0.03
1730000036180,50810,0.1014,-0.9022,0.0311,-0.066,0.0174,0.0721
1730000036190,50804,0.2683,-0.9344,0.1488,0.2413,-0.2229,0.1031
1730000036200,50795,0.1574,-0.9394,0.003,0.087,-0.1439,-0.1446
1730000036210,50783,0.1968,-1.0476,0.0821,-0.1049,-0.1519,-0.0149
1730000036220,50768,0.3085,-1.1226,0.0605,0.0662,0.19,-0.0094
1730000036230,50751,0.146,-1.1392,0.0149,0.1076,0.0312,0.0693
1730000036240,50732,0.0205,-1.0748,0.1167,0.1368,0.0157,-0.0723
1730000036250,50710,-0.0076,-1.1683,0.0426,0.0832,-0.1845,-0.0616
1730000036260,50686,0.0532,-1.0662,-0.0153,0.0363,0.0778,0.0149
1730000036270,50660,0.1612,-1.0837,0.0197,-0.0097,0.0321,0.0282
1730000036280,50632,0.2007,-1.1272,0.0536,-0.029,0.1364,0.0779
1730000036290,50603,0.0489,-1.1179,-0.0102,0.0104,0.0899,0.054
1730000036300,50573,0.0549,-0.9489,-0.0967,0.1125,0.0492,-0.0332
1730000036310,50542,0.0528,-0.9918,-0.0598,-0.085,-0.1771,0.042
1730000036320,50510,0.0348,-0.8007,0.0151,-0.1095,-0.1201,-0.024
1730000036330,50478,0.0612,-0.8596,-0.0621,0.025,0.0968,0.0261
1730000036340,50445,-0.0003,-0.822,-0.1379,-0.0971,0.0267,-0.0798
1730000036350,50413,0.0036,-0.7444,-0.0801,-0.0347,0.1343,-0.0422
1730000036360,50380,-0.0088,-0.6682,-0.1148,0.0037,0.0087,-0.0953
1730000036370,50349,-0.0685,-0.6627,-0.127,-0.1027,-0.1895,-0.036
1730000036380,50318,-0.2006,-0.6703,-0.0328,0.0623,0.1457,0.0301
1730000036390,50289,0.1328,-0.7195,-0.068,-0.0646,0.1163,-0.0211
1730000036400,50261,-0.2197,-0.5806,-0.0634,-0.1822,0.0335,0.0292
1730000036410,50234,0.0515,-0.6892,-0.0858,-0.0378,0.0506,-0.074
1730000036420,50211,-0.1723,-0.6573,-0.1751,-0.1565,0.2452,-0.1248
1730000036430,50196,-0.1499,-0.6018,-0.1745,-0.0669,-0.0004,0.0356
1730000036440,50196,-0.0642,-0.6591,-0.085,-0.0427,0.1549,-0.0109
1730000036450,50231,-0.1433,-0.6781,-0.1061,0.0859,0.1434,0.0127
1730000036460,50330,-0.0504,-0.7463,-0.1009,-0.1975,-0.1611,0.0322
1730000036470,50523,-0.1824,-0.7497,-0.1761,0.1427,0.0491,0.0051
1730000036480,50815,-0.2317,-0.7034,-0.205,-0.0249,-0.1645,-0.0847
1730000036490,51158,-0.1111,-0.9067,-0.1396,0.105,-0.0155,-0.0066
1730000036500,51454,-0.1793,-0.834,-0.1558,-0.0211,0.0743,-0.1777
1730000036510,51590,-0.1866,-0.8425,-0.1428,-0.0162,-0.0241,-0.0394
1730000036520,51509,-0.1312,-0.9978,-0.0968,0.0858,0.0555,0.0739
1730000036530,51247,-0.1064,-1.1053,0.0231,0.0085,-0.1681,0.0556
1730000036540,50910,-0.0093,-1.0095,-0.0388,-0.0821,-0.0091,-0.1178
1730000036550,50608,-0.1586,-0.964,-0.0869,-0.0368,0.0408,-0.0755
1730000036560,50406,-0.1938,-1.0167,0.048,0.0246,-0.1588,-0.0365
1730000036570,50312,-0.1717,-0.9874,0.0061,-0.0444,-0.0202,-0.0966
1730000036580,50301,-0.1671,-1.1582,-0.0445,-0.0758,-0.1687,-0.0321
1730000036590,50342,-0.1021,-1.0669,-0.094,-0.1773,0.0193,-0.0773
1730000036600,50409,-0.0007,-1.0717,-0.0183,0.0648,0.0895,0.0464
1730000036610,50485,-0.0088,-1.023,0.0466,-0.0832,0.1064,0.0057
1730000036620,50556,-0.0002,-1.0665,-0.0638,0.0689,-0.1432,-0.0515
1730000036630,50612,-0.1058,-0.9184,0.0411,0.0894,0.0383,-0.0802
1730000036640,50646,-0.01,-0.9025,-0.037,0.1782,-0.303,0.0203
1730000036650,50655,0.0463,-1.0288,0.0702,-0.1227,0.0699,0.0115
1730000036660,50642,-0.1618,-0.9487,-0.0355,0.0578,0.0631,-0.0612
1730000036670,50615,-0.0846,-0.8272,0.0073,0.0623,-0.0634,-0.0453
1730000036680,50581,-0.0578,-0.8543,0.0197,-0.0066,-0.1443,-0.0118
1730000036690,50548,-0.0302,-0.6884,0.0924,-0.0547,-0.0047,0.051
1730000036700,50523,0.0342,-0.7279,0.1409,0.1704,0.0856,0.0276
1730000036710,50507,0.0872,-0.6552,0.1661,-0.0112,0.0342,-0.1485
1730000036720,50502,0.215,-0.5752,0.1472,-0.1465,0.1737,-0.0231
1730000036730,50504,0.0777,-0.5343,0.1234,0.0632,-0.0909,-0.0188
1730000036740,50512,0.1044,-0.5722,0.087,0.1425,-0.0359,-0.0392
1730000036750,50522,0.052,-0.6468,0.1121,0.1034,-0.0232,-0.0359
1730000036760,50534,0.2866,-0.4937,0.1118,-0.1396,0.1096,0.1055
1730000036770,50545,0.082,-0.5791,0.1336,0.0465,0.0788,0.0138
1730000036780,50554,0.2236,-0.7025,0.0343,-0.1181,0.2282,-0.0626
1730000036790,50561,0.2311,-0.5973,0.2122,-0.0572,-0.1547,0.0074
1730000036800,50565,0.2376,-0.6025,0.0974,0.0057,0.0322,-0.0237
1730000036810,50567,0.1327,-0.8697,0.0743,-0.0603,-0.1464,0.043
1730000036820,50566,0.1474,-0.776,0.1311,0.0798,-0.1552,0.0503
1730000036830,50562,0.1809,-0.8395,0.0451,-0.1239,-0.1069,0.0665
1730000036840,50556,0.1632,-0.8681,0.1415,-0.0675,0.09,-0.0011
1730000036850,50546,0.198,-0.8562,0.1523,-0.0902,-0.0661,-0.0794
1730000036860,50533,-0.001,-1.0687,0.0944,0.0973,-0.0763,-0.0577
1730000036870,50518,0.1805,-1.085,0.1837,0.0256,-0.0288,-0.0313
1730000036880,50500,0.0658,-1.1245,0.0478,0.1577,-0.0889,0.0859
1730000036890,50480,0.2111,-1.0839,0.0994,-0.123,0.0239,0.0748
1730000036900,50457,0.1598,-1.0712,0.0206,-0.0871,0.0108,0.1978
1730000036910,50431,0.1557,-1.1783,-0.0024,0.0575,0.0867,-0.1045
1730000036920,50404,-0.131,-0.9982,0.0147,0.0451,0.0123,0.0827
1730000036930,50374,0.0649,-0.9942,0.0031,-0.1027,-0.0786,-0.083
1730000036940,50343,0.1786,-0.9823,0.0782,-0.0757,0.0666,0.0711
1730000036950,50310,0.1607,-0.9904,-0.0067,0.0042,-0.0019,0.0994
1730000036960,50275,0.053,-0.9794,-0.0352,0.0679,-0.251,0.0775
1730000036970,50240,0.1582,-0.9211,0.0285,0.0627,-0.0126,-0.0145
1730000036980,50204,0.0161,-0.9089,-0.057,-0.0776,0.048,0.0115
1730000036990,50167,0.0963,-0.9587,0.0165,0.1329,0.1333,-0.0402
1730000037000,50130,-0.0469,-0.8817,-0.0878,-0.0527,0.0547,0.0354
1730000037010,50093,-0.0061,-0.7997,0.0316,0.0629,0.0392,-0.0449
1730000037020,50057,0.0181,-0.7337,-0.0948,0.0531,-0.205,0.0455
1730000037030,50020,0.0083,-0.7474,-0.0829,0.0206,0.1523,0.0114
1730000037040,49985,-0.1288,-0.6303,-0.1199,-0.055,-0.0703,-0.0305
1730000037050,49951,-0.0914,-0.6103,-0.0297,-0.1171,0.1743,0.0192
1730000037060,49920,-0.1427,-0.5836,-0.0953,0.0893,-0.1655,0.0209
1730000037070,49896,-0.1569,-0.5104,-0.124,-0.0147,0.0375,-0.0072
1730000037080,49888,-0.1565,-0.455,-0.1649,0.0336,-0.2687,-0.0028
1730000037090,49916,-0.0116,-0.6396,-0.1133,0.0488,-0.0461,0.0675
1730000037100,50009,-0.1209,-0.6098,-0.0826,-0.0013,0.1136,-0.0708
1730000037110,50195,-0.0381,-0.5519,-0.0817,-0.0396,0.2177,0.0157
1730000037120,50476,-0.1073,-0.6644,-0.0328,-0.0932,0.0378,-0.0443
1730000037130,50807,-0.1784,-0.5779,-0.079,0.0134,0.001,-0.0197
1730000037140,51087,-0.0915,-0.7937,-0.1148,0.0435,0.0442,-0.0346
1730000037150,51208,-0.2851,-0.7938,-0.1132,-0.0167,-0.1466,0.0248
1730000037160,51116,-0.1571,-0.8118,-0.0885,0.0245,0.024,0.0091
1730000037170,50846,-0.0591,-0.938,-0.0666,0.013,-0.007,0.0072
1730000037180,50502,-0.1795,-0.9298,-0.0931,-0.0535,-0.1492,-0.0217
1730000037190,50191,-0.0851,-0.9885,-0.0421,0.1084,0.0561,-0.0024
1730000037200,49978,-0.1471,-0.9239,-0.1525,-0.0332,-0.0748,0.0084
1730000037210,49871,-0.1665,-0.997,-0.085,-0.0005,-0.0188,0.0375
1730000037220,49849,-0.1208,-0.9182,-0.0223,-0.0657,0.0451,-0.0864
1730000037230,49879,-0.2766,-1.0726,-0.06,-0.0697,0.2007,0.0485
1730000037240,49937,-0.0011,-1.0084,0.0054,0.0808,0.021,0.0508
1730000037250,50005,-0.0902,-1.1038,0.0481,-0.0144,-0.0095,0.0605
1730000037260,50070,-0.1042,-1.0637,-0.044,-0.0027,-0.0659,0.0214
1730000037270,50122,-0.0517,-0.9029,0.0242,0.0247,0.3281,0.0605
1730000037280,50153,0.0142,-1.0052,0.0139,-0.0202,-0.0445,-0.0429
1730000037290,50160,-0.154,-1.0095,0.0167,0.0032,-0.0922,-0.0149
1730000037300,50147,0.007,-0.9622,0.0435,0.0232,0.0675,-0.1167
1730000037310,50118,0.1155,-0.9463,0.0051,-0.0066,-0.0914,0.0306
1730000037320,50083,-0.0904,-0.9186,0.0693,-0.0315,0.1333,-0.0324
1730000037330,50049,0.1331,-0.9147,0.0206,0.0626,0.0029,-0.0634
1730000037340,50022,0.003,-0.8296,0.1462,-0.0135,-0.1575,-0.0399
1730000037350,50005,0.0907,-0.8584,0.0946,-0.1135,-0.1705,0.0042
1730000037360,49999,0.155,-0.8095,0.0602,0.0398,0.1217,0.0069
1730000037370,50002,0.1318,-0.6824,0.0452,0.0346,0.106,0.0559
1730000037380,50011,0.0446,-0.715,0.1811,-0.0149,0.2027,-0.0271
1730000037390,50024,0.1062,-0.6025,0.0045,-0.111,-0.0114,-0.0439
1730000037400,50039,0.122,-0.6232,0.1953,-0.0413,0.0664,0.0541
1730000037410,50054,-0.0014,-0.5355,0.1992,0.0335,-0.2884,0.0533
1730000037420,50068,0.0725,-0.6173,0.0434,-0.054,0.131,-0.0295
1730000037430,50081,0.0008,-0.6929,0.1649,0.0768,-0.1072,0.076
1730000037440,50091,0.0409,-0.6009,0.1475,0.1136,-0.107,-0.1039
1730000037450,50099,0.2509,-0.6314,0.1389,-0.0461,0.011,-0.0833
1730000037460,50105,0.1697,-0.544,0.0696,-0.0032,-0.151,0.0076
1730000037470,50108,0.2069,-0.6702,0.1021,-0.0899,-0.0424,-0.0805
1730000037480,50109,0.1985,-0.6542,0.1286,-0.0779,0.0927,-0.0193
1730000037490,50106,0.2358,-0.8565,0.0573,0.0017,-0.2024,0.0056
1730000037500,50101,0.1188,-0.752,0.1617,-0.0434,-0.1254,0.1028
1730000037510,50093,0.2509,-0.9364,0.0963,-0.0189,0.0069,0.1076
1730000037520,50083,0.1683,-0.9999,0.1006,-0.0474,0.0129,0.0026
1730000037530,50069,0.1377,-0.9225,0.1201,-0.0814,0.0636,-0.0892
1730000037540,50053,0.0976,-1.0521,0.0673,-0.0118,-0.1557,0.1233
1730000037550,50035,0.2838,-0.9923,0.0611,0.0452,0.1937,0.0133
1730000037560,50013,0.0421,-1.0415,0.1237,0.0701,-0.1695,0.0848
1730000037570,49990,0.1125,-1.1636,0.0981,-0.0456,0.1014,0.0339
1730000037580,49964,0.0834,-1.0741,0.0547,0.144,-0.1004,-0.1091
1730000037590,49937,0.0086,-1.038,0.0301,-0.0852,-0.0628,-0.097
1730000037600,49907,-0.1302,-1.0214,0.061,-0.0231,-0.1128,-0.0174
1730000037610,49876,0.1621,-1.1169,-0.0335,-0.0387,-0.1091,0.0328
1730000037620,49843,0.0273,-1.0812,0.0524,0.1957,0.0615,0.0435
1730000037630,49810,0.0972,-1.0073,-0.0301,-0.1037,0.111,-0.0436
1730000037640,49775,0.011,-1.0578,-0.0727,0.05,0.042,-0.0066
1730000037650,49740,0.0866,-1.0151,-0.0293,0.0584,-0.152,0.0254
1730000037660,49704,0.1263,-0.9083,-0.0556,0.0988,0.0436,0.0138
1730000037670,49669,-0.0648,-0.8545,-0.1842,0.0617,-0.105,0.0049
1730000037680,49633,0.0119,-0.7883,-0.0076,0.0092,0.0105,-0.018
1730000037690,49598,0.0814,-0.8176,-0.1185,0.0034,-0.0371,-0.0485
1730000037700,49565,0.1123,-0.6333,0.0064,0.0601,0.125,0.0865
1730000037710,49537,-0.1656,-0.6132,-0.1175,-0.0199,-0.0085,0.1197
1730000037720,49521,-0.1081,-0.6751,-0.1237,0.1226,0.2352,0.0057
1730000037730,49532,-0.1456,-0.5067,-0.1781,-0.0201,0.0884,0.0118
1730000037740,49599,-0.0723,-0.6144,-0.0936,0.0845,0.0515,0.0269
1730000037750,49751,-0.1096,-0.5282,-0.213,0.146,0.1584,-0.0181
1730000037760,50003,-0.0936,-0.5981,-0.14,-0.0101,-0.0487,-0.0404
1730000037770,50325,-0.1225,-0.5556,-0.0607,-0.0597,-0.0514,0.0062
1730000037780,50631,-0.1433,-0.5528,-0.0382,-0.0036,-0.0097,0.0715
1730000037790,50805,-0.1555,-0.6593,-0.1398,0.0357,0.035,-0.1145
1730000037800,50772,-0.1754,-0.7129,-0.0921,-0.1231,0.0179,0.0116
1730000037810,50539,-0.2547,-0.6765,-0.1261,-0.0928,-0.0088,-0.0175
1730000037820,50198,-0.0675,-0.8228,-0.1344,0.0078,-0.0475,0.0614
1730000037830,49864,-0.1963,-0.8562,-0.1231,0.0407,-0.0054,-0.0435
1730000037840,49616,-0.1805,-0.8812,-0.0728,-0.0949,0.2002,0.0392
1730000037850,49478,-0.121,-0.8904,-0.1119,0.1023,0.0513,-0.0807
1730000037860,49433,-0.0974,-1.0173,-0.0548,-0.0015,0.1102,0.0263
1730000037870,49449,-0.0798,-1.006,-0.1381,-0.012,0.0439,0.0366
1730000037880,49499,-0.0775,-1.1514,-0.0631,0.0821,-0.054,-0.0904
1730000037890,49564,-0.1623,-1.081,-0.0011,0.0711,-0.0679,-0.0565
1730000037900,49629,-0.1794,-1.0073,-0.059,0.0198,-0.0035,0.1438
1730000037910,49684,0.0381,-1.1147,-0.0844,-0.1805,0.0853,0.0356
1730000037920,49719,-0.1299,-1.1462,0.0145,0.1182,-0.1534,0.0344
1730000037930,49731,0.0125,-1.0622,-0.004,-0.1115,0.1149,-0.037
1730000037940,49722,-0.0219,-1.0831,0.0937,-0.1168,0.0261,0.103
1730000037950,49697,0.0108,-1.0795,-0.0295,0.0043,-0.0103,0.0298
1730000037960,49664,-0.142,-0.9608,0.0004,0.0098,0.0312,-0.02
1730000037970,49631,-0.1245,-0.9402,-0.0698,0.114,0.0037,0.0236
1730000037980,49605,-0.1039,-1.0147,-0.0069,0.1441,-0.016,0.0262
1730000037990,49590,0.0113,-0.8539,0.091,0.0463,0.1234,0.0427
1730000038000,49586,0.0479,-0.8406,0.0289,0.0131,0.1508,0.0321
1730000038010,49593,0.1066,-0.8189,0.1278,-0.1578,0.0436,-0.0557
1730000038020,49607,0.0159,-0.8214,0.0347,0.0626,0.0191,0.0971
1730000038030,49626,0.0742,-0.7253,0.1524,0.0577,0.0771,0.0186
1730000038040,49648,-0.0672,-0.6279,0.0742,0.1539,0.0436,0.006
1730000038050,49671,0.0161,-0.5069,0.0745,0.0431,-0.0316,-0.05
1730000038060,49694,-0.0035,-0.6172,0.1021,0.0597,-0.0425,-0.09
1730000038070,49716,-0.0523,-0.652,0.1548,0.1073,-0.0198,-0.0434
1730000038080,49737,0.1159,-0.5485,0.1588,0.0104,-0.0211,-0.0259
1730000038090,49756,0.2186,-0.522,0.0748,-0.0324,0.0892,-0.0921
1730000038100,49773,0.0155,-0.5409,0.1794,0.0025,-0.0537,-0.0276
1730000038110,49788,0.0744,-0.732,0.0892,-0.0391,0.242,0.0113
1730000038120,49800,0.1515,-0.5957,0.1502,-0.1032,-0.0563,0.0421
1730000038130,49810,0.1491,-0.7852,0.2356,-0.1173,-0.0687,0.1944
1730000038140,49817,0.1862,-0.8072,0.1309,0.0336,0.0447,0.0155
1730000038150,49822,0.2639,-0.7875,0.0343,-0.0007,0.2682,0.0063
1730000038160,49824,0.2772,-0.8269,0.104,0.0399,-0.1399,0.1286
1730000038170,49823,0.1034,-0.8485,0.038,-0.0472,0.1926,-0.0466
1730000038180,49819,0.1309,-0.9992,0.0598,0.0548,-0.1408,-0.0773
1730000038190,49813,0.195,-0.9775,0.0464,0.0625,0.1347,-0.01
1730000038200,49804,0.139,-0.9797,0.0888,-0.0435,0.116,0.0104
1730000038210,49793,0.2713,-1.1199,0.1504,0.0607,0.0523,-0.0249
1730000038220,49779,0.1436,-1.0459,0.1373,0.0966,0.0672,-0.0312
1730000038230,49762,0.11,-1.0802,0.0648,-0.0173,0.1345,-0.0665
1730000038240,49744,0.1813,-1.1698,-0.0305,-0.0192,0.0974,0.0105
1730000038250,49723,0.0131,-1.0554,0.01,0.0077,-0.0114,-0.0076
1730000038260,49701,0.1456,-1.1005,-0.0846,0.0311,0.0903,0.0153
1730000038270,49676,0.0849,-0.9998,0.0495,-0.0454,0.179,-0.0783
1730000038280,49650,0.2323,-1.0841,0.0146,-0.068,-0.0225,-0.0298
1730000038290,49623,0.256,-0.9791,-0.0325,0.0519,-0.1334,-0.0258
1730000038300,49595,0.0792,-0.9633,0.025,0.0092,0.2031,0.0059
1730000038310,49566,0.0767,-0.9314,-0.1052,-0.0129,0.0734,0.0043
1730000038320,49537,0.0515,-0.9985,-0.1308,0.0507,0.0911,0.0116
1730000038330,49508,0.0093,-0.8271,-0.1143,-0.1353,0.163,-0.0298
1730000038340,49480,-0.1102,-0.8443,-0.056,-0.0132,0.0673,0.0204
1730000038350,49458,0.009,-0.7925,-0.0249,-0.1323,-0.0531,0.0469
1730000038360,49452,-0.0797,-0.7274,-0.0508,-0.0905,0.0909,-0.1809
1730000038370,49484,-0.0124,-0.6482,-0.0887,0.0526,0.0801,0.0409
1730000038380,49586,-0.0524,-0.6151,-0.1532,-0.0678,-0.0001,0.021
1730000038390,49788,-0.2222,-0.5966,-0.1018,-0.1039,0.0882,0.075
1730000038400,50090,-0.0565,-0.638,-0.1354,-0.068,-0.0946,-0.0814
1730000038410,50428,-0.0905,-0.5155,-0.1119,0.0427,0.1449,-0.0149
1730000038420,50687,-0.0786,-0.5306,-0.0398,-0.0909,0.1337,-0.0134
1730000038430,50753,-0.0271,-0.6652,-0.1227,0.0676,-0.0194,-0.0113
1730000038440,50589,-0.2308,-0.7164,-0.1938,0.0095,0.0974,0.0179
1730000038450,50262,-0.2603,-0.6155,-0.1238,0.0201,0.3059,-0.0394
1730000038460,49900,-0.2126,-0.6148,-0.1502,0.0639,0.0492,-0.0241
1730000038470,49607,-0.0179,-0.682,-0.1633,0.0081,-0.059,-0.0286
1730000038480,49430,-0.0183,-0.7303,-0.0492,0.1533,-0.141,-0.078
1730000038490,49359,-0.3388,-0.8595,-0.0874,-0.025,0.0182,0.0301
1730000038500,49361,-0.0691,-0.8003,-0.1369,0.099,0.1485,0.0137
1730000038510,49405,-0.1206,-0.9131,-0.1413,-0.0782,-0.036,0.0857
1730000038520,49467,-0.0899,-0.9123,-0.0829,0.0357,0.0249,-0.0748
1730000038530,49532,-0.1305,-0.9721,-0.0899,-0.0628,-0.0992,-0.0487
1730000038540,49586,-0.1077,-0.9948,-0.0517,-0.0992,0.0128,-0.0199
1730000038550,49620,-0.1495,-0.9805,0.0028,-0.0651,-0.0104,-0.0618
1730000038560,49631,-0.1332,-1.0549,-0.0691,-0.0103,0.0672,-0.0047
1730000038570,49619,-0.103,-0.9944,-0.033,-0.0694,0.0313,0.0654
1730000038580,49591,-0.1659,-1.2268,-0.0631,0.0356,0.072,-0.0133
1730000038590,49556,-0.1507,-1.1014,0.0194,-0.0513,-0.1191,-0.0603
1730000038600,49523,-0.0128,-1.0399,0.0255,0.1234,-0.042,0.0701
1730000038610,49499,-0.0054,-1.0419,0.0682,-0.0887,0.0813,0.0405
1730000038620,49488,-0.1131,-1.0246,0.0662,0.0352,0.014,-0.0188
1730000038630,49489,0.1091,-0.9666,-0.0645,0.0437,0.1086,-0.0169
1730000038640,49503,0.0446,-0.8888,-0.0469,0.0531,-0.0832,0.0237
1730000038650,49524,-0.1104,-0.875,0.0385,-0.1156,0.2536,0.0586
1730000038660,49551,-0.0593,-0.836,-0.0136,-0.0522,0.1842,-0.1249
1730000038670,49582,-0.1395,-0.8384,0.1147,-0.0228,0.1217,0.0562
1730000038680,49615,0.145,-0.871,0.0334,0.0081,-0.022,-0.0273
1730000038690,49647,0.0568,-0.6816,0.081,0.0711,0.113,-0.0345
1730000038700,49680,0.1339,-0.7176,0.1081,0.0111,-0.0364,-0.0275
1730000038710,49712,0.0792,-0.7268,0.1115,-0.1078,0.0079,0.0061
1730000038720,49743,0.142,-0.5748,0.1085,0.0107,-0.0912,0.0864
1730000038730,49773,-0.0275,-0.5471,0.1357,-0.0509,0.2294,-0.0714
1730000038740,49802,-0.0477,-0.5631,0.1924,-0.0247,0.1349,-0.1125
1730000038750,49828,0.0572,-0.5147,0.0843,-0.0011,-0.0133,0.1362
1730000038760,49853,0.0015,-0.6157,0.0628,0.0555,-0.0809,0.0327
1730000038770,49876,0.074,-0.6548,0.0735,0.0333,0.1665,-0.0261
1730000038780,49896,0.1249,-0.7256,0.1421,0.2191,-0.1141,0.0277
1730000038790,49914,0.1846,-0.7592,0.1471,0.0151,0.0339,-0.0853
1730000038800,49930,0.0914,-0.7419,0.1906,-0.0638,0.0745,-0.0012
1730000038810,49942,0.1342,-0.716,0.182,-0.0741,-0.205,0.023
1730000038820,49952,0.0067,-0.7928,0.1138,0.0398,0.0269,0.0093
1730000038830,49960,0.1058,-0.7842,0.0207,0.099,-0.1208,-0.0705
1730000038840,49964,0.139,-0.8882,0.1507,-0.0041,0.3103,-0.0391
1730000038850,49966,0.1337,-0.9262,0.0426,-0.1,0.0473,0.1049
1730000038860,49965,0.1656,-0.8876,0.2067,-0.079,-0.0306,-0.014
1730000038870,49962,0.0286,-1.0285,0.0333,0.0683,-0.1376,-0.0027
1730000038880,49956,0.3143,-0.9477,0.0059,-0.0143,-0.0155,0.1334
1730000038890,49947,0.1127,-1.0869,0.1392,0.1522,0.0774,0.051
1730000038900,49936,0.2097,-1.0855,0.0293,-0.0513,-0.0327,0.083
1730000038910,49922,0.1484,-1.0961,0.0396,0.0558,0.0678,-0.0529
1730000038920,49907,0.1599,-1.0825,-0.0297,-0.0456,-0.1756,0.1144
1730000038930,49890,0.1523,-1.077,0.0787,-0.114,-0.0103,-0.0022
1730000038940,49871,0.059,-1.077,0.0266,-0.0127,0.0937,0.0563
1730000038950,49851,0.1,-1.0093,-0.0317,-0.0583,-0.2098,0.0309
1730000038960,49832,0.161,-0.9636,0.0216,0.0141,0.1013,-0.0302
1730000038970,49817,0.1278,-0.9565,0.0403,0.1803,0.0205,-0.0522
1730000038980,49818,0.0209,-0.9478,-0.0131,0.0473,-0.1106,-0.002
1730000038990,49858,0.049,-0.882,-0.0535,0.1081,-0.1367,-0.0337
1730000039000,49969,-0.068,-0.9225,-0.1052,-0.0329,-0.0643,-0.0192
1730000039010,50181,-0.0958,-0.7465,-0.0298,-0.1728,0.2165,-0.0625
1730000039020,50489,-0.0372,-0.6908,-0.0431,0.0365,-0.1049,-0.0606
1730000039030,50826,0.0607,-0.8039,-0.0945,0.0158,0.0373,0.0654
1730000039040,51072,-0.1483,-0.6432,-0.126,0.0541,-0.0107,0.0209
1730000039050,51116,0.0017,-0.7253,-0.1153,-0.076,0.0608,0.0339
1730000039060,50930,-0.0182,-0.6531,-0.0772,0.0019,0.1753,0.0092
1730000039070,50589,-0.1866,-0.6198,-0.0615,-0.0192,-0.045,0.0772
1730000039080,50222,-0.1722,-0.6096,-0.1012,-0.0417,-0.1357,-0.007
1730000039090,49932,-0.0288,-0.68,-0.1373,0.0383,0.2127,0.0011
1730000039100,49758,-0.1303,-0.599,-0.1633,0.082,0.1876,0.0435
1730000039110,49688,-0.0083,-0.7005,-0.0926,-0.0369,-0.0736,0.0523
1730000039120,49687,-0.1031,-0.6589,-0.1375,-0.0694,0.2214,-0.0348
1730000039130,49725,-0.0921,-0.6559,-0.0957,0.0298,-0.127,0.0487
1730000039140,49779,0.0202,-0.805,-0.1304,-0.1641,0.0439,0.047
1730000039150,49834,-0.2436,-0.7686,-0.1484,0.1021,-0.1737,0.1014
1730000039160,49877,-0.1935,-0.9509,-0.0871,0.0378,-0.0184,0.0512
1730000039170,49900,-0.215,-0.8457,-0.0832,-0.0128,-0.1734,0.0352
1730000039180,49900,-0.174,-0.9081,-0.1148,-0.0311,0.0176,0.1008
1730000039190,49877,-0.0799,-0.9666,-0.1297,0.0417,0.1687,-0.1254
1730000039200,49840,-0.1309,-0.9428,-0.0927,-0.0844,-0.1959,-0.0234
1730000039210,49797,-0.219,-1.1314,-0.0579,0.0707,-0.1813,0.1151
1730000039220,49758,-0.2381,-1.0958,-0.124,-0.0767,0.0184,-0.016
1730000039230,49729,-0.2068,-1.0741,-0.105,-0.0644,0.0279,-0.0752
1730000039240,49715,-0.1956,-1.1803,0.0238,0.0473,0.1961,0.0825
1730000039250,49714,-0.0949,-1.1238,-0.0117,0.0292,-0.0872,0.058
1730000039260,49725,-0.004,-1.1192,-0.0661,0.0212,-0.1648,0.0367
1730000039270,49746,-0.0978,-1.0411,-0.0677,0.0038,-0.0895,-0.007
1730000039280,49773,-0.0814,-0.9697,0.0099,-0.0592,0.0122,0.0281
1730000039290,49804,-0.0474,-1.118,0.0142,0.1316,0.1724,-0.0471
1730000039300,49838,0.0701,-0.9782,0.0329,-0.0449,-0.2543,-0.0131
1730000039310,49874,-0.023,-0.8969,0.0435,-0.1182,-0.0709,-0.0562
1730000039320,49911,-0.1538,-0.8439,0.0076,0.1172,-0.2032,0.0152
1730000039330,49948,0.0624,-0.9605,0.0504,-0.1066,0.1979,-0.0232
1730000039340,49985,-0.0131,-0.8799,0.0398,0.0512,0.0496,0.006
1730000039350,50022,0.1936,-0.8347,0.0716,-0.1047,-0.1749,-0.0192
1730000039360,50059,-0.0161,-0.6611,0.1668,0.2181,0.2123,-0.0328
1730000039370,50095,0.0522,-0.7252,0.046,0.0587,0.1153,-0.0276
1730000039380,50130,0.1563,-0.6683,0.2013,0.1949,-0.2078,-0.0315
1730000039390,50163,0.0769,-0.5214,0.1046,-0.0486,-0.1814,-0.0067
1730000039400,50196,0.0744,-0.6271,0.1185,-0.0443,0.1873,0.0131
1730000039410,50227,0.0312,-0.667,0.0788,-0.0287,0.0699,0.0764
1730000039420,50255,0.2377,-0.6712,0.1586,-0.021,-0.2447,-0.0133
1730000039430,50282,0.0684,-0.5953,0.2249,0.0986,-0.2176,-0.0696
1730000039440,50307,0.2123,-0.6039,0.0907,0.1738,0.0211,0.0156
1730000039450,50329,0.1414,-0.5425,0.1499,-0.0251,-0.0234,-0.0277
1730000039460,50348,0.1532,-0.5364,0.1217,0.0597,-0.1176,0.0705
1730000039470,50365,0.1713,-0.6729,0.1132,-0.0204,-0.0921,-0.0631
1730000039480,50379,0.2893,-0.7885,0.0957,-0.0456,-0.1527,0.017
1730000039490,50390,0.3293,-0.8262,0.0421,-0.0299,0.0257,0.0076
1730000039500,50399,0.0706,-0.9341,0.0902,-0.1456,-0.0163,0.0207
1730000039510,50405,0.1829,-0.9448,0.0539,-0.134,0.281,0.0035
1730000039520,50407,0.0795,-1.0317,0.1124,-0.0036,0.1327,0.0554
1730000039530,50407,0.1458,-0.9887,0.0659,0.1324,-0.371,0.0541
1730000039540,50405,0.1562,-1.0607,0.0664,0.0111,-0.0883,0.0413
1730000039550,50399,0.0687,-0.9783,0.0387,-0.0486,-0.0674,0.049
1730000039560,50391,0.2052,-0.977,0.0516,0.0534,0.0968,0.0236
1730000039570,50382,0.4084,-1.098,0.0013,0.1271,0.0349,-0.0574
1730000039580,50371,0.161,-1.2189,0.0506,-0.0912,-0.0078,0.0212
1730000039590,50366,0.069,-1.2054,0.009,0.038,0.2685,-0.0668
1730000039600,50377,0.1284,-1.1166,-0.0251,0.0994,0.0917,0.076
1730000039610,50427,-0.0199,-0.9971,0.1006,0.0222,0.0623,-0.0571
1730000039620,50550,0.1026,-1.1342,-0.0143,0.1237,0.0131,0.0293
1730000039630,50773,0.1589,-0.9577,0.0072,0.0199,-0.0666,-0.0816
1730000039640,51086,0.0017,-1.013,-0.1003,0.0029,-0.0009,-0.0204
1730000039650,51419,0.1258,-0.8994,-0.1006,0.0556,0.0656,-0.0493
1730000039660,51650,-0.0543,-0.8508,-0.0147,-0.0746,-0.0849,-0.0218
1730000039670,51677,0.092,-0.8052,-0.0018,0.0955,-0.0372,-0.0558
1730000039680,51477,0.147,-0.6633,-0.1286,-0.035,0.1999,0.1125
1730000039690,51130,0.0904,-0.796,-0.0418,-0.0904,-0.0776,0.0314
1730000039700,50760,-0.059,-0.5877,-0.1137,0.05,-0.0826,0.0618
1730000039710,50468,-0.0052,-0.6419,-0.0827,0.0967,-0.0211,0.1182
1730000039720,50290,-0.0325,-0.6504,-0.0897,-0.0101,-0.0749,-0.0116
1730000039730,50212,0.0396,-0.5562,0.0035,-0.1555,-0.0944,-0.0392
1730000039740,50201,-0.0233,-0.5629,-0.1002,0.0439,0.0069,0.0102
1730000039750,50228,-0.0673,-0.6041,-0.1434,-0.0194,-0.0324,-0.1139
1730000039760,50270,-0.1224,-0.5575,-0.1088,-0.1899,-0.1376,-0.0702
1730000039770,50312,-0.0574,-0.728,0.0166,0.0819,0.1993,-0.0346
1730000039780,50342,-0.1014,-0.5825,-0.0764,-0.1248,0.1662,0.1474
1730000039790,50352,-0.1208,-0.6755,-0.1272,0.0409,0.0705,0.0276
1730000039800,50338,-0.0729,-0.7111,-0.1444,-0.0312,-0.1497,-0.0442
1730000039810,50303,-0.0782,-0.721,-0.1838,0.1236,-0.0068,-0.0577
1730000039820,50252,-0.0016,-0.8276,-0.1961,0.0054,-0.1021,0.1442
1730000039830,50196,-0.2177,-0.8756,-0.0692,0.0158,-0.1385,0.0559
1730000039840,50143,-0.1257,-0.7945,-0.1519,-0.044,0.0779,0.0392
1730000039850,50100,-0.1689,-0.9379,-0.0789,-0.062,0.0865,-0.0709
1730000039860,50072,-0.1753,-0.9457,-0.1296,0.0374,-0.0568,-0.0007
1730000039870,50057,-0.2043,-0.9933,-0.0398,-0.0031,-0.0863,0.052
1730000039880,50056,-0.1633,-1.1034,-0.0862,0.0445,0.1052,-0.064
1730000039890,50064,-0.1262,-1.1084,-0.0348,-0.0179,0.0641,0.0702
1730000039900,50080,-0.2335,-1.1599,-0.041,0.0952,0.0041,-0.0347
1730000039910,50101,-0.1503,-1.0854,-0.1127,0.0148,-0.1632,0.0222
1730000039920,50125,0.0448,-1.1,0.0072,0.0839,-0.0196,-0.0446
1730000039930,50153,-0.1335,-1.147,-0.0295,0.0117,-0.2114,-0.0088
1730000039940,50182,-0.0549,-1.0609,-0.0083,0.0288,0.0846,-0.0949
1730000039950,50213,-0.0385,-0.9859,0.0063,-0.0339,0.2634,0.0052
1730000039960,50246,-0.1899,-1.1057,-0.0169,-0.1677,0.0873,-0.0331
1730000039970,50279,-0.0391,-0.9326,0.0183,-0.1196,-0.2033,-0.079
1730000039980,50313,-0.2113,-0.8649,0.0387,0.0824,0.0224,-0.096
1730000039990,50348,0.2021,-0.8839,0.0563,0.0831,0.1373,0.1875
1730000040000,50382,0.0076,-0.812,0.0622,-0.0639,-0.0396,-0.0691
1730000040010,50417,0.1526,-0.7602,0.11,-0.0113,0.1813,-0.0205
1730000040020,50451,-0.0233,-0.7465,0.1336,0.085,-0.1571,0.0407
1730000040030,50485,0.1741,-0.7204,0.0619,0.0733,0.1368,-0.0427
1730000040040,50518,0.0257,-0.6376,0.0551,0.0355,0.1223,-0.0068
1730000040050,50549,0.169,-0.6161,0.0579,0.0484,0.1627,0.0149
1730000040060,50580,0.097,-0.6517,0.1319,0.0448,0.1778,-0.0294
1730000040070,50608,0.1458,-0.5632,0.0991,0.0091,-0.3289,0.0333
1730000040080,50635,-0.0396,-0.6564,0.0669,-0.0145,0.0433,-0.0688
1730000040090,50660,-0.0438,-0.6334,0.1561,0.0021,-0.0845,-0.0145
1730000040100,50683,0.1271,-0.6092,0.0921,0.0601,0.2136,-0.0346
1730000040110,50703,0.1561,-0.6863,0.1374,0.044,-0.001,0.0448
1730000040120,50720,0.172,-0.8098,0.1394,-0.0261,-0.1997,-0.0018
1730000040130,50735,0.0058,-0.6919,0.1417,0.0004,-0.029,-0.0014
1730000040140,50748,0.1854,-0.643,0.1052,-0.0105,0.0127,-0.0152
1730000040150,50757,0.1288,-0.7954,0.104,0.0293,-0.0774,0.0109
1730000040160,50764,0.093,-0.8586,0.0781,0.1183,0.0886,0.0483
1730000040170,50767,0.1249,-0.8131,0.1125,-0.0799,-0.1064,0.0694
1730000040180,50768,0.2648,-0.8318,0.0573,-0.0502,0.0421,0.0484
1730000040190,50766,-0.0369,-0.9165,0.0799,0.0296,-0.2206,-0.075
1730000040200,50762,0.1229,-0.9472,0.071,-0.1045,0.2334,-0.0477
1730000040210,50759,0.0407,-0.9783,0.0907,0.0326,-0.1112,-0.0792
1730000040220,50762,0.2494,-1.0382,0.0891,-0.0066,-0.0562,-0.0023
1730000040230,50788,0.2143,-1.0755,0.0011,-0.1068,0.0342,0.0879
1730000040240,50860,0.1654,-1.0991,0.0552,-0.0136,0.0906,0.0576
1730000040250,51011,0.0467,-1.123,-0.0358,0.0013,0.2485,-0.0928
1730000040260,51258,0.2233,-1.0811,0.0299,-0.0267,-0.0575,0.0685
1730000040270,51577,0.0735,-1.0192,0.0603,-0.0352,0.111,-0.012
1730000040280,51887,0.0362,-1.0924,-0.0494,0.1211,0.1851,0.1057
1730000040290,52074,0.0233,-0.9972,-0.0296,0.0205,0.0496,-0.0819
1730000040300,52055,0.1,-0.9797,-0.0139,-0.0576,-0.0019,-0.0258
1730000040310,51827,0.0011,-0.994,-0.054,-0.0289,-0.0195,-0.0184
1730000040320,51475,0.0692,-1.0131,-0.0226,0.0141,0.0184,0.047
1730000040330,51113,0.0775,-0.8682,-0.0535,-0.0458,-0.0868,-0.069
1730000040340,50829,-0.0718,-0.8263,-0.1119,0.0202,0.0868,-0.0036
1730000040350,50651,-0.013,-0.7662,-0.0737,0.0127,-0.1152,0.0157
1730000040360,50567,-0.0934,-0.8122,-0.0795,0.1003,-0.1292,-0.0203
1730000040370,50546,0.0178,-0.6148,-0.0669,-0.0878,-0.0025,-0.0352
1730000040380,50559,-0.0282,-0.6487,-0.1361,-0.1009,-0.1168,0.0169
1730000040390,50588,0.0024,-0.6644,-0.1732,-0.0089,0.0433,-0.0082
1730000040400,50616,-0.1318,-0.5941,-0.1691,0.0261,0.027,0.0031
1730000040410,50635,0.0017,-0.5771,-0.0901,0.1271,0.0599,0.0363
1730000040420,50634,-0.0741,-0.6201,-0.0999,-0.0169,0.0633,0.0605
1730000040430,50612,-0.061,-0.6623,-0.1322,0.0018,0.0303,-0.0378
1730000040440,50567,-0.1431,-0.6384,-0.2223,-0.0458,-0.1289,-0.0141
1730000040450,50506,-0.246,-0.6278,-0.0255,0.0081,0.1544,-0.0126
1730000040460,50437,-0.1689,-0.6154,-0.1406,0.0022,0.1174,0.0995
1730000040470,50369,-0.1335,-0.7589,-0.1407,-0.0914,0.012,0.0124
1730000040480,50309,-0.1424,-0.7262,-0.0862,-0.0285,-0.2046,0.1298
1730000040490,50262,-0.1863,-0.8648,-0.0959,-0.0091,0.1136,0.0293
1730000040500,50228,-0.2868,-0.9043,-0.1893,-0.0217,0.0683,-0.0712
1730000040510,50207,-0.1242,-0.8715,-0.0877,0.026,-0.197,-0.0773
1730000040520,50197,-0.2468,-0.9575,-0.0561,-0.0713,0.1239,0.0379
1730000040530,50196,-0.0816,-1.0428,-0.0061,-0.0711,-0.0776,-0.0441
1730000040540,50201,-0.1389,-1.1071,-0.0515,0.0999,0.1344,-0.0622
1730000040550,50210,-0.1342,-1.0124,-0.0269,-0.0698,-0.0616,0.0404
1730000040560,50223,-0.066,-1.0113,-0.1578,-0.0523,0.0307,0.0563
1730000040570,50240,-0.1065,-1.0849,-0.026,-0.1503,-0.0647,-0.0488
1730000040580,50258,-0.1002,-1.0634,-0.0388,0.0779,0.1408,0.0913
1730000040590,50278,-0.1587,-1.1122,0.021,0.061,0.0422,-0.0455
1730000040600,50301,-0.0386,-1.1284,-0.0141,0.0132,0.0987,-0.0099
1730000040610,50325,-0.1043,-1.1696,0.0191,-0.0199,-0.068,-0.0277
1730000040620,50350,-0.132,-1.0548,0.0416,-0.1963,-0.2167,-0.0033
1730000040630,50376,-0.1051,-0.9679,0.0003,0.0598,0.0155,-0.0289
1730000040640,50404,0.0545,-1.0442,0.0028,0.1497,-0.158,0.0159
1730000040650,50432,0.0756,-0.9193,0.0047,0.0983,0.0265,-0.0813
1730000040660,50460,-0.0001,-0.9199,0.0116,0.0222,0.2285,0.0077
1730000040670,50488,-0.0997,-0.7723,0.1727,0.0231,-0.1848,0.0279
1730000040680,50516,0.0062,-0.8304,0.0252,0.0669,0.038,0.0037
1730000040690,50544,0.0615,-0.7275,0.0704,-0.0055,-0.1824,-0.0218
1730000040700,50571,0.0306,-0.7331,0.0951,0.0505,0.1144,-0.0121
1730000040710,50597,0.0577,-0.7313,0.0823,-0.2078,-0.1801,-0.0161
1730000040720,50621,0.0878,-0.6136,0.0612,-0.1044,0.0529,0.0241
1730000040730,50645,-0.0406,-0.6806,0.0282,-0.0648,0.0141,-0.0632
1730000040740,50666,0.022,-0.5711,0.1218,0.0257,-0.0419,0.0345
1730000040750,50686,0.1516,-0.5357,0.0448,0.0748,-0.0086,-0.0058
1730000040760,50703,0.0144,-0.6316,0.1128,0.1953,-0.115,-0.0637
1730000040770,50719,0.1623,-0.6792,0.0635,0.1209,-0.0495,-0.0373
1730000040780,50731,0.1646,-0.5989,0.1186,0.0895,0.0901,0.0569
1730000040790,50742,0.1286,-0.7342,0.1933,-0.0043,-0.2007,0.0644
1730000040800,50749,0.2079,-0.7357,0.0958,0.0816,-0.0735,0.0974
1730000040810,50754,0.2273,-0.7152,0.2103,-0.0284,-0.1682,0.0151
1730000040820,50756,0.1315,-0.931,0.0886,-0.0127,-0.0558,0.0297
1730000040830,50755,0.2935,-0.8975,0.1072,-0.0517,0.003,-0.015
1730000040840,50753,0.1048,-0.9642,0.1593,-0.0303,-0.1171,0.0831
1730000040850,50751,0.2529,-0.8539,0.1271,-0.0623,-0.0159,0.1134
1730000040860,50758,0.1807,-1.0006,0.1507,0.0854,0.0473,0.0292
1730000040870,50792,0.2055,-1.0299,0.1373,-0.0284,0.0743,-0.0441
1730000040880,50880,-0.0271,-1.0239,0.0378,-0.0868,-0.0918,0.0016
1730000040890,51056,0.0881,-1.1172,0.066,-0.0119,-0.1623,0.0747
1730000040900,51331,0.2663,-1.0662,-0.0526,0.1145,0.1347,0.0736
1730000040910,51665,0.1585,-1.1014,-0.0031,0.0218,-0.0304,-0.0116
1730000040920,51957,-0.1227,-1.0559,0.018,-0.0836,0.0051,0.0601
1730000040930,52089,0.261,-1.0145,-0.121,-0.022,-0.1179,0.0901
1730000040940,51992,0.1091,-1.138,0.0477,-0.0043,0.0925,0.0436
1730000040950,51699,-0.0462,-1.1017,-0.0182,0.0661,0.0663,0.0133
1730000040960,51319,-0.0521,-0.9181,-0.01,-0.0794,0.0225,-0.0288
1730000040970,50970,-0.0198,-0.9662,-0.0299,-0.1054,-0.0964,-0.0426
1730000040980,50719,0.1834,-1.001,-0.0635,-0.1218,-0.1937,0.1707
1730000040990,50578,0.0607,-0.989,-0.1119,-0.0261,-0.1275,-0.0831
1730000041000,50519,-0.1274,-0.9187,0.0487,0.0744,-0.0562,-0.0222
1730000041010,50511,-0.0156,-0.7613,0.0564,-0.1835,0.0517,-0.0655
1730000041020,50526,-0.0015,-0.713,-0.0332,0.0099,0.099,0.1345
1730000041030,50548,-0.0292,-0.7458,-0.0165,-0.079,-0.1555,0.0251
1730000041040,50564,-0.0672,-0.7706,-0.1611,0.0308,-0.0733,0.0225
1730000041050,50562,-0.1448,-0.6151,-0.1158,0.0067,0.1034,0.0218
1730000041060,50537,-0.101,-0.7073,-0.1249,-0.0233,0.0882,-0.0462
1730000041070,50487,0.1129,-0.5746,-0.1385,-0.0576,-0.1559,0.0267
1730000041080,50417,-0.0486,-0.5644,-0.1922,0.1083,0.0075,-0.0518
1730000041090,50335,-0.0848,-0.5813,-0.1305,-0.0472,-0.1257,-0.0922
1730000041100,50251,-0.3081,-0.6538,-0.099,-0.0796,-0.1022,0.0559
1730000041110,50172,-0.0727,-0.6045,-0.0617,-0.0459,-0.2466,-0.0516
1730000041120,50105,-0.1215,-0.6417,-0.1432,0.1287,-0.3094,-0.0336
1730000041130,50052,-0.2436,-0.8024,-0.1236,-0.0239,0.0315,0.0852
1730000041140,50013,-0.2258,-0.6901,-0.1106,-0.0823,0.1112,0.033
1730000041150,49986,-0.0527,-0.7567,-0.1138,0.0574,-0.0239,-0.0434
1730000041160,49968,-0.0968,-0.9408,-0.1673,-0.0437,0.0343,0.0273
1730000041170,49956,-0.0857,-0.8589,-0.0546,-0.0321,-0.0222,0.1023
1730000041180,49950,-0.0894,-0.9042,-0.1292,-0.0675,-0.2044,0.028
1730000041190,49948,-0.2812,-0.9731,-0.0521,-0.0309,-0.0499,0.0631
1730000041200,49950,-0.1415,-0.9534,-0.0081,-0.0066,0.0776,0.031
1730000041210,49954,-0.2502,-1.0743,-0.0825,0.0041,0.0819,-0.0978
1730000041220,49961,0.0058,-1.0657,-0.1134,0.0502,-0.0529,0.0623
1730000041230,49970,-0.1042,-1.0431,-0.1401,0.0272,0.0811,-0.0546
1730000041240,49982,-0.1455,-1.119,-0.0628,-0.0079,0.0216,-0.0065
1730000041250,49996,-0.0337,-1.0608,-0.0907,-0.1242,0.2655,0.0511
1730000041260,50012,-0.1862,-0.9954,-0.0583,0.1093,-0.0117,0.0981
1730000041270,50030,-0.2085,-1.0158,-0.095,0.0007,0.1266,0.1006
1730000041280,50049,-0.1643,-1.1082,0.0206,-0.0159,0.0484,0.0395
1730000041290,50069,-0.1218,-0.9685,0.0263,0.0316,-0.1381,0.1016
1730000041300,50091,-0.0425,-0.9806,-0.0214,0.0625,0.1081,-0.1346
1730000041310,50113,0.019,-0.8584,0.0259,-0.0623,-0.0779,-0.1104
1730000041320,50137,0.1243,-0.9845,0.0724,-0.0473,-0.0597,0.0927
1730000041330,50160,0.0081,-0.9791,0.08,-0.1015,-0.1899,0.0427
1730000041340,50183,-0.054,-0.7086,0.0948,-0.1265,-0.181,0.1348
1730000041350,50206,0.1235,-0.7568,0.1327,0.0562,-0.2825,0.0596
1730000041360,50229,0.0013,-0.7652,0.1308,-0.0536,0.0991,-0.04
1730000041370,50251,0.1542,-0.6048,0.1271,-0.0142,0.0113,0.0575
1730000041380,50272,0.1166,-0.6778,0.1589,-0.0085,-0.0747,-0.0087
1730000041390,50292,0.1297,-0.5504,0.0884,-0.0546,-0.0986,-0.0116
1730000041400,50310,0.0865,-0.4767,0.0916,-0.0788,0.2349,-0.0638
1730000041410,50327,-0.0114,-0.6809,0.1554,0.0147,-0.0838,-0.0101
1730000041420,50341,0.1297,-0.5553,0.042,-0.0045,0.0748,-0.0215
1730000041430,50354,0.107,-0.5714,0.0644,0.0354,0.0936,-0.0478
1730000041440,50364,0.1493,-0.5928,0.1252,0.1496,0.0819,0.0473
1730000041450,50372,0.0567,-0.4939,-0.0144,-0.0442,0.0323,-0.0807
1730000041460,50378,0.2452,-0.7844,0.1112,-0.0931,-0.1472,0.0003
1730000041470,50381,0.2595,-0.8068,0.0799,-0.0855,0.0846,0.0561
1730000041480,50384,0.1726,-0.7827,0.1559,0.152,0.0273,0.0242
1730000041490,50390,0.1538,-0.7974,0.0567,-0.0957,-0.0767,0.0939
1730000041500,50409,0.2231,-0.852,0.1031,-0.0491,0.2599,0.0215
1730000041510,50458,0.1145,-0.8332,0.0416,-0.0944,0.0367,0.0011
1730000041520,50562,0.1221,-0.9308,0.1362,0.1166,0.2305,-0.0007
1730000041530,50747,0.0883,-1.0002,0.1234,-0.0426,-0.0672,-0.0809
1730000041540,51015,0.1336,-1.0228,-0.0029,0.0108,0.1481,-0.0157
1730000041550,51327,0.093,-1.0411,0.1207,-0.0803,0.0645,0.0708
1730000041560,51602,-0.0177,-1.1163,0.0693,0.0619,0.0917,-0.0106
1730000041570,51743,0.1924,-1.1537,0.0606,-0.0761,-0.2249,-0.1096
1730000041580,51688,0.2332,-1.1484,0.0522,0.1068,0.0423,0.1122
1730000041590,51451,0.0036,-1.1848,-0.0299,-0.0088,0.1398,0.0085
1730000041600,51109,0.0115,-1.0948,0.0561,0.0044,0.0981,-0.0541
1730000041610,50760,0.0753,-1.1685,-0.0466,-0.0837,0.0442,-0.0026
1730000041620,50480,0.2134,-0.9437,0.0072,0.005,0.1189,-0.0597
1730000041630,50294,0.0946,-0.8892,-0.0026,0.159,0.034,-0.0494
1730000041640,50194,0.0729,-0.9937,0.0212,0.0107,0.049,-0.0277
1730000041650,50154,0.1059,-0.9,0.0432,0.0993,0.0583,0.0208
1730000041660,50149,-0.1021,-0.7692,-0.0227,-0.0103,-0.2135,-0.0393
1730000041670,50161,0.0493,-0.879,-0.0623,-0.0157,0.0908,0.0063
1730000041680,50176,0.2097,-0.7605,-0.1396,-0.0532,0.0421,0.1273
1730000041690,50184,-0.0834,-0.7226,-0.0989,-0.1953,0.1817,-0.0905
1730000041700,50177,-0.177,-0.7078,-0.0945,0.06,-0.0243,0.2313
1730000041710,50150,-0.0029,-0.6696,-0.1136,-0.0133,-0.2195,-0.0865
1730000041720,50102,-0.1404,-0.6794,-0.0612,0.1077,0.0871,-0.0635
1730000041730,50035,-0.1441,-0.6278,-0.2011,0.0341,-0.002,0.1005
1730000041740,49956,0.0041,-0.7042,-0.1127,-0.1743,0.0889,-0.0195
1730000041750,49871,-0.0876,-0.6084,-0.1711,-0.0315,0.0241,-0.0541
1730000041760,49789,-0.2059,-0.6934,-0.123,-0.017,0.1311,-0.0525
1730000041770,49715,-0.1646,-0.6786,-0.1903,-0.1238,0.1671,-0.0028
1730000041780,49653,-0.1452,-0.6613,-0.1008,-0.1821,0.1878,-0.0095
1730000041790,49603,-0.1452,-0.6819,-0.1341,-0.0246,-0.1829,-0.0018
1730000041800,49565,-0.149,-0.6634,-0.0472,-0.1748,0.006,0.0321
1730000041810,49537,-0.2013,-0.6959,-0.1795,-0.06,-0.0878,0.0192
1730000041820,49517,-0.1641,-0.7668,-0.1054,0.07,-0.1041,-0.0367
1730000041830,49504,-0.1017,-0.877,-0.013,0.0245,0.1561,0.0556
1730000041840,49495,-0.1024,-0.8845,-0.147,-0.0047,0.1009,-0.0102
1730000041850,49491,-0.1085,-0.8962,-0.0319,-0.0029,0.0216,0.0975
1730000041860,49490,-0.2433,-0.9223,-0.0185,0.0189,-0.1344,0.0086
1730000041870,49492,-0.0668,-0.8932,-0.0247,-0.0556,-0.1831,-0.043
1730000041880,49497,-0.0974,-0.9954,-0.1142,-0.0175,0.0767,0.1319
1730000041890,49505,-0.1634,-0.9893,-0.0268,0.0749,0.0061,-0.0332
1730000041900,49515,-0.0764,-1.029,-0.0691,-0.0611,0.2004,-0.086
1730000041910,49527,0.0469,-1.0026,-0.075,-0.032,0.0547,0.0557
1730000041920,49542,-0.0339,-1.1572,0.0602,0.0096,-0.0388,-0.0451
1730000041930,49558,-0.1237,-1.0117,-0.0773,0.0435,0.0337,0.167
1730000041940,49577,-0.0832,-1.1289,0.0716,0.1146,-0.2729,0.0512
1730000041950,49597,-0.0112,-1.0504,-0.0278,-0.1857,-0.0679,0.0347
1730000041960,49618,-0.0229,-1.1672,-0.0105,0.1414,0.1378,0.0094
1730000041970,49641,-0.1711,-0.8316,0.0201,0.0567,0.0369,-0.0349
1730000041980,49664,0.0128,-0.9909,-0.099,0.0825,0.2358,0.0656
1730000041990,49688,0.0518,-0.9427,0.088,0.1199,-0.2787,0.0658
1730000042000,49712,-0.1257,-0.8525,0.0345,0.0641,0.0404,-0.0387
1730000042010,49736,0.0232,-0.7816,0.0787,-0.0056,-0.0508,0.0002
1730000042020,49760,0.1,-0.7939,0.0395,0.115,-0.2406,-0.0073
1730000042030,49784,0.0622,-0.6681,0.1001,0.0861,0.0083,0.0806
1730000042040,49807,0.1215,-0.6136,0.0494,0.0624,-0.0794,-0.0385
1730000042050,49829,0.0235,-0.6418,0.0555,-0.1275,0.1269,-0.0909
1730000042060,49849,0.1354,-0.6847,0.2447,-0.0462,0.198,-0.0019
1730000042070,49868,0.041,-0.6357,0.0951,0.1464,-0.0889,-0.0448
1730000042080,49886,0.0605,-0.5522,0.1285,0.0966,0.0821,-0.0029
1730000042090,49902,0.0754,-0.6266,0.1284,-0.0267,-0.1108,-0.0582
1730000042100,49915,0.0267,-0.5948,0.1286,0.0036,-0.2298,-0.0217
1730000042110,49926,0.0357,-0.5712,0.1745,0.0875,0.1469,-0.0273
1730000042120,49935,0.1607,-0.596,0.0181,0.0193,0.041,0.0209
1730000042130,49942,0.0715,-0.7144,0.0953,0.0305,-0.2234,-0.0535
1730000042140,49947,0.1126,-0.6848,0.165,-0.0635,-0.1033,0.0289
1730000042150,49953,0.0286,-0.773,0.1055,-0.0398,-0.0275,0.0261
1730000042160,49968,0.0418,-0.7402,0.0814,-0.135,0.0098,-0.0628
1730000042170,50008,0.122,-0.8758,0.0754,0.1994,0.058,-0.0703
1730000042180,50103,-0.001,-0.9181,0.1425,-0.042,0.0026,0.0259
1730000042190,50288,0.0504,-0.9253,0.0798,-0.0392,0.0813,0.0372
1730000042200,50575,0.2598,-0.9103,0.1032,-0.1818,-0.0201,-0.0587
1730000042210,50923,0.0399,-0.9813,0.1303,-0.0143,-0.0022,-0.0361
1730000042220,51225,0.1766,-0.9566,0.0804,0.0307,-0.0815,-0.0493
1730000042230,51358,0.161,-1.1037,0.1089,-0.1378,0.0655,-0.0289
1730000042240,51252,0.0133,-1.1473,0.1114,0.1601,0.0354,-0.1065
1730000042250,50950,-0.0541,-1.1464,0.0111,-0.0951,0.1148,0.0076
1730000042260,50567,0.1297,-1.1601,0.0679,-0.0883,0.172,0.0141
1730000042270,50227,0.1849,-1.2171,-0.0104,-0.1542,0.0869,-0.0534
1730000042280,49993,0.1734,-0.9909,-0.0361,0.015,-0.0413,-0.1164
1730000042290,49868,0.1891,-1.0594,0.0021,0.1383,-0.1017,0.0255
1730000042300,49822,0.0513,-0.9179,0.0242,0.0273,0.1104,0.0607
1730000042310,49823,-0.0104,-1.0317,-0.0725,-0.1564,0.0808,0.0019
1730000042320,49843,-0.0918,-0.9097,-0.0349,-0.0646,0.1781,-0.0146
1730000042330,49867,-0.1518,-0.972,-0.066,0.0124,-0.1933,-0.1368
1730000042340,49879,-0.0818,-0.8653,-0.0822,-0.1134,-0.1067,-0.0066
1730000042350,49871,0.1218,-0.7906,-0.1979,0.009,0.1286,-0.0742
1730000042360,49838,-0.077,-0.618,-0.1663,-0.0468,0.0453,0.0726
1730000042370,49779,-0.0151,-0.6948,-0.1155,-0.0116,-0.1389,0.0164
1730000042380,49700,-0.1214,-0.7296,-0.1009,0.0388,-0.1352,0.0144
1730000042390,49612,-0.2269,-0.676,-0.0366,0.0996,0.2037,-0.0596
1730000042400,49523,-0.0009,-0.6585,-0.1714,0.0328,-0.0506,0.0793
1730000042410,49442,-0.1698,-0.5195,-0.162,0.0431,0.054,0.0012
1730000042420,49375,-0.0545,-0.6666,-0.0931,-0.0545,0.124,-0.0426
1730000042430,49321,0.0638,-0.7233,-0.0675,-0.0606,-0.1087,-0.0465
1730000042440,49280,-0.1784,-0.6578,-0.0631,-0.0628,0.0121,-0.0102
1730000042450,49250,-0.064,-0.696,-0.1404,0.0661,0.054,0.0431
1730000042460,49229,0.04,-0.7031,-0.0778,0.0166,-0.1044,-0.0941
1730000042470,49213,-0.2752,-0.7375,-0.1722,-0.086,-0.0309,-0.0259
1730000042480,49202,0.0587,-0.6795,-0.0862,0.0777,-0.0217,0.1047
1730000042490,49195,-0.2688,-0.8509,-0.0911,0.0967,0.1367,0.0614
1730000042500,49192,-0.0752,-0.8962,-0.1036,0.0179,0.1632,-0.0323
1730000042510,49192,-0.0942,-0.8854,-0.1857,-0.1536,0.0983,-0.0495
1730000042520,49194,-0.2029,-0.978,-0.1141,-0.0303,-0.2616,0.1424
1730000042530,49200,-0.0826,-1.0261,-0.0374,0.0615,0.2083,-0.0311
1730000042540,49208,-0.1077,-0.9228,-0.057,-0.0424,0.1206,-0.0237
1730000042550,49219,-0.1715,-1.0582,-0.0422,-0.0192,0.1471,-0.0016
1730000042560,49233,-0.1949,-1.0951,-0.0839,-0.0747,0.1032,-0.0662
1730000042570,49249,-0.1585,-1.0944,0.025,0.0317,0.0152,-0.0475
1730000042580,49268,-0.1801,-1.092,-0.036,0.0501,0.2524,-0.0219
1730000042590,49288,-0.1094,-1.0241,-0.1066,-0.0552,0.0336,0.0203
1730000042600,49311,-0.1822,-1.1683,0.0333,0.0584,0.0674,-0.0044
1730000042610,49335,0.0065,-1.0243,-0.0004,0.0452,0.0988,-0.0483
1730000042620,49361,-0.1206,-0.957,-0.0839,0.0367,-0.1087,-0.0215
1730000042630,49389,-0.1399,-0.9578,0.0318,0.0495,0.263,0.0304
1730000042640,49417,-0.0912,-0.996,0.0189,-0.0457,-0.1761,0.024
1730000042650,49446,-0.0903,-1.0064,0.0643,-0.0591,-0.1973,-0.0117
1730000042660,49476,0.0083,-0.7588,0.0386,0.201,-0.0996,-0.02
1730000042670,49506,-0.1488,-0.8863,0.002,-0.1488,-0.0837,-0.0305
1730000042680,49536,-0.0593,-0.7344,0.0256,0.0398,0.0376,0.0192
1730000042690,49566,0.0893,-0.6895,0.0621,-0.0949,0.0201,-0.0144
1730000042700,49595,0.1243,-0.7806,0.1102,0.0745,-0.1968,0.012
1730000042710,49624,0.0306,-0.6527,0.0316,-0.0333,-0.0233,-0.0662
1730000042720,49651,0.0696,-0.6549,0.1145,-0.1096,-0.0807,-0.0323
1730000042730,49678,0.2197,-0.6462,0.0885,0.01,0.0531,0.0725
1730000042740,49702,0.0406,-0.5601,0.1873,0.006,-0.1446,-0.0546
1730000042750,49726,0.0133,-0.6639,0.1233,-0.0716,0.047,-0.054
1730000042760,49750,0.2706,-0.6609,0.1233,-0.036,0.1562,-0.056
1730000042770,49777,0.0231,-0.6506,0.0867,0.0846,-0.0128,-0.0687
1730000042780,49822,0.1485,-0.6707,0.164,-0.1808,-0.1147,-0.017
1730000042790,49906,-0.0112,-0.6759,0.188,0.0739,-0.0832,0.0872
1730000042800,50065,0.1021,-0.7118,0.1412,0.0264,0.1561,-0.1881
1730000042810,50326,0.1998,-0.7584,0.0946,0.1092,-0.0535,-0.1154
1730000042820,50678,0.1859,-0.7793,0.043,-0.0095,0.1765,0.0368
1730000042830,51041,0.0433,-0.858,0.0531,0.089,0.2539,-0.0693
1730000042840,51287,0.1684,-0.9042,0.1151,-0.0636,0.1449,-0.0082
1730000042850,51309,0.0563,-0.866,0.1298,0.0549,-0.0819,0.0199
1730000042860,51099,0.2606,-0.9014,0.1686,-0.2033,-0.071,-0.0066
1730000042870,50751,0.1534,-0.9936,-0.0026,0.0339,-0.2227,-0.0807
1730000042880,50395,0.1452,-1.0143,0.0297,-0.1165,-0.0017,-0.0285
1730000042890,50129,0.1559,-1.0099,0.0246,0.0947,-0.0913,0.0291
1730000042900,49977,0.1567,-1.0672,0.0815,-0.0123,-0.2103,-0.042
1730000042910,49919,0.0464,-1.119,0.0941,-0.0015,0.2176,0.0651
1730000042920,49919,0.1011,-1.1092,-0.0073,0.118,-0.0234,-0.109
1730000042930,49948,0.1019,-1.0728,-0.0148,-0.0259,0.1479,-0.0177
1730000042940,49984,-0.0211,-1.0037,0.0058,0.0392,0.2775,-0.0714
1730000042950,50012,0.1659,-0.9873,0.0094,0.0541,0.2087,0.0195
1730000042960,50021,0.0743,-1.0733,0.0467,-0.0123,-0.0286,0.079
1730000042970,50004,0.1234,-0.922,-0.0463,0.016,-0.0921,0.0734
1730000042980,49959,0.049,-0.9535,-0.0666,-0.0683,-0.0189,0.1061
1730000042990,49890,0.114,-0.8413,0.0217,-0.0966,0.164,0.0065
1730000043000,49806,0.1007,-0.8295,-0.1216,-0.1132,0.0609,-0.024
1730000043010,49717,0.0283,-1.0305,0.0243,-0.0809,0.1325,-0.0454
1730000043020,49633,0.0489,-0.8161,-0.0444,-0.041,0.0181,-0.0462
1730000043030,49560,-0.057,-0.6803,-0.0669,0.0466,-0.2111,0.0017
1730000043040,49500,-0.1653,-0.6441,-0.0776,-0.1399,-0.1599,-0.0257
1730000043050,49452,0.0186,-0.6781,-0.0348,-0.1422,0.0968,0.0461
1730000043060,49415,-0.1127,-0.6465,-0.1833,-0.1174,0.1056,0.1101
1730000043070,49386,-0.2223,-0.6253,0.0177,0.0455,0.1933,0.0878
1730000043080,49362,-0.1224,-0.6688,-0.2091,-0.0266,-0.0766,-0.0556
1730000043090,49343,-0.0277,-0.5593,-0.1704,0.0851,0.1838,-0.1618
1730000043100,49328,-0.1399,-0.6926,-0.0173,-0.0286,-0.0772,-0.0141
1730000043110,49315,-0.2736,-0.5422,-0.146,0.0136,-0.0631,-0.1018
1730000043120,49305,-0.1413,-0.7669,-0.0446,0.116,0.1327,-0.0706
1730000043130,49298,-0.3183,-0.6802,-0.1474,-0.0102,0.175,-0.0155
1730000043140,49293,-0.103,-0.8273,-0.0375,-0.1213,-0.1085,-0.1041
1730000043150,49291,-0.1899,-0.7401,-0.0771,-0.0502,-0.0696,0.1001
1730000043160,49293,-0.1693,-0.8635,-0.097,-0.0536,-0.0847,-0.029
1730000043170,49297,-0.1099,-0.944,-0.038,-0.0343,0.2679,0.021
1730000043180,49304,-0.1258,-0.9018,-0.1583,0.102,-0.2107,-0.0229
1730000043190,49314,-0.1,-0.9224,-0.1055,0.1192,-0.0384,0.0251
1730000043200,49327,-0.0998,-0.9576,-0.1463,0.0867,0.0948,-0.1386
1730000043210,49342,-0.0705,-1.078,-0.0555,0.1125,0.1222,-0.0129
1730000043220,49360,-0.0393,-1.0095,-0.0409,0.0126,0.0214,0.0789
1730000043230,49381,-0.0709,-1.0807,-0.0175,-0.003,0.0419,0.0314
1730000043240,49405,-0.0862,-1.0757,-0.0147,-0.0405,0.0508,-0.123
1730000043250,49430,-0.1145,-1.1393,-0.0083,0.0206,-0.0202,-0.1659
1730000043260,49458,-0.2048,-1.132,-0.0716,0.0778,0.0946,0.0093
1730000043270,49487,-0.1612,-1.0859,-0.0598,-0.1159,0.0184,-0.0083
1730000043280,49518,-0.0996,-1.1918,0.0632,-0.0234,0.0002,-0.1112
1730000043290,49551,-0.1033,-1.0473,0.0207,-0.029,0.1346,0.0166
1730000043300,49585,-0.0986,-0.9802,0.1148,0.0813,0.197,-0.0605
1730000043310,49619,-0.1503,-0.9591,0.0861,-0.032,0.1526,0.0143
1730000043320,49655,-0.0078,-0.9304,-0.0306,0.0147,0.1802,-0.1002
1730000043330,49690,0.1103,-0.8435,-0.008,0.1245,-0.0414,0.0004
1730000043340,49726,-0.1057,-0.8146,0.0903,0.1112,-0.3897,-0.0225
1730000043350,49762,-0.08,-0.7854,0.0499,0.1448,0.1008,-0.0257
1730000043360,49798,0.0241,-0.7896,0.1197,-0.0785,-0.0643,0.0482
1730000043370,49834,0.0552,-0.6509,0.1201,0.0023,0.162,-0.0392
1730000043380,49871,0.0025,-0.5786,0.1748,0.0775,-0.0357,0.0371
1730000043390,49916,0.0774,-0.7176,0.1408,0.0043,-0.1516,-0.0572
1730000043400,49981,0.0833,-0.6137,0.1156,0.1212,-0.2067,0.0117
1730000043410,50088,0.236,-0.6313,0.1395,-0.0673,-0.0022,-0.0344
1730000043420,50269,0.0077,-0.5471,0.1416,-0.1579,0.0792,-0.0116
1730000043430,50543,0.1483,-0.6585,0.2221,-0.0402,0.0586,-0.0202
1730000043440,50896,0.0582,-0.5885,0.1246,0.0217,0.0183,0.0092
1730000043450,51258,0.1015,-0.6097,0.1001,0.0613,0.0557,-0.0849
1730000043460,51520,0.13,-0.6998,0.0569,0.0563,0.0063,0.0426
1730000043470,51588,-0.0048,-0.783,0.1339,-0.1576,0.0105,-0.0123
1730000043480,51441,0.0977,-0.7978,0.1629,0.1415,-0.1393,-0.0104
1730000043490,51147,0.1891,-0.7247,0.0688,0.0354,0.0016,-0.0583
1730000043500,50817,0.2126,-0.8403,0.1758,-0.0662,-0.0359,0.0041
1730000043510,50546,0.2281,-0.9025,0.1833,-0.1449,0.0653,-0.116
1730000043520,50375,0.1896,-0.9615,0.0996,-0.0434,0.0555,-0.0673
1730000043530,50299,0.3213,-0.9075,-0.0115,0.0267,-0.126,-0.0762
1730000043540,50289,0.0242,-0.974,0.0171,-0.0579,0.0152,0.0052
1730000043550,50316,0.1831,-1.1071,0.0425,0.061,-0.1698,-0.0503
1730000043560,50360,0.2428,-1.2441,0.0582,0.0729,-0.0038,0.0094
1730000043570,50404,0.0518,-1.1064,0.1085,0.0655,0.0274,0.0451
1730000043580,50436,0.0479,-1.0624,-0.0539,-0.2368,-0.0945,-0.0897
1730000043590,50449,0.2019,-1.0779,0.0019,0.1019,0.0512,0.0734
1730000043600,50436,-0.0489,-1.1381,0.0661,0.1109,-0.1381,-0.0257
1730000043610,50397,0.097,-1.0152,0.0401,0.0904,-0.0058,-0.0229
1730000043620,50337,0.1458,-1.0672,0.0726,-0.0775,0.0655,-0.1058
1730000043630,50262,0.0404,-0.975,0.0219,-0.0594,-0.0466,-0.0754
1730000043640,50182,0.2005,-1.0133,-0.1058,-0.0961,-0.0792,-0.0045
1730000043650,50104,0.145,-0.982,-0.0486,-0.1334,0.1152,-0.0581
1730000043660,50035,0.0831,-0.9923,-0.1157,0.1219,-0.0546,-0.0352
1730000043670,49976,0.0261,-0.7928,-0.0229,-0.02,-0.0093,0.0071
1730000043680,49927,-0.1048,-0.8495,-0.0502,-0.074,-0.0766,0.0018
1730000043690,49888,-0.0869,-0.8464,-0.1162,0.035,0.0671,-0.0375
1730000043700,49856,-0.0363,-0.706,-0.1715,-0.1118,0.0615,0.1247
1730000043710,49830,0.0393,-0.6573,-0.2436,0.0727,0.1066,-0.0338
1730000043720,49807,-0.0473,-0.6226,-0.1504,0.1139,-0.0361,0.0199
1730000043730,49787,-0.0376,-0.6072,-0.0313,0.0043,-0.0386,0.0517
1730000043740,49770,-0.0089,-0.5631,-0.1279,-0.1021,0.1455,0.0496
1730000043750,49754,-0.2605,-0.5251,-0.2214,-0.1667,0.2413,-0.0023
1730000043760,49741,-0.0583,-0.5519,-0.1429,-0.0235,0.0528,-0.0403
1730000043770,49730,-0.0405,-0.6986,-0.0649,-0.0283,-0.0304,-0.0447
1730000043780,49722,-0.1336,-0.643,-0.1354,0.0352,-0.2327,-0.0069
1730000043790,49715,-0.0396,-0.6422,-0.1594,-0.1364,-0.0413,-0.0154
1730000043800,49712,-0.1107,-0.6207,-0.1347,0.0089,-0.1448,0.0362
1730000043810,49711,-0.1434,-0.774,-0.0804,0.0896,0.1692,-0.0728
1730000043820,49713,0.0448,-0.9484,-0.027,0.075,-0.021,0.0215
1730000043830,49718,-0.2368,-0.7406,-0.2019,-0.1083,-0.0535,-0.057
1730000043840,49725,-0.1232,-0.8889,-0.1147,-0.0343,-0.2902,0.0222
1730000043850,49736,-0.0953,-0.8661,-0.069,0.0289,-0.0306,0.1273
1730000043860,49749,-0.1789,-1.1145,-0.1354,0.1739,-0.1381,0.0142
1730000043870,49765,-0.2574,-1.075,-0.0936,-0.0909,-0.0212,0.0636
1730000043880,49784,-0.1825,-1.0114,0.0147,0.1276,0.0995,0.0266
1730000043890,49805,-0.2264,-1.0582,-0.0909,0.0373,-0.124,-0.03
1730000043900,49828,-0.1905,-1.1075,-0.0012,0.0132,0.2018,-0.0689
1730000043910,49854,-0.1373,-1.1097,-0.0392,0.0205,0.0165,-0.0512
1730000043920,49882,-0.1144,-1.1131,-0.0563,0.1199,0.0241,-0.0106
1730000043930,49912,-0.208,-0.996,-0.0173,-0.0671,0.0069,0.0211
1730000043940,49944,-0.0901,-1.0874,0.0501,0.104,0.1826,0.1099
1730000043950,49977,-0.0012,-1.0597,0.0549,0.0495,-0.0747,-0.0067
1730000043960,50011,-0.1941,-1.0588,0.0549,-0.0368,-0.1184,-0.0181
1730000043970,50047,0.1056,-0.9718,0.1052,0.093,0.0506,0.0053
1730000043980,50083,-0.0943,-1.0788,0.0053,0.0049,0.0183,0.07
1730000043990,50120,-0.0334,-1.0261,0.0518,-0.0209,-0.0776,-0.0842
1730000044000,50157,-0.025,-0.9456,0.0974,0.0476,-0.0817,0.0343
1730000044010,50194,0.0077,-0.7573,0.1103,-0.0132,0.176,-0.0513
1730000044020,50232,0.1325,-0.8063,0.038,0.0199,0.0204,0.05
1730000044030,50272,0.0948,-0.806,0.0232,-0.0424,0.0067,-0.0412
1730000044040,50322,0.0052,-0.6955,0.0856,0.0269,-0.0567,-0.0092
1730000044050,50393,-0.0055,-0.6408,0.177,0.0859,-0.025,0.0474
1730000044060,50510,0.0819,-0.6477,0.0785,-0.0722,0.016,0.0694
1730000044070,50701,0.2409,-0.694,0.2175,-0.0522,-0.0852,-0.0137
1730000044080,50983,0.1398,-0.6378,0.1288,-0.0687,-0.0792,-0.0073
1730000044090,51338,0.1595,-0.4971,0.1277,-0.0948,0.2431,-0.0386
1730000044100,51695,0.2712,-0.4581,0.1149,0.058,-0.0516,0.0418
1730000044110,51951,-0.0099,-0.6615,0.1053,0.0741,0.1188,-0.0749
1730000044120,52018,0.1249,-0.6705,0.0905,-0.1129,-0.243,0.1305
1730000044130,51879,0.1055,-0.6968,0.0823,0.0758,-0.0589,0.0168
1730000044140,51596,0.0566,-0.6954,0.0902,0.0247,0.0956,-0.0377
1730000044150,51276,0.0948,-0.8155,0.2134,-0.0477,-0.0085,0.0576
1730000044160,51009,0.1373,-0.8725,0.1154,-0.1047,0.1052,-0.0449
1730000044170,50838,0.3086,-0.8078,0.0498,0.0561,-0.1424,-0.0917
1730000044180,50759,0.09,-0.8918,0.2107,-0.0689,-0.1372,0.0478
1730000044190,50747,0.2104,-0.856,-0.0058,-0.0895,-0.1368,-0.0075
1730000044200,50773,0.1381,-0.9118,0.1135,-0.0907,0.0146,0.0858
1730000044210,50817,0.2557,-1.1088,0.1169,0.1486,-0.044,0.0329
1730000044220,50864,0.1758,-1.0522,0.0752,-0.0923,0.0848,0.0959
1730000044230,50900,0.1683,-1.092,0.016,0.1046,-0.2847,0.0771
1730000044240,50919,0.0525,-1.069,0.0743,0.0369,-0.0202,-0.1076
1730000044250,50913,0.1428,-1.2049,0.1007,-0.011,0.304,-0.0369
1730000044260,50882,0.1874,-1.0665,-0.077,-0.0646,-0.1088,0.0579
1730000044270,50828,0.1624,-1.0541,0.1485,-0.178,-0.2232,-0.0155
1730000044280,50758,0.2146,-1.0205,0.0563,-0.0986,-0.1728,0.0843
1730000044290,50679,0.0328,-1.0599,0.0356,-0.1061,0.0935,0.025
1730000044300,50600,-0.0926,-0.9483,0.0009,0.0105,-0.0182,0.0311
1730000044310,50527,0.1069,-0.8722,-0.076,-0.1357,0.0455,-0.0072
1730000044320,50464,0.0255,-0.9185,-0.0712,-0.0966,-0.0603,-0.0247
1730000044330,50410,-0.1042,-0.9708,-0.0145,-0.1332,0.1329,-0.0311
1730000044340,50366,-0.0629,-0.885,-0.0467,0.0684,-0.1572,-0.0365
1730000044350,50328,0.0833,-0.6448,-0.0368,0.0271,0.0811,-0.0567
1730000044360,50297,0.0172,-0.6714,-0.0206,0.079,0.0479,0.1043
1730000044370,50269,-0.0956,-0.6993,-0.0252,-0.0492,-0.0711,0.0092
1730000044380,50244,0.04,-0.6986,-0.1179,0.0795,-0.1565,-0.0566
1730000044390,50221,-0.2176,-0.6075,-0.177,0.0411,0.1201,-0.0187
1730000044400,50200,-0.1559,-0.5762,-0.0197,0.0168,-0.0486,0.0021
1730000044410,50180,-0.0835,-0.65,-0.1081,0.0016,0.2565,-0.0083
1730000044420,50163,-0.1326,-0.5378,-0.1208,0.0403,0.0448,-0.0182
1730000044430,50148,-0.0309,-0.6097,-0.0476,-0.0505,-0.0188,0.0147
1730000044440,50135,-0.1691,-0.6209,-0.0737,-0.014,0.0416,0.0433
1730000044450,50124,-0.1156,-0.6296,-0.1034,0.1237,0.0334,-0.0374
1730000044460,50115,-0.0833,-0.7477,-0.1317,0.0665,-0.2829,-0.022
1730000044470,50109,0.1329,-0.6834,-0.1079,0.1169,-0.1353,-0.0658
1730000044480,50106,-0.3198,-0.776,-0.1023,-0.0388,-0.0389,0.0455
1730000044490,50106,-0.2946,-0.7736,-0.0835,0.0068,-0.0307,-0.0721
1730000044500,50108,-0.1417,-0.9491,-0.1551,0.057,-0.1752,0.0978
1730000044510,50113,-0.263,-0.9546,-0.0325,-0.009,-0.1025,0.1348
1730000044520,50121,-0.1923,-0.8601,-0.1039,0.0272,-0.0411,-0.0423
1730000044530,50131,-0.2918,-1.0115,-0.0312,0.1341,0.192,-0.0396
1730000044540,50144,-0.1155,-0.9391,-0.0948,0.0437,0.0712,0.0029
1730000044550,50160,0.0194,-1.1422,-0.0328,0.1041,0.1751,-0.0578
1730000044560,50178,-0.2696,-1.1459,-0.1461,-0.0124,-0.0864,0.0828
1730000044570,50198,0.0012,-1.028,-0.0477,0.0209,0.0155,0.0296
1730000044580,50221,-0.0521,-1.1542,-0.0562,0.0428,-0.1661,-0.0571
1730000044590,50245,-0.0574,-1.0612,-0.0563,-0.0482,-0.1696,-0.1171
1730000044600,50271,-0.0054,-1.1869,-0.018,-0.0321,-0.0318,0.0432
1730000044610,50299,-0.0453,-1.0664,-0.0853,0.0761,-0.158,-0.056
1730000044620,50328,-0.118,-1.1131,0.0022,0.0876,0.0932,0.1044
1730000044630,50359,-0.0167,-0.9398,-0.026,-0.045,0.0589,-0.0608
1730000044640,50390,-0.0491,-1.0644,0.0255,-0.0035,-0.0514,0.023
1730000044650,50422,-0.0916,-0.9981,0.0726,0.1124,-0.0074,-0.0313
1730000044660,50454,-0.0759,-0.7802,0.0472,-0.0461,-0.016,-0.0725
1730000044670,50487,0.0178,-0.6882,0.07,-0.0103,-0.0683,0.0856
1730000044680,50521,0.0201,-0.8725,0.0454,0.0622,-0.0345,0.0222
1730000044690,50561,0.0759,-0.7283,0.1297,0.0957,0.0161,-0.0135
1730000044700,50615,-0.0786,-0.6302,0.0984,0.077,0.0373,-0.1168
1730000044710,50703,0.1174,-0.6627,0.0285,0.0769,-0.0082,-0.0349
1730000044720,50855,0.0149,-0.655,0.1628,-0.1434,0.1333,-0.0044
1730000044730,51098,0.1757,-0.7499,0.0596,-0.0697,0.0995,-0.0504
1730000044740,51432,0.1337,-0.5675,0.0781,-0.0369,0.003,-0.05
1730000044750,51806,0.14,-0.5144,0.1361,0.0419,-0.2135,0.0136
1730000044760,52117,0.1812,-0.5812,0.1081,0.1069,0.0508,-0.0741
1730000044770,52257,0.164,-0.5596,0.1829,0.0651,0.1103,0.0616
1730000044780,52176,0.1111,-0.6367,0.0854,0.016,-0.1856,-0.0444
1730000044790,51916,0.1443,-0.6799,0.099,-0.1021,0.0047,0.0815
1730000044800,51585,0.2306,-0.6878,0.0977,-0.0189,0.1344,0.0667
1730000044810,51290,0.275,-0.6886,0.1733,0.05,0.0889,0.0226
1730000044820,51091,0.0828,-0.7674,0.1143,-0.0584,0.1341,0.1868
1730000044830,50993,0.1996,-0.851,0.0344,-0.0867,-0.0782,0.0298
1730000044840,50970,0.2995,-0.9354,0.1336,-0.0905,-0.0175,-0.01
1730000044850,50993,0.1818,-0.9183,0.1278,0.0176,-0.0941,-0.1019
1730000044860,51036,0.1228,-0.9567,0.0922,0.0499,0.0409,0.0283
1730000044870,51082,0.1984,-0.8478,0.0232,-0.2155,0.0168,-0.0113
1730000044880,51119,0.2202,-1.1821,0.0178,-0.2081,0.1905,-0.0508
1730000044890,51137,0.1702,-1.1392,0.057,0.0125,0.0517,-0.046
1730000044900,51129,0.0734,-1.0665,0.0744,0.0198,-0.167,0.034
1730000044910,51095,0.129,-1.098,0.0673,0.0524,-0.0597,-0.0688
1730000044920,51036,0.1976,-1.2106,0.0592,0.0489,-0.0221,0.0507
1730000044930,50960,0.1284,-1.1086,0.0133,-0.0141,0.2709,0.0214
1730000044940,50876,0.0415,-0.9958,-0.071,0.0303,0.0034,-0.0146
1730000044950,50792,0.0818,-1.0808,-0.0099,0.045,0.1427,-0.076
1730000044960,50715,0.063,-1.0119,-0.0719,-0.0798,-0.1045,-0.029
1730000044970,50648,0.0774,-0.9553,-0.0122,-0.0547,0.0671,-0.104
1730000044980,50590,-0.0185,-0.9101,-0.0699,0.0251,0.0556,0.0142
1730000044990,50541,-0.045,-0.9397,-0.0603,-0.0769,-0.0329,-0.0073
1730000045000,50499,-0.0591,-0.9149,-0.0442,-0.0072,0.0332,0.1071
1730000045010,50462,-0.0676,-0.7114,-0.1471,0.0451,0.0136,-0.0366
1730000045020,50427,-0.1301,-0.7066,-0.1802,0.0258,-0.1588,0.0007
1730000045030,50395,0.0626,-0.6907,-0.0838,-0.0159,0.2762,0.0288
1730000045040,50364,-0.2132,-0.7691,-0.1264,0.0714,-0.1925,0.0277
1730000045050,50334,-0.1724,-0.6597,-0.1954,-0.0846,0.1216,-0.102
1730000045060,50306,-0.1782,-0.6329,-0.1557,-0.1312,-0.067,-0.0388
1730000045070,50279,0.1123,-0.6034,-0.0901,0.1119,0.1114,-0.0289
1730000045080,50254,-0.1065,-0.5266,-0.1906,-0.0462,-0.0772,0.0521
1730000045090,50231,-0.1357,-0.5217,-0.0769,0.063,0.1421,-0.0751
1730000045100,50210,-0.0853,-0.5604,-0.1184,0.0735,0.0272,0.0992
1730000045110,50191,-0.128,-0.6023,-0.2074,0.072,-0.0757,-0.0315
1730000045120,50175,0.0057,-0.6975,-0.1109,0.0372,0.0077,0.0204
1730000045130,50161,-0.2107,-0.6502,-0.1398,-0.1909,0.0476,0.0308
1730000045140,50149,-0.0869,-0.6492,-0.1262,0.0222,-0.1279,-0.0047
1730000045150,50140,-0.0917,-0.6842,-0.2047,-0.0108,0.1657,-0.1182
1730000045160,50134,-0.2372,-0.8238,-0.1094,0.0564,-0.0319,0.0339
1730000045170,50131,-0.1141,-0.8688,-0.2877,-0.0124,0.0747,-0.1056
1730000045180,50130,-0.2989,-0.8096,-0.0565,0.0482,0.0077,0.0037
1730000045190,50132,-0.2338,-0.9542,-0.0719,-0.0148,-0.0291,-0.1455
1730000045200,50137,-0.1291,-0.992,-0.0064,0.0182,0.0063,-0.0599
1730000045210,50144,-0.1549,-1.0626,-0.0294,0.0584,0.0593,-0.0473
1730000045220,50154,-0.0833,-1.0662,-0.0473,-0.1828,0.1069,-0.0657
1730000045230,50166,-0.0605,-1.0406,-0.0889,-0.0698,-0.1196,-0.0474
1730000045240,50181,-0.1231,-1.0959,-0.0255,0.1155,0.0132,-0.0236
1730000045250,50197,-0.0848,-0.9651,-0.0421,-0.0865,0.0368,0.0014
1730000045260,50216,-0.1823,-0.9985,-0.0493,0.0161,0.1352,-0.0462
1730000045270,50236,-0.1153,-1.0693,0.0202,0.0219,-0.002,-0.0286
1730000045280,50258,-0.079,-1.0124,-0.0361,-0.1207,-0.0905,0.0929
1730000045290,50281,-0.2778,-1.0345,0.0217,0.0557,-0.0447,-0.0392
1730000045300,50305,0.139,-0.977,-0.0197,-0.073,-0.0714,0.0062
1730000045310,50330,0.025,-0.9832,-0.003,-0.0751,-0.0485,-0.0165
1730000045320,50358,-0.0887,-0.8719,0.0306,0.0911,-0.0124,-0.0474
1730000045330,50389,-0.1383,-0.8739,0.0074,0.1364,-0.1355,0.0023
1730000045340,50433,-0.0596,-0.8458,0.0016,0.0477,0.1524,0.0414
1730000045350,50506,0.0165,-0.7948,0.0893,-0.0059,-0.1365,0.0215
1730000045360,50635,-0.0138,-0.6877,0.0807,-0.0619,-0.0422,-0.1191
1730000045370,50847,0.1285,-0.7008,0.1477,-0.0313,-0.272,0.033
1730000045380,51154,0.1888,-0.709,0.0798,-0.1559,-0.0386,0.044
1730000045390,51520,0.0651,-0.7177,0.0337,-0.043,-0.0999,-0.0253
1730000045400,51856,0.0984,-0.6677,-0.038,0.0618,-0.0245,0.0094
1730000045410,52052,0.1385,-0.5893,0.0016,-0.1454,0.1793,-0.0518
1730000045420,52038,0.1416,-0.6263,0.1078,0.104,-0.1606,-0.0302
1730000045430,51826,0.1282,-0.5855,0.1012,0.0117,0.0202,-0.0259
1730000045440,51508,0.0259,-0.7304,0.044,-0.0431,0.0679,-0.0132
1730000045450,51195,0.1855,-0.7249,0.0777,-0.0351,0.0179,-0.047
1730000045460,50963,0.3503,-0.7134,0.0816,0.1627,0.0075,-0.0358
1730000045470,50833,0.1096,-0.7521,0.069,0.0196,-0.0463,-0.0582
1730000045480,50787,0.1269,-0.6819,0.0953,0.0411,0.086,-0.093
1730000045490,50797,0.054,-0.7907,0.114,0.0706,-0.0548,0.0177
1730000045500,50835,0.1583,-0.7175,0.1662,0.0499,-0.1615,-0.0
1730000045510,50881,0.116,-0.9077,0.1168,0.0959,0.0682,0.0164
1730000045520,50924,0.2051,-0.9436,0.1785,-0.0686,-0.101,0.0165
1730000045530,50950,0.1704,-0.9817,0.1005,-0.0061,-0.1435,-0.0221
1730000045540,50954,0.0961,-0.9673,0.0179,-0.074,0.1104,0.086
1730000045550,50931,0.1719,-0.9261,0.0336,0.0666,-0.2126,-0.0393
1730000045560,50882,0.1339,-1.0548,0.05,-0.0054,0.0933,0.0638
1730000045570,50812,0.2034,-1.029,0.0286,-0.078,-0.1217,-0.1101
1730000045580,50730,0.1991,-1.1336,0.0705,-0.0953,0.0798,0.0162
1730000045590,50645,0.1212,-1.0226,0.0231,0.0119,-0.0171,0.0057
1730000045600,50562,0.1203,-1.0964,-0.0345,-0.0213,0.1336,0.078
1730000045610,50488,0.1199,-1.027,-0.0015,0.051,0.0141,-0.0022
1730000045620,50423,0.1036,-1.0996,-0.0564,-0.046,0.0359,0.0703
1730000045630,50366,-0.0062,-0.9029,0.0207,-0.0127,0.0083,0.0017
1730000045640,50317,0.0944,-0.9903,-0.0383,-0.0518,-0.0375,0.0235
1730000045650,50273,0.0898,-0.9095,-0.1003,0.0854,-0.1123,-0.054
1730000045660,50232,0.0601,-0.8342,-0.0216,-0.0711,-0.0801,-0.0073
1730000045670,50194,0.1497,-0.94,-0.1007,0.026,0.0665,0.0329
1730000045680,50156,0.0826,-0.7844,-0.1088,-0.0261,-0.0887,0.1047
1730000045690,50119,-0.0672,-0.7448,-0.1321,-0.0288,-0.1436,-0.1216
1730000045700,50083,-0.0538,-0.6855,-0.1004,0.0117,-0.0833,0.0444
1730000045710,50048,-0.0419,-0.7252,-0.1317,-0.0403,0.1276,0.0465
1730000045720,50015,-0.0355,-0.6626,-0.1653,-0.066,-0.1559,0.0173
1730000045730,49982,-0.2583,-0.6291,-0.1354,-0.0907,0.0159,-0.0284
1730000045740,49951,-0.1269,-0.6213,-0.0936,0.0731,0.1548,-0.0062
1730000045750,49922,-0.0269,-0.5967,-0.0849,-0.1422,0.1308,0.0589
1730000045760,49895,-0.1323,-0.5711,-0.1139,-0.0301,0.09,-0.0068
1730000045770,49870,-0.1261,-0.6572,-0.1514,-0.0759,-0.1058,-0.1026
1730000045780,49847,-0.1226,-0.6673,-0.2504,0.0153,-0.0758,0.0798
1730000045790,49827,-0.3296,-0.6363,-0.1543,-0.0586,0.1272,-0.0209
1730000045800,49810,-0.1779,-0.712,-0.1568,0.0251,0.0224,-0.0803
1730000045810,49795,-0.358,-0.6791,-0.128,0.0193,0.1441,0.0335
1730000045820,49782,-0.0886,-0.7233,-0.1263,-0.0339,0.0235,-0.0505
1730000045830,49773,-0.0734,-0.8387,-0.1364,0.0372,0.2067,-0.0548
1730000045840,49767,-0.1699,-0.8666,-0.105,0.1174,-0.06,-0.0319
1730000045850,49763,-0.1709,-0.9287,-0.0238,0.0574,0.1033,0.1113
1730000045860,49762,-0.1818,-0.9566,-0.0664,0.0924,-0.1177,-0.04
1730000045870,49764,-0.1485,-0.9788,-0.032,-0.0476,-0.3316,0.0039
1730000045880,49768,-0.2018,-1.0649,-0.0449,-0.0091,0.0024,-0.0858
1730000045890,49775,-0.2328,-1.1001,-0.0698,-0.1478,0.0424,0.0823
1730000045900,49784,-0.0702,-1.0435,0.0068,-0.1514,0.1071,-0.0367
1730000045910,49796,-0.1641,-1.0444,0.0267,-0.0335,0.0954,-0.0048
1730000045920,49810,-0.1172,-0.9792,-0.0579,0.0387,0.012,-0.0246
1730000045930,49826,0.0019,-1.0933,0.0072,-0.0445,0.0318,-0.0035
1730000045940,49843,-0.0923,-1.25,0.0738,0.0394,0.0667,0.0964
1730000045950,49862,-0.0366,-1.0567,0.0028,0.0982,-0.1009,-0.0503
1730000045960,49883,-0.2047,-1.0466,-0.0108,-0.1398,0.0582,-0.1505
1730000045970,49907,-0.143,-0.9803,-0.0016,0.0191,-0.008,-0.0954
1730000045980,49935,-0.1283,-0.9527,0.0026,-0.1514,0.1211,-0.053
1730000045990,49977,0.0212,-0.9871,0.0186,-0.0207,0.0853,0.0289
1730000046000,50048,-0.0477,-0.8581,0.0951,0.0744,-0.0419,-0.0432
1730000046010,50174,0.0387,-0.8177,0.07,-0.0634,-0.0287,-0.0075
1730000046020,50383,-0.0728,-0.6795,0.1237,0.0677,0.069,0.0903
1730000046030,50683,0.1925,-0.6984,0.0579,0.0421,0.0014,0.0466
1730000046040,51042,0.098,-0.6836,0.101,-0.1117,-0.1384,-0.1243
1730000046050,51377,-0.0786,-0.7316,0.14,0.0058,-0.0606,0.0487
1730000046060,51582,-0.0271,-0.6884,0.1606,-0.0142,-0.0605,0.0204
1730000046070,51586,-0.0058,-0.5401,0.1276,-0.2198,-0.1031,-0.051
1730000046080,51395,0.0116,-0.5878,0.2263,-0.0123,-0.2979,0.0304
1730000046090,51090,0.0574,-0.5648,0.1161,-0.0865,0.2049,0.0182
1730000046100,50778,0.1935,-0.6088,0.0979,0.119,-0.1061,0.0215
1730000046110,50537,0.0651,-0.6756,0.0327,-0.1215,0.0431,-0.0355
1730000046120,50396,0.1196,-0.6333,0.125,-0.0927,0.0499,0.0439
1730000046130,50341,0.148,-0.6952,0.2474,0.0319,-0.1403,0.0021
1730000046140,50344,0.1362,-0.7256,0.06,0.0441,-0.1091,0.0356
1730000046150,50380,-0.0002,-0.8199,0.2131,0.1081,0.334,0.0281
1730000046160,50428,0.3471,-0.8623,0.1763,-0.0362,0.1867,-0.0312
1730000046170,50475,0.1212,-0.9147,0.1823,-0.0797,-0.0505,-0.0764
1730000046180,50508,0.1855,-0.8865,0.0949,-0.0593,-0.1908,0.107
1730000046190,50522,0.1369,-0.9408,0.1677,0.0049,-0.1346,0.0638
1730000046200,50509,0.1273,-0.997,0.1677,-0.014,-0.0469,-0.0581
1730000046210,50471,0.2025,-0.9166,0.061,0.1019,-0.0312,0.0144
1730000046220,50411,0.1195,-1.056,-0.0379,-0.1114,-0.2608,0.0433
1730000046230,50335,0.2499,-1.0541,0.1297,-0.0642,-0.0656,0.072
1730000046240,50253,0.1203,-1.1045,0.0972,-0.0004,-0.0633,-0.0787
1730000046250,50172,0.1011,-1.1827,0.0267,0.0173,0.181,0.0428
1730000046260,50097,0.0646,-1.0149,-0.0244,-0.0019,-0.1943,-0.0905
1730000046270,50030,0.0255,-1.2059,0.0252,0.0235,-0.0515,0.1031
1730000046280,49972,0.1791,-1.0895,0.0444,0.1334,0.0631,0.0241
1730000046290,49922,0.0148,-1.0765,-0.0854,0.0886,-0.1218,0.0249
1730000046300,49877,0.0162,-1.0541,0.0315,0.1489,-0.083,-0.0717
1730000046310,49835,0.0254,-0.8748,0.0196,-0.003,0.0877,-0.0536
1730000046320,49796,-0.0178,-0.9078,0.0349,0.0083,-0.0095,0.0441
1730000046330,49758,0.0062,-0.9365,-0.0903,0.1545,-0.029,0.0817
1730000046340,49721,-0.0505,-0.8328,-0.0255,-0.1672,0.0601,-0.0652
1730000046350,49685,-0.1595,-0.7834,-0.0508,0.0854,-0.0303,-0.0982
1730000046360,49649,-0.1109,-0.7308,-0.1089,-0.1162,-0.2114,-0.0095
1730000046370,49614,0.006,-0.6775,-0.1833,0.0384,-0.0024,-0.1092
1730000046380,49581,0.055,-0.662,-0.1346,-0.1576,-0.1294,0.0209
1730000046390,49548,0.03,-0.6712,-0.0415,-0.0254,-0.1507,0.1035
1730000046400,49517,-0.0393,-0.6345,-0.1709,-0.0858,0.0614,-0.028
1730000046410,49488,-0.0116,-0.5868,-0.0392,-0.057,0.1558,0.0068
1730000046420,49460,-0.1389,-0.6516,-0.1099,0.1098,-0.3294,-0.0307
1730000046430,49435,-0.2017,-0.5682,-0.128,0.1162,-0.0043,0.0747
1730000046440,49412,-0.0563,-0.771,-0.0931,0.1498,0.1505,-0.0257
1730000046450,49392,-0.1734,-0.6949,-0.1799,0.0953,0.0023,0.0159
1730000046460,49374,-0.0357,-0.6552,-0.0924,-0.0168,-0.1026,0.1295
1730000046470,49359,-0.1292,-0.7832,-0.0811,-0.1064,0.2513,-0.0509
1730000046480,49346,-0.0292,-0.7638,-0.1495,0.0192,-0.3055,0.0823
1730000046490,49337,-0.2012,-0.8341,-0.0896,-0.0671,0.0268,-0.0256
1730000046500,49330,-0.2131,-0.7885,-0.0579,0.0599,0.1338,0.0311
1730000046510,49326,-0.1348,-0.864,-0.071,-0.0663,0.008,0.0141
1730000046520,49326,-0.2164,-0.8982,-0.0849,-0.0477,0.09,-0.0599
1730000046530,49328,-0.3652,-0.8198,-0.0482,0.0801,0.0283,-0.0231
1730000046540,49332,-0.1337,-1.0661,-0.0556,0.131,-0.0821,-0.0991
1730000046550,49340,-0.1894,-1.0434,-0.0908,0.0542,0.1283,0.0004
1730000046560,49350,-0.0087,-1.0052,-0.0188,-0.1286,0.0273,0.0257
1730000046570,49363,-0.2685,-1.1213,-0.0001,-0.1441,0.1464,0.0167
1730000046580,49378,-0.0696,-1.0135,-0.0472,-0.0629,-0.1411,-0.0332
1730000046590,49395,-0.0488,-1.1788,0.011,0.0001,0.0112,-0.0024
1730000046600,49414,-0.0114,-1.0672,-0.0576,-0.0207,0.054,-0.0786
1730000046610,49435,-0.0079,-1.1327,0.0214,-0.0992,0.0119,0.0166
1730000046620,49459,-0.1293,-1.0308,-0.0278,0.0536,0.0934,0.0784
1730000046630,49486,-0.0599,-1.0472,-0.0046,0.0096,-0.0288,-0.0917
1730000046640,49525,-0.0524,-0.943,-0.0155,-0.0842,0.1232,0.0141
1730000046650,49589,-0.0636,-0.8052,0.0142,-0.0471,-0.0294,-0.0134
1730000046660,49705,-0.0513,-0.9348,0.0318,-0.0091,0.0223,0.082
1730000046670,49904,0.0886,-0.7505,0.0774,0.0152,-0.0133,-0.0269
1730000046680,50205,-0.178,-0.8039,0.0426,0.0995,0.0546,0.0132
1730000046690,50580,0.0993,-0.6807,0.0902,-0.0473,0.0109,0.0286
1730000046700,50940,0.0798,-0.6254,0.1197,-0.0526,-0.1851,0.0331
1730000046710,51166,-0.0374,-0.7435,0.0229,-0.0028,-0.0701,0.0919
1730000046720,51173,0.0048,-0.6616,0.0857,0.0335,-0.0692,-0.0351
1730000046730,50971,0.0901,-0.6021,0.0997,0.0962,0.0526,0.0537
1730000046740,50653,0.0321,-0.6419,0.0671,-0.0163,0.1297,0.0464
1730000046750,50341,0.128,-0.6649,0.0939,-0.1621,-0.0648,0.0308
1730000046760,50117,-0.0476,-0.5848,0.1106,0.0163,0.0662,-0.0604
1730000046770,50001,-0.0033,-0.6178,0.108,0.2385,0.1942,-0.0693
1730000046780,49972,0.1812,-0.5919,0.1336,-0.072,0.063,-0.0531
1730000046790,49999,0.1362,-0.6706,0.0798,-0.1295,0.1261,-0.0799
1730000046800,50053,0.2039,-0.6402,0.1244,0.0304,-0.0825,0.0471
1730000046810,50114,0.2396,-0.5449,0.02,0.0394,0.1196,-0.0643
1730000046820,50169,0.1749,-0.7881,0.1701,0.0517,-0.0519,-0.1021
1730000046830,50205,0.2023,-0.8494,0.0692,-0.0373,0.1227,0.0031
1730000046840,50216,0.1237,-0.9118,0.1127,-0.0707,-0.0933,-0.1296
1730000046850,50198,0.1998,-0.9607,0.0868,-0.1411,-0.0301,0.0701
1730000046860,50154,0.2532,-0.9337,0.128,-0.0238,-0.1847,0.0017
1730000046870,50091,0.0795,-1.0122,0.0806,0.0311,0.1318,-0.0873
1730000046880,50018,-0.0152,-0.9845,0.0811,-0.0205,-0.147,0.0401
1730000046890,49944,0.1327,-1.126,-0.0584,-0.0556,0.0595,-0.1193
1730000046900,49876,0.1497,-1.0429,-0.0091,0.0652,0.1249,0.0112
1730000046910,49816,0.1507,-1.0514,0.1162,-0.008,0.1526,-0.11
1730000046920,49766,0.2777,-1.1218,-0.0049,0.0748,-0.1806,0.0704
1730000046930,49724,0.1472,-1.0164,0.0099,-0.0012,0.0239,-0.129
1730000046940,49687,0.1485,-1.0741,0.0095,-0.1278,-0.0174,-0.0986
1730000046950,49653,0.1632,-1.0229,0.015,-0.1148,0.0223,-0.0032
1730000046960,49622,0.0287,-1.0115,-0.0301,0.0126,0.1248,-0.0554
1730000046970,49591,0.0189,-1.0388,-0.0086,-0.0362,-0.1647,-0.0068
1730000046980,49560,0.0602,-0.7887,0.0081,0.1533,0.1492,-0.0017
1730000046990,49529,0.013,-0.9055,-0.0618,0.08,0.0945,-0.0626
1730000047000,49498,0.0982,-0.8312,-0.0564,-0.0382,0.0809,-0.0901
1730000047010,49468,0.006,-0.7639,-0.0825,-0.0204,-0.068,0.1581
1730000047020,49437,0.0911,-0.6973,0.0187,-0.1704,0.0477,0.0171
1730000047030,49407,-0.1295,-0.7696,-0.1448,-0.09,-0.196,-0.0218
1730000047040,49379,-0.0052,-0.7218,-0.1179,0.1593,-0.264,-0.0005
1730000047050,49351,-0.1294,-0.6442,-0.1451,-0.0897,0.1207,-0.0739
1730000047060,49325,-0.1678,-0.6414,-0.1313,-0.0159,0.1198,0.079
1730000047070,49300,-0.0014,-0.5958,-0.0697,0.1312,-0.0762,0.0157
1730000047080,49277,-0.1312,-0.5695,-0.1333,-0.1347,0.0538,-0.0329
1730000047090,49256,-0.1501,-0.6611,-0.099,0.0013,-0.1974,0.0123
1730000047100,49238,-0.2421,-0.6823,-0.0989,-0.007,-0.2576,0.0006
1730000047110,49222,-0.1369,-0.685,-0.1286,0.0153,-0.2169,-0.0782
1730000047120,49208,-0.1074,-0.6028,-0.1061,-0.0383,0.1837,-0.0242
1730000047130,49197,-0.1444,-0.7025,-0.0505,-0.0549,-0.008,0.023
1730000047140,49189,-0.2111,-0.7693,-0.0925,0.072,0.0315,-0.0019
1730000047150,49184,-0.0765,-0.845,-0.1391,-0.0468,0.0295,-0.0315
1730000047160,49182,-0.1072,-0.7791,-0.066,-0.0304,-0.0294,0.0684
1730000047170,49182,-0.0679,-0.7783,-0.0763,-0.0852,0.1329,0.0669
1730000047180,49186,-0.1062,-0.9655,-0.0692,-0.1014,-0.0112,0.0528
1730000047190,49192,-0.1484,-0.9502,-0.0606,0.0068,0.2245,-0.0601
1730000047200,49201,-0.0932,-0.9691,0.0071,-0.1181,0.0527,-0.0538
1730000047210,49214,-0.2375,-1.0276,-0.079,0.0098,-0.249,0.0711
1730000047220,49228,-0.0048,-1.0662,-0.0187,0.0917,-0.0282,0.0072
1730000047230,49246,-0.1284,-1.0525,-0.0884,0.0686,-0.1981,-0.1239
1730000047240,49266,-0.1333,-1.2013,-0.0357,0.0839,-0.1437,0.0138
1730000047250,49290,-0.0835,-1.0973,-0.0744,0.0605,-0.0163,-0.0064
1730000047260,49322,-0.1599,-1.0976,-0.0181,0.0276,0.0806,-0.027
1730000047270,49372,-0.074,-1.1068,-0.1218,-0.0972,-0.3211,0.0179
1730000047280,49464,-0.0948,-1.1211,0.0233,-0.099,0.0009,0.0199
1730000047290,49632,-0.1281,-0.9622,0.0853,0.0366,0.1183,0.0593
1730000047300,49906,-0.0761,-0.9335,-0.0071,-0.0785,-0.1087,-0.0644
1730000047310,50281,-0.0558,-1.0056,0.0408,-0.0296,0.0814,-0.0479
1730000047320,50679,0.0011,-0.8683,0.0609,0.0821,0.1094,0.096
1730000047330,50970,-0.0086,-0.946,0.0167,0.0596,0.3782,0.0797
1730000047340,51041,-0.0517,-0.7563,0.0516,-0.0242,-0.1017,0.178
1730000047350,50876,0.0101,-0.8125,0.0547,0.0764,-0.088,0.0341
1730000047360,50566,0.0452,-0.7593,0.2174,-0.0151,0.0977,-0.0499
1730000047370,50247,-0.0001,-0.6774,0.0448,0.1226,0.1702,0.0612
1730000047380,50019,0.0542,-0.6467,0.0714,0.1216,0.2001,0.0145
1730000047390,49909,0.0552,-0.5682,0.0831,-0.0398,-0.0905,-0.0002
1730000047400,49896,0.108,-0.6298,0.1417,-0.0307,0.0439,0.0582
1730000047410,49943,0.1823,-0.6158,0.1487,0.0198,0.1258,-0.0494
1730000047420,50018,-0.0203,-0.519,0.0752,0.0251,-0.0244,-0.0744
1730000047430,50099,0.1781,-0.622,0.1724,0.0586,-0.0887,0.0694
1730000047440,50172,0.017,-0.5574,0.1627,0.031,0.1799,-0.1162
1730000047450,50223,0.1419,-0.7127,0.0995,0.0013,-0.0374,-0.0191
1730000047460,50246,0.1592,-0.6954,0.0793,-0.0687,-0.0999,-0.0581
1730000047470,50239,0.1374,-0.7484,0.1525,0.0163,-0.0424,0.0326
1730000047480,50206,0.1269,-0.7026,0.0544,0.0197,0.0588,0.1232
1730000047490,50156,0.082,-0.8772,0.1012,-0.0212,0.0143,0.1015
1730000047500,50099,0.0814,-0.8951,0.0728,0.0964,-0.0768,0.0026
1730000047510,50045,0.0997,-0.9318,0.0992,-0.0348,-0.1385,-0.0283
1730000047520,49998,0.3088,-0.9506,0.106,0.0496,0.0404,-0.0503
1730000047530,49962,0.0134,-1.1006,0.0599,-0.1375,0.0526,0.0011
1730000047540,49934,0.091,-1.0247,-0.035,0.0222,0.1233,-0.0473
1730000047550,49912,0.1917,-1.0804,0.1525,0.1202,-0.0856,-0.0312
1730000047560,49895,0.1145,-0.9884,0.0316,0.0089,-0.0758,0.0413
1730000047570,49878,0.1887,-1.1027,0.0563,0.0004,0.0135,0.0689
1730000047580,49861,0.1058,-1.2045,0.0021,-0.0302,0.0187,-0.0025
1730000047590,49844,0.0175,-1.1198,-0.0045,0.02,0.1683,-0.0694
1730000047600,49825,0.2207,-1.0814,-0.1095,-0.026,-0.1317,-0.0345
1730000047610,49805,0.1468,-1.0385,0.072,0.0986,-0.1817,-0.0825
1730000047620,49783,0.0974,-1.0404,-0.0241,-0.0353,0.0956,-0.0493
1730000047630,49760,0.1339,-0.9811,0.0983,0.0092,-0.0836,-0.0735
1730000047640,49737,-0.0754,-0.9439,0.0108,0.0776,-0.0598,0.0441
1730000047650,49713,-0.013,-0.9034,-0.0076,0.0178,-0.3181,-0.0266
1730000047660,49688,0.0728,-0.8203,-0.0839,-0.0183,-0.1843,0.0134
1730000047670,49663,0.099,-0.9611,-0.0264,-0.0217,0.0088,0.0493
1730000047680,49639,0.0317,-0.7146,-0.0815,0.0725,-0.0321,-0.0739
1730000047690,49615,-0.09,-0.7037,-0.1172,-0.0357,-0.069,-0.0817
1730000047700,49591,0.0426,-0.6619,-0.1221,0.2058,0.0197,-0.016
1730000047710,49569,0.0578,-0.5882,-0.1442,-0.1203,0.0832,0.0251
1730000047720,49547,0.0494,-0.6553,-0.1146,-0.0241,-0.091,-0.0448
1730000047730,49527,-0.129,-0.7071,-0.0902,0.1154,0.0319,-0.0316
1730000047740,49509,-0.0736,-0.625,-0.1464,-0.0589,0.2122,-0.0214
1730000047750,49493,-0.1642,-0.5742,-0.0814,-0.0176,0.002,-0.0498
1730000047760,49479,-0.1396,-0.5751,-0.1083,-0.0113,-0.0841,0.0755
1730000047770,49466,-0.1532,-0.5881,-0.1149,-0.017,-0.1399,0.0851
1730000047780,49457,-0.0583,-0.6125,-0.092,-0.0624,0.1193,0.1193
1730000047790,49450,-0.0823,-0.8715,-0.1724,0.1163,0.0427,0.0541
1730000047800,49445,-0.1678,-0.69,-0.0638,0.0278,-0.0679,-0.0102
1730000047810,49444,-0.137,-0.7867,-0.1565,0.069,0.1767,0.0474
1730000047820,49445,-0.1186,-0.848,-0.0651,-0.0411,-0.0971,-0.026
1730000047830,49449,-0.2497,-0.7894,-0.135,-0.1036,0.0052,-0.0441
1730000047840,49456,-0.1994,-0.9666,-0.0238,-0.052,0.155,-0.0224
1730000047850,49466,-0.2214,-1.0055,-0.1223,-0.0633,0.0355,-0.0831
1730000047860,49482,-0.0189,-0.9019,-0.1779,-0.1043,-0.061,0.0858
1730000047870,49507,-0.1847,-0.9294,-0.0078,0.0355,-0.0403,0.1309
1730000047880,49555,-0.2138,-0.9612,-0.1239,-0.0577,-0.1119,0.0037
1730000047890,49649,-0.1602,-1.0849,-0.0796,0.1028,0.0692,0.0201
1730000047900,49823,-0.0594,-1.0294,-0.0832,-0.0172,-0.1021,0.0377
1730000047910,50101,-0.0926,-1.0762,-0.1126,-0.0779,0.0196,-0.0335
1730000047920,50471,-0.1462,-1.0783,0.0272,0.0068,-0.0655,0.037
1730000047930,50853,-0.1076,-1.1042,-0.0942,0.0065,0.1922,0.0306
1730000047940,51125,-0.0539,-0.9533,-0.013,-0.0291,0.1911,0.0187
1730000047950,51187,-0.0208,-1.046,-0.0326,-0.0879,-0.1678,0.0451
1730000047960,51027,-0.0468,-0.9784,0.0857,0.076,-0.2317,-0.073
1730000047970,50730,0.0732,-0.949,0.0749,-0.0424,0.1419,-0.0129
1730000047980,50423,-0.0909,-0.9083,-0.0256,-0.0008,0.065,0.0374
1730000047990,50199,-0.0453,-0.8679,0.0823,0.1015,0.0078,-0.1238
1730000048000,50089,-0.1112,-0.842,0.0244,-0.0667,0.2917,0.0463
1730000048010,50076,0.0053,-0.8605,0.0665,0.0505,0.0349,0.009
1730000048020,50125,-0.0831,-0.8032,-0.0224,-0.0745,0.0547,0.0175
1730000048030,50206,0.0962,-0.7035,0.0621,0.0136,0.0184,0.0129
1730000048040,50298,0.0845,-0.6924,0.0604,0.0493,0.0428,0.0672
1730000048050,50386,0.1268,-0.6532,0.1115,-0.1447,-0.199,0.0715
1730000048060,50457,0.1118,-0.6463,0.1016,-0.0601,0.0848,0.0129
1730000048070,50503,0.0483,-0.5499,0.1537,-0.0722,-0.2163,0.0338
1730000048080,50521,0.1131,-0.6192,0.0853,-0.0802,0.0963,0.0166
1730000048090,50513,0.0628,-0.6341,0.1272,0.0108,-0.2471,-0.0488
1730000048100,50486,0.0554,-0.4505,0.112,-0.0295,-0.1797,0.0626
1730000048110,50450,0.1679,-0.5436,0.1251,-0.0627,-0.2409,0.0248
1730000048120,50412,0.1574,-0.7591,0.1165,-0.0177,0.1022,0.0196
1730000048130,50381,0.1122,-0.7089,0.0327,0.1654,0.036,0.0009
1730000048140,50358,0.3429,-0.7344,0.164,0.0918,0.0243,-0.0028
1730000048150,50344,0.2449,-0.7658,0.0674,0.0432,-0.1246,-0.0534
1730000048160,50336,0.2521,-0.8934,0.1858,-0.0554,0.0218,0.046
1730000048170,50334,0.0304,-0.8504,0.1519,0.0602,-0.152,0.0688
1730000048180,50333,0.1251,-0.8349,0.131,0.0795,-0.1583,0.0063
1730000048190,50332,0.0772,-0.8794,0.0363,0.2106,-0.0469,0.0971
1730000048200,50330,0.1042,-1.0494,0.0607,0.0038,-0.042,-0.0538
1730000048210,50326,0.1905,-0.952,0.0796,-0.0342,0.2608,0.1023
1730000048220,50320,-0.0279,-1.1264,0.1056,0.0279,-0.0498,0.0042
1730000048230,50311,0.0682,-1.0966,0.0577,0.0941,0.114,-0.0079
1730000048240,50300,0.114,-1.0264,0.0541,0.0547,-0.0499,0.0598
1730000048250,50287,0.1312,-1.0999,0.0687,0.0043,0.0292,0.0009
1730000048260,50271,0.023,-1.1637,0.0103,-0.0272,0.1806,-0.0264
1730000048270,50254,-0.0108,-1.1448,-0.0391,0.003,0.1083,-0.0128
1730000048280,50236,-0.0801,-1.0943,0.0016,0.042,-0.0857,-0.089
1730000048290,50216,0.0277,-1.062,-0.0691,-0.0335,0.0819,-0.0491
1730000048300,50195,0.1942,-0.9724,0.061,0.1567,-0.1843,0.0306
1730000048310,50172,-0.1693,-0.8929,-0.0626,0.0678,0.1723,-0.0676
1730000048320,50150,0.0623,-0.8486,-0.078,-0.0802,0.0083,-0.0787
1730000048330,50127,-0.0388,-0.8385,-0.0248,0.0615,0.0099,0.0042
1730000048340,50103,0.0518,-0.8527,-0.0315,-0.1262,0.1024,-0.0976
1730000048350,50080,-0.0376,-0.7285,-0.0869,-0.0727,0.0869,0.0143
1730000048360,50058,-0.0255,-0.7204,-0.0272,-0.0274,0.0603,-0.0567
1730000048370,50036,-0.0221,-0.6499,-0.0572,-0.0307,0.1363,0.0796
1730000048380,50015,0.025,-0.6578,-0.0766,-0.0931,0.0559,-0.0254
1730000048390,49995,-0.1978,-0.6677,-0.204,0.0894,0.0659,0.0378
1730000048400,49976,-0.0418,-0.509,-0.1576,0.0229,-0.0332,-0.036
1730000048410,49960,-0.1042,-0.6021,-0.1234,-0.0363,0.0949,-0.0399
1730000048420,49945,-0.1665,-0.6279,-0.085,-0.005,-0.1412,0.0014
1730000048430,49932,-0.0235,-0.6119,-0.0213,0.0279,-0.2282,0.0076
1730000048440,49921,-0.0395,-0.5152,-0.1262,0.0522,0.233,-0.0377
1730000048450,49913,-0.235,-0.7214,0.0225,0.0431,-0.0918,-0.0533
1730000048460,49907,-0.0946,-0.4915,-0.1104,0.021,-0.0426,0.0828
1730000048470,49904,-0.1759,-0.6704,-0.0726,0.0332,0.0685,-0.1065
1730000048480,49905,-0.1677,-0.8045,-0.1072,0.0257,0.0389,0.0973
1730000048490,49911,-0.3118,-0.9177,-0.0759,0.0376,0.207,0.0066
1730000048500,49931,-0.0739,-0.8454,-0.1218,-0.1333,-0.1114,-0.0085
1730000048510,49977,-0.1616,-0.8871,-0.1312,0.1248,0.035,-0.0548
1730000048520,50074,-0.1838,-0.8925,-0.1158,-0.0293,-0.0123,-0.0784
1730000048530,50252,-0.0794,-0.9916,0.0201,0.0023,-0.0234,-0.0115
1730000048540,50529,-0.0427,-1.0217,-0.0369,0.1411,-0.2209,0.0061
1730000048550,50881,-0.153,-1.0656,-0.0964,-0.1036,0.0127,-0.0183
1730000048560,51235,-0.2286,-1.0542,-0.0761,0.0404,-0.1493,-0.0302
1730000048570,51480,-0.0668,-1.0926,-0.1008,-0.0209,0.0575,0.0851
1730000048580,51531,-0.0426,-1.1374,-0.1282,-0.0239,-0.1062,-0.0625
1730000048590,51378,-0.0632,-1.0944,-0.021,0.0826,0.0093,0.1139
1730000048600,51095,-0.1594,-1.015,-0.0669,0.2295,0.1537,0.0144
1730000048610,50792,-0.0107,-1.161,-0.0462,-0.0229,-0.0994,0.0209
1730000048620,50559,-0.0004,-0.9971,0.0418,0.0133,0.084,0.0254
1730000048630,50430,0.0043,-1.0185,-0.0494,-0.024,-0.1793,-0.0075
1730000048640,50396,-0.0598,-0.9623,0.0338,-0.1813,-0.1002,0.0668
1730000048650,50428,0.0661,-0.9458,0.1118,-0.1869,0.0941,-0.0034
1730000048660,50499,-0.0684,-0.8056,-0.029,0.0334,-0.2801,-0.0156
1730000048670,50586,0.0664,-0.8714,-0.0321,0.0577,0.1665,-0.082
1730000048680,50676,-0.1086,-0.785,0.1493,0.021,-0.2087,0.096
1730000048690,50755,-0.0773,-0.7312,0.1122,0.0482,0.1296,-0.0557
1730000048700,50815,0.0596,-0.7609,0.1198,0.0413,-0.0025,0.0349
1730000048710,50851,0.2325,-0.7135,0.1173,-0.0132,0.131,-0.0065
1730000048720,50861,0.0374,-0.576,0.1312,0.0885,0.1412,0.1135
1730000048730,50851,0.0696,-0.5166,0.0117,0.1162,-0.045,-0.0799
1730000048740,50826,0.081,-0.5184,0.1468,0.129,0.0025,0.1305
1730000048750,50795,0.2712,-0.5628,0.144,-0.0499,0.0534,-0.0058
1730000048760,50765,0.0835,-0.5412,0.1577,-0.0282,-0.0013,-0.0505
1730000048770,50742,0.0889,-0.6496,0.196,-0.0574,0.2544,0.0225
1730000048780,50726,0.2577,-0.63,0.0602,-0.1112,-0.0503,-0.0488
1730000048790,50719,0.2455,-0.6519,0.3579,-0.1033,-0.2783,-0.1067
1730000048800,50718,0.0868,-0.7122,0.0631,0.0962,0.0535,0.0645
1730000048810,50720,0.0728,-0.7635,0.1412,0.0425,-0.0293,0.0006
1730000048820,50724,0.0199,-0.8019,0.1075,0.1316,-0.0391,-0.065
1730000048830,50728,0.2078,-0.9055,0.0717,-0.0416,-0.1068,0.0743
1730000048840,50730,0.1619,-0.9425,0.1627,0.0727,0.3606,0.0412
1730000048850,50730,0.0467,-0.9412,0.1089,-0.0476,0.1891,-0.0157
1730000048860,50728,0.1079,-0.8964,0.1377,0.0247,-0.0683,0.0678
1730000048870,50722,0.1372,-0.9602,0.0072,0.0091,-0.0207,0.0432
1730000048880,50715,0.1531,-1.0637,0.0686,-0.0905,-0.1473,-0.0822
1730000048890,50704,0.1922,-1.0605,-0.0218,0.053,-0.0319,0.1049
1730000048900,50691,0.1541,-1.0619,-0.0239,-0.1516,-0.1081,-0.0477
1730000048910,50676,0.1066,-1.1027,0.0697,-0.0288,-0.1208,-0.0129
1730000048920,50658,0.0044,-1.0069,-0.0572,0.0368,0.1102,0.0634
1730000048930,50638,0.125,-1.1193,0.1163,0.0305,-0.1113,-0.0591
1730000048940,50617,0.1106,-1.1475,0.0539,0.0913,0.0867,0.015
1730000048950,50594,0.0996,-1.0045,-0.004,-0.0735,0.0163,0.0688
1730000048960,50569,-0.057,-1.0024,0.0276,0.0306,0.0504,0.0639
1730000048970,50544,0.2417,-1.1323,0.0673,0.0085,0.0829,0.0335
1730000048980,50517,-0.0375,-0.898,-0.0482,0.0862,0.2417,0.0407
1730000048990,50490,-0.0026,-0.7653,-0.0404,0.0168,-0.4485,-0.1006
1730000049000,50463,0.0332,-0.855,0.0269,-0.0063,-0.0856,0.0618
1730000049010,50435,0.0357,-0.7826,-0.0446,-0.129,0.0433,-0.021
1730000049020,50408,0.0024,-0.7684,-0.1085,0.0066,-0.1566,0.0213
1730000049030,50381,-0.0448,-0.6815,-0.176,0.0588,-0.0831,0.0546
1730000049040,50354,-0.0928,-0.6431,-0.1061,-0.0579,0.0041,0.0316
1730000049050,50329,-0.07,-0.7027,-0.1086,-0.1116,0.1213,0.0057
1730000049060,50305,-0.1378,-0.5565,-0.0374,0.0344,-0.0667,-0.0177
1730000049070,50282,-0.1376,-0.6076,-0.1441,0.1422,0.0482,-0.0227
1730000049080,50261,-0.2488,-0.6104,-0.1927,0.0946,0.0493,-0.0287
1730000049090,50242,-0.1349,-0.565,-0.0041,0.1289,0.042,0.0397
1730000049100,50225,-0.1176,-0.6015,-0.0348,-0.0464,-0.1548,-0.1065
1730000049110,50210,-0.1631,-0.619,-0.0806,-0.1096,0.1217,0.0492
1730000049120,50198,-0.0983,-0.7327,-0.1146,0.0559,-0.0448,0.0053
1730000049130,50191,-0.1049,-0.7841,-0.1303,-0.0938,-0.143,-0.0114
1730000049140,50197,-0.1816,-0.6554,-0.1366,-0.011,0.0144,0.0835
1730000049150,50229,-0.1642,-0.8056,-0.0206,-0.0421,0.0799,0.0165
1730000049160,50319,-0.1885,-0.8785,-0.054,-0.055,-0.0208,-0.0255
1730000049170,50501,-0.1821,-0.8787,-0.0606,-0.0258,-0.1646,-0.0825
1730000049180,50796,-0.1133,-0.8308,-0.1012,-0.0752,-0.016,0.0274
1730000049190,51168,-0.023,-0.8311,0.025,0.0329,0.2105,0.0793
1730000049200,51513,-0.1169,-1.0589,-0.1271,0.103,-0.0931,-0.0418
1730000049210,51697,-0.1439,-1.01,0.0008,0.0475,0.0103,-0.0483
1730000049220,51640,-0.1745,-1.1394,-0.1013,0.1394,-0.0482,0.0166
1730000049230,51379,-0.2429,-1.0869,-0.0806,0.0854,0.0094,0.0701
1730000049240,51035,-0.2068,-1.1801,-0.0552,0.0089,-0.1212,-0.1766
1730000049250,50736,-0.042,-1.1677,-0.0317,0.1035,-0.1636,-0.0654
1730000049260,50552,-0.1415,-1.0939,0.0412,-0.0696,0.1289,0.002
1730000049270,50484,-0.0865,-1.1203,-0.0172,0.0545,0.1076,0.0137
1730000049280,50500,-0.0397,-1.1219,0.0672,0.006,0.1802,-0.0218
1730000049290,50563,0.0406,-0.9893,0.0078,-0.0879,-0.1006,0.043
1730000049300,50646,-0.0793,-0.9736,0.0835,-0.0565,0.1791,-0.0552
1730000049310,50732,0.0109,-0.9865,-0.0077,0.0247,0.0187,-0.0151
1730000049320,50806,-0.0176,-0.843,0.1228,0.0448,0.0067,0.0235
1730000049330,50857,-0.0889,-0.8402,0.1257,0.0235,0.1946,0.0484
1730000049340,50881,0.1229,-0.8555,0.0177,-0.0282,-0.2207,0.0468
1730000049350,50878,0.1369,-0.7883,0.1312,-0.0062,0.0827,0.0627
1730000049360,50854,0.0266,-0.8127,0.1382,-0.0183,-0.0151,0.0755
1730000049370,50821,0.0574,-0.7775,0.1234,-0.0189,-0.1971,0.0311
1730000049380,50786,0.2167,-0.6281,0.1324,0.0774,-0.0601,0.0147
1730000049390,50759,-0.0894,-0.6586,0.0792,-0.0738,0.0218,-0.0927
1730000049400,50742,0.2318,-0.4562,0.1925,0.0392,-0.2026,-0.0097
1730000049410,50735,0.0876,-0.5933,0.1341,-0.1529,0.136,0.0116
1730000049420,50737,-0.0066,-0.698,0.2074,0.0512,0.0615,0.0008
1730000049430,50744,-0.0283,-0.6212,0.0676,0.1475,-0.0548,-0.0022
1730000049440,50754,0.22,-0.589,0.2435,0.0088,0.1287,-0.0196
1730000049450,50764,0.1253,-0.6311,0.0154,-0.0101,-0.0617,0.0139
1730000049460,50774,0.1326,-0.7105,0.1658,0.0299,-0.0252,0.027
1730000049470,50781,0.2374,-0.6386,0.0664,-0.1004,0.0569,0.066
1730000049480,50785,0.1006,-0.7524,0.1683,0.0018,0.0939,0.1069
1730000049490,50787,0.1892,-0.8864,0.1067,-0.0802,-0.0025,-0.0004
1730000049500,50786,0.1224,-0.8454,0.165,-0.0967,-0.069,-0.0226
1730000049510,50782,0.0919,-0.8492,-0.0173,0.0936,0.2388,-0.0365
1730000049520,50776,0.303,-0.9883,0.1403,-0.0413,-0.042,0.0847
1730000049530,50766,0.24,-1.0073,0.0394,0.0417,-0.1277,0.0671
1730000049540,50753,0.1772,-0.9696,0.0892,-0.0413,0.1555,-0.0016
1730000049550,50738,0.1357,-1.0854,0.1534,0.0192,0.1183,-0.0621
1730000049560,50720,0.1586,-1.0838,-0.0077,-0.0911,-0.2067,-0.0344
1730000049570,50700,0.1415,-1.0514,0.0782,0.0587,-0.0083,-0.0809
1730000049580,50677,0.0548,-1.1523,-0.0945,-0.0778,-0.0389,-0.137
1730000049590,50652,0.0961,-1.0282,0.0539,-0.0151,-0.0271,0.0145
1730000049600,50625,0.0521,-1.1299,0.0107,0.0088,0.0622,-0.0914
1730000049610,50597,0.0419,-1.0707,0.0019,0.0382,-0.1326,-0.0006
1730000049620,50566,0.0657,-1.019,-0.0302,-0.0831,0.2,0.0254
1730000049630,50535,0.1414,-0.9129,0.0446,0.0501,0.0149,-0.0154
1730000049640,50502,0.1092,-1.121,-0.0021,0.0648,0.0639,0.0937
1730000049650,50469,0.0683,-0.9421,-0.0583,-0.0291,0.1493,-0.0343
1730000049660,50435,-0.0151,-0.9668,0.0002,-0.1149,0.1752,-0.0404
1730000049670,50401,0.0851,-0.8807,-0.1331,-0.1262,-0.1254,-0.0656
1730000049680,50367,-0.0643,-0.7321,-0.0442,-0.0171,-0.0405,0.0091
1730000049690,50333,-0.0321,-0.7983,0.0336,-0.0442,-0.0466,0.0593
1730000049700,50300,0.0835,-0.629,-0.1038,-0.0301,-0.2043,0.0526
1730000049710,50268,-0.0895,-0.7997,-0.088,0.0674,0.0748,0.0456
1730000049720,50236,0.0157,-0.6302,-0.0746,0.005,-0.0969,-0.0924
1730000049730,50207,0.0787,-0.5002,-0.0803,0.0924,-0.1684,0.019
1730000049740,50183,-0.0889,-0.5629,-0.1132,0.0217,-0.0335,0.0634
1730000049750,50170,-0.1465,-0.655,-0.1216,0.0493,0.1081,-0.0576
1730000049760,50182,-0.1357,-0.5323,-0.0704,0.1799,-0.2058,0.0876
1730000049770,50247,-0.2033,-0.6232,-0.1992,-0.1052,-0.2162,0.0803
1730000049780,50396,-0.135,-0.5696,-0.2249,-0.0839,0.0599,0.0241
1730000049790,50648,-0.1163,-0.6855,-0.1248,-0.0622,-0.1175,0.0717
1730000049800,50978,-0.2129,-0.6428,-0.0632,-0.0354,-0.0686,-0.0495
1730000049810,51301,-0.2857,-0.7081,-0.1301,0.0311,0.1027,0.0505
1730000049820,51500,-0.2163,-0.8836,-0.1093,0.0558,0.0957,0.0173
1730000049830,51488,-0.1178,-0.8533,-0.0351,-0.0823,-0.0898,-0.0357
1730000049840,51268,-0.2646,-0.7711,-0.1035,0.0936,-0.2043,-0.0243
1730000049850,50932,-0.2567,-0.9824,-0.1169,-0.1996,-0.0923,-0.0349
1730000049860,50600,-0.0885,-0.9424,-0.0731,0.0534,0.0254,-0.0641
1730000049870,50355,-0.0957,-1.0491,-0.0571,0.0974,0.1108,-0.0092
1730000049880,50223,-0.1403,-1.0461,0.0183,-0.0197,0.0195,-0.023
1730000049890,50185,-0.1372,-1.1692,-0.1315,-0.006,0.2166,-0.0417
1730000049900,50209,-0.1401,-1.1352,-0.0312,-0.0311,0.2404,0.06
1730000049910,50266,-0.0973,-1.1904,-0.0902,-0.0092,-0.225,0.0136
1730000049920,50337,-0.1139,-1.0563,-0.098,-0.0703,0.0294,-0.0698
1730000049930,50407,-0.0497,-1.1265,-0.0843,0.0636,-0.0568,-0.0394
1730000049940,50463,-0.1565,-0.9686,0.1029,0.0392,0.0315,-0.0079
1730000049950,50499,-0.0779,-1.1003,-0.0343,0.0736,-0.1345,0.0315
1730000049960,50511,-0.0828,-0.9692,-0.0464,-0.046,-0.0708,-0.0496
1730000049970,50500,0.0024,-0.9141,0.0606,-0.0137,0.03,-0.0915
1730000049980,50472,0.0718,-0.9493,0.0634,0.0804,-0.0149,-0.0491
1730000049990,50437,-0.0014,-0.9265,-0.0548,-0.0743,0.2363,0.0694
1730000050000,50403,0.1046,-0.8623,0.0333,0.07,-0.2825,0.0871
1730000050010,50376,0.0826,-0.881,0.123,-0.0828,-0.032,0.0058
1730000050020,50359,-0.0402,-0.8051,0.0708,0.1525,-0.0885,-0.0703
1730000050030,50353,-0.0214,-0.7021,0.0343,-0.0242,-0.0503,-0.024
1730000050040,50356,0.0894,-0.7486,0.0931,-0.0098,-0.0332,0.0527
1730000050050,50365,0.0974,-0.5122,0.05,0.0345,0.1835,0.0204
1730000050060,50378,0.1166,-0.6064,0.1354,0.0872,0.1832,-0.0121
1730000050070,50393,0.1053,-0.7062,0.0991,-0.1101,-0.0235,-0.0996
1730000050080,50408,0.006,-0.6279,0.121,0.0263,-0.0112,0.0011
1730000050090,50421,0.1023,-0.664,0.1796,0.0075,0.0792,0.0815
1730000050100,50433,0.1881,-0.6698,0.1145,-0.0613,0.0554,0.0813
1730000050110,50443,0.1018,-0.639,0.1476,0.076,0.1557,-0.0017
1730000050120,50450,0.1268,-0.6283,0.1342,0.0459,-0.0661,-0.0051
1730000050130,50455,0.2731,-0.7069,0.0309,-0.021,0.1831,0.0147
1730000050140,50457,0.0833,-0.6023,0.1372,0.0825,-0.0618,0.0159
1730000050150,50456,0.2695,-0.7604,0.0816,0.0493,-0.1121,0.0407
1730000050160,50453,0.0574,-0.9069,0.0879,-0.0445,0.1903,0.0243
1730000050170,50446,0.1725,-0.835,0.0915,0.0778,0.0769,0.1118
1730000050180,50437,0.0901,-0.8533,0.0622,-0.1164,-0.0025,0.1049
1730000050190,50425,0.1106,-0.9877,0.0786,-0.0802,0.3,-0.0372
1730000050200,50410,0.2168,-0.9829,-0.0006,-0.0514,0.0332,-0.0352
1730000050210,50392,0.2199,-1.0789,0.086,0.0693,-0.0381,0.0289
1730000050220,50372,0.1712,-1.082,0.0081,0.0424,-0.0205,-0.0012
1730000050230,50349,-0.125,-1.0672,0.0294,-0.0495,0.1848,0.0366
1730000050240,50324,0.1665,-1.106,0.061,-0.0956,0.0312,-0.0361
1730000050250,50297,0.088,-1.0818,0.0362,0.0002,0.1087,0.012
1730000050260,50267,0.2252,-1.0361,0.1408,0.1278,0.2972,-0.0633
1730000050270,50236,0.1169,-1.1251,0.0451,0.0403,0.0173,-0.0672
1730000050280,50203,0.0456,-1.101,0.07,-0.0325,-0.0002,-0.0103
1730000050290,50169,0.0363,-1.0726,-0.0051,-0.0598,-0.2039,-0.0124
1730000050300,50134,-0.0315,-1.0217,0.0028,-0.0921,0.1444,0.0206
1730000050310,50098,0.0644,-0.9652,-0.0442,0.0686,-0.1589,0.0431
1730000050320,50061,-0.0037,-0.8716,-0.0538,-0.0269,-0.046,0.0084
1730000050330,50024,-0.0263,-0.8161,-0.0763,-0.1353,-0.1303,-0.0378
1730000050340,49986,0.0368,-0.8323,-0.1058,0.0504,-0.0347,-0.0683
1730000050350,49949,-0.0855,-0.8813,-0.0612,-0.0308,-0.1041,0.0064
1730000050360,49913,0.0218,-0.7427,-0.0169,-0.1064,0.0508,0.0368
1730000050370,49880,-0.126,-0.607,-0.0442,-0.0033,-0.2125,-0.0162
1730000050380,49855,-0.0007,-0.7143,-0.1312,-0.007,-0.1498,-0.0469
1730000050390,49849,0.0033,-0.6503,-0.0933,-0.0933,-0.0273,0.0358
1730000050400,49885,-0.1656,-0.7321,-0.0391,0.1455,-0.0055,0.039
1730000050410,49994,-0.0432,-0.6614,-0.1445,-0.0028,0.1324,0.0418
1730000050420,50202,-0.1172,-0.5103,-0.0386,-0.021,-0.0182,0.0365
1730000050430,50501,-0.1453,-0.5873,-0.0914,0.0485,-0.0766,-0.1295
1730000050440,50826,-0.1909,-0.6698,-0.1043,0.0107,0.0578,-0.0545
1730000050450,51067,0.0428,-0.6577,-0.2277,0.0159,0.1182,-0.0648
1730000050460,51121,-0.1192,-0.6907,-0.1768,0.0152,0.0009,-0.0506
1730000050470,50958,-0.0968,-0.6143,-0.1182,-0.0057,0.006,0.0572
1730000050480,50640,-0.1634,-0.7653,-0.1433,0.1563,-0.0111,0.1142
1730000050490,50285,-0.0061,-0.783,-0.1802,0.0736,0.1134,0.1067
1730000050500,49993,-0.2192,-0.9701,-0.1075,-0.0891,-0.0318,0.0254
1730000050510,49809,-0.2807,-0.8657,-0.0704,0.0272,-0.157,0.0029
1730000050520,49729,-0.136,-0.9739,-0.0099,-0.1767,-0.3367,-0.0328
1730000050530,49723,-0.1238,-0.9755,-0.1922,-0.1694,0.1825,0.0469
1730000050540,49760,-0.1265,-1.0472,-0.0477,0.0254,0.0832,0.0349
1730000050550,49818,-0.1615,-1.111,0.0094,-0.0278,0.2427,-0.0271
1730000050560,49881,-0.1416,-1.1274,-0.0637,0.0544,-0.0984,0.1278
1730000050570,49937,0.0022,-1.086,-0.0369,-0.0448,0.0565,-0.0242
1730000050580,49975,-0.1215,-1.099,-0.0472,-0.1199,-0.0701,0.0089
1730000050590,49991,-0.0224,-1.1498,-0.0701,0.0713,0.0616,-0.0292
1730000050600,49985,-0.025,-1.1997,0.0953,-0.1061,-0.0545,-0.0967
1730000050610,49959,0.0571,-1.0273,0.0564,-0.1341,0.0005,0.0361
1730000050620,49923,-0.0898,-1.0189,-0.0189,-0.0269,-0.1009,-0.0695
1730000050630,49885,-0.0488,-1.0799,0.0331,-0.0755,0.017,0.0266
1730000050640,49853,0.0992,-1.007,0.045,0.0055,-0.0512,-0.0035
1730000050650,49831,0.0841,-0.9637,0.0224,0.0399,-0.1406,0.0845
1730000050660,49820,-0.0384,-0.8698,0.0209,0.0359,-0.2296,0.0293
1730000050670,49820,0.107,-0.7251,0.0683,0.0231,-0.0481,0.0104
1730000050680,49829,0.0033,-0.7498,0.0864,0.0539,0.0637,0.0504
1730000050690,49844,0.0186,-0.7273,0.1095,0.0926,-0.0249,0.0131
1730000050700,49862,0.0725,-0.6215,0.0842,0.1365,0.1246,-0.0593
1730000050710,49881,0.0473,-0.6494,0.0478,0.0628,-0.2026,0.0428
1730000050720,49901,-0.0388,-0.525,0.1123,0.1164,-0.0212,-0.0235
1730000050730,49920,0.0694,-0.5493,0.1,-0.1775,-0.0513,-0.0608
1730000050740,49938,0.1704,-0.6644,0.087,0.0104,0.1307,0.0787
1730000050750,49954,0.0913,-0.6144,0.1245,0.022,0.0715,0.0215
1730000050760,49968,0.1776,-0.6138,0.1026,-0.079,-0.0066,-0.1546
1730000050770,49980,0.0335,-0.5128,0.0524,-0.0654,-0.0927,-0.0513
1730000050780,49990,0.0165,-0.7264,0.2037,-0.0495,0.0273,0.0079
1730000050790,49998,0.0456,-0.638,0.1206,-0.0617,0.1551,0.128
1730000050800,50003,0.2601,-0.7213,0.0876,0.0464,-0.1813,0.0034
1730000050810,50005,0.1402,-0.6819,0.1043,-0.0513,0.1206,-0.0459
1730000050820,50004,0.0001,-0.8121,0.0636,0.1694,0.1059,-0.0888
1730000050830,50001,0.1321,-0.9755,0.1262,-0.2344,-0.0021,-0.1119
1730000050840,49995,0.1697,-0.8109,0.0694,0.0932,-0.2571,0.1628
1730000050850,49986,0.0212,-0.9677,0.1162,-0.0485,0.0017,0.0212
1730000050860,49975,0.2337,-0.9235,0.0258,0.1022,-0.1351,-0.0355
1730000050870,49961,0.2057,-0.9768,0.0514,-0.0441,0.1121,-0.0032
1730000050880,49944,0.057,-1.0473,0.1368,-0.0082,0.1292,0.0494
1730000050890,49925,0.1644,-1.1371,0.0023,-0.0136,0.1283,-0.0009
1730000050900,49903,0.1916,-1.0044,0.0674,-0.0028,0.2071,0.0038
1730000050910,49879,0.2059,-1.1031,0.0378,-0.0189,-0.1787,-0.001
1730000050920,49853,-0.0073,-1.1166,0.0631,-0.0513,-0.0757,0.0638
1730000050930,49825,0.1065,-1.0729,-0.0181,0.0138,-0.0229,0.0717
1730000050940,49796,0.0608,-1.1284,0.0515,0.0313,0.1406,0.0704
1730000050950,49765,0.0202,-1.0204,0.0595,0.0016,0.1626,-0.0322
1730000050960,49733,0.1794,-0.8915,0.0151,0.0073,-0.0271,0.0073
1730000050970,49700,0.0958,-0.864,-0.0465,0.0035,0.0032,0.0307
1730000050980,49666,-0.0104,-0.907,-0.1094,0.0367,-0.0885,0.0942
1730000050990,49632,0.0514,-0.861,-0.0107,0.0121,0.147,-0.0432
1730000051000,49599,-0.0626,-0.8352,-0.0179,-0.0513,0.06,-0.0825
1730000051010,49570,0.0402,-0.6543,-0.0689,-0.0669,0.0788,0.041
1730000051020,49554,-0.0151,-0.7377,-0.0974,-0.1481,0.02,-0.0615
1730000051030,49569,-0.0807,-0.6544,-0.0413,0.0255,-0.1845,0.0024
1730000051040,49645,-0.1205,-0.6709,-0.1074,0.0426,0.0399,-0.0181
1730000051050,49814,-0.0665,-0.6381,-0.1218,0.0501,-0.0762,-0.1279
1730000051060,50086,0.0576,-0.6334,-0.0021,-0.1121,0.0258,0.0117
1730000051070,50415,-0.0414,-0.5979,-0.0155,-0.0561,0.0415,0.0115
1730000051080,50700,-0.0339,-0.563,-0.1507,-0.0248,-0.1306,-0.0995
1730000051090,50821,-0.1968,-0.494,-0.104,-0.0749,0.1678,-0.0241
1730000051100,50715,-0.1609,-0.5128,-0.1023,0.08,0.0221,-0.0533
1730000051110,50422,-0.1417,-0.6301,-0.1376,0.1331,0.1184,-0.0282
1730000051120,50054,-0.2505,-0.6315,-0.0996,0.0684,0.2265,-0.0216
1730000051130,49729,-0.12,-0.6849,-0.0949,0.034,0.1234,-0.0566
1730000051140,49509,-0.0585,-0.7796,-0.1218,-0.0583,-0.1644,0.1285
1730000051150,49400,-0.1853,-0.7721,-0.0616,-0.0107,-0.0001,0.0616
1730000051160,49375,-0.1971,-0.7497,-0.1163,0.0222,0.0147,0.0198
1730000051170,49401,-0.227,-0.8848,-0.123,0.083,0.0237,0.0157
1730000051180,49453,-0.1433,-0.9512,-0.0878,-0.112,-0.0407,-0.0907
1730000051190,49512,-0.0997,-0.996,-0.0928,0.0611,0.0061,0.0303
1730000051200,49565,-0.2051,-0.9651,0.0297,-0.031,0.0865,-0.0525
1730000051210,49602,-0.2826,-0.9722,-0.1222,-0.0953,0.0188,-0.0293
1730000051220,49616,-0.1655,-1.01,-0.1117,0.0252,-0.0816,-0.0309
1730000051230,49608,-0.1921,-1.0376,-0.0581,0.0801,-0.0405,-0.0019
1730000051240,49580,-0.1865,-1.1757,-0.1105,0.2419,-0.1225,0.0581
1730000051250,49542,-0.1712,-1.1698,-0.1242,0.1065,-0.0035,0.1965
1730000051260,49502,-0.0559,-1.0801,-0.0251,-0.0541,-0.0825,0.0948
1730000051270,49469,-0.0803,-1.1169,0.0323,-0.0189,-0.0283,-0.0015
1730000051280,49446,-0.1193,-1.0176,-0.063,0.088,-0.0973,-0.0683
1730000051290,49437,-0.1241,-1.0632,0.0349,0.1439,-0.0563,0.0229
1730000051300,49440,0.0054,-0.9614,-0.0187,-0.0006,0.0096,0.0021
1730000051310,49453,0.0534,-0.9752,0.0137,-0.0874,0.173,0.059
1730000051320,49473,-0.14,-0.929,0.0127,0.0207,0.0513,0.0563
1730000051330,49497,-0.0884,-0.8823,0.0715,0.0703,-0.0158,0.0311
1730000051340,49524,0.0152,-0.6904,0.1214,0.0144,0.0261,0.1177
1730000051350,49552,0.0202,-0.7443,0.0627,0.0568,-0.0552,0.0738
1730000051360,49580,-0.0617,-0.6863,0.0894,0.1718,-0.053,-0.0421
1730000051370,49608,0.1316,-0.7014,0.0559,-0.0862,-0.0132,0.0367
1730000051380,49635,-0.0328,-0.5975,0.0529,-0.1312,-0.0317,-0.0125
1730000051390,49661,0.2023,-0.6655,0.0692,-0.0372,-0.0093,0.0467
1730000051400,49686,0.011,-0.7307,0.1171,0.0367,0.1335,0.0899
1730000051410,49709,0.2406,-0.5543,0.0595,0.0246,-0.0403,-0.0672
1730000051420,49730,0.2442,-0.645,0.1582,-0.0855,0.0718,-0.095
1730000051430,49749,0.0977,-0.6361,0.1574,0.0257,0.0102,-0.0782
1730000051440,49766,0.1179,-0.64,0.0229,-0.1122,-0.1592,-0.0052
1730000051450,49781,0.2278,-0.7162,0.1686,-0.0789,0.1901,0.0055
1730000051460,49794,0.0439,-0.6983,0.1995,0.1158,-0.1536,-0.0058
1730000051470,49804,0.0487,-0.6858,0.1462,-0.0553,0.0547,0.0043
1730000051480,49811,0.219,-0.8677,0.148,-0.0625,-0.0642,0.0172
1730000051490,49816,0.0433,-0.76,-0.0007,-0.0487,0.0795,-0.1184
1730000051500,49817,0.1393,-0.9445,0.1015,-0.0447,-0.112,0.0082
1730000051510,49817,0.0827,-0.8896,0.0449,-0.0932,0.0029,-0.0848
1730000051520,49813,0.2645,-1.0265,0.1677,0.0414,0.0565,-0.1108
1730000051530,49807,0.1948,-0.9931,-0.006,0.0011,0.1616,-0.0083
1730000051540,49798,0.1296,-0.9757,0.0923,-0.0371,0.0998,0.0751
1730000051550,49786,0.1231,-1.0863,0.1386,-0.1472,0.1286,0.1023
1730000051560,49772,0.0539,-1.0264,0.0905,0.0334,0.1462,0.0209
1730000051570,49756,0.0045,-1.1268,0.05,-0.0371,0.064,0.1128
1730000051580,49738,0.0024,-1.0889,-0.015,-0.011,0.1947,0.0504
1730000051590,49718,0.108,-1.0715,-0.0813,0.0926,-0.0125,-0.0259
1730000051600,49696,0.0154,-1.0807,0.0324,-0.0158,0.1125,0.0639
1730000051610,49672,0.1497,-1.0806,0.0619,0.1334,-0.0959,0.0459
1730000051620,49647,0.0863,-1.093,0.0407,0.0187,-0.1084,-0.039
1730000051630,49623,0.0004,-0.9432,-0.1176,0.064,-0.2868,-0.0681
1730000051640,49603,0.0843,-0.9295,-0.0361,-0.148,0.2276,-0.0508
1730000051650,49594,-0.0804,-0.8875,-0.0801,-0.1024,-0.0087,0.0114
1730000051660,49616,-0.0641,-0.7022,-0.0435,-0.0014,-0.0526,-0.1012
1730000051670,49695,-0.007,-0.7961,-0.0503,-0.0759,0.019,-0.0325
1730000051680,49861,0.0605,-0.8031,-0.0438,-0.0741,-0.1122,-0.037
1730000051690,50123,-0.0611,-0.8612,-0.1151,0.0197,-0.1634,0.1184
1730000051700,50442,-0.0811,-0.7338,-0.1327,-0.1975,-0.0441,0.1276
1730000051710,50728,-0.2127,-0.7506,-0.1153,0.0339,0.0079,-0.0719
1730000051720,50871,0.0317,-0.7156,-0.1227,0.0641,0.0635,0.005
1730000051730,50802,-0.0614,-0.6333,-0.098,-0.0398,-0.05,-0.0193
1730000051740,50543,-0.1486,-0.5884,-0.0478,0.0047,0.1595,0.0017
1730000051750,50190,-0.1009,-0.6214,-0.1472,-0.0809,-0.0485,0.0424
1730000051760,49853,-0.0135,-0.531,-0.1368,-0.0736,-0.0972,-0.0295
1730000051770,49606,0.0611,-0.7171,-0.1298,-0.0748,0.0691,-0.0821
1730000051780,49466,-0.0563,-0.6555,-0.0247,0.0067,0.0113,0.0079
1730000051790,49415,-0.0423,-0.626,-0.0965,-0.0037,-0.1221,-0.0127
1730000051800,49423,-0.0803,-0.7116,-0.1691,-0.0031,0.0293,-0.0747
1730000051810,49462,-0.1229,-0.733,-0.2,0.0079,-0.1619,-0.0407
1730000051820,49515,-0.125,-0.8602,-0.1521,-0.1205,-0.0209,-0.0618
1730000051830,49568,-0.1765,-0.805,-0.1386,-0.0631,-0.042,-0.0874
1730000051840,49610,-0.1693,-0.9319,0.0134,-0.0819,0.1096,0.0774
1730000051850,49634,-0.1594,-0.9404,-0.1313,0.0265,-0.0998,-0.0478
1730000051860,49636,-0.1187,-0.9193,-0.0333,0.0459,0.0044,-0.0772
1730000051870,49619,-0.0431,-1.0028,-0.1763,0.1341,-0.0815,-0.0171
1730000051880,49586,0.0623,-1.0904,-0.0373,0.0968,-0.0037,0.0295
1730000051890,49547,-0.1396,-1.0312,-0.0641,0.0895,0.1605,0.054
1730000051900,49510,-0.0275,-1.1835,-0.1611,-0.0384,-0.0748,-0.0303
1730000051910,49482,-0.1286,-1.0627,-0.0614,0.0242,0.1336,-0.0445
1730000051920,49465,-0.1253,-1.0101,-0.039,0.0884,0.0567,-0.0507
1730000051930,49462,-0.0885,-1.0381,-0.0597,-0.0438,0.1254,0.0447
1730000051940,49470,-0.0604,-1.1144,0.0502,-0.0688,-0.2446,-0.0474
1730000051950,49488,0.0549,-1.0977,-0.0585,-0.0712,-0.1834,-0.0747
1730000051960,49513,0.0485,-1.0982,0.0137,0.1669,0.0033,-0.0609
1730000051970,49542,0.091,-0.9432,0.0628,-0.001,-0.1743,-0.0032
1730000051980,49574,0.0332,-0.9755,0.016,-0.0489,0.0439,-0.0562
1730000051990,49608,0.0017,-0.777,0.1273,-0.1016,0.1962,0.0115
1730000052000,49643,-0.0476,-0.8182,0.0683,0.0949,-0.0174,-0.062
1730000052010,49678,0.045,-0.7565,0.0953,0.0675,0.0334,-0.0179
1730000052020,49713,0.0021,-0.7034,0.0679,0.0157,-0.0087,-0.0312
1730000052030,49748,0.1071,-0.6817,0.1058,0.073,-0.104,0.0244
1730000052040,49781,0.0657,-0.682,0.1244,0.0202,0.0707,-0.1115
1730000052050,49814,0.0063,-0.71,0.107,-0.0134,-0.0787,0.0545
1730000052060,49846,-0.0143,-0.6305,0.0904,-0.0099,0.0804,-0.0032
1730000052070,49876,0.0906,-0.4436,0.1457,0.0344,-0.1577,0.0988
1730000052080,49905,0.1723,-0.5455,0.1268,0.023,0.0354,-0.0072
1730000052090,49931,0.2007,-0.5469,0.0433,0.0918,-0.0777,0.0059
1730000052100,49956,0.0459,-0.6563,0.0928,0.0105,0.0174,0.0353
1730000052110,49978,0.2294,-0.767,0.174,0.0178,-0.0792,0.0584
1730000052120,49998,0.0818,-0.6394,0.1604,0.0756,-0.1248,-0.1268
1730000052130,50015,0.1634,-0.6965,0.0934,0.031,0.012,-0.0286
1730000052140,50030,0.1193,-0.7043,0.0987,-0.0867,0.0927,-0.0253
1730000052150,50042,0.2885,-0.7526,0.1659,-0.0177,0.1279,0.0341
1730000052160,50052,0.14,-0.8239,0.129,0.0457,0.0696,0.0116
1730000052170,50058,0.102,-0.9154,0.1246,0.0307,-0.0587,0.0077
1730000052180,50062,0.1813,-0.9604,0.1214,-0.0831,-0.008,0.0403
1730000052190,50063,0.2161,-0.9732,0.115,-0.0421,0.0176,0.0421
1730000052200,50061,0.1625,-1.0437,0.0413,0.0824,0.0467,-0.0029
1730000052210,50057,0.1468,-0.989,0.0437,-0.0016,-0.2305,-0.0255
1730000052220,50050,0.0528,-1.1241,0.0687,0.0891,0.0023,0.0205
1730000052230,50041,0.1382,-1.0418,0.1243,0.066,0.064,0.0553
1730000052240,50029,0.0365,-1.0364,-0.0797,-0.0943,0.1605,-0.0387
1730000052250,50015,0.08,-1.1144,-0.0004,-0.0528,-0.084,-0.096
1730000052260,50000,0.0714,-1.1435,-0.1024,0.0574,-0.0906,-0.0201
1730000052270,49983,0.0889,-1.1295,0.0265,0.0234,0.0455,-0.0151
1730000052280,49968,0.0687,-1.0692,0.0501,-0.0126,0.1989,0.018
1730000052290,49959,-0.0504,-1.0718,-0.086,-0.0397,-0.0297,0.0221
1730000052300,49970,0.0529,-0.9767,-0.1296,-0.0302,0.0917,-0.1042
1730000052310,50023,0.0289,-0.8897,0.0065,0.0292,0.1113,-0.0299
1730000052320,50151,0.0641,-0.872,-0.048,0.0052,0.1042,-0.0148
1730000052330,50375,-0.0694,-0.8875,-0.0013,0.0042,-0.0066,0.0545
1730000052340,50681,-0.1648,-0.7433,-0.0054,-0.0074,0.1309,-0.0814
1730000052350,51001,0.0126,-0.709,-0.0033,0.2082,0.0211,-0.0026
1730000052360,51224,-0.009,-0.7066,-0.1234,-0.0345,-0.1593,-0.0858
1730000052370,51255,-0.0894,-0.6502,-0.1835,0.0987,-0.0809,-0.062
1730000052380,51073,-0.0999,-0.7665,-0.0668,-0.076,-0.0286,0.0455
1730000052390,50746,-0.0272,-0.6464,-0.0984,-0.074,-0.0853,-0.0104
1730000052400,50389,-0.2975,-0.6055,-0.145,0.0026,-0.0453,0.0519
1730000052410,50096,-0.0732,-0.6751,-0.042,0.0674,0.0589,0.0046
1730000052420,49910,-0.1608,-0.6053,-0.1353,-0.221,-0.207,-0.0612
1730000052430,49823,-0.0377,-0.5276,-0.1066,0.0521,-0.1756,0.0537
1730000052440,49808,-0.1067,-0.641,-0.1887,0.1454,-0.1059,0.0786
1730000052450,49834,-0.33,-0.6681,-0.0909,0.0485,-0.1132,-0.0604
1730000052460,49881,-0.2737,-0.559,-0.1251,0.0622,0.0039,0.004
1730000052470,49933,-0.1326,-0.8003,-0.1343,-0.1038,0.0788,-0.0118
1730000052480,49978,-0.2334,-0.8548,-0.1592,-0.1144,0.1079,0.1119
1730000052490,50007,-0.1699,-0.8611,-0.1839,0.0123,-0.0399,-0.0667
1730000052500,50014,-0.1859,-0.7849,-0.1668,0.1077,0.027,0.0393
1730000052510,50001,-0.1703,-0.8547,-0.156,0.0588,0.0402,-0.0991
1730000052520,49970,-0.2114,-0.8806,-0.0697,0.0504,0.024,0.0603
1730000052530,49929,-0.0517,-1.0206,-0.1381,-0.0865,0.1915,-0.0451
1730000052540,49887,-0.2462,-1.1296,-0.0546,0.0832,-0.1693,0.0771
1730000052550,49852,-0.0732,-1.1427,-0.0504,-0.1649,-0.0101,0.0623
1730000052560,49828,-0.0658,-1.1548,-0.0257,-0.0162,-0.2615,-0.0049
1730000052570,49818,-0.1006,-1.1324,-0.046,-0.0445,0.1468,-0.0829
1730000052580,49820,-0.0184,-1.1713,-0.1777,0.0187,-0.0622,-0.0672
1730000052590,49833,0.0176,-1.0089,-0.1368,-0.0401,0.0654,0.1021
1730000052600,49855,-0.1549,-1.0068,-0.0452,0.0378,-0.1859,0.0167
1730000052610,49882,-0.1838,-1.0804,0.0086,-0.0523,0.0987,-0.0023
1730000052620,49913,-0.2283,-1.0533,-0.0439,-0.0749,0.0193,0.0231
1730000052630,49947,-0.0217,-0.936,0.071,-0.0067,0.1307,0.07
1730000052640,49982,-0.0489,-1.0158,-0.0006,0.1829,-0.0261,-0.0723
1730000052650,50019,-0.1904,-0.9562,0.005,-0.0752,-0.0267,-0.0635
1730000052660,50056,-0.0746,-0.8809,0.0196,0.0133,0.0257,0.0351
1730000052670,50093,0.0305,-0.8757,-0.0389,-0.0939,0.0709,0.065
1730000052680,50130,0.136,-0.7681,0.0842,-0.0931,0.0765,0.0215
1730000052690,50167,0.104,-0.7616,0.048,0.1207,0.0942,-0.0416
1730000052700,50203,0.0539,-0.7289,0.1324,0.0962,0.1588,-0.0112
1730000052710,50238,-0.0303,-0.6618,0.139,-0.0411,0.1098,0.0153
1730000052720,50272,0.1103,-0.6857,0.024,0.0589,-0.025,-0.0295
1730000052730,50305,0.0833,-0.6744,0.0885,0.0651,-0.1268,-0.0144
1730000052740,50336,0.1698,-0.6789,0.1307,0.0212,0.054,-0.0219
1730000052750,50365,0.0902,-0.644,0.068,-0.0953,0.2394,0.0208
1730000052760,50392,0.0158,-0.6206,0.1966,0.0431,-0.0964,0.0044
1730000052770,50417,0.0085,-0.6805,0.2381,-0.0329,-0.1313,-0.1152
1730000052780,50439,0.1484,-0.5943,0.1401,0.037,0.0279,-0.0161
1730000052790,50459,0.202,-0.6912,0.1616,-0.1234,-0.0034,0.0488
1730000052800,50477,0.1726,-0.7736,0.1971,0.1335,0.2443,0.0456
1730000052810,50491,0.2394,-0.8406,0.1074,0.0406,0.1486,0.0401
1730000052820,50503,0.0795,-0.8252,0.1533,0.0455,-0.0624,0.0086
1730000052830,50512,0.1849,-0.9572,0.0836,0.0558,-0.3178,0.0259
1730000052840,50518,0.0566,-0.9087,0.1466,0.0033,-0.0862,0.0762
1730000052850,50522,0.0946,-0.9425,0.1841,0.118,0.0707,0.0335
1730000052860,50522,0.1497,-1.0698,0.0946,-0.1101,0.0273,-0.067
1730000052870,50519,0.266,-0.9301,0.1708,0.156,0.0021,0.0219
1730000052880,50514,0.0454,-0.9832,0.0227,-0.1444,-0.1822,-0.0262
1730000052890,50507,0.086,-1.004,0.1418,-0.0417,-0.0647,-0.1407
1730000052900,50496,0.1845,-1.075,0.0928,-0.1134,-0.003,0.0429
1730000052910,50484,0.1545,-1.216,0.0413,-0.0235,0.1097,0.025
1730000052920,50471,0.1142,-1.0383,0.0229,0.0894,-0.2068,0.0204
1730000052930,50458,0.1357,-1.0654,-0.0201,-0.0369,0.1115,0.069
1730000052940,50453,0.2309,-0.9664,-0.0147,-0.0331,0.0765,-0.0724
1730000052950,50467,0.1486,-1.0094,0.0611,-0.0065,-0.0045,0.013
1730000052960,50521,0.0267,-1.1048,0.0105,0.0103,0.1173,0.1148
1730000052970,50644,-0.0512,-0.9405,-0.134,0.0309,-0.0805,-0.038
1730000052980,50853,-0.0892,-0.9236,-0.0317,0.047,-0.2649,-0.1721
1730000052990,51138,-0.0229,-0.8221,-0.0265,0.0057,-0.0568,0.0118
1730000053000,51444,0.0398,-0.8562,0.0271,0.043,0.0383,0.0308
1730000053010,51678,-0.0392,-0.8497,-0.1101,-0.0634,0.0697,0.0793
1730000053020,51750,0.0002,-0.8396,-0.0474,0.1114,0.1001,0.0397
1730000053030,51625,-0.0767,-0.6839,-0.0147,-0.0693,0.0452,0.0109
1730000053040,51343,-0.0968,-0.7556,0.0078,0.0093,-0.0426,0.0766
1730000053050,50997,-0.1377,-0.5926,-0.1427,-0.1022,0.0616,-0.0482
1730000053060,50680,-0.1921,-0.6977,-0.1245,-0.0143,-0.0719,0.0263
1730000053070,50449,-0.1933,-0.5549,-0.0295,0.0747,-0.1308,0.0391
1730000053080,50316,-0.0634,-0.7196,-0.1611,-0.005,0.0583,0.0054
1730000053090,50262,-0.1065,-0.5067,-0.0707,0.1194,-0.0442,-0.0627
1730000053100,50261,-0.0579,-0.6009,-0.0954,0.0504,-0.0979,0.0741
1730000053110,50290,0.014,-0.578,-0.2015,0.0859,0.025,0.0266
1730000053120,50332,-0.165,-0.7095,-0.1602,-0.0223,0.0972,-0.0523
1730000053130,50376,-0.2052,-0.6327,-0.1308,-0.0441,0.076,0.067
1730000053140,50411,-0.1004,-0.8679,-0.0893,-0.0488,-0.0531,-0.0943
1730000053150,50432,-0.0382,-0.8108,-0.0525,0.0666,0.0743,0.0889
1730000053160,50433,-0.1829,-0.9959,-0.186,0.051,-0.0163,0.0174
1730000053170,50415,-0.1182,-0.9372,-0.1906,0.0233,0.0248,-0.0129
1730000053180,50381,-0.1089,-0.8634,-0.0668,0.0983,-0.1423,0.0334
1730000053190,50339,-0.1846,-0.9378,-0.0555,-0.0027,-0.0185,0.0874
1730000053200,50296,-0.0256,-0.9003,-0.1612,-0.1508,0.1765,-0.0245
1730000053210,50257,-0.1328,-1.0274,0.0132,0.0438,0.0041,0.0022
1730000053220,50229,0.0204,-1.0589,-0.1027,0.0044,0.1259,0.0339
1730000053230,50213,-0.2636,-1.097,-0.0528,0.0158,-0.165,-0.01
1730000053240,50209,-0.231,-1.1542,-0.0995,-0.0836,-0.0796,-0.084
1730000053250,50216,-0.2412,-1.1539,-0.0115,-0.0256,0.0074,-0.119
1730000053260,50231,-0.1354,-1.0497,-0.0661,0.0152,0.0255,-0.0221
1730000053270,50252,-0.1249,-1.1064,0.0621,0.15,0.0291,-0.0391
1730000053280,50278,-0.2294,-1.0771,0.0138,-0.0558,-0.2037,0.0026
1730000053290,50307,-0.1862,-1.1661,0.0159,-0.0187,0.1306,0.0545
1730000053300,50338,-0.058,-0.9743,0.0642,0.0644,-0.0848,0.0671
1730000053310,50370,-0.2552,-0.9906,0.0144,0.1239,0.3818,-0.0882
1730000053320,50403,0.0326,-0.9101,-0.0351,-0.0613,-0.0512,0.0302
1730000053330,50436,0.0889,-0.8052,0.0925,0.0267,-0.1379,0.0214
1730000053340,50469,0.0824,-0.7866,0.1336,0.076,0.1968,-0.0603
1730000053350,50502,-0.0022,-0.6492,0.0872,-0.0018,-0.0341,0.0518
1730000053360,50535,0.1856,-0.8092,0.1706,0.0084,-0.086,-0.0807
1730000053370,50566,0.0365,-0.7109,0.0807,0.0737,0.0614,-0.034
1730000053380,50597,0.0395,-0.6232,0.1127,0.0004,0.1881,-0.0104
1730000053390,50626,0.0039,-0.5626,-0.0282,0.0065,-0.0002,-0.0066
1730000053400,50654,0.0893,-0.7377,0.0681,0.0846,-0.0893,-0.0447
1730000053410,50680,0.0071,-0.586,0.0641,0.0178,-0.1297,-0.0936
1730000053420,50704,0.1058,-0.6887,0.1599,0.0144,0.2792,0.0501
1730000053430,50725,-0.0447,-0.6598,0.1718,0.045,-0.1363,-0.0031
1730000053440,50745,0.0622,-0.5627,0.2142,-0.0629,-0.054,0.0385
1730000053450,50762,0.2796,-0.6418,0.1322,-0.014,0.0396,-0.0217
1730000053460,50776,0.2411,-0.655,0.1929,0.1024,0.1267,0.0244
1730000053470,50788,0.1272,-0.7739,0.0837,-0.0657,0.1498,0.1077
1730000053480,50797,0.1268,-0.8128,0.1361,-0.0671,0.129,0.0507
1730000053490,50802,0.1239,-0.7816,0.1137,0.0132,0.2477,0.0274
1730000053500,50805,0.1254,-0.8543,0.1574,-0.0457,-0.2206,0.0154
1730000053510,50805,0.0621,-0.8803,0.0959,-0.0419,-0.2408,0.017
1730000053520,50802,0.1036,-0.9924,0.046,0.0209,0.0378,0.0981
1730000053530,50797,0.1989,-1.0665,0.0736,-0.0204,-0.1975,-0.072
1730000053540,50788,0.266,-1.0661,0.0035,0.0419,-0.0847,0.0715
1730000053550,50777,0.2474,-1.0201,0.0804,-0.001,-0.2918,-0.0894
1730000053560,50763,0.1892,-1.1867,0.0592,0.0618,0.0438,0.0221
1730000053570,50746,0.0729,-1.0639,0.0465,0.0985,0.015,-0.1328
1730000053580,50728,0.2333,-1.0393,0.055,0.0147,-0.2081,-0.0405
1730000053590,50708,0.0688,-1.0913,0.0163,0.0386,-0.1362,-0.0116
1730000053600,50689,0.0872,-1.1018,-0.025,0.121,-0.0567,-0.059
1730000053610,50678,-0.0842,-1.0203,0.0468,-0.0421,0.1769,0.0254
1730000053620,50690,0.0689,-0.9731,0.0098,0.0284,-0.0074,-0.0449
1730000053630,50749,-0.0166,-1.1096,0.0113,0.0485,0.1891,-0.0161
1730000053640,50886,0.1444,-1.1023,-0.0144,0.118,0.012,0.0473
1730000053650,51119,0.0084,-0.9819,-0.0985,-0.0047,0.1925,-0.011
1730000053660,51427,0.0489,-0.8266,-0.0381,0.0995,-0.1574,-0.0165
1730000053670,51731,0.0724,-0.7569,-0.0326,0.0314,0.0392,-0.0279
1730000053680,51920,0.043,-0.7902,-0.1353,0.0856,0.1423,0.0134
1730000053690,51907,-0.3208,-0.7561,-0.1031,0.0229,0.3026,-0.1055
1730000053700,51686,0.0273,-0.7143,-0.112,0.0671,0.0596,0.0184
1730000053710,51337,-0.1832,-0.6423,-0.1589,0.0102,-0.285,-0.0896
1730000053720,50975,-0.1147,-0.5461,-0.1529,-0.0908,0.0076,-0.0534
1730000053730,50688,-0.055,-0.5525,-0.0839,-0.0311,0.0105,0.0203
1730000053740,50508,-0.2015,-0.4665,-0.0444,0.0148,0.1306,-0.0233
1730000053750,50424,-0.1418,-0.6118,-0.0591,0.0735,0.0274,-0.0449
1730000053760,50405,-0.152,-0.6086,-0.1691,-0.1501,-0.0139,-0.0649
1730000053770,50424,-0.2359,-0.5974,-0.1508,0.0771,0.1,-0.0278
1730000053780,50461,-0.2179,-0.5522,-0.1317,0.0233,-0.1904,0.0815
1730000053790,50499,-0.1097,-0.6522,-0.1639,-0.0698,0.0103,-0.0192
1730000053800,50530,-0.097,-0.7961,-0.1537,-0.0688,-0.026,-0.0505
1730000053810,50543,-0.2549,-0.6174,-0.0932,0.0506,-0.1439,0.0086
1730000053820,50534,-0.2541,-0.873,-0.0877,-0.0081,0.0276,-0.0612
1730000053830,50504,-0.0985,-0.7609,-0.1942,0.2196,0.0175,-0.0108
1730000053840,50458,-0.3551,-0.8312,-0.0803,-0.1131,0.0451,0.0358
1730000053850,50404,-0.036,-0.979,-0.0327,-0.0419,0.0886,0.0102
1730000053860,50349,-0.0764,-0.9909,-0.005,0.1315,0.0454,0.0821
1730000053870,50302,-0.2027,-1.0385,-0.1291,-0.0301,-0.1346,-0.1584
1730000053880,50267,-0.17,-1.1472,-0.1244,-0.1052,-0.2017,0.1066
1730000053890,50245,0.0329,-0.9616,0.0089,-0.0054,-0.1321,0.0567
1730000053900,50236,-0.0301,-1.0766,-0.0561,0.0026,-0.1034,0.0014
1730000053910,50238,-0.1425,-1.0718,-0.0191,-0.0999,0.1053,-0.0468
1730000053920,50248,-0.0337,-1.144,-0.129,-0.0352,0.282,0.0914
1730000053930,50263,-0.0742,-1.1157,0.0299,-0.0967,0.0151,-0.0021
1730000053940,50283,-0.0165,-1.046,-0.0143,-0.0392,0.2157,0.0204
1730000053950,50305,-0.0749,-1.0564,0.0664,-0.0388,0.0111,0.0299
1730000053960,50329,-0.0513,-1.1226,0.0346,0.0056,0.0696,-0.0181
1730000053970,50354,-0.0362,-0.995,0.0665,0.0043,-0.0285,0.0019
1730000053980,50380,0.0405,-0.9869,0.0736,-0.2438,-0.07,0.062
1730000053990,50406,-0.097,-0.9012,0.1386,-0.0576,-0.1817,-0.0132
1730000054000,50433,-0.021,-0.8372,0.0232,0.1433,-0.0236,-0.0754
1730000054010,50460,0.0522,-0.8113,-0.049,-0.0557,-0.0416,0.0193
1730000054020,50486,-0.0117,-0.8058,0.0846,-0.0372,-0.0097,0.0359
1730000054030,50512,0.0211,-0.6634,0.1138,0.0594,-0.0126,0.0018
1730000054040,50536,0.2019,-0.5978,0.0564,0.0145,-0.0496,0.0084
1730000054050,50560,0.0212,-0.6643,0.1143,0.0112,-0.0375,0.0012
1730000054060,50582,0.1399,-0.6211,0.0653,-0.0061,-0.0689,0.083
1730000054070,50603,-0.0016,-0.622,0.1123,0.0802,-0.2902,-0.0154
1730000054080,50621,0.0518,-0.5835,0.1307,-0.0274,-0.0562,0.0795
1730000054090,50638,0.2165,-0.6062,0.1881,0.115,0.1493,0.0697
1730000054100,50653,0.0547,-0.6032,0.1203,0.1046,0.1177,-0.0239
1730000054110,50665,0.0855,-0.6189,0.0737,0.0219,0.0343,-0.0214
1730000054120,50675,0.0798,-0.6954,0.0779,0.1047,-0.077,0.094
1730000054130,50682,0.0971,-0.7173,0.1436,-0.0042,0.0646,0.0047
1730000054140,50686,0.1053,-0.7153,0.0955,-0.0469,-0.1637,-0.0689
1730000054150,50687,0.0607,-0.8093,0.1885,-0.1063,0.0969,-0.1144
1730000054160,50686,0.1167,-0.8384,0.1388,0.0224,-0.4049,-0.0651
1730000054170,50681,0.3446,-0.8912,0.1186,-0.0485,-0.0892,-0.0465
1730000054180,50674,0.1354,-0.9965,0.0376,-0.1156,-0.2619,0.016
1730000054190,50664,0.194,-0.9305,0.1501,-0.1246,-0.1239,-0.0921
1730000054200,50651,0.134,-0.9039,0.0566,-0.1129,-0.1772,0.0344
1730000054210,50635,0.2227,-1.1027,0.1716,-0.0244,0.001,-0.0888
1730000054220,50617,0.1336,-0.9834,0.1046,0.1154,-0.1401,0.0203
1730000054230,50597,0.0534,-1.0558,-0.0355,0.0641,-0.0593,-0.0178
1730000054240,50578,0.2377,-1.1644,0.0472,-0.0386,0.2568,-0.0431
1730000054250,50569,0.081,-1.1135,0.0269,-0.1301,0.0962,0.0076
1730000054260,50584,0.0988,-1.2066,-0.0195,0.0706,-0.0549,-0.0298
1730000054270,50655,0.0724,-1.0859,-0.0436,0.0498,-0.2027,-0.0805
1730000054280,50814,0.0744,-1.0369,-0.0894,-0.1597,-0.0992,0.0579
1730000054290,51076,-0.0276,-1.09,0.0343,0.0108,0.0195,0.0076
1730000054300,51402,0.0317,-0.9657,0.0173,0.0275,-0.1044,0.0205
1730000054310,51690,0.1137,-0.9029,-0.0039,-0.2215,-0.1654,0.0672
1730000054320,51817,-0.0975,-0.8586,0.011,-0.0004,0.0302,-0.0556
1730000054330,51712,-0.0266,-0.8072,0.0019,0.0293,-0.0351,-0.0398
1730000054340,51409,-0.0017,-0.8594,-0.1433,0.0156,0.1133,-0.0258
1730000054350,51020,-0.0702,-0.8118,-0.1429,-0.0519,-0.0457,-0.0474
1730000054360,50668,-0.1087,-0.8726,-0.1055,0.0821,-0.0507,-0.0312
1730000054370,50420,-0.0714,-0.6343,-0.1139,0.0213,-0.1375,0.0659
1730000054380,50283,-0.1194,-0.6656,-0.1416,0.0327,-0.1559,-0.0005
1730000054390,50231,-0.1512,-0.7135,-0.1703,-0.0174,-0.2437,0.0447
1730000054400,50229,0.0258,-0.6229,-0.166,0.085,-0.129,0.0704
1730000054410,50251,-0.2081,-0.6284,-0.104,0.0209,0.2316,0.0442
1730000054420,50280,-0.1363,-0.5594,-0.111,0.0782,-0.0262,-0.016
1730000054430,50301,-0.1549,-0.6586,-0.0823,0.0553,-0.0469,0.0873
1730000054440,50306,-0.1041,-0.5758,-0.1252,0.0641,-0.0505,-0.0165
1730000054450,50287,-0.1092,-0.6889,-0.1317,0.0359,0.0294,0.0068
1730000054460,50245,-0.1386,-0.5993,-0.0431,0.0865,0.1403,0.0359
1730000054470,50184,-0.0666,-0.7693,-0.1781,-0.0397,0.0957,0.0373
1730000054480,50113,-0.3261,-0.6138,-0.1315,-0.1731,0.0984,-0.0603
1730000054490,50041,-0.1052,-0.809,-0.0766,0.0307,0.1802,0.0206
1730000054500,49977,-0.0193,-0.7673,-0.252,-0.125,0.0522,0.0433
1730000054510,49926,-0.0853,-0.8169,-0.115,0.013,-0.1565,0.1327
1730000054520,49890,-0.0503,-0.9352,-0.0874,-0.0674,0.0957,0.0009
1730000054530,49868,-0.174,-0.9547,-0.0191,-0.0023,0.4053,-0.1488
1730000054540,49857,-0.167,-1.1169,-0.1138,0.1798,-0.0493,-0.0676
1730000054550,49855,0.0022,-0.9345,-0.0228,-0.0385,0.0086,0.0375
1730000054560,49859,-0.1183,-1.1476,-0.0818,0.0806,0.0527,0.1074
1730000054570,49867,-0.0909,-1.0726,-0.0492,-0.1101,-0.1604,-0.1144
1730000054580,49879,-0.0773,-1.0761,-0.0507,0.0622,0.0996,0.0511
1730000054590,49893,0.082,-1.0059,-0.0561,-0.0259,-0.0042,0.0351
1730000054600,49909,-0.0945,-1.1205,-0.0846,0.1093,-0.0024,0.0444
1730000054610,49928,-0.1849,-1.1301,-0.0123,-0.0004,-0.0027,0.032
1730000054620,49947,-0.0474,-0.9564,0.0198,-0.1604,0.0341,0.0286
1730000054630,49968,-0.0649,-1.0959,-0.0238,-0.0092,0.0743,-0.0709
1730000054640,49990,-0.1026,-0.998,0.0758,0.0569,0.0206,0.0476
1730000054650,50012,0.0091,-1.003,-0.0195,-0.0911,-0.1347,0.028
1730000054660,50035,-0.0226,-0.9493,0.1185,0.0476,0.0134,0.1401
1730000054670,50058,0.0209,-0.8545,0.0581,-0.0057,0.0038,-0.1121
1730000054680,50081,-0.0972,-0.7968,0.072,0.125,-0.0548,0.0306
1730000054690,50103,0.0719,-0.6793,0.0873,-0.0592,-0.0892,-0.0426
1730000054700,50125,-0.0314,-0.6926,0.0438,-0.0298,-0.0994,0.0797
1730000054710,50146,0.0535,-0.6919,0.0844,-0.0343,0.0866,0.0306
1730000054720,50166,-0.0033,-0.5903,0.0722,-0.0866,-0.1252,0.0261
1730000054730,50185,0.1204,-0.6669,0.1263,-0.04,-0.0155,0.0035
1730000054740,50202,0.0529,-0.6609,0.2337,0.0153,0.1506,0.0051
1730000054750,50217,0.0356,-0.4571,0.1506,-0.0047,0.1214,0.0965
1730000054760,50230,0.2168,-0.6071,0.1505,-0.0459,0.2323,0.0818
1730000054770,50241,-0.0106,-0.5352,0.1738,0.1116,-0.0901,0.0496
1730000054780,50250,0.0744,-0.5754,0.1094,0.0807,-0.0947,0.0448
1730000054790,50256,0.0794,-0.7812,0.1131,0.1574,-0.1004,0.07
1730000054800,50259,0.1103,-0.7819,0.1409,0.0327,-0.0134,-0.0867
1730000054810,50260,0.2357,-0.8228,0.143,0.0656,-0.0135,0.0548
1730000054820,50258,0.1963,-0.781,0.1772,-0.1643,-0.0599,0.0141
1730000054830,50253,0.2385,-0.8025,0.1201,-0.1464,-0.1119,0.0761
1730000054840,50246,0.2332,-0.9367,0.1599,-0.0447,-0.0091,0.1338
1730000054850,50237,0.0077,-0.863,0.0905,0.0858,0.0118,-0.0183
1730000054860,50228,0.2338,-1.0209,0.0613,0.0868,0.0595,-0.0568
1730000054870,50228,0.1673,-1.1627,0.0094,0.1397,-0.1524,0.0123
1730000054880,50252,0.1555,-0.9404,0.055,0.1151,-0.0445,0.0335
1730000054890,50330,0.1142,-0.9212,0.0237,0.0066,-0.0593,-0.0831
1730000054900,50494,0.2483,-0.9079,0.0422,0.0343,0.0749,0.103
1730000054910,50760,0.1359,-1.1668,0.0565,-0.125,-0.0972,0.0328
1730000054920,51090,0.1414,-1.11,-0.0003,0.0125,-0.1159,0.0747
1730000054930,51386,0.0963,-1.0925,0.0171,0.124,-0.1924,0.0156
1730000054940,51523,0.0291,-1.0867,-0.0048,0.0192,-0.0086,0.0387
1730000054950,51428,0.0315,-0.9816,-0.1263,0.0356,-0.1102,-0.0176
1730000054960,51132,0.0211,-1.0848,-0.0199,0.0581,-0.0369,0.0628
1730000054970,50745,-0.0274,-0.9078,-0.1034,0.0479,-0.2089,0.0694
1730000054980,50390,0.0443,-0.9247,-0.0327,-0.189,0.0023,0.0393
1730000054990,50136,0.0518,-0.8889,0.0538,0.0254,0.0076,-0.0139
1730000055000,49993,0.1054,-0.8613,-0.1304,0.1685,-0.013,-0.0125
1730000055010,49934,0.0633,-0.8847,-0.0391,-0.1012,-0.1765,-0.0523
1730000055020,49926,0.036,-0.7769,-0.1274,0.1232,-0.1848,0.0733
1730000055030,49942,-0.1206,-0.681,-0.1745,-0.0042,-0.0919,-0.05
1730000055040,49963,0.0117,-0.7448,-0.066,-0.0251,0.1446,-0.0224
1730000055050,49978,-0.068,-0.6136,-0.047,0.0831,-0.1136,-0.0004
1730000055060,49974,0.0483,-0.6798,-0.1409,0.0253,0.0724,-0.004
1730000055070,49947,0.0121,-0.5769,-0.0954,0.0157,0.081,0.0777
1730000055080,49896,-0.2136,-0.7142,-0.1285,0.0357,-0.0301,-0.0121
1730000055090,49825,-0.1193,-0.7102,-0.0945,0.0506,0.3084,-0.0037
1730000055100,49743,-0.1293,-0.641,-0.2382,-0.0075,0.2087,-0.1192
1730000055110,49659,-0.0416,-0.6876,-0.1149,0.0295,-0.0834,-0.0067
1730000055120,49583,-0.2247,-0.6773,-0.1667,-0.0241,0.1195,-0.0368
1730000055130,49519,-0.1719,-0.6671,-0.107,-0.0516,-0.1807,-0.06
1730000055140,49470,-0.0607,-0.8349,-0.1116,-0.0434,-0.1139,0.055
1730000055150,49435,-0.3187,-0.734,-0.1859,-0.1192,0.1579,-0.0596
1730000055160,49411,-0.14,-0.8474,-0.1186,-0.1308,-0.0002,-0.0469
1730000055170,49397,-0.0541,-0.9101,-0.1257,0.1336,-0.1872,0.0515
1730000055180,49389,-0.1162,-0.9318,-0.0293,-0.0975,-0.0179,-0.059
1730000055190,49386,-0.1986,-0.8891,-0.0916,-0.0195,0.0919,0.0319
1730000055200,49388,-0.0691,-1.0264,-0.141,-0.0293,-0.116,-0.063
1730000055210,49392,-0.2048,-1.1345,-0.0935,0.0109,0.1457,0.0105
1730000055220,49400,-0.1941,-0.9614,-0.0306,0.0529,0.0956,0.0391
1730000055230,49410,-0.1374,-1.0477,-0.0478,0.0413,-0.0687,0.0243
1730000055240,49423,-0.1038,-1.1782,-0.2407,0.0254,-0.0801,0.055
1730000055250,49438,-0.26,-1.0773,-0.0184,0.0424,-0.0688,0.0555
1730000055260,49455,-0.0856,-1.1486,-0.0233,-0.0695,-0.0152,0.0332
1730000055270,49473,-0.0351,-1.0483,0.0294,-0.0357,0.0803,-0.0565
1730000055280,49494,-0.0258,-1.0623,0.0547,0.0528,-0.0237,0.0591
1730000055290,49516,-0.0207,-1.1001,-0.0165,-0.0518,-0.1073,0.0783
1730000055300,49539,-0.0992,-1.0715,0.1383,0.1702,-0.0738,-0.1117
1730000055310,49563,0.0351,-0.9788,0.005,0.0683,-0.1593,-0.0841
1730000055320,49588,-0.0761,-0.9144,-0.0097,-0.0002,0.134,-0.0323
1730000055330,49613,-0.014,-0.8099,0.0373,0.0392,0.0175,-0.0596
1730000055340,49639,-0.0604,-0.7331,0.1236,-0.004,-0.0628,0.0897
1730000055350,49664,-0.1198,-0.7963,0.1262,-0.0139,-0.0697,0.036
1730000055360,49689,0.173,-0.7595,0.0251,0.0635,0.1113,-0.0193
1730000055370,49713,0.0812,-0.6258,0.0781,-0.0944,0.0623,0.066
1730000055380,49737,-0.0779,-0.5526,0.1244,0.1167,0.0043,0.1058
1730000055390,49759,0.0106,-0.5992,0.0401,0.1313,0.0753,-0.086
1730000055400,49780,-0.0198,-0.6189,0.0087,0.0267,-0.0662,0.0634
1730000055410,49799,0.0747,-0.5766,0.1283,0.0233,-0.213,-0.051
1730000055420,49817,0.0303,-0.6861,0.0363,-0.0094,-0.117,0.0509
1730000055430,49832,-0.012,-0.6183,0.0673,0.0088,0.0295,-0.0488
1730000055440,49846,0.18,-0.6019,0.2065,-0.1868,-0.208,-0.0439
1730000055450,49857,0.2113,-0.6707,0.1988,-0.0525,0.071,-0.0121
1730000055460,49866,0.1084,-0.6861,0.1552,-0.0432,-0.0816,0.0758
1730000055470,49873,0.1072,-0.7644,0.1103,-0.0792,-0.2247,0.1155
1730000055480,49881,0.2097,-0.7962,0.1083,0.0241,-0.0122,-0.0019
1730000055490,49898,0.1628,-0.7252,0.0913,-0.0047,-0.0901,0.0081
1730000055500,49939,0.1744,-0.9729,0.0454,-0.13,-0.0844,0.0465
1730000055510,50035,0.1589,-0.7593,0.1022,0.0052,0.0253,-0.0492
1730000055520,50219,0.0859,-0.879,0.1289,0.0064,0.1067,-0.0526
1730000055530,50506,-0.0315,-0.9006,0.1583,-0.1134,0.0273,-0.056
1730000055540,50855,0.1444,-1.0239,0.127,-0.0801,0.0497,-0.0424
1730000055550,51163,0.1423,-1.0851,0.1254,0.0704,0.0838,0.1076
1730000055560,51303,0.2272,-1.0998,0.0712,0.0468,-0.057,0.0211
1730000055570,51207,0.2531,-1.0931,0.0218,-0.0091,0.1331,0.0311
1730000055580,50910,0.1231,-1.0805,0.0447,-0.0344,-0.0636,-0.0035
1730000055590,50530,0.2561,-1.149,-0.0226,-0.0834,0.0526,0.0457
1730000055600,50189,0.0093,-1.1824,-0.0525,-0.1686,-0.0067,0.0259
1730000055610,49954,-0.0074,-1.042,0.1055,-0.1385,-0.0899,-0.0651
1730000055620,49829,-0.0018,-0.9795,0.0075,0.0827,0.1051,0.0387
1730000055630,49783,0.12,-1.0723,-0.0563,0.0163,-0.1015,-0.0127
1730000055640,49785,0.0075,-0.9794,0.0012,0.0086,-0.0504,0.0359
1730000055650,49807,0.0046,-0.8771,0.0446,-0.0428,-0.2275,-0.0094
1730000055660,49832,-0.0604,-0.8769,-0.0485,-0.0099,0.0901,-0.0964
1730000055670,49847,0.0965,-0.873,-0.0349,0.0117,0.0688,0.0192
1730000055680,49841,-0.162,-0.8109,-0.0594,0.0736,0.1468,0.0934
1730000055690,49809,-0.048,-0.7889,-0.1202,0.1054,0.2184,0.0583
1730000055700,49752,-0.0676,-0.7557,-0.0873,-0.0241,0.0088,-0.0903
1730000055710,49675,-0.1833,-0.549,-0.1489,-0.0389,0.1248,0.1253
1730000055720,49588,-0.0105,-0.6011,-0.024,0.0027,0.0199,-0.1095
1730000055730,49501,-0.1744,-0.6385,-0.1365,0.0723,-0.0169,-0.0076
1730000055740,49421,-0.1791,-0.4703,-0.1421,0.0489,-0.065,-0.0423
1730000055750,49353,-0.0457,-0.6755,-0.107,-0.0323,0.1246,0.0488
1730000055760,49300,-0.1041,-0.5763,-0.1851,0.0235,0.186,0.0239
1730000055770,49260,-0.1917,-0.593,-0.2015,-0.1365,0.1244,-0.0244
1730000055780,49231,0.0137,-0.5927,-0.1033,-0.0454,0.0427,0.0376
1730000055790,49210,-0.0899,-0.6218,0.0092,0.0058,-0.2212,-0.0286
1730000055800,49196,-0.1462,-0.7276,-0.2728,-0.0951,0.1094,-0.0699
1730000055810,49186,-0.0322,-0.7943,-0.0648,-0.0384,0.1094,0.1331
1730000055820,49179,-0.1011,-0.6695,-0.1647,0.0075,0.0836,-0.0013
1730000055830,49177,-0.1961,-0.8888,-0.1282,-0.0085,0.0915,0.0051
1730000055840,49177,-0.1416,-0.7957,0.0106,0.0245,0.0381,-0.0055
1730000055850,49180,-0.0738,-0.8533,-0.13,0.0282,-0.0675,-0.0274
1730000055860,49186,-0.1901,-0.9849,-0.0785,0.0403,0.0285,-0.0376
1730000055870,49196,-0.1174,-0.9632,0.0092,0.0308,0.0138,0.0087
1730000055880,49207,-0.1807,-1.0707,-0.0857,0.1383,0.0211,-0.0652
1730000055890,49222,-0.0263,-1.1318,0.0674,0.0169,0.0643,-0.045
1730000055900,49239,-0.1693,-0.9334,0.0268,-0.0932,-0.2435,-0.1167
1730000055910,49259,-0.1831,-1.1108,-0.0449,0.0409,-0.1696,-0.0541
1730000055920,49280,-0.2294,-1.0931,-0.0143,-0.0954,-0.0423,0.0512
1730000055930,49304,0.192,-1.1114,0.0374,-0.108,0.0439,0.1566
1730000055940,49330,-0.0121,-1.1279,-0.0094,-0.181,0.1993,-0.037
1730000055950,49357,-0.0202,-1.1112,-0.0167,-0.0032,-0.0109,0.0833
1730000055960,49386,-0.078,-1.006,0.0644,0.0657,0.1527,-0.0599
1730000055970,49416,0.0598,-1.0373,0.0176,0.0593,0.1914,-0.07
1730000055980,49446,0.0179,-0.9265,-0.0101,-0.1429,-0.0936,0.0324
1730000055990,49478,0.1574,-0.856,0.09,0.0366,-0.1275,-0.0345
1730000056000,49509,-0.0503,-0.8209,0.012,-0.1232,-0.0478,-0.0162
1730000056010,49541,-0.0739,-0.7177,0.0928,-0.0512,0.0159,-0.021
1730000056020,49573,-0.0243,-0.8372,-0.0015,0.0822,-0.017,0.0442
1730000056030,49604,0.0878,-0.6694,0.0685,-0.0105,-0.1175,-0.1609
1730000056040,49634,-0.0098,-0.6376,0.0557,-0.1009,-0.002,0.0048
1730000056050,49664,-0.0642,-0.6981,-0.0185,0.1036,-0.0585,0.0778
1730000056060,49692,0.2673,-0.7618,0.0169,0.1029,-0.1286,-0.0455
1730000056070,49719,-0.0373,-0.6851,0.0214,-0.0619,0.1119,-0.0844
1730000056080,49745,0.158,-0.6227,0.1246,-0.0318,-0.0832,0.0959
1730000056090,49769,-0.0632,-0.5898,0.1894,0.0681,-0.1105,-0.0293
1730000056100,49794,0.1101,-0.6465,0.1035,-0.1042,0.0309,0.029
1730000056110,49826,0.0206,-0.6209,0.0873,0.1061,-0.035,0.0185
1730000056120,49876,0.0254,-0.7413,0.062,0.1006,0.0972,0.0759
1730000056130,49967,0.2957,-0.6323,0.1271,0.1121,0.1155,0.0028
1730000056140,50130,0.1532,-0.6844,0.1704,-0.0366,0.0632,0.0402
1730000056150,50384,0.1222,-0.7335,0.0498,-0.0474,-0.1663,-0.0015
1730000056160,50717,0.1573,-0.8417,0.102,-0.0507,0.0072,0.058
1730000056170,51060,0.2246,-0.9003,0.1178,0.0255,-0.066,-0.0066
1730000056180,51308,0.1613,-0.8862,0.0667,-0.0459,-0.1132,-0.0399
1730000056190,51366,0.0856,-1.0381,0.0554,0.0085,0.0006,0.0625
1730000056200,51211,0.2075,-0.8972,0.0812,0.0741,-0.0352,-0.0836
1730000056210,50905,0.3068,-1.0087,0.1557,0.1445,-0.0874,-0.0455
1730000056220,50558,0.12,-1.0377,0.1625,0.0773,-0.0739,-0.0162
1730000056230,50266,0.1464,-1.0976,0.1116,-0.0364,0.0235,-0.0822
1730000056240,50072,0.1399,-1.022,-0.0013,-0.0409,0.019,0.0996
1730000056250,49974,0.2679,-1.0039,-0.0198,0.1056,0.055,-0.0539
1730000056260,49945,-0.0127,-1.2139,0.0105,-0.1237,-0.0543,-0.0195
1730000056270,49956,0.2081,-1.1062,-0.0128,0.011,0.0565,-0.0048
1730000056280,49985,0.0612,-1.1184,0.0483,-0.0124,-0.0728,-0.0243
1730000056290,50016,-0.0357,-0.9693,0.0515,-0.0743,0.1528,-0.0424
1730000056300,50039,0.0966,-1.0069,-0.0345,0.029,0.0726,0.0548
1730000056310,50043,0.0849,-0.9847,0.0009,-0.1708,-0.0474,0.0274
1730000056320,50024,0.183,-0.9261,-0.0434,-0.0001,-0.0501,-0.0274
1730000056330,49981,0.0176,-0.8076,-0.1937,-0.1475,0.0447,-0.0954
1730000056340,49917,-0.0395,-0.8118,-0.0658,-0.0306,0.0978,-0.1222
1730000056350,49839,-0.0308,-0.7711,-0.1265,0.0014,0.0213,0.0394
1730000056360,49757,0.0599,-0.7504,-0.0271,0.067,-0.2689,0.0304
1730000056370,49677,0.1017,-0.7091,-0.0166,-0.0341,0.061,-0.0379
1730000056380,49607,-0.1048,-0.5781,-0.0636,0.0695,0.0182,-0.0312
1730000056390,49548,0.0124,-0.6668,-0.1035,-0.0471,0.2669,-0.0412
1730000056400,49501,-0.069,-0.6578,-0.1076,-0.0889,0.0414,-0.0078
1730000056410,49465,-0.2011,-0.632,-0.2778,-0.0468,-0.0971,-0.0607
1730000056420,49438,-0.2366,-0.6388,-0.0657,-0.0556,0.1717,0.0703
1730000056430,49418,-0.1139,-0.5891,-0.0926,-0.1431,-0.2636,0.0046
1730000056440,49402,0.0018,-0.6976,-0.1391,0.0904,0.1238,0.0265
1730000056450,49391,-0.1568,-0.6645,-0.1033,0.0821,0.1878,-0.0022
1730000056460,49384,-0.0551,-0.659,-0.0728,0.1635,0.0484,-0.0469
1730000056470,49379,-0.1874,-0.7085,-0.1041,-0.0117,0.0408,-0.0931
1730000056480,49378,-0.1229,-0.7793,0.0073,0.0409,-0.1811,-0.0865
1730000056490,49379,-0.1204,-0.8107,-0.0641,0.0327,-0.1195,-0.0659
1730000056500,49384,-0.1124,-0.8828,-0.0869,-0.0263,-0.0599,0.1023
1730000056510,49391,-0.1887,-0.8655,-0.1473,-0.0097,-0.0229,-0.0498
1730000056520,49401,-0.2223,-0.9025,-0.0745,0.0965,-0.0158,-0.1174
1730000056530,49414,-0.227,-0.9027,-0.036,0.083,-0.1845,-0.0313
1730000056540,49430,-0.0692,-1.0039,-0.1254,-0.16,0.0968,-0.047
1730000056550,49448,-0.1705,-1.0591,-0.0176,0.0905,0.025,-0.0964
1730000056560,49469,-0.1854,-1.125,-0.0448,0.1527,0.1169,0.0461
1730000056570,49493,-0.1839,-1.0827,-0.073,0.0312,0.0666,0.0936
1730000056580,49519,-0.1061,-1.125,-0.0081,-0.1555,0.0724,-0.0817
1730000056590,49547,-0.0564,-1.1152,0.0026,0.0659,0.1338,-0.0483
1730000056600,49576,-0.0033,-1.1151,-0.0726,-0.1007,-0.0231,0.012
1730000056610,49608,-0.1503,-1.1062,-0.0045,-0.0474,0.0189,-0.1144
1730000056620,49641,-0.1863,-1.0216,0.0856,-0.0515,-0.2409,-0.025
1730000056630,49675,-0.085,-0.9973,0.0113,0.0239,-0.082,-0.0888
1730000056640,49711,-0.0396,-0.9429,0.0938,-0.1341,-0.0364,-0.0111
1730000056650,49747,0.0405,-0.8836,0.0817,-0.05,-0.0447,-0.0102
1730000056660,49783,-0.0882,-0.8954,0.0271,0.0021,0.0481,-0.0066
1730000056670,49820,-0.0778,-0.869,0.0694,0.0891,-0.0244,-0.0844
1730000056680,49857,0.2133,-0.7812,0.1064,-0.0023,0.0086,-0.0272
1730000056690,49893,0.0625,-0.7066,0.0379,0.0217,0.0895,0.0436
1730000056700,49929,0.069,-0.6841,0.072,-0.0425,0.0473,0.1284
1730000056710,49964,-0.0967,-0.6138,0.1858,0.0117,0.0715,0.0519
1730000056720,49998,-0.0027,-0.6215,0.133,-0.0135,0.0231,-0.0093
1730000056730,50031,0.1594,-0.6084,0.083,0.0973,-0.0955,-0.0166
1730000056740,50064,0.1552,-0.613,0.1388,0.0793,0.063,-0.0075
1730000056750,50100,0.2104,-0.6208,0.1775,-0.0654,0.0136,0.0024
1730000056760,50150,0.0828,-0.6945,0.0912,0.048,0.152,-0.0137
1730000056770,50235,0.1801,-0.5733,0.1498,0.0205,0.0495,0.0609
1730000056780,50385,0.1205,-0.6376,0.0484,0.0281,0.0811,-0.0286
1730000056790,50631,0.1702,-0.726,0.086,-0.0571,0.0326,-0.0072
1730000056800,50973,0.0726,-0.7515,0.0611,-0.0922,-0.0249,0.0072
1730000056810,51349,0.0429,-0.7108,0.1404,0.0894,0.0018,0.0171
1730000056820,51642,0.0909,-0.7014,0.1033,0.0164,-0.081,-0.0217
1730000056830,51740,0.3132,-0.794,0.1755,0.007,0.1088,-0.1228
1730000056840,51603,0.1857,-0.8562,0.1405,0.0105,0.0451,-0.0042
1730000056850,51297,0.1135,-0.9283,0.2346,0.0487,-0.0502,-0.085
1730000056860,50946,0.1608,-0.9433,0.044,0.0267,0.0708,0.1059
1730000056870,50657,0.1845,-0.9665,0.0967,-0.0727,0.0638,-0.0069
1730000056880,50478,0.0292,-1.0322,0.0784,0.039,-0.1504,-0.0854
1730000056890,50400,0.1982,-0.999,0.0259,0.0331,-0.046,0.0137
1730000056900,50390,0.0988,-1.0186,0.0163,-0.0068,-0.0313,-0.0332
1730000056910,50418,0.1841,-1.0704,0.009,0.0914,0.0793,0.1031
1730000056920,50459,0.2057,-1.1132,0.055,0.0329,-0.0028,0.1266
1730000056930,50499,0.1399,-1.0893,-0.013,0.0478,-0.0078,0.0753
1730000056940,50524,0.0319,-1.2448,0.0902,0.1304,-0.2363,-0.0189
1730000056950,50525,0.0381,-1.0166,0.0527,0.0479,-0.0606,-0.0225
1730000056960,50499,-0.0411,-1.0108,-0.0041,-0.0779,0.0284,-0.0598
1730000056970,50447,0.1161,-1.0854,-0.1238,-0.0622,-0.0031,0.021
1730000056980,50375,0.0339,-0.919,-0.0281,0.0228,-0.0553,-0.067
1730000056990,50293,0.0859,-0.885,0.0097,0.0032,0.2312,0.0195
1730000057000,50210,-0.0149,-0.7717,-0.0659,0.0604,0.164,0.0543
1730000057010,50134,-0.1236,-0.824,-0.1326,-0.0682,0.0284,-0.0632
1730000057020,50070,-0.0123,-0.6565,-0.1415,-0.0323,-0.1571,0.0208
1730000057030,50018,0.0089,-0.7538,-0.035,-0.1048,-0.0798,-0.0598
1730000057040,49977,-0.1138,-0.6495,-0.1355,-0.0825,0.054,-0.0052
1730000057050,49944,-0.1041,-0.6764,-0.0733,-0.0169,0.1775,0.0045
1730000057060,49919,-0.0758,-0.6461,-0.0099,-0.197,-0.1386,-0.059
1730000057070,49898,0.0304,-0.6139,-0.2118,-0.1341,-0.0393,-0.056
1730000057080,49880,-0.185,-0.5389,-0.1259,0.1104,0.0157,0.0123
1730000057090,49866,-0.046,-0.7332,-0.0947,0.0918,0.0148,0.0604
1730000057100,49853,-0.2394,-0.5902,-0.1078,-0.0202,0.1153,-0.0304
1730000057110,49844,-0.196,-0.605,-0.1548,0.0138,0.0158,0.0257
1730000057120,49837,-0.289,-0.6855,-0.0854,-0.2278,-0.0037,-0.0344
1730000057130,49832,-0.1774,-0.7275,-0.0978,0.0353,0.0807,0.0038
1730000057140,49830,-0.0076,-0.7171,-0.2364,-0.0724,0.1951,-0.0106
1730000057150,49831,-0.2301,-0.7964,-0.1562,0.0134,-0.1314,0.0203
1730000057160,49834,0.0113,-0.8201,-0.0172,0.0226,-0.1067,0.0305
1730000057170,49840,-0.1721,-0.8331,-0.0894,-0.0719,0.1934,-0.0472
1730000057180,49850,-0.1696,-0.9898,-0.0798,-0.0211,-0.0384,-0.0531
1730000057190,49861,-0.1427,-0.9395,-0.0646,-0.1325,0.0247,0.07
1730000057200,49876,-0.2037,-1.0907,-0.1148,0.0712,-0.0053,0.0553
1730000057210,49893,-0.018,-1.069,-0.0508,0.1372,-0.2099,-0.0182
1730000057220,49913,-0.1417,-1.0214,-0.0514,-0.063,-0.0101,-0.0193
1730000057230,49936,-0.1134,-1.0844,-0.0332,-0.0299,-0.0213,0.023
1730000057240,49960,-0.0833,-1.144,-0.0617,0.0434,-0.0545,-0.0186
1730000057250,49987,-0.1747,-1.1107,-0.0661,0.1511,-0.0871,-0.032
1730000057260,50016,-0.053,-1.0695,0.0119,0.0383,0.0272,-0.0333
1730000057270,50046,-0.0649,-1.0919,0.0477,0.0511,0.0935,0.0012
1730000057280,50078,-0.0097,-1.08,0.01,-0.0795,-0.0853,0.0125
1730000057290,50111,-0.0182,-1.007,0.0553,-0.0636,0.1324,0.0426
1730000057300,50146,-0.1491,-1.0032,0.0087,0.1591,0.1789,0.0232
1730000057310,50181,-0.0191,-0.9123,0.0004,0.0537,-0.0039,0.0511
1730000057320,50217,-0.146,-0.9039,0.1027,-0.0456,0.0695,-0.05
1730000057330,50253,-0.017,-0.9606,0.0979,-0.107,0.0757,-0.0375
1730000057340,50289,-0.0918,-0.7964,0.0535,-0.0999,0.0274,0.0336
1730000057350,50326,0.0375,-0.76,0.0664,0.0051,0.1241,-0.0151
1730000057360,50363,-0.0893,-0.8511,0.1434,0.0182,-0.1293,0.0332
1730000057370,50403,-0.0075,-0.6346,0.076,-0.042,0.0791,-0.0154
1730000057380,50453,0.0452,-0.6576,0.2251,0.055,0.069,0.0292
1730000057390,50532,0.0298,-0.6928,0.1669,0.1321,0.1661,0.0536
1730000057400,50666,0.1743,-0.6639,0.0868,0.0024,0.038,-0.0737
1730000057410,50887,0.0089,-0.5858,0.1482,-0.0942,-0.202,0.0248
1730000057420,51207,0.2253,-0.549,0.1117,-0.0392,-0.0863,-0.0003
1730000057430,51586,0.0993,-0.5501,0.1254,0.0434,0.0071,0.0029
1730000057440,51927,0.1137,-0.7125,0.149,-0.127,0.4061,-0.0012
1730000057450,52111,0.0665,-0.6206,0.0677,0.1023,0.2326,0.0517
1730000057460,52070,0.0923,-0.7172,0.2594,-0.0059,-0.0916,0.061
1730000057470,51830,0.2372,-0.6758,0.0606,0.0002,0.0743,-0.0128
1730000057480,51496,0.2314,-0.7899,0.1647,0.0237,0.0635,0.0423
1730000057490,51187,0.1614,-0.7587,-0.01,-0.0543,-0.0037,-0.0284
1730000057500,50972,0.1592,-0.8767,0.1277,-0.0213,0.3503,-0.1184
1730000057510,50864,0.0876,-1.0026,0.0421,-0.0392,-0.2916,-0.0253
1730000057520,50836,0.2508,-0.8857,0.078,-0.0174,-0.166,0.0857
1730000057530,50857,0.1954,-1.0289,0.0632,0.0475,-0.1604,-0.0135
1730000057540,50901,0.2044,-1.0216,0.1208,0.0078,0.1585,0.0229
1730000057550,50950,0.1395,-1.0873,0.0986,0.0909,0.2039,0.0445
1730000057560,50989,0.0489,-1.1334,0.0594,-0.006,0.2523,0.0165
1730000057570,51009,0.0266,-1.1603,0.0588,-0.0521,-0.1885,0.0645
1730000057580,51002,0.1953,-1.2003,0.1206,-0.001,-0.166,0.0014
1730000057590,50968,0.0152,-1.0446,0.0826,-0.0134,0.0301,0.0492
1730000057600,50910,0.1564,-0.9822,0.0309,-0.0117,0.0446,-0.094
1730000057610,50834,0.0894,-1.0358,-0.0474,-0.0194,0.2322,0.0437
1730000057620,50752,0.08,-1.079,0.0111,-0.0394,0.1898,-0.0267
1730000057630,50671,0.029,-1.0195,-0.0381,0.0558,-0.0735,-0.0167
1730000057640,50598,0.0821,-1.0193,0.0301,-0.0255,-0.1853,-0.0201
1730000057650,50535,-0.023,-0.8729,0.0052,-0.0985,0.1079,-0.135
1730000057660,50483,0.007,-0.7937,-0.0698,-0.1471,0.1161,-0.0708
1730000057670,50440,-0.0173,-0.8912,0.0066,0.0547,0.0677,0.0464
1730000057680,50404,-0.122,-0.733,-0.0448,-0.0984,-0.0581,-0.0057
1730000057690,50372,-0.0102,-0.7343,0.0373,0.0042,0.091,-0.0352
1730000057700,50343,-0.1025,-0.6645,-0.1164,-0.0133,-0.0563,0.0351
1730000057710,50317,-0.0908,-0.7209,-0.1216,0.0162,0.059,0.1154
1730000057720,50293,-0.175,-0.6968,-0.1044,-0.0234,-0.0279,0.101
1730000057730,50270,0.0567,-0.6577,-0.1479,-0.141,-0.0955,0.0597
1730000057740,50249,-0.1598,-0.5969,-0.2137,-0.0891,-0.0732,-0.0771
1730000057750,50229,-0.1227,-0.5606,-0.1773,0.131,-0.0119,0.0543
1730000057760,50212,-0.0726,-0.5956,-0.0722,-0.0259,0.0013,-0.0153
1730000057770,50196,-0.2008,-0.4898,-0.2258,0.0313,0.1005,-0.0224
1730000057780,50183,-0.144,-0.639,-0.0834,0.04,-0.0232,-0.0157
1730000057790,50172,-0.0334,-0.6694,-0.1264,-0.0539,0.0062,0.0638
1730000057800,50164,-0.0742,-0.7671,-0.1433,-0.08,0.0609,-0.0046
1730000057810,50158,-0.1599,-0.8316,-0.1265,0.0118,0.1177,-0.03
1730000057820,50155,-0.1269,-0.766,-0.0634,-0.0522,0.1103,-0.0354
1730000057830,50155,-0.2078,-0.8917,-0.0931,-0.0056,-0.0719,-0.0402
1730000057840,50158,-0.1929,-0.7826,-0.066,0.1112,-0.1569,-0.0105
1730000057850,50163,-0.2024,-0.9296,-0.1512,0.1328,0.0232,-0.0263
1730000057860,50171,-0.0544,-0.9833,-0.1289,-0.0266,-0.1105,-0.0006
1730000057870,50181,-0.212,-1.0269,-0.1126,-0.0449,0.104,0.0539
1730000057880,50195,-0.0717,-1.0425,-0.0788,0.0098,0.3267,0.1154
1730000057890,50210,-0.1259,-1.0133,-0.1198,-0.0135,-0.1054,-0.0311
1730000057900,50228,-0.1928,-1.0734,-0.0371,-0.091,0.2314,0.1198
1730000057910,50248,-0.1453,-1.1046,-0.0625,0.0856,-0.0603,0.0608
1730000057920,50271,-0.059,-1.1867,-0.085,0.0203,0.1156,-0.0324
1730000057930,50295,-0.0538,-1.1748,-0.115,-0.0164,0.0703,0.0404
1730000057940,50320,-0.0535,-1.1763,0.0421,-0.0565,-0.0477,0.0401
1730000057950,50347,-0.0647,-1.0855,-0.0594,-0.0244,-0.1744,-0.1434
1730000057960,50376,-0.1964,-0.9791,0.0216,-0.0473,0.0845,-0.0335
1730000057970,50405,-0.1516,-0.9526,0.0468,-0.0322,-0.1908,0.0644
1730000057980,50435,0.059,-0.8907,0.0237,-0.0347,0.0163,-0.0127
1730000057990,50466,-0.0324,-0.8605,-0.0347,0.0002,0.1152,-0.0764
1730000058000,50501,-0.0008,-0.8715,0.0626,-0.0417,-0.1969,-0.0236
1730000058010,50543,0.0715,-0.7728,0.0342,-0.0299,-0.0121,-0.0662
1730000058020,50607,0.1411,-0.8157,0.0416,-0.1713,-0.0124,0.1101
1730000058030,50714,-0.0522,-0.6888,0.096,-0.0738,-0.0674,-0.0672
1730000058040,50895,0.1092,-0.6765,0.1727,-0.0625,0.061,-0.0474
1730000058050,51171,0.1061,-0.8433,0.0907,0.1205,-0.0479,0.0201
1730000058060,51527,0.0059,-0.577,0.0433,-0.0696,-0.1568,-0.1015
1730000058070,51892,0.0348,-0.4923,0.0297,-0.0949,-0.0592,-0.0089
1730000058080,52157,0.2411,-0.5571,0.2049,0.0517,-0.1812,-0.0292
1730000058090,52228,0.1954,-0.5797,0.0692,-0.1012,0.1176,0.0058
1730000058100,52085,0.2211,-0.5815,0.081,-0.0742,0.1756,0.1285
1730000058110,51795,0.0812,-0.6521,0.0562,0.0645,0.0618,-0.0346
1730000058120,51471,0.2022,-0.6936,0.131,0.0973,-0.0514,-0.0574
1730000058130,51205,0.0341,-0.6773,-0.0074,0.0057,-0.2016,-0.0078
1730000058140,51041,0.1547,-0.6521,0.1747,0.0973,0.0888,0.0579
1730000058150,50970,0.1632,-0.8222,0.0961,0.0027,0.0315,-0.0728
1730000058160,50966,0.1305,-0.7542,0.1071,0.0439,0.0003,0.106
1730000058170,50998,0.0504,-0.781,0.0683,-0.0959,-0.0473,0.033
1730000058180,51046,0.1325,-0.908,0.0317,-0.1403,0.104,-0.0381
1730000058190,51094,0.1708,-0.9506,0.0983,-0.0343,-0.0681,0.0108
1730000058200,51129,0.0491,-0.9389,0.0784,-0.0031,0.0025,-0.0501
1730000058210,51144,0.0563,-1.0505,0.0302,-0.0383,-0.0898,0.0392
1730000058220,51132,-0.0122,-1.0155,0.0098,-0.021,0.0022,-0.0074
1730000058230,51094,0.2716,-1.0689,0.0904,-0.1004,0.1207,0.145
1730000058240,51033,0.1224,-1.0479,0.0431,-0.0903,0.0682,-0.0973
1730000058250,50956,0.0791,-1.0951,0.1072,0.0031,-0.1448,-0.0741
1730000058260,50873,0.094,-1.0624,0.0334,0.0084,0.052,0.1056
1730000058270,50792,0.0553,-1.1921,0.06,0.0443,0.0688,-0.0715
1730000058280,50717,0.0751,-1.0463,0.0042,-0.0122,0.0345,0.026
1730000058290,50652,0.0627,-1.0406,0.0136,-0.0563,0.1936,0.0011
1730000058300,50596,0.0335,-0.865,-0.0044,-0.0986,-0.2751,0.0586
1730000058310,50548,-0.0069,-1.097,-0.0473,-0.0041,0.1293,0.0023
1730000058320,50505,-0.0392,-0.9376,0.0107,0.0031,0.1216,-0.0998
1730000058330,50467,-0.0605,-0.8758,-0.0639,-0.0298,-0.0344,0.0577
1730000058340,50431,0.0521,-0.7635,-0.0802,0.0512,0.0348,0.1174
1730000058350,50397,0.1047,-0.7911,-0.0523,-0.0609,-0.1445,-0.0532
1730000058360,50363,-0.1413,-0.7437,-0.0674,0.1479,0.1342,-0.022
1730000058370,50331,-0.0948,-0.7213,-0.0562,-0.0013,-0.1576,0.0396
1730000058380,50300,0.0269,-0.6223,-0.0847,-0.1024,-0.0662,-0.0059
1730000058390,50270,-0.1828,-0.6367,-0.1388,0.0082,-0.0895,-0.0631
1730000058400,50241,-0.111,-0.6711,-0.081,0.0131,-0.0261,-0.0761
1730000058410,50214,-0.211,-0.5622,-0.1639,0.1575,-0.0971,0.0665
1730000058420,50188,-0.2539,-0.5785,-0.2087,0.055,0.0087,-0.1235
1730000058430,50165,-0.2581,-0.6783,-0.1376,-0.0272,0.1737,-0.0072
1730000058440,50144,-0.1402,-0.5917,-0.1003,0.0086,0.1834,-0.0369
1730000058450,50125,-0.1562,-0.7128,-0.1731,-0.0099,0.0051,-0.0441
1730000058460,50108,-0.0875,-0.8016,-0.1254,-0.0729,0.0195,-0.0089
1730000058470,50094,-0.1136,-0.7355,-0.0856,0.0171,-0.0505,0.0275
1730000058480,50083,-0.2355,-0.6976,-0.0956,-0.1459,0.0725,-0.0804
1730000058490,50075,-0.1448,-0.6987,-0.1171,0.0393,-0.1417,-0.0798
1730000058500,50069,-0.2344,-0.8352,-0.1177,0.118,0.2642,0.0526
1730000058510,50066,-0.1533,-0.9113,-0.0945,-0.1336,-0.0044,0.0356
1730000058520,50065,-0.0364,-0.8798,-0.0884,-0.0668,0.0964,-0.0801
1730000058530,50068,-0.132,-1.0133,-0.1159,-0.0966,-0.1013,0.0241
1730000058540,50073,-0.0764,-1.0209,-0.1327,0.0303,0.1135,-0.0551
1730000058550,50080,-0.1718,-0.9643,-0.0925,0.1095,0.1113,-0.0267
1730000058560,50091,-0.0463,-1.0707,-0.1047,-0.0413,-0.3158,-0.032
1730000058570,50103,0.0211,-1.0592,-0.1031,0.0703,-0.0112,-0.0162
1730000058580,50117,-0.224,-1.0253,-0.0583,0.0373,0.0176,-0.1448
1730000058590,50134,-0.1244,-1.0959,-0.0497,0.0994,0.1269,-0.045
1730000058600,50152,-0.0792,-1.0744,0.084,0.0792,0.0602,-0.0144
1730000058610,50172,0.005,-0.9823,-0.0072,0.0768,0.0459,0.1209
1730000058620,50194,-0.2451,-0.9606,0.0112,0.0385,0.1869,0.1187
1730000058630,50217,-0.0583,-0.9987,0.0711,-0.0147,-0.0717,-0.0713
1730000058640,50244,-0.0282,-1.0113,0.046,-0.0934,-0.1411,0.0472
1730000058650,50279,-0.0692,-0.9719,-0.0504,0.018,-0.1553,0.0031
1730000058660,50337,0.1024,-0.8567,0.0329,0.0106,-0.1307,-0.0278
1730000058670,50442,0.0639,-0.7945,0.0299,-0.0967,0.0272,0.0307
1730000058680,50630,0.0063,-0.7612,0.1289,0.0241,-0.0722,0.0239
1730000058690,50922,0.0875,-0.7975,-0.0122,0.0211,0.0409,0.0564
1730000058700,51296,0.1087,-0.7518,0.0114,-0.0264,-0.1788,0.0492
1730000058710,51665,0.0175,-0.5286,0.0449,-0.0005,0.1248,0.0506
1730000058720,51902,-0.1135,-0.554,0.1001,0.1201,0.028,-0.1067
1730000058730,51915,0.295,-0.7167,0.1228,0.0016,-0.1849,-0.023
1730000058740,51708,0.1143,-0.5656,0.1096,0.0787,0.115,0.0338
1730000058750,51380,0.2,-0.6197,0.1995,-0.0115,-0.0726,0.0414
1730000058760,51058,0.1023,-0.697,0.1128,0.0912,-0.1513,0.0236
1730000058770,50827,0.0836,-0.6129,0.1852,0.024,-0.0396,-0.0481
1730000058780,50708,0.1307,-0.6537,0.1335,-0.0465,-0.0175,-0.0715
1730000058790,50679,0.114,-0.6286,0.1022,-0.0005,0.0102,0.0428
1730000058800,50704,0.0958,-0.6966,0.1512,0.0816,-0.0726,-0.0354
1730000058810,50754,0.1682,-0.8036,0.0273,0.2294,0.0196,-0.0883
1730000058820,50810,0.0845,-0.7338,0.0974,0.1214,0.1327,-0.0949
1730000058830,50857,0.1469,-0.8493,0.0889,0.0786,0.1575,-0.049
1730000058840,50883,0.2222,-0.8464,0.1566,0.058,-0.0573,-0.022
1730000058850,50882,0.2563,-0.9449,0.1422,-0.0386,-0.1342,0.0522
1730000058860,50852,0.0742,-0.9513,0.1513,0.0595,-0.1211,0.0358
1730000058870,50795,0.238,-1.0382,0.046,-0.1597,0.0506,0.0094
1730000058880,50721,0.1891,-1.0784,0.0934,0.0398,-0.0802,0.0652
1730000058890,50639,0.1525,-1.0748,-0.0694,0.079,0.168,0.0037
1730000058900,50559,0.1757,-1.0477,0.024,0.1424,0.0681,-0.0265
1730000058910,50485,0.2755,-1.1761,0.0411,-0.0577,-0.0941,0.0459
1730000058920,50421,0.1022,-1.1241,0.0012,0.0212,-0.0006,0.0199
1730000058930,50367,0.0819,-1.0662,0.0122,-0.1165,0.1078,-0.1577
1730000058940,50320,0.1769,-1.0043,-0.0032,-0.0456,0.0797,0.0898
1730000058950,50278,0.1266,-1.1049,-0.0128,-0.1368,-0.1817,0.0329
1730000058960,50239,0.0414,-0.977,-0.0433,0.0033,-0.0561,0.0519
1730000058970,50201,0.0426,-0.9986,-0.0198,-0.0163,-0.2055,-0.0016
1730000058980,50164,-0.1031,-0.9325,-0.0675,-0.0068,0.0085,-0.0099
1730000058990,50126,0.0215,-0.8597,-0.0237,-0.0285,-0.0676,0.0401
1730000059000,50089,-0.0983,-0.7696,-0.1006,0.0333,-0.0407,-0.0089
1730000059010,50052,0.0146,-0.7443,-0.0598,-0.1002,0.0079,-0.0286
1730000059020,50015,0.0537,-0.6526,-0.1176,0.0191,0.0382,-0.0714
1730000059030,49979,0.0906,-0.6753,-0.1058,0.1101,-0.1249,-0.0497
1730000059040,49943,-0.0876,-0.6843,-0.1891,0.0317,0.0042,0.1244
1730000059050,49908,0.007,-0.6866,-0.1766,-0.0577,-0.0778,0.043
1730000059060,49875,0.0224,-0.5692,-0.0976,0.018,-0.0127,-0.0581
1730000059070,49843,-0.0529,-0.6087,-0.0644,0.1059,-0.0747,0.0116
1730000059080,49813,-0.1955,-0.5427,-0.0873,0.0049,-0.1125,-0.002
1730000059090,49785,-0.142,-0.7013,-0.1516,-0.0456,-0.0234,0.0019
1730000059100,49759,-0.2266,-0.5506,-0.0418,0.0859,0.2735,0.0188
1730000059110,49735,-0.1472,-0.6224,-0.1507,-0.1582,-0.0135,-0.0139
1730000059120,49714,-0.1753,-0.589,-0.2039,-0.0387,-0.0179,0.0249
1730000059130,49695,-0.2173,-0.7396,-0.0994,0.0684,0.0301,0.0918
1730000059140,49679,-0.0994,-0.6972,-0.1185,-0.0001,-0.1625,0.0093
1730000059150,49666,-0.0405,-0.7695,-0.0754,0.1299,-0.0446,-0.0655
1730000059160,49656,-0.0511,-0.7963,-0.0756,-0.0367,0.0414,0.0759
1730000059170,49648,-0.1672,-0.9145,-0.1049,0.1689,0.0775,0.1504
1730000059180,49643,-0.2156,-0.8754,-0.1457,-0.0482,0.0576,-0.0661
1730000059190,49641,-0.2072,-0.9014,-0.0234,0.0062,-0.196,0.0425
1730000059200,49642,-0.1358,-0.9361,-0.0739,-0.0011,0.0539,-0.0821
1730000059210,49646,-0.1783,-0.9938,-0.1325,0.0672,0.0305,0.1613
1730000059220,49652,-0.1038,-1.0599,-0.1044,-0.0748,-0.2074,-0.0288
1730000059230,49661,-0.1852,-1.031,-0.0472,-0.1649,-0.0927,-0.0359
1730000059240,49672,-0.1054,-1.0773,-0.0385,-0.0012,0.0925,-0.0391
1730000059250,49686,-0.1316,-1.0819,-0.0217,0.1342,0.2009,0.0051
1730000059260,49705,-0.1046,-1.0814,0.0138,-0.0951,0.1114,-0.0483
1730000059270,49734,-0.086,-1.0254,-0.0277,-0.0424,-0.1232,0.013
1730000059280,49788,-0.0078,-1.0714,0.0477,-0.0057,0.0083,0.0397
1730000059290,49891,0.0005,-1.0453,-0.0737,0.0846,-0.1719,-0.0028
1730000059300,50076,-0.0012,-1.0671,-0.0003,0.0338,0.1355,0.0209
1730000059310,50365,0.0781,-1.0294,0.111,0.0303,-0.1749,-0.0419
1730000059320,50734,-0.0522,-0.9395,0.1058,0.0059,-0.0592,0.0598
1730000059330,51100,0.0045,-0.8576,0.0101,0.0764,-0.0187,-0.0235
1730000059340,51340,-0.0695,-0.9537,0.0189,0.0514,-0.0332,-0.0038
1730000059350,51364,-0.0609,-0.8319,0.1089,-0.0441,0.017,0.0385
1730000059360,51173,-0.0504,-0.7291,0.1193,-0.0475,0.0624,-0.0951
1730000059370,50858,-0.0539,-0.7909,0.0818,0.0102,0.0808,-0.1179
1730000059380,50543,-0.0916,-0.6539,0.1446,-0.0099,-0.2479,-0.0582
1730000059390,50314,0.1349,-0.6847,0.0924,0.061,0.1971,0.064
1730000059400,50196,-0.0526,-0.6423,0.2053,0.0511,0.0507,0.0255
1730000059410,50168,0.013,-0.6144,0.0587,-0.0615,0.1701,0.0362
1730000059420,50199,0.2634,-0.6641,0.1335,-0.017,0.1579,-0.0586
1730000059430,50257,0.0488,-0.6721,0.1493,-0.0607,-0.069,0.0428
1730000059440,50325,-0.0851,-0.6592,0.1687,-0.1045,0.0502,0.1147
1730000059450,50385,0.2363,-0.7013,0.0463,-0.0004,0.11,0.0352
1730000059460,50428,0.3034,-0.7916,0.0941,-0.1582,-0.1316,-0.0986
1730000059470,50445,0.1284,-0.7238,0.1404,-0.0953,-0.278,-0.0328
1730000059480,50433,0.2505,-0.7652,0.1484,-0.1248,0.0311,0.0148
1730000059490,50395,0.1812,-0.8383,0.0429,-0.1177,-0.0069,0.0289
1730000059500,50337,0.036,-0.9709,0.1572,-0.0673,-0.0625,-0.0379
1730000059510,50270,0.1473,-0.9404,0.1224,0.0185,0.0131,-0.0523
1730000059520,50202,0.1303,-0.8081,0.0904,-0.1628,0.1351,0.0259
1730000059530,50138,0.1727,-1.016,0.1354,0.0811,0.1912,-0.0316
1730000059540,50084,0.1248,-1.0066,-0.0182,0.0467,0.1205,-0.0794
1730000059550,50038,0.09,-1.1083,0.0576,-0.0368,-0.0745,0.0762
1730000059560,49999,0.0973,-1.1195,0.0222,-0.043,-0.0761,-0.0107
1730000059570,49966,0.046,-0.988,0.0476,0.0372,-0.0554,-0.0049
1730000059580,49935,0.0815,-1.0879,0.004,0.0435,-0.0479,-0.0565
1730000059590,49904,0.085,-1.1556,0.0597,-0.041,0.0027,0.001
1730000059600,49874,-0.0636,-1.0909,0.094,0.0365,-0.0781,-0.002
1730000059610,49843,0.0837,-1.0702,-0.0357,0.0165,-0.1126,0.0425
1730000059620,49810,0.0804,-1.0228,-0.0268,-0.0101,-0.1027,0.0104
1730000059630,49777,-0.0348,-0.9402,-0.0214,-0.0841,-0.0739,0.0516
1730000059640,49743,0.1476,-1.0987,-0.0318,-0.0004,-0.1025,-0.039
1730000059650,49708,0.0391,-0.9485,0.1211,-0.0253,-0.1525,-0.002
1730000059660,49672,-0.036,-0.8619,-0.0695,0.1081,-0.2153,-0.0392
1730000059670,49637,0.0017,-0.9061,-0.0234,0.1775,-0.2596,-0.1339
1730000059680,49602,0.045,-0.9017,-0.0755,0.0643,-0.16,0.1461
1730000059690,49567,-0.1098,-0.7399,-0.0051,0.1482,-0.1415,0.0282
1730000059700,49533,-0.1061,-0.6052,-0.1007,0.072,0.1355,-0.0903
1730000059710,49500,-0.1361,-0.6923,-0.1494,0.0515,0.0728,-0.0008
1730000059720,49468,-0.0772,-0.6839,-0.1438,0.1119,-0.0811,-0.007
1730000059730,49438,0.1209,-0.5856,-0.0661,0.0066,-0.0358,0.0934
1730000059740,49409,0.0227,-0.6552,-0.0843,-0.0745,0.0041,-0.238
1730000059750,49382,-0.0666,-0.7695,-0.057,0.077,-0.1066,-0.0247
1730000059760,49358,-0.2333,-0.5536,-0.086,-0.0039,-0.1064,-0.0906
1730000059770,49335,-0.0479,-0.6845,0.0697,-0.1004,0.0401,-0.0102
1730000059780,49315,-0.1424,-0.6586,-0.0624,-0.0637,-0.1005,-0.0128
1730000059790,49297,-0.2251,-0.5887,-0.0443,0.0497,-0.1051,0.0343
1730000059800,49283,-0.0846,-0.7026,-0.0986,-0.1567,-0.2854,-0.0469
1730000059810,49271,-0.178,-0.7663,-0.0666,0.0313,-0.041,-0.0979
1730000059820,49261,-0.0755,-0.8381,-0.0743,0.0363,-0.0443,-0.0518
1730000059830,49255,-0.2494,-0.8458,-0.103,-0.0132,-0.0537,-0.0232
1730000059840,49252,-0.2704,-0.7738,-0.0827,-0.0229,0.0274,-0.0043
1730000059850,49251,-0.0239,-0.8806,-0.136,0.0359,0.0359,0.0239
1730000059860,49254,-0.2604,-0.9325,-0.16,-0.0638,0.0855,0.0484
1730000059870,49260,-0.1534,-0.9655,-0.0786,-0.0427,-0.0726,-0.0608
1730000059880,49271,-0.219,-1.0648,-0.1189,-0.0519,-0.0338,0.006
1730000059890,49293,-0.0815,-0.972,-0.0787,0.0767,-0.0696,-0.029
1730000059900,49342,-0.1872,-1.0536,-0.0751,0.02,-0.0063,-0.0213
1730000059910,49444,-0.0631,-1.0543,-0.0085,0.0548,-0.222,0.006
1730000059920,49639,-0.2791,-1.1463,-0.0456,-0.0381,0.1007,-0.0439
1730000059930,49949,-0.0542,-1.0833,-0.0177,-0.0111,-0.1768,0.0077
1730000059940,50340,-0.0816,-1.0421,-0.0144,0.0205,-0.0108,-0.0562
1730000059950,50707,-0.0126,-1.0376,-0.036,0.0364,0.0558,0.0718
1730000059960,50909,-0.1015,-0.9392,-0.0968,-0.0818,-0.0366,0.0648
1730000059970,50865,0.1233,-1.0589,0.0005,0.0424,-0.0641,-0.0145
1730000059980,50610,-0.0191,-0.9744,0.0006,-0.0433,0.0944,-0.101
1730000059990,50270,0.0007,-0.9827,0.0036,-0.0258,-0.1072,0.0268
1730000060000,49978,-0.04,-0.8173,0.0311,-0.0151,0.0385,0.0655
1730000060010,49773,0.0186,-0.9688,0.0961,-0.0003,0.0403,-0.002
1730000060020,49684,0.0196,-0.9214,0.0928,-0.0104,0.0055,0.0026
1730000060030,49676,0.0275,-0.9776,0.07,-0.0033,-0.0073,0.0092
1730000060040,49713,0.0325,-0.9494,0.0714,0.0004,0.0366,0.0104
1730000060050,49768,0.0308,-0.9818,0.1005,-0.0313,0.0102,-0.028
1730000060060,49824,0.0182,-0.9627,0.0801,-0.0044,-0.0113,-0.0007
1730000060070,49865,0.0162,-0.9932,0.0771,0.0039,-0.0252,0.0107
1730000060080,49882,0.0099,-0.9773,0.0971,0.0241,-0.0081,0.0018
1730000060090,49871,0.0001,-0.9825,0.0639,0.0079,0.0074,-0.0039
1730000060100,49833,0.0228,-0.977,0.0664,0.0034,0.0002,0.0053
1730000060110,49777,0.0129,-1.0033,0.0765,0.0125,-0.0128,-0.017
1730000060120,49713,-0.0048,-0.9674,0.0813,0.0139,0.0014,-0.0005
1730000060130,49651,0.0178,-0.9516,0.0795,-0.0017,-0.0308,0.0071
1730000060140,49599,0.0143,-0.9455,0.0781,-0.0155,0.0241,-0.0027
1730000060150,49559,0.0056,-0.9666,0.0676,0.0124,0.003,0.0058
1730000060160,49532,0.0245,-0.9576,0.0843,-0.0146,0.0087,0.0054
1730000060170,49516,0.0207,-0.9838,0.0755,0.0159,-0.0045,-0.0099
1730000060180,49506,0.0246,-0.9895,0.0836,-0.0114,-0.0004,-0.0064
1730000060190,49501,0.0052,-1.0122,0.072,-0.0094,0.0071,-0.0175
1730000060200,49498,0.0249,-1.0022,0.0671,0.0033,-0.0153,0.0131
1730000060210,49497,0.0107,-1.0067,0.0687,-0.0305,0.0256,0.0045
1730000060220,49496,0.026,-0.9411,0.0892,-0.0006,-0.0192,0.0092
1730000060230,49496,0.0182,-0.9834,0.0602,0.0011,-0.0199,-0.0198
1730000060240,49496,0.0211,-0.9835,0.0797,0.0554,0.008,-0.0139
1730000060250,49496,0.0064,-0.9893,0.1016,-0.0303,-0.0142,-0.0012
1730000060260,49497,0.0245,-0.9748,0.0828,-0.0307,0.0269,-0.0035
1730000060270,49497,0.0076,-0.9896,0.0959,0.0071,0.0076,0.0017
1730000060280,49498,0.0312,-0.9641,0.0864,-0.008,-0.0562,0.0086
1730000060290,49498,0.0151,-0.9627,0.0836,0.0114,0.0081,0.0064
1730000060300,49499,0.0129,-0.9546,0.0653,-0.0176,0.0011,-0.0094
1730000060310,49500,0.0271,-0.9554,0.0807,-0.0262,-0.0007,-0.0099
1730000060320,49501,0.0439,-0.9918,0.0789,-0.0305,-0.0339,0.0081
1730000060330,49502,0.0074,-0.9968,0.082,-0.0421,-0.0181,0.0043
1730000060340,49503,0.0243,-0.9903,0.084,-0.0097,0.009,-0.0153
1730000060350,49504,0.0362,-0.9817,0.0828,-0.0295,0.0079,0.0067
1730000060360,49505,0.0279,-0.9688,0.098,-0.0142,0.0027,-0.0003
1730000060370,49507,0.0323,-0.9925,0.0711,0.0003,-0.0184,-0.0162
1730000060380,49508,0.0457,-0.9527,0.064,0.0009,-0.0051,0.0145
1730000060390,49510,0.0102,-0.9545,0.0626,0.003,-0.0023,0.0075
1730000060400,49511,0.011,-0.9732,0.0779,0.0115,0.0122,0.0013
1730000060410,49513,0.0186,-0.9712,0.0653,-0.0142,-0.0068,0.0016
1730000060420,49515,0.0294,-0.9688,0.0844,0.0209,-0.0196,-0.0046
1730000060430,49517,0.0068,-0.9569,0.0813,0.031,-0.0101,0.0087
1730000060440,49519,0.0286,-0.953,0.0659,0.0385,-0.0083,-0.0136
1730000060450,49521,0.0041,-0.9906,0.0854,-0.0008,-0.0225,-0.0033
1730000060460,49524,0.0157,-0.9268,0.0873,0.0356,0.0194,-0.0036
1730000060470,49527,0.0322,-0.9849,0.0796,-0.025,0.0051,-0.014
1730000060480,49533,0.0309,-0.9834,0.0715,-0.0084,-0.0341,0.0003
1730000060490,49547,0.0056,-0.952,0.1015,0.0101,-0.0046,-0.006
1730000060500,49583,0.0319,-0.9596,0.0781,-0.0016,0.0188,0.001
1730000060510,49668,0.0087,-0.9665,0.0691,-0.0003,0.0217,-0.0032
1730000060520,49836,0.0251,-0.9407,0.0912,-0.0181,-0.0029,0.0195
1730000060530,50111,0.033,-0.9723,0.0884,0.0144,-0.0004,-0.0089
1730000060540,50468,0.0285,-0.9862,0.075,0.0023,-0.0231,0.01
1730000060550,50817,0.0023,-0.953,0.0957,0.0018,-0.0356,-0.002
1730000060560,51031,0.0287,-0.9801,0.0658,-0.0218,-0.0134,-0.008
1730000060570,51017,0.0287,-0.9864,0.0739,-0.0407,0.0065,-0.0219
1730000060580,50785,0.0086,-0.9537,0.0667,0.008,0.0164,0.0097
1730000060590,50440,0.0305,-0.9364,0.1018,-0.0084,0.0187,0.0095
1730000060600,50109,0.0074,-0.9743,0.0691,0.0196,-0.0063,0.0143
1730000060610,49876,0.0188,-1.0028,0.0772,-0.0336,-0.0042,-0.0106
1730000060620,49759,0.0189,-0.9743,0.0638,0.0126,0.0068,-0.0124
1730000060630,49732,0.0138,-0.9746,0.0938,0.0263,-0.0036,-0.001
1730000060640,49759,0.0165,-0.9716,0.0712,-0.0134,0.0055,-0.0172
1730000060650,49814,0.0011,-0.9409,0.0844,-0.0226,0.0057,-0.0049
1730000060660,49876,0.0177,-0.9779,0.0694,0.0039,-0.0191,0.004
1730000060670,49930,0.0127,-0.9205,0.074,0.0217,-0.0209,-0.0142
1730000060680,49966,0.0133,-0.9935,0.0753,0.0131,-0.0331,0.0125
1730000060690,49976,0.0216,-0.9694,0.0783,0.0323,0.0062,0.0081
1730000060700,49959,0.0366,-0.9799,0.0683,-0.0139,0.0108,-0.0039
1730000060710,49920,0.028,-0.9747,0.0864,-0.0291,-0.0166,0.0149
1730000060720,49867,0.0241,-0.9931,0.0848,0.0132,-0.0599,0.0119
1730000060730,49811,0.0211,-0.9506,0.0801,0.0224,-0.0088,-0.0063
1730000060740,49759,0.0206,-0.9594,0.0852,0.0269,-0.0334,-0.0073
1730000060750,49717,0.0463,-0.9841,0.0564,-0.0277,0.0144,0.0058
1730000060760,49688,0.0261,-1.005,0.078,0.0175,-0.0057,-0.0128
1730000060770,49670,0.0236,-0.9559,0.0874,0.006,0.0127,0.0057
1730000060780,49660,0.0164,-0.9492,0.0769,0.021,-0.0076,-0.0068
1730000060790,49657,0.0065,-0.9796,0.0801,0.0289,-0.0201,0.0123
1730000060800,49658,0.0331,-0.9628,0.0678,-0.0062,0.0007,-0.0007
1730000060810,49662,0.0188,-0.9725,0.0671,-0.0125,-0.009,-0.0112
1730000060820,49666,0.0221,-0.9865,0.0689,0.0099,0.0218,0.0099
1730000060830,49671,0.0172,-0.9082,0.0687,-0.0188,-0.013,-0.0009
1730000060840,49676,0.03,-0.9231,0.0619,-0.0186,-0.0143,-0.0056
1730000060850,49682,0.0101,-0.9538,0.0594,-0.0,-0.0222,0.0
1730000060860,49688,0.0139,-0.9632,0.0705,-0.0259,0.0136,0.001
1730000060870,49693,0.0502,-0.9543,0.0818,0.0009,-0.0198,0.0223
1730000060880,49699,0.0184,-0.973,0.084,-0.016,0.0188,-0.0029
1730000060890,49705,-0.0008,-0.9828,0.0806,0.0527,0.0035,0.001
1730000060900,49711,0.0035,-0.9718,0.0747,-0.0109,-0.0269,-0.0033
1730000060910,49716,0.0306,-1.0017,0.0959,-0.026,0.0153,0.0059
1730000060920,49722,0.0176,-0.9764,0.0854,-0.0114,-0.0334,0.0029
1730000060930,49728,0.0298,-0.9564,0.078,-0.0112,-0.0055,0.0105
1730000060940,49734,0.0175,-0.9783,0.0852,0.0068,0.0396,0.0085
1730000060950,49741,0.0221,-0.9912,0.0662,-0.0488,0.0387,0.0004
1730000060960,49747,0.0218,-0.9728,0.0745,0.0279,0.036,0.0009
1730000060970,49753,0.0168,-0.9736,0.0711,0.0224,0.0083,0.0177
1730000060980,49759,0.0011,-0.9508,0.062,0.0159,0.0058,0.004
1730000060990,49766,0.0174,-0.9568,0.094,0.004,-0.042,0.0078
1730000061000,49772,0.0418,-0.9693,0.0635,0.0282,-0.0011,-0.0076
1730000061010,49778,0.0142,-0.9408,0.0991,0.0258,-0.0222,-0.0109
1730000061020,49785,0.0125,-0.9857,0.077,-0.007,0.0014,-0.0077
1730000061030,49791,0.0293,-0.9946,0.0713,-0.0575,0.0094,-0.0078
1730000061040,49798,-0.0011,-0.9905,0.0913,0.0161,-0.0075,-0.0018
1730000061050,49805,0.0139,-0.9551,0.0697,0.0099,0.0032,0.0003
1730000061060,49811,0.0373,-0.9588,0.0739,0.0165,0.0173,0.0062
1730000061070,49818,0.0373,-0.9753,0.0828,0.0001,0.0337,0.0046
1730000061080,49825,0.0132,-0.9797,0.0889,-0.0115,-0.0308,0.0122
1730000061090,49833,0.0193,-0.9521,0.0924,-0.0226,0.0227,-0.0062
1730000061100,49844,0.0282,-0.9468,0.0854,0.019,-0.0015,-0.0055
1730000061110,49866,0.0179,-0.9616,0.0894,0.0227,-0.0206,-0.0052
1730000061120,49915,0.0304,-0.9064,0.0848,-0.002,0.0008,-0.0085
1730000061130,50017,0.0052,-1.004,0.0741,0.0202,0.0412,0.0028
1730000061140,50206,0.011,-0.9411,0.0954,-0.0231,-0.004,-0.0149
1730000061150,50496,0.035,-0.9911,0.0975,-0.01,-0.0136,0.0096
1730000061160,50854,0.0164,-0.9855,0.0633,-0.0206,0.0002,-0.004
1730000061170,51189,0.0121,-0.9765,0.0816,-0.0092,-0.0012,0.0258
1730000061180,51381,0.0216,-0.9168,0.0798,-0.001,-0.0063,-0.0224
1730000061190,51352,0.0133,-0.9858,0.0813,-0.0174,0.0435,-0.0013
1730000061200,51121,0.0218,-0.9767,0.0688,-0.0103,-0.0142,0.0005
1730000061210,50786,0.02,-0.9448,0.0728,-0.0088,-0.0189,-0.015
1730000061220,50467,0.0099,-0.9674,0.0917,0.0121,0.0066,-0.0169
1730000061230,50241,0.0166,-0.9861,0.0769,0.0068,0.0185,-0.0066
1730000061240,50126,0.0126,-0.9888,0.1005,0.0037,0.0367,-0.0154
1730000061250,50098,0.0258,-0.9782,0.0839,0.0251,-0.0077,0.0037
1730000061260,50124,0.0155,-0.9459,0.0685,0.0107,-0.0059,0.0171
1730000061270,50179,0.035,-0.9734,0.0852,-0.0136,0.0013,0.0089
1730000061280,50242,0.0123,-0.9706,0.0884,-0.0053,0.0108,-0.0011
1730000061290,50300,0.0192,-0.965,0.0795,-0.0329,0.0056,0.0112
1730000061300,50342,0.0219,-0.945,0.073,0.0041,0.0068,-0.0082
1730000061310,50361,0.0305,-1.0189,0.0883,-0.003,0.0019,-0.0161
1730000061320,50353,0.0167,-0.9709,0.0845,-0.0202,-0.0075,-0.0082
1730000061330,50323,0.0462,-0.9645,0.0906,0.006,0.0207,-0.0091
1730000061340,50278,0.0183,-0.9831,0.0826,-0.0005,-0.0303,-0.0083
1730000061350,50225,0.032,-0.9737,0.0838,0.0214,0.0185,-0.0247
1730000061360,50175,0.0144,-0.9704,0.0977,-0.016,-0.0118,0.0065
1730000061370,50132,0.0164,-0.9791,0.0775,-0.0226,0.003,-0.0073
1730000061380,50101,0.0208,-0.9728,0.0769,0.0028,0.0158,-0.0092
1730000061390,50082,0.0227,-0.9614,0.0778,0.0174,-0.0218,0.0151
1730000061400,50071,0.0126,-0.9567,0.0702,-0.0188,0.0192,-0.0095
1730000061410,50068,0.0031,-0.9621,0.0959,0.0022,-0.0053,0.0041
1730000061420,50069,-0.002,-0.9696,0.0814,-0.0075,0.0319,-0.009
1730000061430,50074,0.0237,-0.9838,0.0774,-0.0114,0.0232,-0.0073
1730000061440,50079,0.0165,-0.9537,0.0763,0.0206,0.0208,0.0032
1730000061450,50086,0.0166,-0.9504,0.0903,0.0008,0.0415,0.0261
1730000061460,50093,0.0295,-0.981,0.0841,-0.0245,0.0255,0.0069
1730000061470,50100,0.0133,-0.9526,0.0771,0.0221,-0.0147,-0.0126
1730000061480,50106,0.0166,-0.9574,0.0799,0.0122,0.0287,-0.0185
1730000061490,50113,0.0076,-0.9945,0.078,0.0015,-0.0177,-0.0143
1730000061500,50120,0.0227,-1.0023,0.0744,0.0132,-0.0561,-0.0231
1730000061510,50127,0.0252,-0.9692,0.0933,-0.0138,0.0027,-0.0076
1730000061520,50134,0.0107,-0.9694,0.0907,-0.0035,0.0031,-0.013
1730000061530,50141,0.02,-1.0064,0.0802,0.0494,-0.0233,0.0043
1730000061540,50148,0.0038,-0.9766,0.0723,0.0294,-0.0007,-0.0052
1730000061550,50155,0.0219,-1.0092,0.0942,0.0255,-0.0199,0.0161
1730000061560,50161,0.017,-0.9719,0.0783,-0.0135,0.0052,0.0101
1730000061570,50168,0.0422,-0.98,0.0832,-0.0183,-0.0019,-0.0013
1730000061580,50175,0.0212,-0.9924,0.0697,-0.0016,-0.021,0.008
1730000061590,50182,0.0276,-0.9822,0.092,0.027,-0.0424,0.0102
1730000061600,50188,0.0164,-0.9762,0.094,-0.03,-0.0105,-0.0163
1730000061610,50195,0.0096,-0.9995,0.0751,0.0296,-0.0033,-0.0039
1730000061620,50201,0.031,-0.9796,0.0635,-0.0132,-0.0338,-0.0108
1730000061630,50208,0.0324,-0.9866,0.0919,0.0153,0.0189,0.0166
1730000061640,50214,0.0025,-0.9505,0.0823,-0.0014,-0.0042,0.0056
1730000061650,50221,0.0232,-0.946,0.0838,-0.0069,0.0023,0.0033
1730000061660,50227,0.0234,-0.9837,0.0848,-0.0045,0.0015,0.0104
1730000061670,50233,0.0152,-0.9284,0.0719,0.0042,0.0256,0.0067
1730000061680,50240,0.0042,-0.9304,0.0979,-0.0019,-0.0121,0.0098
1730000061690,50246,0.0257,-0.9744,0.0801,0.0231,-0.02,-0.0172
1730000061700,50252,0.0124,-0.9974,0.0778,0.025,0.0053,-0.0048
1730000061710,50258,0.0092,-0.9526,0.0785,0.022,-0.0098,0.0077
1730000061720,50265,0.0276,-0.9673,0.0895,-0.0106,0.0177,0.0104
1730000061730,50274,0.0154,-1.006,0.0969,-0.0201,-0.0086,0.0009
1730000061740,50289,0.0421,-0.9698,0.072,0.0065,-0.0162,-0.0004
1730000061750,50320,0.0057,-0.9568,0.0726,-0.0101,-0.0157,0.0028
1730000061760,50388,0.0202,-0.9921,0.0965,-0.0002,-0.029,-0.001
1730000061770,50520,0.0074,-0.9501,0.082,-0.0076,0.016,-0.0065
1730000061780,50741,0.0222,-0.9915,0.0808,-0.0144,0.0175,0.0072
1730000061790,51051,0.0298,-0.9479,0.0995,0.0163,0.0017,-0.0121
1730000061800,51399,0.0329,-0.9797,0.0566,-0.0049,0.0142,-0.0014
1730000061810,51691,0.0209,-0.9856,0.0707,-0.0042,-0.0089,-0.0053
1730000061820,51822,0.028,-0.9917,0.0872,0.002,0.0162,-0.003
1730000061830,51744,0.0097,-0.9795,0.0775,0.0363,0.0097,-0.0043
1730000061840,51492,0.0273,-0.9522,0.076,0.0182,0.0214,0.0201
1730000061850,51163,0.0229,-1.0038,0.0735,0.0177,-0.0087,-0.0067
1730000061860,50862,0.0147,-0.9757,0.0907,-0.0179,0.0252,0.0148
1730000061870,50652,0.0086,-0.9346,0.0724,0.0045,0.0288,0.0017
1730000061880,50542,0.0268,-0.9801,0.0853,0.0097,0.0163,0.003
1730000061890,50513,-0.0021,-0.9728,0.0816,-0.0019,-0.0145,0.0156
1730000061900,50535,0.0267,-0.986,0.0937,0.0064,0.0146,-0.0115
1730000061910,50584,0.0068,-0.9993,0.0685,-0.0123,0.0088,-0.0134
1730000061920,50643,0.0093,-0.9801,0.0723,0.0104,0.0424,-0.0005
1730000061930,50698,0.0181,-0.9906,0.0606,-0.0065,-0.0397,-0.0157
1730000061940,50740,0.0156,-0.9906,0.0802,-0.0068,0.0155,-0.0037
1730000061950,50761,0.011,-0.9793,0.0768,-0.0423,-0.0231,0.0029
1730000061960,50758,0.0314,-0.9525,0.0812,0.041,-0.0082,0.0248
1730000061970,50733,0.0152,-0.9714,0.0775,0.0113,-0.009,-0.0058
1730000061980,50691,0.014,-1.0036,0.0709,-0.0181,-0.0058,0.0061
1730000061990,50639,0.0245,-0.9812,0.0902,0.0192,-0.0006,0.0007
1730000062000,50586,0.0258,-0.9922,0.0885,0.0141,0.0146,-0.01
1730000062010,50538,0.02,-0.9787,0.0741,0.0016,-0.0417,-0.0072
1730000062020,50500,0.0293,-0.9812,0.0668,-0.0059,0.0151,0.0034
1730000062030,50472,0.0208,-1.0025,0.0753,0.0021,-0.0099,0.012
1730000062040,50454,0.0117,-0.9656,0.0848,-0.0465,0.0012,0.0079
1730000062050,50444,0.0218,-1.0167,0.0961,0.0329,0.0188,0.0014
1730000062060,50439,0.0092,-0.9671,0.0746,0.009,-0.0127,0.0051
1730000062070,50438,0.0239,-0.9854,0.1062,-0.0097,-0.0214,-0.0091
1730000062080,50439,0.01,-0.9734,0.0642,-0.013,0.057,-0.0006
1730000062090,50442,0.0347,-0.9631,0.0649,0.0106,0.0093,-0.0014
1730000062100,50444,0.0089,-0.9565,0.0837,-0.0211,0.002,0.0064
1730000062110,50447,0.0208,-0.9951,0.0781,0.0004,0.02,-0.0027
1730000062120,50450,0.0253,-0.9531,0.0691,-0.0007,-0.0012,0.0026
1730000062130,50453,0.0123,-0.9908,0.0723,-0.0025,0.0338,-0.0023
1730000062140,50456,0.0377,-0.9927,0.082,-0.0098,0.013,-0.0042
1730000062150,50459,0.0281,-0.9721,0.0834,0.0087,-0.0193,0.0025
1730000062160,50461,0.0235,-1.03,0.0751,0.0123,-0.0143,0.0012
1730000062170,50464,0.0206,-0.9919,0.0731,0.0353,0.0388,-0.0036
1730000062180,50467,0.0242,-0.9865,0.0801,-0.0204,0.0144,-0.0077
1730000062190,50469,0.0109,-0.9905,0.1002,0.0273,-0.0144,-0.0105
1730000062200,50471,0.0242,-0.9771,0.0853,-0.0107,0.0288,0.0056
1730000062210,50473,0.0327,-1.0317,0.0817,-0.0016,-0.015,-0.0049
1730000062220,50475,0.0232,-0.9849,0.0858,-0.0184,0.0118,0.0091
1730000062230,50477,0.0147,-0.9959,0.1,-0.0122,0.0204,-0.0051
1730000062240,50479,0.0197,-0.9966,0.0738,-0.0396,0.035,-0.007
1730000062250,50481,0.0115,-0.9941,0.0946,0.0163,-0.0025,-0.0051
1730000062260,50483,0.0159,-0.9673,0.0846,-0.0237,0.0342,0.0111
1730000062270,50484,0.0367,-0.992,0.0594,-0.0131,0.0084,0.0102
1730000062280,50486,-0.0037,-0.9559,0.0804,0.0036,0.0287,0.0115
1730000062290,50487,0.0113,-0.9833,0.0862,0.0072,0.0188,0.0129
1730000062300,50489,0.0109,-0.9842,0.0846,-0.0033,0.0011,0.0001
1730000062310,50490,0.0229,-0.979,0.0946,0.0024,0.0131,-0.0101
1730000062320,50491,0.0053,-1.0085,0.062,0.0029,0.002,-0.0065
1730000062330,50492,0.0248,-0.9826,0.0747,-0.022,0.0115,0.0137
1730000062340,50493,0.0051,-0.9834,0.0921,-0.0155,-0.0415,-0.0059
1730000062350,50494,0.0125,-0.9845,0.0845,-0.0068,0.0411,0.0101
1730000062360,50494,0.0121,-0.9966,0.0788,-0.0155,0.0015,0.0075
1730000062370,50495,0.0245,-0.9869,0.078,-0.0151,0.0147,-0.0193
1730000062380,50496,0.02,-0.9867,0.0897,0.0187,0.0074,0.0098
1730000062390,50500,0.0169,-0.9763,0.0796,0.0247,0.0313,-0.0143
1730000062400,50510,0.0205,-0.9574,0.0971,0.0091,-0.0024,0.0063
1730000062410,50537,-0.0109,-0.9585,0.1001,-0.0256,0.0128,0.0162
1730000062420,50599,0.0139,-1.0152,0.1013,0.005,0.005,-0.001
1730000062430,50722,0.0239,-0.9636,0.0656,0.0181,-0.0149,-0.0058
1730000062440,50929,0.0118,-1.0001,0.0599,0.0237,0.0101,-0.0109
1730000062450,51220,0.0107,-0.9696,0.1029,-0.0204,-0.004,-0.0198
1730000062460,51552,0.04,-0.9843,0.0924,0.0021,-0.0254,0.0085
1730000062470,51840,-0.0016,-0.9857,0.0819,0.0216,-0.0065,0.0041
1730000062480,51988,0.0315,-0.9821,0.0793,-0.0025,0.013,0.0138
1730000062490,51942,0.0216,-1.0301,0.0651,0.0065,0.0011,0.0093
1730000062500,51721,0.0065,-1.0062,0.0864,0.0023,0.0006,0.0064
1730000062510,51404,0.033,-0.9943,0.088,0.0193,-0.0376,-0.0116
1730000062520,51091,0.0238,-1.0149,0.0774,0.0068,0.0128,-0.012
1730000062530,50851,0.0229,-0.9547,0.0649,0.0201,0.0287,0.0014
1730000062540,50708,0.0252,-1.0201,0.0843,0.0174,-0.004,0.0082
1730000062550,50648,0.0219,-1.0057,0.0668,-0.0466,-0.0154,0.0091
1730000062560,50647,0.0128,-0.9792,0.0744,-0.015,-0.0184,-0.007
1730000062570,50679,0.025,-1.0095,0.0735,0.0215,0.0073,-0.013
1730000062580,50727,0.0063,-0.9656,0.1052,0.0003,-0.014,-0.0115
1730000062590,50778,0.0272,-1.0146,0.0783,-0.0326,0.0446,-0.0085
1730000062600,50820,0.0083,-1.0006,0.102,-0.024,-0.0068,-0.0011
1730000062610,50846,0.0213,-0.994,0.0634,0.0272,-0.0053,0.0061
1730000062620,50851,0.0222,-1.0029,0.0819,-0.0055,-0.0059,0.0014
1730000062630,50833,0.0294,-1.0126,0.0738,-0.0028,0.0134,0.013
1730000062640,50796,0.0307,-1.0049,0.0683,-0.0009,0.0099,0.0088
1730000062650,50745,0.0251,-0.9694,0.0875,0.014,0.0429,0.0016
1730000062660,50687,0.0262,-0.9804,0.0713,0.0363,-0.0031,-0.0113
1730000062670,50630,0.0302,-0.9769,0.1092,-0.0004,-0.0106,-0.0144
1730000062680,50580,0.0325,-0.9917,0.0849,0.0054,0.0037,-0.0055
1730000062690,50538,0.0182,-0.9875,0.0822,0.0187,0.0112,-0.0106
1730000062700,50506,0.0121,-1.0116,0.1006,-0.0,0.018,0.0114
1730000062710,50483,0.0294,-0.9978,0.0789,0.0381,0.019,0.0191
1730000062720,50467,0.0214,-0.9928,0.071,0.0048,-0.0354,0.001
1730000062730,50457,0.0294,-0.971,0.047,-0.0127,0.0144,-0.0105
1730000062740,50449,0.0219,-1.0039,0.086,0.0031,0.0481,0.0038
1730000062750,50444,0.0252,-0.9718,0.0747,0.001,-0.0228,0.0082
1730000062760,50439,0.0258,-1.0037,0.0893,0.0129,0.023,0.0093
1730000062770,50436,0.018,-1.0144,0.0836,0.0148,0.0083,0.0109
1730000062780,50432,0.0231,-1.0072,0.0801,0.0162,0.0169,-0.0095
1730000062790,50428,-0.001,-0.9808,0.0704,0.009,-0.033,0.015
1730000062800,50425,0.0448,-1.0033,0.0902,0.0239,-0.0146,0.0192
1730000062810,50421,0.0078,-1.0205,0.0711,-0.0263,0.0188,0.0029
1730000062820,50417,0.0165,-0.9772,0.0784,0.0085,-0.0024,-0.0008
1730000062830,50413,0.036,-0.9821,0.0855,0.006,-0.0162,-0.0056
1730000062840,50409,0.0264,-1.0066,0.0835,0.0403,-0.0237,-0.0212
1730000062850,50405,0.0279,-1.0323,0.0836,-0.002,-0.0086,0.0003
1730000062860,50401,0.0198,-1.0174,0.0872,-0.0177,0.0446,-0.0071
1730000062870,50397,0.0097,-1.031,0.0828,0.0009,0.0023,0.0202
1730000062880,50392,0.0395,-0.9751,0.0863,0.0064,-0.0058,0.0046
1730000062890,50388,0.0208,-0.998,0.0778,0.0083,0.0063,0.0016
1730000062900,50383,0.0269,-0.9532,0.0933,-0.0196,-0.0213,-0.0024
1730000062910,50379,0.0207,-0.9942,0.0887,-0.0161,-0.0098,0.0041
1730000062920,50374,0.0134,-0.9694,0.0825,-0.0198,-0.0337,0.0199
1730000062930,50369,0.0106,-0.9976,0.0851,-0.0055,0.0041,0.0085
1730000062940,50365,0.0134,-0.9901,0.0749,-0.0026,0.0099,0.0046
1730000062950,50360,0.0151,-0.994,0.0739,0.0304,-0.0077,0.0104
1730000062960,50355,0.0041,-0.9966,0.1162,-0.0068,0.0152,-0.0085
1730000062970,50350,0.0265,-1.0002,0.0965,0.0088,0.0114,0.0079
1730000062980,50345,0.008,-0.9624,0.0673,0.0055,0.0056,0.0198
1730000062990,50340,0.0307,-0.9955,0.0833,-0.0485,-0.0057,-0.0076
1730000063000,50334,0.0147,-1.0076,0.0735,0.0096,0.013,-0.0037
1730000063010,50329,0.0108,-0.9717,0.0954,-0.021,0.0006,-0.0077
1730000063020,50324,0.0351,-0.99,0.1041,0.0002,-0.0159,0.0004
1730000063030,50318,0.0187,-0.9777,0.0819,0.0041,-0.0084,-0.0025
1730000063040,50313,0.0135,-0.9494,0.0772,0.0113,0.0087,-0.0066
1730000063050,50308,0.0073,-0.9965,0.0624,-0.0226,-0.0249,0.0117
1730000063060,50304,0.0209,-1.0196,0.0712,-0.0159,-0.019,-0.0135
1730000063070,50305,0.013,-1.0093,0.095,0.0241,0.0084,0.0007
1730000063080,50318,0.0129,-0.9854,0.0804,-0.0131,-0.0252,0.014
1730000063090,50360,0.0171,-1.0329,0.0814,0.0009,0.0158,0.0049
1730000063100,50456,0.0487,-0.9759,0.0627,-0.0209,0.0041,-0.0021
1730000063110,50634,0.0184,-1.0068,0.0698,-0.0243,0.0293,-0.0048
1730000063120,50905,0.0256,-1.0141,0.0634,-0.0396,0.0041,0.0273
1730000063130,51235,0.0286,-0.9908,0.0733,0.0438,0.0051,0.0067
1730000063140,51544,0.0259,-1.0155,0.0878,-0.0272,0.0093,-0.0007
1730000063150,51727,0.0106,-1.011,0.0765,0.0111,-0.0458,0.0091
1730000063160,51712,0.0219,-0.9844,0.0773,0.0144,0.0065,-0.0013
1730000063170,51503,0.0101,-1.0146,0.0797,0.0113,0.0395,-0.0166
1730000063180,51181,0.007,-0.9994,0.0902,-0.0057,-0.0065,-0.0045
1730000063190,50850,0.0265,-0.9821,0.0652,0.0251,-0.0133,0.0089
1730000063200,50591,0.0158,-0.9958,0.068,0.0214,-0.0173,-0.0123
1730000063210,50433,0.0192,-0.9968,0.0654,-0.0281,0.0222,0.0043
1730000063220,50364,0.0227,-0.9581,0.0754,-0.0256,0.0065,-0.0164
1730000063230,50358,0.0077,-0.9718,0.095,0.008,0.0126,0.0078
1730000063240,50387,0.0244,-1.0048,0.0805,0.0306,0.0004,0.006
1730000063250,50431,0.0095,-1.0126,0.094,-0.019,0.0091,-0.0058
1730000063260,50477,0.0056,-0.9787,0.078,0.0131,0.0329,-0.0157
1730000063270,50514,0.0203,-0.9886,0.0862,-0.0085,-0.0118,-0.0076
1730000063280,50534,0.0205,-0.9858,0.0775,0.0254,-0.0195,0.0076
1730000063290,50531,0.0206,-0.9673,0.0829,0.0124,-0.0094,-0.0081
1730000063300,50504,0.0287,-0.9646,0.0863,-0.0043,0.0178,0.0146
1730000063310,50458,0.0179,-0.9824,0.0799,0.0344,-0.009,0.003
1730000063320,50399,0.04,-1.0207,0.0631,0.0171,-0.0198,-0.0123
1730000063330,50335,0.0351,-1.0024,0.0694,-0.0408,-0.0328,-0.0079
1730000063340,50273,0.0138,-0.9989,0.0744,0.0065,0.0257,-0.0068
1730000063350,50220,0.022,-0.9944,0.0755,0.034,-0.0085,0.0119
1730000063360,50176,0.0257,-0.9775,0.0845,0.0336,0.025,0.0131
1730000063370,50142,0.0265,-0.9879,0.0808,-0.0091,0.017,0.0003
1730000063380,50118,0.017,-0.9786,0.0725,-0.0441,-0.0231,0.009
1730000063390,50100,0.0041,-1.0021,0.0601,0.0052,0.0096,-0.0008
1730000063400,50087,0.0137,-0.9652,0.0629,-0.0328,-0.0124,-0.0087
1730000063410,50077,0.0187,-1.0023,0.0627,0.0319,0.0124,0.0012
1730000063420,50068,0.007,-0.9818,0.0982,0.0181,0.014,0.027
1730000063430,50060,0.0173,-1.0116,0.0759,-0.0227,-0.0027,0.0035
1730000063440,50053,0.0262,-0.9706,0.0792,0.024,-0.0084,0.0092
1730000063450,50045,0.0312,-1.019,0.0786,0.005,-0.0127,0.0043
1730000063460,50038,0.022,-0.9861,0.1026,0.0093,-0.0142,-0.0028
1730000063470,50031,0.0078,-0.9828,0.0624,-0.0128,-0.0033,-0.0187
1730000063480,50024,-0.002,-1.0213,0.0863,0.0012,0.0102,0.0011
1730000063490,50017,0.0267,-0.9767,0.0828,-0.0013,0.0121,0.0048
1730000063500,50010,0.0127,-0.952,0.0838,0.0026,-0.0024,-0.0031
1730000063510,50002,0.0266,-1.0084,0.0914,-0.0106,-0.0005,0.0022
1730000063520,49995,0.0275,-0.9952,0.0654,0.0009,-0.0046,-0.0059
1730000063530,49988,0.0179,-0.9985,0.0741,0.0069,-0.0003,0.0146
1730000063540,49981,0.0132,-1.0126,0.0775,-0.0213,-0.0138,0.0046
1730000063550,49974,0.0279,-1.0084,0.0808,-0.0607,0.0138,-0.0075
1730000063560,49967,0.0237,-1.0064,0.0976,0.0132,-0.0045,0.0168
1730000063570,49959,0.0236,-1.0046,0.087,0.0055,-0.0045,0.0119
1730000063580,49952,0.0101,-0.9792,0.1011,0.022,0.0141,0.0159
1730000063590,49945,0.0187,-1.0132,0.0451,0.0267,-0.0018,-0.0037
1730000063600,49938,0.026,-1.008,0.0735,-0.0057,-0.0379,-0.0001
1730000063610,49931,0.0234,-1.0165,0.0811,0.0026,-0.0004,0.0109
1730000063620,49924,0.0163,-0.9978,0.0749,-0.0313,0.0187,-0.018
1730000063630,49917,0.01,-0.9752,0.075,0.0211,-0.0117,0.0054
1730000063640,49910,0.0216,-0.9776,0.0836,-0.0069,0.0535,-0.0025
1730000063650,49903,0.028,-1.031,0.0716,0.0007,0.0189,0.0022
1730000063660,49896,0.0115,-0.9823,0.0561,0.0133,-0.0226,-0.0071
1730000063670,49889,0.0144,-0.9722,0.0738,0.0186,-0.011,-0.0035
1730000063680,49882,0.016,-0.9641,0.053,0.0276,-0.0184,0.009
1730000063690,49875,0.022,-1.0151,0.0756,-0.0306,-0.0238,-0.0106
1730000063700,49868,0.0451,-1.0062,0.1003,-0.0252,-0.006,0.0004
1730000063710,49861,0.0023,-0.972,0.0699,0.0146,-0.0443,-0.0007
1730000063720,49856,0.0288,-1.0008,0.0938,0.033,-0.0002,-0.0033
1730000063730,49854,0.0029,-0.9764,0.0703,-0.0035,0.0123,0.0076
1730000063740,49862,0.0185,-0.9605,0.0737,0.0445,-0.0306,0.0199
1730000063750,49894,0.0092,-0.9963,0.071,0.0048,-0.0155,-0.0057
1730000063760,49971,0.0176,-0.9707,0.0867,-0.0174,0.0002,-0.0013
1730000063770,50121,0.005,-0.9304,0.0862,0.0374,0.0181,0.0027
1730000063780,50360,0.017,-0.9721,0.0734,-0.0045,-0.0047,-0.0013
1730000063790,50672,0.0186,-0.9711,0.0834,0.0109,-0.0483,-0.0077
1730000063800,50993,0.0294,-0.9783,0.0801,0.0162,0.0042,0.0156
1730000063810,51226,0.0222,-0.985,0.0894,-0.0141,-0.0138,0.0022
1730000063820,51285,0.0119,-0.9485,0.0763,-0.0112,0.0153,0.0315
1730000063830,51147,0.0238,-1.0098,0.0757,0.0128,-0.0155,0.0072
1730000063840,50862,0.0281,-0.9354,0.0897,-0.0303,-0.0059,-0.0131
1730000063850,50529,0.0102,-0.9633,0.0863,0.0202,0.0371,0.0026
1730000063860,50237,0.0105,-0.9703,0.0931,0.0279,0.011,-0.006
1730000063870,50036,0.0266,-0.9684,0.081,-0.0022,0.0035,0.0156
1730000063880,49930,0.003,-0.9616,0.085,0.0192,0.0092,-0.0037
1730000063890,49897,0.0441,-1.0165,0.0817,-0.0035,-0.0195,0.0064
1730000063900,49911,0.0359,-0.9713,0.0671,-0.0154,-0.0394,0.001
1730000063910,49949,0.0143,-0.9817,0.0932,-0.0056,0.004,-0.0167
1730000063920,49996,0.0396,-0.9625,0.087,0.0142,-0.0077,-0.0068
1730000063930,50039,0.0155,-0.9796,0.0657,-0.0264,-0.021,-0.0001
1730000063940,50069,0.0286,-0.9581,0.0755,0.0168,0.039,0.0039
1730000063950,50081,0.0218,-0.9767,0.0729,-0.0098,0.0036,0.0142
1730000063960,50070,0.0146,-0.9852,0.0915,-0.0086,-0.0358,0.0072
1730000063970,50037,0.031,-0.9809,0.0711,-0.0284,-0.0144,-0.0019
1730000063980,49988,0.0389,-0.9373,0.0761,-0.0152,-0.0078,0.01
1730000063990,49928,0.0116,-0.9869,0.0885,0.0017,-0.025,0.0058
1730000064000,49867,0.0156,-0.9541,0.0776,-0.0102,-0.013,-0.001
1730000064010,49809,0.0021,-0.9836,0.0801,0.0322,-0.0088,-0.0147
1730000064020,49761,0.022,-0.9901,0.0699,0.0128,-0.0371,-0.0067
1730000064030,49722,0.0213,-0.9966,0.0783,-0.0017,0.0112,0.0035
1730000064040,49693,0.023,-0.989,0.0788,0.0174,0.0178,-0.0102
1730000064050,49672,0.0236,-0.9714,0.07,-0.0069,-0.019,0.0129
1730000064060,49657,0.0248,-1.0016,0.0729,0.0094,-0.0074,0.0027
1730000064070,49647,0.0156,-1.004,0.0733,0.0053,0.0211,0.0077
1730000064080,49639,0.0112,-0.9749,0.0792,0.0056,-0.0201,0.0055
1730000064090,49632,0.0132,-0.957,0.0894,0.0121,-0.0177,0.004
1730000064100,49627,0.0026,-0.9806,0.0655,0.0093,-0.0185,0.0081
1730000064110,49622,0.0224,-0.9812,0.0907,0.0436,-0.0095,0.008
1730000064120,49617,0.0197,-0.9906,0.0886,0.0277,-0.0394,0.0248
1730000064130,49612,0.029,-0.9437,0.0796,-0.0062,-0.0179,0.0075
1730000064140,49608,0.0182,-0.9825,0.094,0.0066,-0.03,0.0063
1730000064150,49603,0.0139,-0.9724,0.0751,-0.0217,0.0181,-0.0244
1730000064160,49599,0.0214,-0.9798,0.0965,-0.0022,0.018,-0.0077
1730000064170,49595,0.0327,-1.0231,0.084,0.0278,-0.0111,0.0046
1730000064180,49590,0.0382,-0.9955,0.0552,0.0434,0.0009,-0.0202
1730000064190,49586,0.0547,-0.936,0.0653,0.0058,-0.0299,0.0122
1730000064200,49582,0.0394,-0.9994,0.0823,-0.0093,-0.0333,-0.0129
1730000064210,49578,0.0221,-0.9945,0.0618,-0.0484,0.0006,-0.0289
1730000064220,49574,0.0095,-0.9532,0.0633,-0.0026,-0.0287,-0.0091
1730000064230,49571,0.0245,-0.9703,0.1027,0.0093,-0.0231,0.0015
1730000064240,49567,0.0137,-1.004,0.0833,-0.0086,0.0234,-0.0108
1730000064250,49563,0.0067,-0.9392,0.0758,-0.0068,0.0299,0.0244
1730000064260,49560,0.0273,-0.9901,0.0739,0.015,0.0113,-0.02
1730000064270,49556,0.0228,-0.9977,0.0825,0.0149,0.0179,-0.0072
1730000064280,49553,0.024,-0.947,0.0796,-0.037,0.0308,-0.0081
1730000064290,49550,0.0239,-0.9548,0.0679,0.006,-0.0173,0.0012
1730000064300,49546,0.0224,-0.9792,0.0825,-0.0204,0.0101,0.013
1730000064310,49543,0.0253,-0.9688,0.0826,-0.002,-0.0036,0.0064
1730000064320,49540,0.0227,-0.9627,0.0731,-0.0003,-0.0038,0.0044
1730000064330,49537,0.0366,-0.9764,0.086,0.0261,-0.0021,-0.0036
1730000064340,49535,0.0035,-0.9753,0.088,-0.0082,-0.0028,-0.0095
1730000064350,49532,0.029,-0.9887,0.091,0.0212,0.0194,0.0088
1730000064360,49529,0.0372,-0.9857,0.0837,0.001,0.0613,-0.0122
1730000064370,49527,0.0167,-0.9283,0.0791,-0.0037,0.0442,-0.0038
1730000064380,49525,0.0176,-0.9618,0.0828,0.0137,-0.0348,-0.0201
1730000064390,49523,0.0116,-0.909,0.0763,-0.0157,-0.0119,-0.0097
1730000064400,49524,0.0244,-0.9813,0.0772,-0.0409,-0.0205,0.0059
1730000064410,49533,0.0087,-0.965,0.0911,0.022,-0.0205,0.0062
1730000064420,49559,0.0146,-0.958,0.0899,-0.017,0.015,-0.0085
1730000064430,49622,0.0211,-1.0036,0.0746,0.0141,0.0049,0.0066
1730000064440,49748,0.0052,-0.9545,0.0719,0.0232,0.0269,0.0131
1730000064450,49958,0.0196,-0.9623,0.0707,-0.0305,0.038,-0.0032
1730000064460,50251,0.0258,-0.9947,0.0863,0.0243,0.0316,-0.0048
1730000064470,50581,0.013,-0.9663,0.0682,-0.004,-0.0104,0.0153
1730000064480,50863,0.0155,-0.9679,0.0685,0.0244,-0.0215,0.0089
1730000064490,51001,0.0116,-0.95,0.0627,0.0108,0.0059,-0.0106
1730000064500,50944,0.0182,-0.9577,0.09,-0.0016,0.0352,-0.0103
1730000064510,50715,0.0293,-0.9656,0.0806,-0.0295,0.0279,0.0029
1730000064520,50397,0.0068,-0.9356,0.0613,-0.0093,0.0086,-0.0
1730000064530,50086,0.0154,-0.9747,0.0864,-0.0032,-0.0055,0.002
1730000064540,49851,0.0202,-0.9312,0.09,-0.009,0.0023,0.0122
1730000064550,49713,0.0257,-0.9635,0.0729,-0.0083,-0.0205,0.0063
1730000064560,49657,0.0195,-0.9846,0.0892,0.0226,0.0163,0.0016
1730000064570,49659,0.0293,-0.9423,0.0825,-0.0296,0.0315,-0.0013
1730000064580,49693,0.0179,-0.9548,0.0858,-0.0065,0.019,0.0138
1730000064590,49743,-0.0007,-0.9562,0.0838,0.0058,0.0022,-0.0012
1730000064600,49794,0.0165,-0.9793,0.0705,-0.008,-0.0036,0.009
1730000064610,49838,0.0171,-0.9334,0.0746,0.0023,-0.0,0.0147
1730000064620,49865,0.0146,-0.989,0.0469,0.0137,-0.0021,0.0044
1730000064630,49871,0.0384,-0.9956,0.0817,0.0369,0.0105,0.0032
1730000064640,49855,0.0168,-0.9552,0.0744,0.0055,0.0103,0.013
1730000064650,49819,-0.0047,-0.9759,0.0761,0.0323,-0.0366,-0.0034
1730000064660,49770,0.013,-0.9465,0.0789,0.005,0.0189,-0.0019
1730000064670,49716,0.0352,-0.9851,0.0845,0.0138,0.0255,0.0167
1730000064680,49662,-0.0015,-0.9692,0.0891,-0.0067,-0.0373,0.002
1730000064690,49615,0.0163,-0.9515,0.0662,0.0345,0.0068,0.0088
1730000064700,49577,0.0176,-0.9515,0.0843,0.0004,0.0076,0.0182
1730000064710,49549,0.0356,-1.0002,0.0658,0.0356,-0.0086,-0.0157
1730000064720,49530,0.0304,-0.9545,0.0883,0.0068,-0.0352,-0.0023
1730000064730,49519,0.0123,-0.9362,0.0726,0.0273,-0.0006,-0.0168
1730000064740,49512,0.0296,-0.9672,0.0918,0.015,-0.0123,-0.0038
1730000064750,49509,0.0285,-0.9598,0.0748,-0.0146,0.0372,0.0004
1730000064760,49509,0.0101,-0.945,0.0697,-0.0074,-0.0194,0.0125
1730000064770,49509,0.0303,-1.0051,0.081,0.0239,-0.0225,0.0093
1730000064780,49510,0.0346,-0.9582,0.0831,-0.0347,-0.0142,0.0028
1730000064790,49512,0.0219,-0.9618,0.0795,0.0209,0.0108,0.002
1730000064800,49514,0.0113,-0.9608,0.0784,0.0112,0.0204,-0.0186
1730000064810,49515,0.0142,-0.9685,0.0827,-0.0022,0.0164,0.0178
1730000064820,49517,0.0075,-0.9676,0.0853,0.0153,-0.0026,0.0062
1730000064830,49520,0.028,-0.9645,0.0781,-0.0301,-0.0075,0.0021
1730000064840,49522,0.017,-0.9594,0.0735,-0.0143,-0.0256,0.0205
1730000064850,49524,0.0173,-0.9783,0.0841,-0.0473,-0.043,0.0054
1730000064860,49526,0.0215,-0.9357,0.0862,-0.005,-0.0086,0.0128
1730000064870,49529,0.0376,-0.9108,0.081,-0.0044,-0.0068,-0.0017
1730000064880,49532,0.0175,-1.0073,0.0753,0.0035,0.0186,-0.0147
1730000064890,49534,0.0226,-0.9602,0.0964,0.0046,-0.0194,-0.0012
1730000064900,49537,0.0049,-0.9691,0.0847,-0.0081,0.0021,0.0173
1730000064910,49540,0.0242,-0.9726,0.0817,0.0109,-0.0193,0.0002
1730000064920,49543,0.0152,-0.967,0.0594,0.0218,0.0007,-0.0075
1730000064930,49546,0.0213,-1.0191,0.0788,-0.0139,0.0163,-0.0104
1730000064940,49549,0.0181,-1.0007,0.0819,-0.0212,0.0094,-0.0052
1730000064950,49552,0.0074,-0.9448,0.0958,-0.0137,-0.0048,-0.0043
1730000064960,49556,0.0174,-0.9514,0.1036,-0.0096,-0.0062,-0.0071
1730000064970,49559,0.0284,-0.9566,0.0885,-0.0141,0.0013,-0.0166
1730000064980,49563,0.0288,-0.9512,0.0757,-0.0161,-0.0393,-0.002
1730000064990,49566,0.0158,-0.9673,0.0772,-0.0303,-0.0201,0.0055
1730000065000,49570,0.0057,-0.9889,0.0676,-0.0326,-0.021,0.0124
1730000065010,49574,0.0191,-0.9399,0.088,0.0171,0.0289,0.001
1730000065020,49578,0.0166,-0.9631,0.0844,0.0255,0.0023,0.0091
1730000065030,49582,0.0222,-0.9625,0.0775,0.0184,0.0086,-0.0094
1730000065040,49586,0.0072,-0.9669,0.07,0.0004,0.0072,0.0186
1730000065050,49590,0.0067,-0.9955,0.0659,-0.0125,-0.0122,-0.0166
1730000065060,49594,0.0335,-0.9646,0.0693,-0.0487,0.0295,-0.015
1730000065070,49599,0.0301,-0.9878,0.0962,0.0294,-0.0153,-0.0222
1730000065080,49606,0.0394,-0.9524,0.087,0.0193,-0.0023,-0.0228
1730000065090,49619,0.0217,-0.955,0.0671,0.0178,0.0365,-0.0115
1730000065100,49645,0.034,-0.9209,0.0792,-0.012,0.0103,-0.0097
1730000065110,49700,0.0117,-0.9316,0.0723,0.0191,-0.0391,0.0076
1730000065120,49806,0.0111,-0.9338,0.091,0.0245,-0.0145,-0.0012
1730000065130,49986,0.0249,-0.9592,0.0811,0.0199,0.0006,-0.0117
1730000065140,50247,0.017,-0.913,0.0787,0.0018,0.0315,0.0047
1730000065150,50565,0.008,-0.9332,0.0753,-0.0012,0.0071,-0.0026
1730000065160,50876,0.0117,-0.9776,0.0716,-0.007,-0.0265,0.0085
1730000065170,51093,0.0087,-0.9506,0.0736,-0.0357,-0.0155,0.0003
1730000065180,51147,0.0297,-0.9609,0.0722,-0.0269,0.0056,0.0179
1730000065190,51020,0.0259,-0.9757,0.0917,0.0007,0.0156,0.0115
1730000065200,50760,0.0211,-0.97,0.0796,0.0122,-0.0171,-0.0237
1730000065210,50452,0.0457,-0.9178,0.0807,0.0431,0.0133,0.006
1730000065220,50178,-0.0005,-0.9453,0.0895,0.016,-0.0078,-0.0084
1730000065230,49984,0.0205,-0.9597,0.0921,0.0039,-0.0247,0.0037
1730000065240,49878,0.0278,-0.9838,0.088,-0.035,-0.0003,-0.0086
1730000065250,49845,0.0231,-0.9656,0.0816,-0.0178,-0.048,-0.0056
1730000065260,49859,0.0267,-0.9709,0.0825,0.0044,0.0108,-0.0043
1730000065270,49902,0.0209,-0.9884,0.0846,-0.0262,-0.0495,-0.009
1730000065280,49956,0.0332,-0.9252,0.0999,-0.022,-0.0213,0.0102
1730000065290,50012,0.0101,-0.9627,0.0812,-0.0003,-0.0371,0.0017
1730000065300,50059,0.0213,-0.9752,0.0618,-0.0282,0.0013,0.0077
1730000065310,50091,0.0221,-0.9593,0.0795,-0.0245,0.0119,0.0037
1730000065320,50104,0.0141,-0.9638,0.0688,-0.0035,-0.0107,0.002
1730000065330,50096,0.0073,-0.9462,0.0718,-0.0227,0.0077,0.0035
1730000065340,50070,0.0143,-0.9775,0.0777,-0.0266,0.0285,-0.0078
1730000065350,50031,0.0142,-0.9476,0.0833,-0.0052,0.0032,0.0074
1730000065360,49984,0.0241,-0.9634,0.0753,-0.0272,0.0039,-0.0012
1730000065370,49937,0.0241,-0.9826,0.0702,0.0101,-0.0238,0.0078
1730000065380,49896,0.0138,-0.9706,0.0863,-0.0154,0.0501,-0.009
1730000065390,49862,0.0324,-0.953,0.0843,-0.0012,-0.0174,0.0266
1730000065400,49837,0.0148,-0.9771,0.1042,-0.0095,-0.0032,0.0123
1730000065410,49821,0.0225,-0.9721,0.0843,-0.0084,0.0299,0.0057
1730000065420,49813,-0.0023,-0.9512,0.0868,-0.0217,-0.0071,-0.0061
1730000065430,49810,0.0238,-0.9349,0.0774,0.0017,0.0018,0.0104
1730000065440,49812,0.0355,-0.9676,0.0871,-0.0281,-0.0032,0.001
1730000065450,49815,0.0347,-0.9945,0.0912,-0.0124,0.0245,-0.0013
1730000065460,49820,0.0144,-0.9666,0.0801,0.0026,-0.0148,0.0114
1730000065470,49826,0.0008,-0.9498,0.0754,-0.0019,0.0054,-0.0058
1730000065480,49833,0.02,-0.9577,0.0816,-0.0128,0.0299,-0.0194
1730000065490,49839,0.0048,-0.9623,0.0913,-0.0331,0.0416,-0.0122
1730000065500,49846,0.0211,-0.9503,0.0656,0.0112,-0.0017,0.0072
1730000065510,49853,0.0382,-0.9741,0.079,-0.049,-0.0399,-0.0081
1730000065520,49860,0.0178,-0.998,0.08,-0.0089,0.0019,-0.0036
1730000065530,49867,0.0106,-0.9495,0.0878,-0.0219,-0.0346,-0.012
1730000065540,49874,0.0021,-0.9592,0.0714,-0.0572,-0.0099,0.0067
1730000065550,49881,0.0328,-0.9512,0.0844,0.0187,-0.0064,0.0172
1730000065560,49888,0.0215,-0.9389,0.0684,-0.0437,-0.0012,0.0201
1730000065570,49895,0.0284,-0.9768,0.0803,-0.0017,-0.0118,0.007
1730000065580,49902,0.0332,-0.9878,0.0882,0.0249,0.0037,0.0097
1730000065590,49909,0.025,-0.9522,0.0905,0.0222,0.0163,0.0071
1730000065600,49916,-0.0109,-0.9843,0.0825,0.0069,0.0018,0.003
1730000065610,49923,0.0324,-0.9462,0.0803,0.0245,-0.0336,-0.0012
1730000065620,49930,0.0418,-0.9464,0.0789,0.0356,0.0102,0.0201
1730000065630,49937,0.0128,-0.9845,0.0786,-0.0309,0.0179,-0.0217
1730000065640,49944,0.0145,-1.0035,0.0843,0.0046,0.0053,0.0031
1730000065650,49951,0.0222,-0.9417,0.0796,-0.0185,0.0098,-0.0012
1730000065660,49958,0.0117,-0.9846,0.0929,0.017,-0.0151,-0.0029
1730000065670,49966,0.0135,-0.9493,0.0818,-0.0361,-0.0132,0.0029
1730000065680,49973,0.0318,-0.9474,0.0733,-0.0229,0.039,0.0003
1730000065690,49980,0.0247,-1.0086,0.0901,-0.0231,-0.0038,-0.0049
1730000065700,49987,0.0407,-0.9981,0.1015,-0.0489,0.0041,0.0115
1730000065710,49994,0.0282,-1.0028,0.0859,-0.0025,0.0118,0.0188
1730000065720,50001,0.0165,-0.9833,0.0714,0.0149,0.0174,-0.0208
1730000065730,50008,0.0044,-0.974,0.0866,0.0418,0.0351,0.0039
1730000065740,50016,0.026,-0.9675,0.0713,0.015,-0.0172,-0.0023
1730000065750,50023,0.021,-0.9755,0.0816,0.0205,-0.0129,-0.0022
1730000065760,50030,0.0101,-0.9474,0.0697,-0.0108,0.019,-0.0082
1730000065770,50038,0.0255,-0.9542,0.0892,-0.0293,0.0026,0.005
1730000065780,50047,0.0123,-0.9444,0.0953,-0.0087,-0.0145,-0.0011
1730000065790,50060,0.0328,-0.9946,0.0852,-0.0201,-0.0166,0.0105
1730000065800,50083,0.0238,-0.9543,0.092,-0.0157,0.0028,-0.002
1730000065810,50131,0.0209,-0.9892,0.0958,0.0191,0.0147,-0.021
1730000065820,50222,0.0286,-0.9737,0.0902,-0.0137,-0.0033,0.0005
1730000065830,50382,0.0254,-0.9688,0.0919,0.0001,-0.0244,0.0061
1730000065840,50624,0.0272,-0.9609,0.0729,-0.0209,-0.0001,-0.0195
1730000065850,50935,0.0118,-0.9695,0.0796,-0.0124,0.0149,-0.0015
1730000065860,51260,0.0326,-0.9928,0.0768,-0.0456,0.0027,-0.0052
1730000065870,51514,0.0018,-0.995,0.0751,-0.0279,0.0033,0.0101
1730000065880,51616,0.0203,-0.9696,0.0813,0.009,-0.0186,-0.0022
1730000065890,51534,0.0297,-0.9649,0.0683,-0.015,0.0066,0.0027
1730000065900,51301,0.0073,-0.9762,0.0791,-0.0174,-0.0122,-0.0091
1730000065910,50996,0.0317,-0.9659,0.0738,0.0438,-0.0165,0.0
1730000065920,50708,0.0234,-1.002,0.0819,-0.0024,0.0201,-0.0114
1730000065930,50494,0.0034,-0.984,0.0603,-0.0068,-0.0095,0.0097
1730000065940,50369,0.0002,-0.9933,0.097,0.0202,0.0216,-0.0113
1730000065950,50322,0.0163,-0.955,0.0705,0.0031,-0.0061,0.001
1730000065960,50330,0.0134,-0.931,0.0996,-0.0242,0.0246,-0.0169
1730000065970,50369,0.0323,-0.9584,0.0831,-0.021,-0.0216,-0.018
1730000065980,50423,0.0324,-0.9554,0.0662,0.0248,0.0164,-0.0003
1730000065990,50480,0.0343,-1.0104,0.0991,-0.0104,0.0069,0.0317
1730000066000,50530,0.0157,-0.9671,0.0758,-0.0097,0.0243,-0.0052
1730000066010,50567,0.034,-1.0038,0.099,-0.0205,-0.0394,0.0081
1730000066020,50584,0.0233,-0.9722,0.091,-0.0389,0.0024,0.0291
1730000066030,50580,0.0359,-0.957,0.0811,-0.0124,-0.039,0.0068
1730000066040,50557,0.0379,-0.9602,0.0728,-0.0033,-0.018,-0.0174
1730000066050,50520,0.0074,-0.9986,0.0804,0.0117,-0.0053,-0.0002
1730000066060,50474,0.0238,-0.9913,0.0873,0.0502,-0.0121,-0.0015
1730000066070,50426,0.0009,-0.9743,0.0862,0.0031,-0.0086,0.0071
1730000066080,50383,0.0163,-0.9766,0.1018,0.0013,0.052,0.0169
1730000066090,50347,0.0389,-0.9977,0.0821,-0.0102,-0.0129,0.0022
1730000066100,50321,0.0357,-0.9633,0.0923,-0.0124,0.0183,-0.0202
1730000066110,50303,0.0297,-1.0113,0.0801,-0.0063,0.0307,-0.0055
1730000066120,50294,0.0389,-1.0045,0.0819,-0.0021,0.0284,-0.0063
1730000066130,50290,0.025,-0.9913,0.0761,0.0221,-0.0242,-0.0147
1730000066140,50290,0.0191,-0.9906,0.0923,0.0218,0.0014,0.0118
1730000066150,50292,0.0112,-0.9789,0.0812,-0.023,-0.0112,-0.0016
1730000066160,50296,0.026,-1.01,0.0794,0.0003,0.0195,-0.0003
1730000066170,50301,0.0251,-1.005,0.0798,-0.0508,-0.0019,-0.017
1730000066180,50307,0.0233,-0.9449,0.0759,0.0103,0.0218,0.0082
1730000066190,50312,0.024,-1.0013,0.0897,-0.0173,-0.0078,0.0071
1730000066200,50317,0.01,-0.9857,0.0878,0.0421,-0.0032,-0.0029
1730000066210,50323,0.024,-0.9642,0.0937,-0.0103,0.0437,-0.0025
1730000066220,50328,0.0357,-0.9896,0.0805,0.0029,-0.0205,-0.0022
1730000066230,50333,0.0169,-0.988,0.0667,-0.0128,-0.0106,-0.0048
1730000066240,50339,0.0298,-0.9856,0.0654,-0.0022,0.0176,0.0112
1730000066250,50344,0.0215,-0.9535,0.0797,0.0174,0.017,0.0041
1730000066260,50349,0.022,-0.9679,0.0843,-0.0058,-0.0068,-0.0022
1730000066270,50354,0.0166,-0.9875,0.0971,0.0234,-0.0038,0.0023
1730000066280,50359,0.0309,-0.98,0.0794,0.0368,0.0141,-0.0131
1730000066290,50364,0.0248,-0.9564,0.0748,-0.03,-0.0355,-0.0052
1730000066300,50369,0.0246,-0.9986,0.0822,-0.001,0.0292,0.0024
1730000066310,50373,-0.0097,-0.9747,0.0866,0.0288,0.0412,-0.0122
1730000066320,50378,0.0203,-0.988,0.0916,-0.0277,0.0033,0.005
1730000066330,50383,0.0012,-0.986,0.0936,-0.0232,-0.0025,-0.0074
1730000066340,50387,0.0337,-1.0037,0.0687,-0.0274,-0.0263,0.0044
1730000066350,50392,0.0322,-0.9691,0.0876,-0.0102,0.012,0.0121
1730000066360,50396,0.0065,-1.0017,0.078,-0.019,-0.0008,0.0207
1730000066370,50400,0.0165,-0.9814,0.0849,0.0119,-0.0307,0.0104
1730000066380,50404,0.0212,-0.9802,0.0777,-0.0209,-0.0159,0.0116
1730000066390,50408,0.0398,-1.0225,0.0859,0.0312,-0.0557,0.0091
1730000066400,50413,0.0175,-0.9958,0.0862,0.0074,-0.0018,-0.0078
1730000066410,50416,0.0095,-0.9878,0.0762,-0.0146,-0.0247,0.0037
1730000066420,50420,0.0118,-0.9946,0.0824,0.0164,-0.029,0.0062
1730000066430,50424,0.0124,-0.9969,0.0759,0.0117,-0.034,0.0014
1730000066440,50428,0.014,-1.0064,0.0785,-0.0197,-0.0165,0.0141
1730000066450,50431,0.008,-1.0058,0.0653,0.0049,-0.0047,0.0051
1730000066460,50435,0.0202,-0.9774,0.0863,-0.029,-0.0023,0.0124
1730000066470,50439,0.0076,-0.9805,0.0929,0.0429,0.0008,0.0144
1730000066480,50445,0.0076,-1.0103,0.0891,0.0122,0.0224,-0.0145
1730000066490,50455,0.0038,-1.0032,0.0656,0.021,-0.0106,-0.008
1730000066500,50479,0.0041,-0.9887,0.0738,0.0254,-0.016,-0.0065
1730000066510,50532,0.021,-0.9542,0.0896,0.008,0.0133,0.0033
1730000066520,50637,0.008,-0.9715,0.0909,-0.0204,0.0074,0.0016
1730000066530,50818,0.0242,-0.9802,0.0735,-0.0089,-0.013,0.001
1730000066540,51084,0.0152,-0.9965,0.0707,-0.0067,0.0523,-0.0239
1730000066550,51408,0.0079,-0.9898,0.0702,-0.02,-0.0221,-0.0011
1730000066560,51720,0.0196,-1.0329,0.0695,0.0162,-0.03,-0.014
1730000066570,51928,0.0249,-0.9795,0.0709,0.0263,-0.0137,-0.0077
1730000066580,51958,0.0246,-0.996,0.0772,-0.0196,-0.0378,0.0024
1730000066590,51803,0.0236,-0.9624,0.0703,0.008,-0.0033,-0.0108
1730000066600,51520,0.0179,-0.9694,0.0798,-0.0141,-0.0076,0.0046
1730000066610,51203,0.0115,-1.0321,0.0894,-0.0265,-0.0247,-0.0021
1730000066620,50933,0.0049,-0.9773,0.0548,-0.0013,-0.0066,-0.001
1730000066630,50752,0.0279,-0.9843,0.08,0.0199,-0.0016,-0.0076
1730000066640,50660,0.0279,-1.0003,0.0695,-0.0251,0.0139,0.0028
1730000066650,50638,-0.0028,-1.0072,0.0884,0.0039,0.0102,-0.0071
1730000066660,50659,0.0111,-1.0036,0.0961,-0.0111,0.0182,-0.0009
1730000066670,50704,0.0218,-0.9926,0.0639,0.0004,0.0067,0.0044
1730000066680,50756,-0.0006,-1.021,0.087,0.0231,0.0209,-0.0131
1730000066690,50806,0.0049,-0.9733,0.0638,0.0172,-0.0055,0.0125
1730000066700,50844,0.0027,-0.9862,0.0987,0.0135,0.0011,0.0059
1730000066710,50864,0.0141,-0.9937,0.08,-0.0245,0.0014,-0.0125
1730000066720,50863,0.0058,-0.9856,0.0854,0.033,-0.0144,-0.0067
1730000066730,50840,0.0265,-0.9845,0.0817,0.0116,-0.0178,0.0098
1730000066740,50801,0.0294,-0.9866,0.0991,-0.0174,0.0045,0.0047
1730000066750,50750,0.0218,-1.0309,0.0847,-0.0193,-0.0233,-0.0099
1730000066760,50696,0.0237,-0.9861,0.0928,0.0204,-0.0027,0.0226
1730000066770,50644,0.0246,-0.9988,0.0821,-0.0268,0.0067,0.0093
1730000066780,50599,0.0024,-0.9706,0.0961,-0.0038,-0.0003,-0.0056
1730000066790,50564,0.0098,-1.0256,0.0783,-0.0246,0.0076,-0.0118
1730000066800,50539,0.0194,-0.9948,0.087,-0.0118,0.0166,-0.0098
1730000066810,50521,0.0181,-1.0203,0.0492,-0.0145,0.005,-0.0236
1730000066820,50510,0.0197,-0.9904,0.1002,0.0244,-0.0088,-0.0199
1730000066830,50503,0.0279,-0.9962,0.0983,-0.0158,-0.0101,0.024
1730000066840,50499,0.0413,-0.973,0.0656,0.0046,0.0215,0.0085
1730000066850,50497,0.0319,-0.9783,0.0836,-0.0306,0.0108,0.0079
1730000066860,50496,0.0183,-1.0371,0.0752,0.0069,0.0152,0.0042
1730000066870,50495,0.0125,-1.0238,0.0681,0.0104,-0.0351,-0.0069
1730000066880,50494,0.0116,-1.0103,0.0843,-0.0271,-0.0123,0.009
1730000066890,50493,0.0358,-0.9928,0.0846,0.017,-0.0114,0.0025
1730000066900,50492,0.0485,-0.9826,0.0836,0.0278,-0.0254,0.0044
1730000066910,50491,0.0218,-0.9994,0.0644,-0.0193,0.0179,0.0079
1730000066920,50490,0.0212,-1.0007,0.0812,-0.0155,0.0071,-0.0029
1730000066930,50489,0.018,-1.0156,0.0948,0.0083,0.0036,0.0009
1730000066940,50488,0.0062,-0.9754,0.0736,-0.0081,-0.0035,0.0093
1730000066950,50486,0.0095,-0.9455,0.0921,0.0188,0.0299,-0.0033
1730000066960,50485,0.0193,-1.0225,0.0665,-0.0269,0.0135,-0.0119
1730000066970,50483,0.0055,-1.0368,0.077,0.0085,-0.0149,0.0186
1730000066980,50481,0.0303,-1.0237,0.0871,0.0187,0.0129,-0.0056
1730000066990,50480,0.0212,-1.0042,0.0762,0.0419,0.0005,-0.0125
1730000067000,50478,0.0225,-0.9627,0.0831,-0.0007,-0.0184,0.0211
1730000067010,50476,0.0504,-0.9671,0.081,-0.0313,0.004,-0.0132
1730000067020,50474,0.0117,-0.9987,0.0741,0.0052,-0.0001,0.0039
1730000067030,50472,0.0215,-0.9627,0.0869,0.0058,-0.0066,-0.0074
1730000067040,50469,0.0305,-1.0266,0.0868,-0.0107,-0.0253,-0.0075
1730000067050,50467,0.0116,-0.9994,0.1052,-0.0206,-0.017,0.011
1730000067060,50464,0.0033,-0.9834,0.0774,-0.0176,0.0205,0.0014
1730000067070,50462,0.0203,-0.9715,0.066,0.0017,0.0155,-0.0038
1730000067080,50459,0.0163,-0.9674,0.0977,-0.0337,0.0029,0.0084
1730000067090,50456,0.023,-1.0052,0.0942,-0.0109,0.0057,-0.0122
1730000067100,50454,0.0089,-0.9957,0.0722,-0.0053,-0.0144,0.001
1730000067110,50451,0.0157,-0.9966,0.0799,0.021,0.0199,-0.0054
1730000067120,50448,0.0286,-0.9963,0.0845,0.0395,-0.0087,0.0112
1730000067130,50445,0.0284,-0.9932,0.0705,-0.0371,0.0403,0.0129
1730000067140,50441,0.0395,-0.9979,0.0803,0.0014,-0.0274,0.0005
1730000067150,50439,0.0311,-0.9652,0.0689,0.0331,0.0454,0.0015
1730000067160,50437,0.0279,-0.9946,0.0856,-0.0018,-0.0259,0.0034
1730000067170,50439,0.009,-1.0134,0.0751,0.0113,-0.0042,0.0066
1730000067180,50452,0.0203,-0.9937,0.0819,-0.0136,0.0074,-0.0062
1730000067190,50491,0.004,-0.9954,0.077,0.0273,-0.0217,0.0101
1730000067200,50580,0.0385,-0.9561,0.0851,-0.0234,-0.0062,0.0063
1730000067210,50748,0.035,-1.0271,0.0778,-0.0356,-0.0186,-0.0
1730000067220,51008,0.0178,-1.0242,0.0873,-0.013,-0.0138,-0.0111
1730000067230,51336,0.0195,-0.9932,0.0819,0.0173,0.0069,0.0101
1730000067240,51656,0.0311,-1.0232,0.0883,0.0273,-0.0114,0.0313
1730000067250,51864,0.0144,-0.9967,0.0814,0.0115,0.0067,0.0157
1730000067260,51880,0.0379,-0.9948,0.0502,0.0037,0.0165,0.0179
1730000067270,51698,0.0322,-1.0043,0.1033,-0.018,0.0026,-0.0113
1730000067280,51388,0.0306,-1.0235,0.0791,0.0055,0.0225,0.0009
1730000067290,51055,0.0307,-1.0144,0.0733,0.005,0.0002,0.0096
1730000067300,50784,-0.0048,-1.0052,0.0903,-0.0256,-0.0065,-0.0003
1730000067310,50613,0.0161,-0.9881,0.0851,0.0029,-0.0139,-0.0074
1730000067320,50534,0.0084,-0.9875,0.0715,-0.0072,-0.0176,0.0049
1730000067330,50521,0.0336,-0.9878,0.0704,0.0062,-0.0169,0.0048
1730000067340,50548,0.0275,-1.0281,0.0958,0.0143,0.0205,0.0048
1730000067350,50593,0.0153,-0.9967,0.09,-0.0006,0.0158,0.0132
1730000067360,50641,0.0185,-1.0003,0.0709,0.0017,0.0066,0.0134
1730000067370,50682,0.0268,-0.9869,0.0789,-0.0034,-0.0258,0.002
1730000067380,50706,0.0136,-1.0072,0.0747,0.0192,0.0045,0.0039
1730000067390,50708,0.0146,-0.9974,0.0664,0.0101,0.0048,-0.038
1730000067400,50687,-0.0016,-1.0044,0.0859,0.0094,0.0219,-0.0054
1730000067410,50645,0.003,-0.9866,0.0821,-0.0115,0.0062,0.0097
1730000067420,50589,0.0208,-1.0165,0.1015,0.0016,-0.0442,-0.0011
1730000067430,50527,0.0224,-1.0158,0.0733,0.0124,0.0062,0.006
1730000067440,50466,0.0307,-1.0141,0.0701,0.0133,-0.027,0.0197
1730000067450,50412,0.0127,-0.9899,0.0679,-0.0037,0.0034,0.0189
1730000067460,50367,0.0287,-0.9821,0.0801,-0.0102,-0.007,0.0151
1730000067470,50334,0.016,-0.9567,0.0828,-0.0042,0.0025,-0.0166
1730000067480,50309,-0.0029,-0.9995,0.073,0.0032,-0.0156,0.0037
1730000067490,50291,0.009,-0.9837,0.0612,0.0182,0.0351,-0.0026
1730000067500,50278,0.0086,-1.0114,0.0803,0.0229,-0.0263,0.0039
1730000067510,50269,0.0436,-0.9922,0.0761,0.0059,-0.0032,-0.004
1730000067520,50261,0.0313,-0.9946,0.0871,0.0076,-0.0567,-0.0105
1730000067530,50254,0.0151,-0.9713,0.0775,-0.0033,-0.0152,0.0038
1730000067540,50247,0.0234,-0.9896,0.0774,0.0145,-0.036,-0.011
1730000067550,50241,0.0219,-1.0155,0.0708,-0.0051,-0.0135,0.0185
1730000067560,50234,0.038,-1.0086,0.092,-0.0009,0.0023,0.0142
1730000067570,50228,0.0254,-0.9833,0.0824,-0.0215,-0.0038,0.0001
1730000067580,50222,0.0114,-1.0009,0.0607,-0.0174,0.0007,-0.0042
1730000067590,50215,0.0188,-0.9737,0.0842,0.0017,-0.0041,0.0039
1730000067600,50209,0.0393,-0.9751,0.0861,0.008,-0.0091,-0.0101
1730000067610,50202,0.0277,-0.9912,0.0794,-0.005,0.0075,0.026
1730000067620,50196,0.0271,-0.9783,0.0701,-0.0068,-0.0106,-0.0032
1730000067630,50189,0.0264,-0.98,0.0755,0.0099,0.0274,0.0131
1730000067640,50183,0.0267,-0.9761,0.0783,0.0172,-0.0235,-0.018
1730000067650,50176,0.0129,-0.9793,0.0725,0.0397,0.0201,-0.0024
1730000067660,50169,0.0336,-0.9605,0.0877,0.0022,-0.0049,-0.0054
1730000067670,50163,0.0212,-0.9929,0.0802,-0.0008,-0.019,-0.0043
1730000067680,50156,0.0077,-1.0075,0.0766,0.0074,-0.0113,-0.0082
1730000067690,50149,0.0009,-0.9802,0.1052,-0.0063,0.0074,-0.0053
1730000067700,50142,0.0237,-0.9503,0.0999,0.0375,0.0086,-0.0086
1730000067710,50135,0.0155,-0.9757,0.0851,0.0137,-0.0131,0.0144
1730000067720,50128,0.0273,-0.9935,0.0858,-0.0027,-0.0041,-0.0053
1730000067730,50121,0.0241,-0.9553,0.0625,0.0191,-0.0323,0.016
1730000067740,50115,0.042,-0.9947,0.0806,0.01,-0.0152,-0.0071
1730000067750,50108,0.0123,-0.9934,0.0863,0.0339,0.011,0.0043
1730000067760,50101,0.0477,-0.9673,0.0774,-0.0025,0.0139,0.0071
1730000067770,50094,0.0252,-1.0164,0.0796,0.025,0.0044,0.0044
1730000067780,50087,0.0233,-0.9986,0.0866,0.0144,0.0095,-0.0143
1730000067790,50079,0.0182,-0.987,0.0894,0.0341,-0.0076,0.0012
1730000067800,50072,0.0276,-1.0236,0.0584,0.0127,-0.014,-0.0034
1730000067810,50065,0.0043,-0.9655,0.077,-0.0013,-0.0287,0.011
1730000067820,50059,0.0243,-0.9806,0.0579,0.0137,0.0018,0.0097
1730000067830,50054,0.0201,-0.9996,0.091,-0.026,-0.008,-0.0015
1730000067840,50054,0.021,-1.0162,0.0691,0.0005,-0.0051,0.005
1730000067850,50065,0.019,-0.9574,0.0786,0.0194,0.0312,-0.0138
1730000067860,50103,0.0234,-0.978,0.0723,0.0165,0.0111,0.003
1730000067870,50188,0.0247,-0.9987,0.0709,0.0583,-0.0206,-0.0016
1730000067880,50344,0.0051,-0.9969,0.0902,-0.0012,-0.0284,0.007
1730000067890,50582,0.0076,-0.98,0.0741,0.001,0.0013,0.0136
1730000067900,50885,0.0001,-0.9742,0.0795,0.0141,0.0027,0.0019
1730000067910,51191,0.0111,-0.9863,0.0895,-0.0043,0.0146,0.0035
1730000067920,51415,0.0044,-0.99,0.0639,0.0327,0.0288,0.0217
1730000067930,51480,0.0107,-0.9854,0.0831,-0.0076,0.0252,-0.0154
1730000067940,51361,0.0398,-0.9752,0.0792,-0.0296,-0.0308,0.0158
1730000067950,51099,0.018,-0.9944,0.0891,0.0207,-0.0034,0.0047
1730000067960,50779,0.0173,-0.9913,0.0817,-0.0005,0.0206,0.0207
1730000067970,50484,0.0337,-1.0006,0.0718,0.0145,-0.0057,0.0114
1730000067980,50267,0.0242,-0.9824,0.0906,-0.0017,0.0055,0.0054
1730000067990,50139,0.0111,-0.9893,0.0818,0.0197,0.0077,0.0047
1730000068000,50087,0.0282,-1.0024,0.0988,0.0087,0.028,0.0062
1730000068010,50086,0.0353,-0.992,0.082,0.0019,0.0044,-0.0075
1730000068020,50114,0.0161,-0.9621,0.0841,-0.0039,-0.0081,0.0005
1730000068030,50155,0.0476,-0.9933,0.0739,-0.0242,-0.0078,-0.0102
1730000068040,50198,0.0164,-0.9895,0.0755,0.019,-0.0269,-0.0159
1730000068050,50234,0.0053,-0.9348,0.0837,0.0041,-0.0491,0.0068
1730000068060,50254,0.0314,-1.0101,0.0578,-0.0088,0.0039,0.0066
1730000068070,50255,0.0039,-0.963,0.0771,-0.0036,0.0202,0.0107
1730000068080,50236,0.016,-0.9797,0.0927,-0.0075,0.0096,0.0102
1730000068090,50197,0.0125,-0.9718,0.0784,-0.0122,-0.0262,0.0239
1730000068100,50145,0.0198,-0.9769,0.1088,0.0257,-0.0058,0.0063
1730000068110,50085,0.0293,-0.9512,0.0813,0.018,-0.016,0.0041
1730000068120,50025,0.0238,-0.9873,0.0875,0.0075,-0.0132,-0.0194
1730000068130,49969,0.0165,-0.9849,0.0881,0.0128,0.0009,0.018
1730000068140,49922,0.0109,-0.9966,0.0774,0.005,-0.0087,0.0004
1730000068150,49884,0.0149,-0.9577,0.065,-0.0342,-0.0063,0.0077
1730000068160,49855,0.0381,-0.9638,0.064,0.0287,-0.0264,-0.0009
1730000068170,49833,0.0215,-0.9889,0.0829,0.0297,0.0028,0.0005
1730000068180,49817,0.0233,-0.9985,0.0754,0.0325,0.0038,-0.0073
1730000068190,49805,0.0115,-0.9846,0.0832,-0.0028,-0.0068,0.0034
1730000068200,49795,0.0162,-0.9722,0.0802,-0.0092,0.0006,-0.0131
1730000068210,49787,0.0235,-0.9586,0.0789,0.0145,-0.0091,0.0074
1730000068220,49780,0.0169,-0.9592,0.0692,0.0099,-0.0007,-0.0044
1730000068230,49773,0.0311,-0.9679,0.0692,-0.0162,-0.0055,0.0114
1730000068240,49767,0.0303,-0.9965,0.0677,-0.0163,0.0168,-0.0105
1730000068250,49760,0.0115,-0.9859,0.0814,-0.0234,0.0228,0.0023
1730000068260,49754,0.0357,-0.9639,0.1052,0.0219,-0.0075,0.0145
1730000068270,49748,0.024,-0.9792,0.077,-0.0029,-0.005,-0.0143
1730000068280,49742,0.0292,-0.9958,0.0551,0.014,-0.0072,-0.0034
1730000068290,49735,0.0121,-0.9518,0.0814,-0.0391,-0.0045,0.0077
1730000068300,49729,0.0306,-0.9929,0.0796,-0.0029,-0.008,-0.0071
1730000068310,49723,0.0121,-0.9397,0.0725,-0.0184,-0.019,-0.0012
1730000068320,49717,0.0202,-0.9782,0.0742,0.0026,0.0332,-0.0151
1730000068330,49711,0.0258,-0.9693,0.0874,0.0135,0.0039,0.0292
1730000068340,49706,0.0349,-0.9696,0.0837,-0.0167,0.0248,-0.0039
1730000068350,49700,0.0023,-0.9722,0.0744,0.0068,0.0068,0.0111
1730000068360,49694,0.0199,-0.9611,0.0772,-0.0145,0.0052,-0.0202
1730000068370,49688,0.015,-0.9717,0.0637,-0.0062,0.015,0.0226
1730000068380,49683,0.0148,-0.966,0.07,-0.0147,0.0406,0.0036
1730000068390,49677,0.0198,-0.9549,0.0858,-0.0262,-0.0056,-0.006
1730000068400,49672,0.0241,-0.9737,0.0785,-0.0277,-0.0081,0.006
1730000068410,49666,0.0149,-0.9768,0.0791,-0.0089,0.0283,-0.0161
1730000068420,49661,0.0227,-0.9551,0.0735,0.0023,-0.0016,-0.0031
1730000068430,49656,0.0194,-0.9917,0.0584,0.019,-0.0144,-0.0121
1730000068440,49651,0.0085,-0.9782,0.0729,0.0343,-0.0116,0.0049
1730000068450,49645,0.0312,-0.9667,0.0832,0.0085,0.0295,0.0231
1730000068460,49640,0.025,-0.9835,0.078,0.0136,-0.0354,0.0114
1730000068470,49635,0.0261,-0.9788,0.0688,0.0162,0.0409,0.0011
1730000068480,49630,0.0067,-0.9598,0.0958,0.0182,0.0008,-0.0005
1730000068490,49626,0.0193,-0.95,0.0727,-0.0012,-0.0161,0.0031
1730000068500,49621,0.0227,-0.974,0.09,-0.0281,-0.0156,0.005
1730000068510,49616,0.0345,-0.9996,0.09,0.0042,0.014,-0.002
1730000068520,49612,0.0057,-0.96,0.0762,-0.0307,0.0024,-0.0119
1730000068530,49610,0.0154,-0.9969,0.0961,-0.0069,-0.0108,-0.0047
1730000068540,49614,0.0085,-0.9566,0.0813,0.0071,0.022,-0.0122
1730000068550,49632,0.0279,-0.968,0.0886,0.0194,-0.0117,-0.0101
1730000068560,49680,0.0187,-0.9553,0.0896,-0.0028,-0.002,0.0119
1730000068570,49782,0.0387,-0.978,0.0687,0.0164,0.0078,0.0131
1730000068580,49961,0.0225,-0.9897,0.0862,0.011,0.0212,0.0006
1730000068590,50224,0.0337,-0.9628,0.0942,-0.0135,0.0249,0.0028
1730000068600,50542,0.0366,-0.944,0.0845,0.0285,0.042,0.0044
1730000068610,50844,0.03,-0.9591,0.0787,-0.0165,0.0083,-0.0062
1730000068620,51037,0.0158,-0.9636,0.0668,-0.002,-0.0148,0.0061
1730000068630,51052,0.0187,-0.9937,0.0853,0.0081,-0.019,0.0027
1730000068640,50883,0.0167,-1.0055,0.0887,0.0171,-0.0304,0.0171
1730000068650,50592,0.0467,-0.959,0.071,-0.0069,-0.0024,-0.0088
1730000068660,50271,0.0155,-0.9589,0.081,-0.0023,-0.0077,0.0122
1730000068670,49999,0.0369,-0.9503,0.08,0.0456,0.0354,0.0018
1730000068680,49817,0.0179,-0.998,0.0736,0.0175,0.0182,-0.0032
1730000068690,49723,0.0284,-0.9523,0.0969,-0.0523,-0.015,-0.0034
1730000068700,49698,0.0217,-0.9343,0.072,0.015,0.016,0.0022
1730000068710,49715,0.0196,-0.9956,0.0885,-0.0222,-0.0186,-0.0018
1730000068720,49755,0.0232,-0.9649,0.0927,0.004,-0.0049,-0.0072
1730000068730,49804,0.0288,-0.9479,0.0847,-0.0274,-0.0087,0.01
1730000068740,49849,0.0173,-0.9526,0.0769,0.0007,0.0329,0.0052
1730000068750,49884,0.011,-0.932,0.0902,-0.002,0.014,-0.0114
1730000068760,49900,0.0213,-0.9904,0.0803,-0.0282,-0.0117,-0.0015
1730000068770,49895,0.029,-0.9652,0.0839,0.0453,-0.0078,-0.0154
1730000068780,49869,0.0187,-0.982,0.0832,0.0308,-0.0304,0.0051
1730000068790,49826,0.0329,-0.9603,0.0798,0.0108,0.0115,0.0093
1730000068800,49773,0.0203,-0.9523,0.0704,0.0094,0.0039,-0.012
1730000068810,49717,0.0216,-0.9917,0.0681,-0.0214,-0.0132,0.0091
1730000068820,49663,0.0244,-0.9643,0.0805,0.0032,0.0318,0.0015
1730000068830,49616,0.0257,-0.9692,0.0869,0.0165,-0.0607,-0.0004
1730000068840,49579,0.0175,-0.962,0.0875,-0.0151,-0.0152,0.0098
1730000068850,49551,0.0121,-0.9331,0.081,-0.0166,0.0359,0.0103
1730000068860,49532,0.021,-0.9487,0.069,-0.0372,-0.0248,0.0117
1730000068870,49519,0.0202,-0.969,0.0683,-0.0096,-0.0096,0.0046
1730000068880,49511,0.0225,-0.9693,0.0857,-0.0188,0.0035,-0.0024
1730000068890,49506,0.0291,-0.9249,0.0856,-0.0179,0.0124,-0.0075
1730000068900,49503,0.0285,-0.9789,0.0791,0.0046,0.0062,0.0217
1730000068910,49501,0.0215,-0.9984,0.0805,0.0183,0.0004,0.0195
1730000068920,49500,0.0276,-0.9423,0.0793,-0.0277,-0.0041,0.0079
1730000068930,49499,0.0178,-0.9457,0.0832,0.006,-0.0326,0.0169
1730000068940,49498,0.0118,-1.0103,0.0947,-0.0034,-0.0066,-0.0158
1730000068950,49498,0.0439,-0.984,0.0837,0.004,-0.0113,-0.0025
1730000068960,49497,0.0294,-0.9901,0.0708,0.0071,0.0046,0.0039
1730000068970,49497,0.0364,-0.9357,0.0688,0.0364,-0.0404,-0.0042
1730000068980,49496,0.0279,-0.9609,0.0725,0.0043,-0.0192,0.0063
1730000068990,49496,0.0361,-0.9632,0.0819,0.0139,0.038,-0.0175
1730000069000,49496,0.0147,-0.9765,0.0945,0.0255,-0.0078,-0.0023
1730000069010,49496,0.0222,-0.9762,0.0612,-0.0046,-0.0301,-0.0168
1730000069020,49496,0.0185,-0.9704,0.0797,0.0222,0.0179,0.0099
1730000069030,49497,0.0464,-0.9424,0.0753,-0.0006,0.0094,0.0032
1730000069040,49497,0.0106,-0.9306,0.0687,0.0184,-0.0205,0.0039
1730000069050,49497,0.0156,-0.9663,0.0663,0.0197,-0.0187,-0.0032
1730000069060,49498,0.0123,-0.9579,0.0787,0.0183,0.0303,-0.003
1730000069070,49498,0.0392,-0.9819,0.0969,-0.0211,-0.0167,0.0099
1730000069080,49499,0.0145,-0.976,0.0883,0.0201,-0.0269,-0.0235
1730000069090,49500,0.0222,-0.9384,0.085,0.0173,-0.0067,0.0178
1730000069100,49501,-0.0006,-0.9725,0.0814,-0.004,-0.0087,0.0019
1730000069110,49502,0.012,-0.9632,0.0915,-0.0194,0.002,-0.0094
1730000069120,49503,0.0208,-0.9922,0.0726,0.0031,0.01,0.0076
1730000069130,49504,0.0176,-0.9837,0.0732,-0.0261,0.0053,-0.0088
1730000069140,49506,0.0216,-1.0194,0.0885,0.0018,-0.0046,-0.0071
1730000069150,49507,0.0145,-0.9872,0.0602,-0.0272,-0.0066,-0.0082
1730000069160,49509,0.0001,-0.9523,0.1018,-0.0192,-0.0034,-0.0087
1730000069170,49510,0.0147,-0.9674,0.085,-0.009,-0.0176,-0.0015
1730000069180,49512,0.0325,-0.9869,0.0853,0.0199,-0.0012,0.0084
1730000069190,49514,0.0113,-0.9865,0.0814,-0.0074,-0.0032,0.0049
1730000069200,49516,0.0185,-0.972,0.0717,0.0312,0.0076,-0.0098
1730000069210,49518,0.0104,-0.9794,0.0637,-0.0011,0.0161,-0.0106
1730000069220,49523,0.0229,-0.9762,0.0861,-0.0034,-0.0226,-0.003
1730000069230,49531,0.0219,-0.9772,0.0896,-0.0149,-0.0204,-0.0006
1730000069240,49550,0.0233,-0.9696,0.084,-0.0208,-0.018,0.0089
1730000069250,49593,0.0159,-0.9443,0.0805,0.0126,0.0223,0.0053
1730000069260,49679,0.0151,-1.0081,0.0926,-0.0076,-0.0063,0.0106
1730000069270,49832,0.0127,-0.9813,0.0701,-0.0006,0.0001,-0.0018
1730000069280,50067,0.0108,-0.9459,0.0881,-0.0065,-0.0123,0.0046
1730000069290,50369,0.0067,-0.9466,0.0791,0.0362,-0.0121,0.0376
1730000069300,50688,0.0024,-1.0007,0.0824,0.0053,-0.0361,0.0017
1730000069310,50940,0.016,-0.9323,0.0781,0.0185,0.0083,-0.0135
1730000069320,51047,0.029,-0.9706,0.0606,-0.0173,0.0108,0.0008
1730000069330,50974,0.0271,-0.9796,0.0774,-0.0145,-0.0032,0.0051
1730000069340,50748,0.0179,-0.9639,0.075,-0.011,-0.0253,-0.0021
1730000069350,50445,0.0211,-0.9676,0.09,0.0058,-0.015,-0.0025
1730000069360,50152,0.0202,-0.975,0.0892,-0.0059,0.0495,0.0001
1730000069370,49927,0.0277,-0.9842,0.0765,0.0077,0.0058,-0.006
1730000069380,49791,0.0213,-0.9435,0.0718,0.0179,-0.0254,0.0091
1730000069390,49734,0.0096,-0.9321,0.0665,0.0014,0.0023,0.0148
1730000069400,49732,0.0222,-0.9658,0.0817,0.0005,0.0197,0.014
1730000069410,49765,0.0223,-0.985,0.0862,-0.0049,0.0028,0.0122
1730000069420,49815,0.014,-0.9589,0.0755,0.0039,-0.017,0.0006
1730000069430,49869,0.0184,-0.9752,0.1045,0.0256,-0.0125,-0.0071
1730000069440,49918,0.0335,-0.9722,0.0747,-0.0184,0.0096,0.0082
1730000069450,49955,0.008,-0.9586,0.0897,0.0432,-0.0248,-0.0176
1730000069460,49974,0.0116,-0.964,0.0733,0.0102,-0.0188,0.0047
1730000069470,49972,0.0128,-0.9639,0.0837,-0.004,0.0355,-0.0243
1730000069480,49951,0.0283,-0.9342,0.0901,-0.0098,-0.0471,0.0143
1730000069490,49914,0.0072,-0.9398,0.0712,0.0196,0.0068,0.0064
1730000069500,49869,0.0228,-0.9764,0.0792,-0.024,-0.0333,-0.0075
1730000069510,49820,0.0206,-0.9609,0.0893,0.0064,-0.0122,-0.007
1730000069520,49774,0.0121,-0.9826,0.0597,-0.0065,0.0325,0.0102
1730000069530,49736,0.0305,-0.9386,0.0864,-0.0316,-0.0085,-0.0127
1730000069540,49706,0.0279,-0.9857,0.0833,0.0385,0.013,0.0157
1730000069550,49685,0.0142,-0.9934,0.0695,-0.0271,-0.0017,0.0118
1730000069560,49673,0.0106,-0.9439,0.0549,-0.0196,0.0311,-0.0005
1730000069570,49666,0.0263,-1.006,0.0612,-0.034,0.0161,-0.0195
1730000069580,49665,0.0159,-0.9608,0.0665,-0.0605,0.0013,0.0145
1730000069590,49666,0.0286,-0.9559,0.0432,-0.0066,0.0308,0.0054
1730000069600,49669,0.0014,-0.9701,0.097,0.0034,-0.022,-0.0006
1730000069610,49674,0.0243,-0.9595,0.0736,-0.0288,0.0291,0.0041
1730000069620,49679,0.0164,-0.9738,0.0968,-0.0082,-0.0153,-0.0019
1730000069630,49684,0.0357,-0.9656,0.0816,-0.0219,-0.0197,-0.0029
1730000069640,49690,0.0162,-0.9968,0.0677,-0.0156,0.0218,0.0021
1730000069650,49695,0.0306,-0.9889,0.0956,0.002,0.0173,-0.0012
1730000069660,49701,0.0285,-0.9461,0.0771,-0.0001,0.0422,0.0007
1730000069670,49707,0.0074,-0.9784,0.0729,0.0264,0.0028,0.0112
1730000069680,49713,0.0389,-0.9725,0.0752,-0.0279,0.036,0.0123
1730000069690,49719,0.0165,-0.9712,0.1006,-0.0071,0.0108,0.0027
1730000069700,49725,0.0205,-0.9716,0.0658,0.0012,-0.0137,0.0054
1730000069710,49731,0.0329,-0.9653,0.0762,0.0237,-0.0187,0.0011
1730000069720,49737,0.0105,-0.9997,0.0989,0.0369,-0.0017,0.0065
1730000069730,49743,0.0145,-0.9935,0.0801,-0.0256,0.0375,-0.0067
1730000069740,49749,0.018,-0.9597,0.0793,0.0012,0.0263,-0.0009
1730000069750,49755,0.0237,-0.9907,0.0756,0.0233,-0.0043,-0.0066
1730000069760,49762,0.0286,-1.0164,0.0883,0.0054,-0.024,0.0093
1730000069770,49768,0.0081,-0.9957,0.0754,-0.0056,-0.0372,0.0005
1730000069780,49774,0.0309,-0.9653,0.0944,0.0245,0.0118,-0.0086
1730000069790,49781,0.0239,-0.9996,0.0645,-0.007,-0.0151,0.0005
1730000069800,49787,0.0058,-0.9798,0.0612,0.0004,-0.0183,-0.013
1730000069810,49794,0.0272,-0.984,0.0712,-0.0417,0.0086,0.0093
1730000069820,49800,0.0143,-0.9421,0.0732,-0.0188,-0.0009,-0.0085
1730000069830,49807,0.0226,-0.969,0.0678,0.0104,0.0021,-0.0208
1730000069840,49814,0.0219,-0.9817,0.0755,-0.0005,0.0355,-0.0027
1730000069850,49820,0.0184,-0.9925,0.0819,-0.0247,-0.0138,0.0103
1730000069860,49827,0.0001,-0.9773,0.1129,0.0045,0.0113,0.0083
1730000069870,49834,0.0313,-0.9784,0.1013,-0.0036,0.0301,0.0004
1730000069880,49841,0.0246,-1.0207,0.0822,-0.0191,-0.0272,0.0037
1730000069890,49847,0.02,-0.9651,0.0824,-0.0351,0.0263,-0.0204
1730000069900,49854,0.003,-0.9596,0.0844,0.0052,-0.0143,0.0075
1730000069910,49862,0.0276,-0.9436,0.0777,-0.023,0.0185,-0.0006
1730000069920,49870,0.0237,-0.9478,0.0828,0.0024,0.0125,-0.0052
1730000069930,49881,0.028,-0.9471,0.0789,-0.0091,-0.0026,-0.0085
1730000069940,49902,0.0005,-0.9786,0.0785,0.0326,0.0011,0.0176
1730000069950,49945,0.0297,-0.9773,0.0843,0.0141,0.0218,0.0183
1730000069960,50030,0.0255,-0.9866,0.0802,-0.003,-0.0408,-0.0019
1730000069970,50183,0.0123,-0.9553,0.0761,0.0166,0.0025,-0.0138
1730000069980,50423,0.0149,-0.9604,0.0866,0.0092,0.038,-0.006
1730000069990,50738,0.0381,-0.98,0.0881,0.0146,0.013,0.0009
1730000070000,51073,0.0166,-1.0076,0.0841,-0.0219,0.0012,-0.0136
1730000070010,51336,0.0173,-0.9711,0.0822,0.0052,0.0047,0.0073
1730000070020,51440,0.0316,-0.9959,0.0798,-0.0349,-0.033,-0.003
1730000070030,51349,0.0194,-0.9736,0.0827,0.0171,0.0069,-0.0086
1730000070040,51103,0.0271,-0.9665,0.0723,-0.0137,0.0246,-0.0091
1730000070050,50788,0.0227,-1.016,0.0685,0.0049,-0.0134,-0.014
1730000070060,50499,0.0054,-0.9928,0.0921,-0.0022,-0.016,-0.0136
1730000070070,50292,0.0209,-0.9351,0.0934,0.0141,-0.0308,-0.0028
1730000070080,50179,0.0071,-1.005,0.0683,0.0229,-0.0088,-0.019
1730000070090,50144,0.0151,-0.9876,0.0864,0.0018,0.0005,-0.0028
1730000070100,50161,0.0264,-0.9836,0.0869,-0.0032,0.0368,0.0081
1730000070110,50207,0.0356,-0.9818,0.0795,0.0281,0.0407,-0.0089
1730000070120,50265,0.0218,-0.9955,0.0822,-0.0071,-0.0268,0.006
1730000070130,50323,0.0034,-0.9652,0.0856,-0.018,-0.0033,0.0156
1730000070140,50371,0.0319,-0.9463,0.1027,0.0039,0.0125,0.0043
1730000070150,50402,0.0089,-0.9531,0.0896,0.009,0.0177,0.0012
1730000070160,50412,0.0275,-0.9502,0.0831,0.0457,0.0158,0.011
1730000070170,50400,0.0137,-0.9478,0.0769,0.0032,-0.0002,0.0092
1730000070180,50369,0.0123,-1.012,0.0866,0.0269,0.0215,-0.0085
1730000070190,50326,0.0199,-0.9887,0.0731,-0.014,0.0105,0.0053
1730000070200,50278,0.0102,-0.9934,0.0805,0.0064,0.0071,-0.0039
1730000070210,50231,0.0227,-1.0243,0.0715,0.0381,-0.0086,0.0263
1730000070220,50192,-0.0073,-0.9413,0.0641,0.009,-0.0055,-0.0117
1730000070230,50161,0.0401,-1.0226,0.0819,-0.0074,0.0023,-0.0011
1730000070240,50141,0.0203,-1.0018,0.0863,-0.0098,-0.0126,0.0188
1730000070250,50129,0.0191,-0.9675,0.0867,0.0038,0.0406,0.0057
1730000070260,50124,0.0111,-0.9978,0.0773,-0.0537,0.0114,-0.0048
1730000070270,50124,0.0273,-1.0045,0.0834,-0.0225,-0.0129,-0.0054
1730000070280,50127,0.005,-0.9811,0.0734,0.0093,-0.017,-0.0164
1730000070290,50132,0.0339,-0.9552,0.0834,0.0286,-0.0047,-0.0091
1730000070300,50137,0.0063,-0.9714,0.0815,-0.0066,-0.0408,-0.0087
1730000070310,50144,0.0315,-0.9671,0.0841,-0.0049,-0.0063,-0.0105
1730000070320,50151,0.0066,-1.0222,0.0634,-0.0038,-0.028,0.0012
1730000070330,50157,0.027,-1.001,0.0706,-0.0181,0.001,-0.0033
1730000070340,50164,0.0179,-0.9637,0.0878,-0.0343,-0.0428,-0.0085
1730000070350,50171,0.0326,-0.9787,0.0744,0.006,-0.0339,0.0043
1730000070360,50177,0.0228,-0.9867,0.0648,-0.047,-0.0257,0.0015
1730000070370,50184,0.0189,-0.9753,0.095,-0.0176,-0.001,-0.0034
1730000070380,50191,0.0103,-0.953,0.0862,0.0039,-0.0025,0.0112
1730000070390,50197,0.0147,-0.9936,0.0834,-0.0155,-0.0022,0.0057
1730000070400,50204,0.0375,-0.9846,0.0873,-0.0065,0.0028,0.0122
1730000070410,50210,0.0197,-1.0154,0.0849,0.002,-0.045,-0.0012
1730000070420,50217,0.0255,-0.9765,0.0755,-0.0064,-0.0214,0.0111
1730000070430,50223,0.0341,-1.0059,0.0805,0.0203,0.0026,-0.0053
1730000070440,50229,0.02,-0.9965,0.0758,-0.0318,-0.0057,-0.0022
1730000070450,50236,0.0197,-0.9952,0.066,-0.0156,-0.0091,-0.0053
1730000070460,50242,0.0229,-0.9914,0.0772,-0.006,0.0145,0.0024
1730000070470,50248,0.0106,-1.0303,0.0882,0.0067,0.0392,0.0047
1730000070480,50254,0.0312,-0.9669,0.0925,0.0239,-0.037,-0.008
1730000070490,50260,0.0263,-0.992,0.0877,0.0171,0.0132,0.0051
1730000070500,50267,0.0143,-0.9709,0.0746,-0.0069,0.0107,0.001
1730000070510,50273,0.0116,-0.9794,0.0716,0.0142,-0.0453,0.0101
1730000070520,50278,0.0289,-0.9733,0.0839,-0.0146,0.0036,-0.0021
1730000070530,50284,0.0149,-1.0079,0.0771,-0.003,-0.0038,-0.0062
1730000070540,50290,0.0137,-1.0044,0.0734,0.0116,-0.0103,-0.0061
1730000070550,50296,0.0306,-0.9714,0.0828,-0.0085,0.0205,-0.0021
1730000070560,50302,0.0268,-0.9966,0.0756,-0.0059,0.0017,-0.0071
1730000070570,50307,0.0184,-1.0014,0.0866,0.0199,0.04,0.0044
1730000070580,50313,-0.0021,-1.0025,0.0863,0.0322,-0.0097,-0.0096
1730000070590,50319,0.0177,-0.9791,0.0806,-0.01,0.0114,0.0082
1730000070600,50324,0.0266,-0.9838,0.0724,0.0122,0.0097,0.0136
1730000070610,50332,0.0303,-0.9951,0.0779,0.0242,0.0176,-0.0069
1730000070620,50343,0.0217,-1.0115,0.0683,0.0107,0.0058,-0.0164
1730000070630,50363,0.0114,-0.9892,0.098,-0.0161,-0.002,0.0156
1730000070640,50405,0.0183,-0.9976,0.0752,-0.0107,0.0017,-0.0109
1730000070650,50486,0.0241,-0.9789,0.0854,-0.0397,-0.0526,0.0065
1730000070660,50628,0.0378,-0.9662,0.0804,-0.0068,-0.0148,-0.0219
1730000070670,50847,0.0217,-0.9937,0.1021,0.0131,0.0002,0.0071
1730000070680,51136,-0.0056,-0.992,0.0666,0.0139,0.0218,0.0097
1730000070690,51453,0.0228,-0.9804,0.068,0.0015,-0.0177,-0.0
1730000070700,51724,0.0174,-0.9985,0.073,-0.0155,0.0084,0.0062
1730000070710,51870,0.0071,-1.0424,0.0712,-0.0454,-0.0071,0.0015
1730000070720,51846,0.0405,-0.9989,0.0857,-0.0508,0.0305,-0.009
1730000070730,51662,0.0168,-1.0223,0.076,0.0178,0.0167,-0.0016
1730000070740,51380,0.0195,-0.9938,0.0799,-0.0065,0.0115,-0.0122
1730000070750,51082,0.017,-1.0133,0.0873,-0.0117,0.0016,-0.0031
1730000070760,50836,0.0009,-0.9693,0.098,0.0028,-0.0,0.0262
1730000070770,50672,0.0324,-1.0354,0.0744,-0.0291,0.015,0.0063
1730000070780,50588,0.0175,-1.0,0.0692,0.0187,-0.0068,0.006
1730000070790,50568,0.0252,-1.0262,0.1025,0.0239,0.0109,-0.0101
1730000070800,50588,0.0159,-0.9784,0.0672,0.0227,0.0233,-0.0044
1730000070810,50631,0.0159,-0.9827,0.0679,0.027,-0.0377,-0.0054
1730000070820,50683,0.0113,-1.0113,0.0949,0.002,0.0264,-0.0029
1730000070830,50735,0.0105,-1.0265,0.0737,-0.0163,-0.0189,-0.0049
1730000070840,50777,0.0137,-1.0068,0.0923,0.0104,0.0036,0.0011
1730000070850,50805,0.0129,-0.9934,0.0895,-0.0183,-0.0028,0.0032
1730000070860,50813,0.0153,-1.0087,0.0793,-0.0113,0.0082,-0.0136
1730000070870,50802,0.0187,-0.9884,0.0773,-0.015,-0.0109,0.0123
1730000070880,50773,0.0168,-0.9973,0.0814,-0.0174,-0.0201,0.0137
1730000070890,50732,0.0282,-1.0219,0.07,0.0405,-0.0049,0.0147
1730000070900,50684,0.0018,-1.0011,0.0901,-0.0257,-0.0114,0.0016
1730000070910,50635,0.0224,-1.0288,0.0839,-0.0302,-0.0015,-0.003
1730000070920,50590,0.0126,-0.9681,0.0618,0.0067,0.0037,0.0241
1730000070930,50553,0.0126,-1.0066,0.081,-0.0065,0.0344,-0.0051
1730000070940,50524,0.0356,-0.9969,0.0877,0.0143,-0.022,0.0029
1730000070950,50504,0.0257,-0.9745,0.0736,-0.0261,0.0195,0.015
1730000070960,50490,-0.0036,-1.0078,0.0803,0.0067,0.0009,-0.0014
1730000070970,50483,0.0184,-0.9989,0.0805,-0.0212,-0.01,0.017
1730000070980,50479,0.0005,-1.0303,0.0531,-0.0287,0.0101,-0.0076
1730000070990,50478,0.0084,-1.0261,0.1082,0.0279,-0.019,0.0073
1730000071000,50478,0.0125,-0.9649,0.0823,-0.0043,0.0367,-0.0001
1730000071010,50479,0.0195,-1.0105,0.0923,0.0267,0.0224,-0.0042
1730000071020,50480,0.0239,-0.9998,0.072,-0.0185,-0.024,0.0033
1730000071030,50482,0.0053,-0.9412,0.0808,-0.0146,0.0216,0.0206
1730000071040,50483,0.0253,-1.0053,0.0817,-0.0119,-0.0328,0.0224
1730000071050,50485,0.0274,-0.9868,0.0694,-0.0117,0.0011,-0.0027
1730000071060,50486,0.0311,-0.9997,0.0896,0.048,-0.0147,0.0116
1730000071070,50488,0.0158,-1.0002,0.0846,-0.0048,-0.0011,-0.0146
1730000071080,50489,0.0066,-0.9974,0.0776,-0.0076,-0.0194,-0.0012
1730000071090,50490,0.031,-1.0157,0.0692,-0.037,-0.0011,0.0041
1730000071100,50491,0.0166,-0.9999,0.0747,0.0347,0.0034,-0.0188
1730000071110,50492,0.012,-1.0082,0.0819,0.0036,-0.021,-0.0137
1730000071120,50493,0.0151,-0.9857,0.0909,-0.0182,0.0023,-0.0153
1730000071130,50494,0.025,-1.005,0.0874,-0.0151,0.0091,-0.0093
1730000071140,50494,0.0283,-0.9452,0.0838,0.0012,-0.0157,0.0112
1730000071150,50495,0.0177,-0.9846,0.0888,0.0169,-0.0169,0.0023
1730000071160,50495,0.022,-0.9772,0.083,-0.002,0.0286,-0.0041
1730000071170,50496,0.0264,-1.0007,0.0936,-0.0155,0.0215,-0.018
1730000071180,50496,-0.0005,-0.9994,0.0907,-0.0023,0.0098,-0.003
1730000071190,50496,0.0108,-1.0101,0.0945,0.0031,0.0128,0.0132
1730000071200,50496,0.0234,-0.9991,0.0841,0.0086,0.0038,-0.004
1730000071210,50496,0.0231,-1.0152,0.0777,0.0206,-0.0207,-0.0075
1730000071220,50496,0.0305,-0.9806,0.0912,0.0275,-0.011,0.0006
1730000071230,50496,0.0431,-0.9894,0.0833,-0.011,-0.0193,0.0108
1730000071240,50495,0.0174,-0.9733,0.0863,0.0203,-0.0243,-0.0111
1730000071250,50495,0.0308,-1.04,0.0858,0.0023,0.0061,-0.0012
1730000071260,50494,0.0339,-0.9669,0.0802,-0.0057,0.0101,0.0063
1730000071270,50494,0.0245,-1.0041,0.068,-0.002,0.0151,-0.0209
1730000071280,50493,0.0039,-1.0014,0.0907,-0.0079,-0.0228,-0.0138
1730000071290,50492,0.0122,-1.0108,0.0849,-0.0025,-0.031,-0.0113
1730000071300,50491,0.0181,-1.0099,0.0822,-0.0035,-0.0241,0.0078
1730000071310,50490,0.0229,-0.969,0.0868,-0.0079,-0.0089,0.014
1730000071320,50490,0.0263,-0.9761,0.0661,-0.003,-0.0037,-0.0064
1730000071330,50492,0.0333,-0.9791,0.0878,-0.0212,0.0225,-0.0036
1730000071340,50503,0.0202,-0.9387,0.062,-0.0452,-0.0091,0.0125
1730000071350,50532,0.0138,-1.0439,0.0738,-0.0244,0.0093,-0.0142
1730000071360,50600,0.0344,-0.9825,0.0834,-0.0143,-0.0014,-0.0074
1730000071370,50735,0.0202,-0.9861,0.0764,-0.0304,-0.0039,-0.013
1730000071380,50955,0.0382,-0.9671,0.0903,0.0056,-0.0598,-0.0075
1730000071390,51257,0.034,-0.9814,0.0974,-0.0024,-0.0063,-0.0
1730000071400,51588,0.0117,-1.0021,0.0907,0.0296,-0.017,0.0182
1730000071410,51857,0.0193,-1.0255,0.0837,-0.0219,0.0381,-0.0011
1730000071420,51972,0.0251,-0.986,0.074,-0.0067,0.0002,0.0031
1730000071430,51888,0.0307,-1.0251,0.0613,0.0226,0.024,0.0094
1730000071440,51640,0.0227,-0.9839,0.0608,-0.0287,0.0244,-0.001
1730000071450,51314,0.0267,-0.992,0.0794,-0.0307,-0.0421,-0.0004
1730000071460,51008,-0.0065,-0.9829,0.0955,-0.0063,0.0047,-0.0052
1730000071470,50784,0.0236,-0.9811,0.0661,-0.0365,0.0011,-0.0022
1730000071480,50657,0.0239,-0.9983,0.0599,-0.0034,0.0284,-0.0034
1730000071490,50610,-0.004,-0.9853,0.0765,0.0091,0.0097,-0.0087
1730000071500,50616,0.0281,-0.9594,0.0844,0.0048,-0.0166,-0.0065
1730000071510,50651,0.0275,-1.0127,0.0676,0.027,-0.0557,-0.0073
1730000071520,50699,0.0326,-0.9834,0.085,0.0171,0.0039,-0.0015
1730000071530,50747,0.0107,-0.9844,0.0732,0.0037,-0.0423,0.0308
1730000071540,50785,0.0123,-0.9913,0.0794,-0.0163,0.0184,-0.009
1730000071550,50805,0.0131,-0.9829,0.075,-0.0027,0.0236,0.0094
1730000071560,50803,0.0222,-1.0294,0.0718,0.0143,-0.0007,-0.0124
1730000071570,50779,0.0411,-1.0088,0.0869,-0.0061,-0.0039,0.0016
1730000071580,50737,0.0073,-0.9688,0.0708,0.0029,-0.0165,0.0033
1730000071590,50682,0.0072,-0.9497,0.0854,-0.0048,-0.0226,0.0181
1730000071600,50622,0.0152,-0.9652,0.0616,0.028,0.0006,-0.0005
1730000071610,50564,0.0148,-0.9892,0.0797,-0.0013,-0.0025,-0.0002
1730000071620,50514,0.0408,-0.9948,0.0834,0.0012,-0.0033,-0.0163
1730000071630,50473,0.03,-0.9984,0.0872,-0.0227,-0.0155,0.0028
1730000071640,50442,0.0194,-1.0078,0.0874,-0.0213,0.0161,0.011
1730000071650,50420,0.0076,-0.9906,0.0742,0.0062,0.0111,-0.0
1730000071660,50404,0.0219,-1.0123,0.0891,-0.0359,-0.0181,0.0091
1730000071670,50393,0.0027,-1.0254,0.0837,-0.001,-0.015,0.0005
1730000071680,50385,0.0109,-0.9609,0.0871,0.0126,-0.0365,0.0056
1730000071690,50379,0.0194,-0.9508,0.0858,-0.0092,-0.0028,0.0028
1730000071700,50373,0.0136,-1.0153,0.075,0.0292,-0.017,-0.0019
1730000071710,50368,0.0357,-0.9754,0.0861,-0.0052,0.0095,-0.0009
1730000071720,50363,0.0334,-0.9793,0.0865,0.0182,0.0247,0.0005
1730000071730,50358,0.0167,-0.9734,0.0811,-0.0447,0.0153,0.007
1730000071740,50353,0.0329,-0.9703,0.0925,-0.0142,0.0248,0.0067
1730000071750,50348,0.0089,-0.989,0.0729,0.0015,0.0118,-0.0043
1730000071760,50343,0.0288,-1.0006,0.0713,-0.0226,0.0142,0.0122
1730000071770,50338,0.0105,-0.9904,0.0961,0.0051,-0.0156,0.01
1730000071780,50332,0.0127,-0.9463,0.0759,0.015,-0.0163,0.0064
1730000071790,50327,0.0172,-0.9703,0.0834,-0.0004,-0.0001,-0.0132
1730000071800,50322,0.0229,-1.0178,0.0933,0.0005,0.0067,-0.0064
1730000071810,50316,0.0206,-0.9463,0.0983,-0.0339,0.0178,0.0019
1730000071820,50311,0.0232,-0.9853,0.0578,0.0041,0.0122,0.0054
1730000071830,50305,0.027,-1.0044,0.0727,-0.0215,0.004,-0.012
1730000071840,50299,0.0235,-0.9854,0.0647,0.0081,0.0222,0.0098
1730000071850,50294,0.0242,-0.9935,0.0766,0.0483,-0.0025,0.004
1730000071860,50288,0.0147,-0.9848,0.0759,-0.0459,-0.0,0.0027
1730000071870,50282,0.0253,-1.0168,0.1074,-0.0173,0.0153,0.013
1730000071880,50276,0.0223,-0.9952,0.0584,0.0024,-0.0054,-0.0009
1730000071890,50270,0.0156,-0.984,0.0839,-0.0171,0.0421,0.0117
1730000071900,50264,0.0472,-0.9825,0.0896,-0.0043,0.0016,-0.0073
1730000071910,50258,0.0076,-0.9763,0.0954,0.0256,-0.0174,-0.0047
1730000071920,50252,0.0266,-0.956,0.0717,-0.0098,-0.0085,-0.0069
1730000071930,50246,0.0113,-0.9473,0.0948,0.0161,-0.0196,0.008
1730000071940,50240,0.0008,-0.9725,0.0749,-0.0236,-0.0033,0.0089
1730000071950,50233,0.0167,-1.0042,0.0686,0.0096,-0.0257,-0.0091
1730000071960,50227,0.0343,-1.01,0.0721,-0.0123,0.0194,-0.0032
1730000071970,50221,0.0185,-0.9847,0.0739,0.0082,-0.0212,0.0026
1730000071980,50214,0.0362,-0.9819,0.0785,-0.0254,0.0029,0.0027
1730000071990,50208,0.0173,-1.0139,0.0872,-0.0168,-0.0003,-0.0034
1730000072000,50202,0.0126,-0.9865,0.0636,0.0137,0.0242,-0.0009
1730000072010,50199,0.0275,-0.9991,0.0907,0.004,-0.0043,-0.0063
1730000072020,50202,0.0125,-0.9545,0.0944,-0.0456,0.0123,0.0003
1730000072030,50220,0.0199,-0.962,0.0963,-0.0084,-0.0172,0.0047
1730000072040,50268,0.0059,-0.9816,0.094,0.0094,-0.0317,0.0154
1730000072050,50368,0.0263,-1.001,0.0921,0.0074,0.0153,0.0094
1730000072060,50542,0.0246,-0.9961,0.0857,-0.0028,-0.0036,-0.0078
1730000072070,50794,0.0096,-0.979,0.0832,-0.0078,0.0187,-0.0075
1730000072080,51097,0.0208,-0.9921,0.0836,0.0209,-0.0323,-0.003
1730000072090,51389,0.0259,-0.9788,0.0779,-0.0166,0.0353,-0.0006
1730000072100,51586,0.0145,-0.9839,0.082,0.0168,-0.0012,0.0138
1730000072110,51622,0.0253,-0.9505,0.0695,0.0113,-0.0198,-0.0118
1730000072120,51484,0.0373,-0.9803,0.0737,0.02,0.0187,-0.0098
1730000072130,51216,0.0366,-0.9898,0.084,0.0235,-0.0148,0.0075
1730000072140,50900,0.0141,-0.9839,0.0559,-0.0002,-0.0128,0.006
1730000072150,50616,0.0197,-0.9636,0.0722,-0.0139,-0.0084,-0.0034
1730000072160,50408,0.0189,-1.0022,0.0853,-0.012,0.011,-0.014
1730000072170,50286,0.0194,-0.9723,0.078,0.0325,-0.0036,-0.0039
1730000072180,50235,0.021,-0.9685,0.0809,0.0105,0.0025,0.0265
1730000072190,50234,0.0199,-0.9783,0.0798,-0.0222,0.018,0.0044
1730000072200,50261,0.0183,-0.977,0.0686,-0.0061,-0.0285,0.0076
1730000072210,50301,0.0212,-0.9691,0.0814,0.0314,-0.0062,-0.0144
1730000072220,50343,0.0258,-0.9873,0.065,0.0153,-0.042,0.0012
1730000072230,50378,0.0222,-0.9871,0.0772,-0.0048,-0.0201,0.0074
1730000072240,50400,0.0227,-0.9697,0.0825,0.0376,0.0097,-0.0027
1730000072250,50403,0.0137,-0.9561,0.0817,0.0031,-0.0136,-0.008
1730000072260,50387,0.0291,-0.9908,0.0824,-0.0027,0.0023,-0.0236
1730000072270,50351,0.031,-0.98,0.0839,0.0181,0.0162,-0.0022
1730000072280,50302,0.0232,-0.9948,0.0874,0.0232,0.0219,0.0103
1730000072290,50244,0.0153,-0.9763,0.0766,0.0044,-0.0245,0.0194
1730000072300,50184,0.0371,-0.9673,0.0828,-0.0031,-0.012,-0.003
1730000072310,50127,0.0009,-0.9743,0.0967,-0.0116,-0.0104,0.0046
1730000072320,50078,0.021,-0.9407,0.0599,0.0153,0.001,-0.0038
1730000072330,50037,0.0089,-0.9551,0.077,0.0224,0.0214,-0.0118
1730000072340,50006,0.0202,-0.9623,0.0825,-0.0163,0.0066,0.0142
1730000072350,49982,0.0229,-0.9848,0.0972,-0.0003,-0.0169,0.012
1730000072360,49964,0.0215,-0.973,0.0774,-0.0231,-0.0191,0.0118
1730000072370,49950,0.0323,-0.97,0.0873,0.029,0.0072,0.0117
1730000072380,49939,0.0138,-0.9863,0.0692,0.0076,-0.0371,-0.0038
1730000072390,49930,0.0175,-0.9659,0.0611,0.0006,-0.0045,-0.0125
1730000072400,49922,0.0115,-0.9426,0.0925,0.0141,-0.0168,-0.0085
1730000072410,49915,-0.0108,-0.9961,0.0723,0.0162,-0.0237,-0.0108
1730000072420,49907,0.0189,-0.9447,0.0703,-0.0137,0.023,0.0115
1730000072430,49900,0.0121,-0.9657,0.0726,0.0112,0.0293,0.0024
1730000072440,49893,0.0149,-0.9962,0.0864,-0.0245,0.0032,-0.0035
1730000072450,49886,0.0064,-0.9469,0.0648,0.0199,-0.0156,0.002
1730000072460,49879,0.0181,-0.9392,0.0873,-0.0296,-0.0129,-0.0036
1730000072470,49872,0.0093,-0.9645,0.0741,-0.0021,-0.0232,-0.0121
1730000072480,49865,0.0202,-0.9812,0.0706,-0.003,-0.0001,0.0153
1730000072490,49858,0.0203,-0.9359,0.0991,-0.0355,-0.0007,-0.0028
1730000072500,49852,0.0169,-0.9836,0.0604,0.0123,0.0316,0.011
1730000072510,49845,0.0195,-0.9581,0.0916,-0.0167,-0.0312,-0.0141
1730000072520,49838,0.0324,-0.9782,0.0839,0.0325,0.0185,0.0116
1730000072530,49831,0.0134,-0.9371,0.0767,-0.0084,-0.0177,0.0056
1730000072540,49824,0.0115,-0.9498,0.0713,0.0321,-0.0372,-0.0043
1730000072550,49818,0.0222,-0.9246,0.0935,-0.0011,-0.0004,0.0002
1730000072560,49811,0.0223,-0.9951,0.0739,-0.0365,-0.068,-0.0089
1730000072570,49804,0.0273,-0.9681,0.078,-0.0142,-0.0026,0.0023
1730000072580,49798,0.0134,-0.9932,0.0728,-0.0113,0.0164,-0.0042
1730000072590,49791,0.0063,-0.9706,0.0801,-0.004,-0.0183,-0.0023
1730000072600,49785,0.0196,-0.9311,0.0843,0.0261,0.0082,-0.0028
1730000072610,49778,0.0191,-0.9768,0.0754,0.03,0.0093,0.0014
1730000072620,49772,0.0012,-1.0001,0.102,-0.0146,0.0154,-0.005
1730000072630,49765,0.0372,-0.9961,0.0715,0.006,-0.0381,-0.0007
1730000072640,49759,0.0304,-0.9824,0.086,-0.0085,-0.0256,0.0001
1730000072650,49753,0.0067,-0.9461,0.0779,0.0084,0.0055,-0.0033
1730000072660,49747,0.0165,-0.9532,0.0749,0.0099,-0.0096,-0.0078
1730000072670,49740,0.0203,-0.9563,0.0805,0.0206,-0.0073,-0.0034
1730000072680,49734,0.0386,-0.985,0.0545,0.0023,-0.0213,-0.0011
1730000072690,49728,0.0219,-0.9771,0.0661,0.0125,0.0033,-0.0143
1730000072700,49723,0.0206,-0.9538,0.0993,-0.0108,0.0189,-0.0091
1730000072710,49718,0.0083,-0.9581,0.0846,-0.0139,0.0285,0.0002
1730000072720,49715,0.0328,-0.9535,0.0815,-0.012,-0.0069,-0.0127
1730000072730,49720,0.0203,-0.984,0.0834,-0.039,0.03,0.0104
1730000072740,49743,0.0063,-0.9698,0.0835,-0.0062,0.0142,-0.0088
1730000072750,49802,-0.0063,-0.9719,0.0932,0.0006,0.0007,0.0027
1730000072760,49923,0.0221,-0.9986,0.0752,-0.003,-0.0133,-0.0191
1730000072770,50127,0.0151,-0.9547,0.085,0.0249,0.0314,-0.0194
1730000072780,50412,0.0197,-0.9663,0.0845,0.0003,-0.0028,-0.0009
1730000072790,50735,0.018,-0.9884,0.0826,-0.036,-0.0046,-0.0126
1730000072800,51013,0.0366,-0.9864,0.0877,-0.0201,0.0002,-0.0081
1730000072810,51154,0.0397,-0.9521,0.0821,-0.0279,-0.0177,-0.0057
1730000072820,51104,-0.0001,-0.9699,0.0695,-0.0062,-0.0082,0.0055
1730000072830,50882,0.0298,-0.9539,0.0709,-0.0035,0.0016,-0.0017
1730000072840,50566,0.0344,-0.962,0.0778,-0.0006,-0.0039,0.0071
1730000072850,50251,0.0101,-0.9769,0.0969,-0.0111,0.0141,0.0027
1730000072860,50005,0.0234,-0.9825,0.0783,-0.0352,-0.0092,0.0167
1730000072870,49854,0.0084,-0.9956,0.0649,0.0174,-0.0241,-0.0076
1730000072880,49787,0.0225,-0.9552,0.0927,0.0054,0.0023,0.0009
1730000072890,49779,0.0283,-0.973,0.0815,-0.0109,-0.013,0.0026
1730000072900,49806,0.0357,-0.9604,0.0948,-0.0135,0.0052,0.0019
1730000072910,49849,0.0057,-0.9933,0.0667,-0.0214,-0.0016,0.0028
1730000072920,49896,0.0361,-0.9824,0.0735,0.0002,-0.0094,-0.0031
1730000072930,49937,0.0058,-0.9539,0.0918,0.0163,0.0013,-0.0119
1730000072940,49962,0.012,-0.9998,0.0759,0.0074,0.0112,-0.0198
1730000072950,49968,0.0345,-0.9584,0.0818,0.0502,-0.0075,0.014
1730000072960,49952,0.0318,-0.9976,0.0808,0.0199,-0.0418,-0.0036
1730000072970,49916,0.0223,-0.9954,0.0946,0.0167,-0.0169,-0.0085
1730000072980,49865,0.0118,-0.9558,0.0873,-0.0036,-0.0386,-0.0034
1730000072990,49807,0.0241,-0.9876,0.0741,-0.0149,0.0273,0.0122
1730000073000,49749,0.013,-0.9702,0.0879,-0.0159,0.0262,0.0093
1730000073010,49696,0.0114,-0.9506,0.0995,0.0049,0.0145,0.0301
1730000073020,49651,0.0162,-0.9684,0.0787,0.0113,0.0106,-0.0078
1730000073030,49617,0.0138,-0.9388,0.0837,-0.0148,0.0101,0.0024
1730000073040,49591,0.0351,-0.9686,0.0731,0.0261,0.0137,0.0034
1730000073050,49574,0.0309,-0.9915,0.0828,0.0277,-0.0017,0.0044
1730000073060,49562,0.005,-0.9731,0.0686,0.0074,-0.0027,0.0146
1730000073070,49553,0.026,-0.9744,0.0746,0.0448,-0.0111,-0.0015
1730000073080,49548,0.0286,-0.9546,0.0911,-0.023,-0.0174,-0.0001
1730000073090,49543,0.028,-0.9535,0.0836,0.0046,-0.0252,0.0113
1730000073100,49540,0.0291,-0.9646,0.0643,0.0114,0.0146,-0.0214
1730000073110,49537,0.0258,-0.9586,0.099,0.0128,0.0038,-0.0092
1730000073120,49534,0.0318,-0.9864,0.0654,-0.0198,0.0074,-0.0085
1730000073130,49531,0.023,-0.9306,0.0801,0.0122,0.031,-0.0217
1730000073140,49528,0.0222,-0.9929,0.064,-0.0052,0.0047,0.0037
1730000073150,49526,0.0394,-0.9478,0.1134,0.0115,0.0052,-0.0002
1730000073160,49524,0.0281,-0.9315,0.0795,0.0178,0.0118,0.0023
1730000073170,49521,0.0336,-0.9945,0.0861,-0.015,-0.0185,0.0022
1730000073180,49519,0.0023,-0.9484,0.0929,-0.0119,-0.017,-0.0038
1730000073190,49517,0.0189,-0.996,0.0773,-0.0138,-0.03,-0.0035
1730000073200,49515,0.0206,-0.9775,0.0851,0.0042,-0.0026,-0.0077
1730000073210,49513,0.0204,-0.9491,0.085,0.0318,0.0052,0.015
1730000073220,49511,0.0261,-0.9543,0.0885,-0.0134,-0.0009,0.0052
1730000073230,49510,0.0127,-1.0023,0.0667,0.0104,-0.0191,0.0001
1730000073240,49508,0.0381,-0.9874,0.076,-0.0115,0.0105,0.0056
1730000073250,49506,0.0263,-0.9323,0.0797,-0.002,0.0096,0.0028
1730000073260,49505,0.0275,-0.9412,0.0679,-0.0342,-0.0069,-0.0082
1730000073270,49504,0.0246,-0.9531,0.0641,0.0123,-0.0028,0.0025
1730000073280,49503,0.0346,-0.9861,0.0813,-0.0325,0.0096,-0.0101
1730000073290,49501,0.0357,-0.9319,0.0815,-0.0454,-0.0265,0.001
1730000073300,49501,-0.0065,-0.9662,0.0909,-0.013,-0.0122,-0.0068
1730000073310,49500,0.025,-0.955,0.0776,0.025,0.008,-0.0083
1730000073320,49499,0.0234,-0.9493,0.0723,-0.019,0.0142,-0.0017
1730000073330,49498,0.0135,-0.985,0.0655,0.0018,-0.0024,0.0152
1730000073340,49498,0.0145,-1.0008,0.0834,0.0084,-0.0085,-0.0075
1730000073350,49497,0.0226,-0.9656,0.0924,0.0093,-0.0064,0.0075
1730000073360,49497,0.012,-0.9562,0.0725,-0.0054,-0.0135,-0.0084
1730000073370,49496,0.0082,-0.9679,0.0822,0.0123,-0.0249,-0.0112
1730000073380,49496,0.0018,-0.9665,0.0887,-0.0049,0.0385,0.0012
1730000073390,49497,0.0167,-1.0169,0.0582,-0.0025,0.0417,0.0008
1730000073400,49500,0.0116,-0.9896,0.0856,-0.0123,-0.0402,-0.0183
1730000073410,49509,0.0028,-0.9721,0.0777,-0.0048,-0.0197,0.0146
1730000073420,49534,0.0076,-0.9567,0.0777,0.0109,0.0186,-0.0047
1730000073430,49593,0.021,-0.9891,0.0837,-0.0475,0.0059,0.0181
1730000073440,49712,0.0307,-0.9387,0.0944,0.0181,0.0274,0.0055
1730000073450,49915,0.0425,-0.9604,0.0739,-0.023,-0.004,0.0019
1730000073460,50205,0.0208,-0.9776,0.0746,0.0273,0.014,0.0078
1730000073470,50540,0.0271,-0.9475,0.0682,-0.0153,0.0079,-0.0046
1730000073480,50836,0.0111,-0.973,0.068,-0.0287,-0.0151,-0.0224
1730000073490,50993,0.0229,-0.9539,0.0944,-0.0126,-0.0002,-0.0263
1730000073500,50954,0.026,-0.9765,0.0762,-0.029,0.0011,0.0098
1730000073510,50735,0.0119,-1.0243,0.0908,-0.0192,0.0055,-0.0134
1730000073520,50419,0.025,-0.9956,0.0785,-0.0107,0.0027,-0.0093
1730000073530,50106,0.0226,-0.9465,0.1021,0.027,-0.0006,0.0326
1730000073540,49867,0.0318,-0.9672,0.0737,0.0008,-0.0142,-0.0071
1730000073550,49726,0.0227,-0.9783,0.1127,-0.0402,0.0055,0.001
1730000073560,49670,-0.0058,-0.9803,0.0872,0.0394,-0.002,0.0121
1730000073570,49673,0.016,-0.9623,0.072,-0.0328,0.0119,0.0107
1730000073580,49711,0.0178,-0.949,0.0818,-0.0311,-0.0446,-0.0147
1730000073590,49763,0.0085,-0.9643,0.083,0.0248,-0.0352,-0.0022
1730000073600,49817,0.0271,-0.9645,0.0895,-0.0053,0.0178,0.0196
1730000073610,49863,0.0185,-0.9568,0.0782,-0.0112,-0.0307,-0.001
1730000073620,49892,0.0139,-0.9721,0.0774,0.0259,0.0411,-0.0035
1730000073630,49899,0.0096,-0.9685,0.0666,-0.007,0.0257,-0.0153
1730000073640,49884,0.0081,-0.9692,0.0632,-0.0143,0.0026,-0.0033
1730000073650,49849,0.0091,-0.9879,0.0895,-0.0029,-0.019,0.001
1730000073660,49802,0.0227,-0.9434,0.0693,0.0036,0.0167,-0.0169
1730000073670,49749,0.0343,-0.9655,0.0894,-0.0235,0.0044,-0.0111
1730000073680,49697,-0.0064,-0.9699,0.0917,0.0026,0.0282,0.0141
1730000073690,49652,-0.0048,-0.9795,0.088,-0.0359,-0.0196,0.01
1730000073700,49617,0.0219,-0.9412,0.0753,0.0084,-0.0387,0.0009
1730000073710,49592,0.0071,-0.9864,0.0728,-0.0011,-0.0042,0.0198
1730000073720,49577,0.0441,-0.9813,0.0933,0.022,-0.0254,0.0159
1730000073730,49568,0.03,-0.9754,0.0878,0.0079,0.0329,-0.0022
1730000073740,49564,0.0177,-0.9925,0.0731,0.0057,-0.0041,-0.006
1730000073750,49564,0.0168,-1.0147,0.0825,0.0384,0.0259,0.0012
1730000073760,49566,0.0256,-0.9943,0.0735,-0.0316,-0.0194,-0.0156
1730000073770,49568,0.0093,-0.9561,0.0824,0.0296,0.0005,0.0052
1730000073780,49572,-0.0069,-1.0092,0.0636,-0.021,0.0013,-0.0272
1730000073790,49575,0.0318,-0.949,0.0853,-0.004,0.0034,0.0007
1730000073800,49579,0.0286,-0.9705,0.0795,0.0117,-0.0134,0.0079
1730000073810,49583,0.0192,-0.9788,0.0809,0.0114,-0.0323,0.0148
1730000073820,49587,0.0337,-0.9826,0.1021,-0.0385,0.0223,-0.0066
1730000073830,49591,0.0203,-0.9429,0.0924,0.0426,0.0398,-0.0009
1730000073840,49596,0.0289,-0.9961,0.0693,-0.0188,-0.0184,0.0006
1730000073850,49600,0.0087,-0.9774,0.0752,-0.0446,0.0424,0.0135
1730000073860,49604,0.0082,-0.9385,0.0858,0.0016,0.0166,-0.0104
1730000073870,49609,0.0206,-0.9521,0.0763,0.0381,0.0043,-0.0089
1730000073880,49613,0.0296,-0.9902,0.0782,-0.0345,0.0257,0.021
1730000073890,49618,0.0187,-0.9566,0.0792,-0.0095,-0.0012,0.0184
1730000073900,49623,0.0305,-0.9714,0.0738,-0.0002,-0.0038,-0.0052
1730000073910,49627,0.0245,-0.9865,0.0935,0.029,-0.0031,0.0092
1730000073920,49632,0.0128,-0.977,0.0806,-0.0045,-0.0026,0.0049
1730000073930,49637,0.0244,-0.9699,0.0935,0.0048,-0.0008,0.0033
1730000073940,49642,0.0375,-0.9904,0.0888,0.008,0.0152,0.0128
1730000073950,49647,0.0191,-0.9801,0.0672,0.0362,-0.0078,-0.0194
1730000073960,49653,0.0151,-0.9874,0.0928,0.0198,0.0055,-0.0147
1730000073970,49658,0.0151,-1.0042,0.1054,0.0167,0.0117,-0.0007
1730000073980,49663,0.0141,-0.9874,0.0988,0.0222,-0.0179,-0.0169
1730000073990,49668,0.0254,-0.9639,0.0776,0.025,0.0139,0.0019
1730000074000,49674,0.0264,-0.9791,0.0803,-0.0345,-0.0028,0.009
1730000074010,49679,0.0245,-0.9774,0.0684,-0.0108,-0.0258,-0.0041
1730000074020,49685,0.0115,-0.9591,0.0852,0.0149,-0.0261,0.0058
1730000074030,49691,0.0121,-0.9765,0.0779,-0.0044,-0.0122,-0.0009
1730000074040,49696,0.0333,-0.9462,0.0836,-0.0109,-0.0221,0.0089
1730000074050,49702,0.0193,-0.96,0.0734,-0.0153,-0.0172,0.0035
1730000074060,49709,0.0067,-0.9709,0.0686,0.0016,0.0041,-0.0065
1730000074070,49718,0.022,-0.976,0.0816,0.0346,-0.0072,-0.0121
1730000074080,49734,0.0277,-0.9883,0.0888,-0.0079,-0.0206,-0.0241
1730000074090,49768,0.0169,-0.9707,0.083,0.0316,-0.005,-0.0085
1730000074100,49840,0.0318,-0.9793,0.0792,0.0072,0.0027,0.0127
1730000074110,49977,0.0293,-0.9846,0.0762,0.001,-0.0009,0.0118
1730000074120,50205,0.0176,-1.003,0.0926,0.0302,0.0247,0.0053
1730000074130,50519,0.0188,-0.9777,0.0871,0.0023,-0.0012,-0.0013
1730000074140,50866,0.0119,-0.9913,0.0878,0.0232,-0.0206,-0.0066
1730000074150,51150,0.0258,-0.9887,0.0831,-0.0056,0.0467,-0.0082
1730000074160,51270,0.0064,-0.9953,0.0648,-0.02,-0.0085,0.0177
1730000074170,51184,0.0273,-1.0064,0.0705,0.0081,0.0077,-0.0004
1730000074180,50928,0.0317,-0.993,0.082,0.0129,-0.0114,0.0057
1730000074190,50602,0.0189,-0.9844,0.0772,-0.0152,0.0102,0.001
1730000074200,50306,-0.0031,-0.9914,0.0821,0.0264,0.0258,-0.0135
1730000074210,50101,0.0282,-0.9874,0.0841,-0.0083,-0.0272,0.0036
1730000074220,49996,0.02,-0.9886,0.0732,-0.0034,-0.0096,-0.0179
1730000074230,49970,0.0252,-0.9953,0.0882,0.0289,-0.0024,0.0053
1730000074240,49994,0.0164,-1.0131,0.0757,0.013,-0.0013,-0.0046
1730000074250,50045,0.0199,-0.9848,0.0881,0.0096,-0.0079,-0.0166
1730000074260,50105,0.0194,-0.9883,0.0935,0.053,0.0194,-0.033
1730000074270,50162,0.0174,-0.9904,0.0628,0.0323,0.0028,-0.0093
1730000074280,50206,0.0302,-0.9598,0.0708,-0.0031,0.0242,0.0114
1730000074290,50230,0.0252,-1.0009,0.0854,-0.0118,0.0042,0.0116
1730000074300,50230,0.0219,-0.9803,0.0875,0.044,-0.0227,0.0048
1730000074310,50208,0.0116,-0.9429,0.092,-0.013,0.018,0.0081
1730000074320,50169,0.0113,-0.9659,0.0626,-0.0126,0.013,-0.0127
1730000074330,50121,0.0157,-0.9944,0.0627,0.0104,0.0183,0.0002
1730000074340,50071,0.0287,-0.9727,0.0888,0.0118,0.0123,-0.0011
1730000074350,50026,0.0321,-0.9612,0.0733,-0.0064,-0.0028,0.011
1730000074360,49990,0.0379,-1.0093,0.0704,-0.0119,0.0031,-0.0019
1730000074370,49965,0.0244,-1.0073,0.0672,0.0106,0.0137,-0.006
1730000074380,49950,0.03,-0.9871,0.0504,0.0006,0.0166,0.0193
1730000074390,49943,0.0149,-0.976,0.0873,0.0066,0.0026,0.0126
1730000074400,49942,0.0349,-0.9882,0.0817,0.0056,0.0048,-0.0168
1730000074410,49944,0.0287,-0.9825,0.0875,-0.0223,0.005,-0.0066
1730000074420,49949,0.0065,-0.9704,0.0779,-0.0143,-0.0237,-0.0015
1730000074430,49955,-0.001,-0.9851,0.0795,-0.0113,-0.0179,-0.0008
1730000074440,49961,0.0071,-1.0273,0.0938,-0.0261,0.0045,0.023
1730000074450,49968,0.015,-0.996,0.0712,-0.0101,-0.0189,0.0007
1730000074460,49975,0.016,-0.9891,0.0817,-0.0202,0.0069,-0.0035
1730000074470,49982,0.0335,-1.0197,0.0846,-0.0035,-0.0125,-0.0109
1730000074480,49990,0.0153,-0.9699,0.0764,0.0234,-0.0147,-0.0018
1730000074490,49997,0.0285,-1.0095,0.0654,-0.0069,-0.0079,0.0046
1730000074500,50004,0.0231,-0.9697,0.0643,0.0212,-0.0494,-0.0006
1730000074510,50011,0.0145,-0.9723,0.0774,-0.0129,-0.006,-0.013
1730000074520,50018,0.0023,-0.9847,0.0923,0.0052,-0.0136,0.0162
1730000074530,50025,0.0337,-0.9709,0.0767,-0.0331,0.0222,0.0082
1730000074540,50033,0.0123,-1.0104,0.0602,-0.0198,0.012,-0.0049
1730000074550,50040,0.0204,-0.9551,0.0795,-0.0374,-0.0206,0.0013
1730000074560,50047,0.0152,-1.0347,0.0808,0.0183,0.0191,0.01
1730000074570,50054,0.014,-1.0001,0.0886,0.0179,-0.0095,0.0035
1730000074580,50061,0.0277,-0.9819,0.0996,-0.0028,-0.0167,0.0036
1730000074590,50068,0.0081,-0.9607,0.078,-0.0023,-0.0389,-0.0173
1730000074600,50075,0.0261,-1.0167,0.083,-0.0026,0.0038,-0.0045
1730000074610,50082,0.0118,-1.002,0.0668,0.0495,0.0223,0.0069
1730000074620,50089,0.0099,-1.0033,0.074,0.0302,0.0121,0.0079
1730000074630,50096,0.0047,-1.0023,0.0763,-0.0051,0.0136,-0.0053
1730000074640,50103,0.0158,-1.0313,0.096,-0.0057,0.0242,-0.0285
1730000074650,50110,0.0415,-1.0025,0.0813,-0.0202,-0.0031,-0.0162
1730000074660,50117,0.0173,-0.9989,0.0659,-0.0062,0.0208,-0.0025
1730000074670,50124,0.0301,-0.9607,0.0772,-0.0073,0.0073,0.0122
1730000074680,50131,0.0107,-0.9918,0.0942,0.0193,0.0145,0.004
1730000074690,50138,0.0086,-1.0029,0.0907,0.0062,-0.008,0.002
1730000074700,50145,0.0288,-1.0217,0.0653,-0.0176,0.0236,-0.0117
1730000074710,50152,0.0118,-0.9716,0.0821,0.0015,-0.0069,0.0112
1730000074720,50159,0.0111,-0.9796,0.0677,-0.0368,0.0376,0.002
1730000074730,50168,0.0203,-1.003,0.0804,0.0084,-0.0041,-0.0251
1730000074740,50183,0.0247,-1.0019,0.0775,0.0114,0.0256,-0.0068
1730000074750,50211,0.0285,-0.9893,0.0823,-0.0235,0.0263,0.0051
1730000074760,50269,0.017,-0.9884,0.0762,-0.0279,0.0055,-0.0054
1730000074770,50382,0.0269,-0.976,0.0753,0.0288,-0.0176,-0.0001
1730000074780,50574,0.013,-1.0025,0.0911,0.0076,0.0087,0.0013
1730000074790,50852,0.023,-0.9755,0.0846,0.0168,-0.0115,-0.0094
1730000074800,51187,0.0226,-0.9903,0.083,0.0144,-0.0268,-0.0019
1730000074810,51501,0.0082,-1.0188,0.0868,-0.0139,0.0044,0.0013
1730000074820,51698,0.0223,-1.0496,0.0663,0.0322,-0.0053,-0.0088
1730000074830,51709,0.0334,-0.9813,0.0796,0.0083,0.0175,0.0161
1730000074840,51534,0.0201,-0.9536,0.0855,-0.0215,0.0182,-0.0079
1730000074850,51241,0.0049,-1.0074,0.0907,-0.0006,0.0298,0.007
1730000074860,50926,0.0272,-1.0084,0.0762,0.0262,0.0199,0.0055
1730000074870,50671,0.0031,-0.997,0.0777,-0.0211,-0.0099,-0.0002
1730000074880,50509,0.0116,-0.9752,0.0767,0.0004,0.0128,0.0026
1730000074890,50437,0.0157,-0.973,0.0774,0.0138,0.0137,-0.0053
1730000074900,50430,0.0166,-0.999,0.0789,-0.0185,-0.0027,0.0069
1730000074910,50462,0.0239,-0.9903,0.0724,0.0023,0.0046,0.01
1730000074920,50515,0.0009,-0.9876,0.0973,0.0212,0.0062,0.0027
1730000074930,50573,0.0248,-1.0221,0.0829,0.0384,-0.0127,0.011
1730000074940,50626,0.0132,-0.9973,0.0685,-0.0067,0.024,-0.0033
1730000074950,50664,0.0225,-0.9864,0.0515,-0.0082,-0.021,0.0073
1730000074960,50683,0.0119,-0.9896,0.0915,0.0049,-0.0049,0.0144
1730000074970,50680,0.031,-0.9768,0.0819,-0.0102,-0.0243,0.0116
1730000074980,50655,0.0158,-1.029,0.0995,0.0134,0.0179,-0.0041
1730000074990,50616,0.0268,-0.9848,0.0627,-0.0119,0.0089,0.0031
1730000075000,50567,0.0275,-1.0034,0.0708,-0.0,0.0053,0.0127
1730000075010,50517,0.0011,-0.9998,0.0699,-0.0262,0.0201,-0.0039
1730000075020,50472,0.0277,-1.0098,0.0815,-0.0141,-0.0218,0.0048
1730000075030,50435,0.0217,-0.9728,0.0701,0.0174,0.0092,0.008
1730000075040,50408,0.0052,-1.0062,0.0938,0.0102,0.005,-0.0081
1730000075050,50390,0.0132,-0.9935,0.0655,-0.0112,0.0124,-0.0026
1730000075060,50380,0.0184,-0.9911,0.0736,-0.0051,0.0011,-0.0076
1730000075070,50376,0.013,-0.9903,0.0788,0.0176,0.0012,0.0034
1730000075080,50376,0.0014,-0.9932,0.0909,0.0129,0.0308,-0.0063
1730000075090,50378,0.0248,-1.0228,0.1072,-0.0133,0.01,0.0013
1730000075100,50381,-0.001,-0.989,0.077,-0.0367,-0.0243,-0.0043
1730000075110,50385,0.029,-0.9911,0.0998,-0.0107,-0.0204,0.0045
1730000075120,50389,0.0221,-0.9854,0.069,0.0139,0.0121,-0.0036
1730000075130,50393,0.0053,-0.972,0.1036,0.0239,0.0126,0.0159
1730000075140,50398,0.0142,-0.9682,0.0942,0.0116,0.0144,-0.0037
1730000075150,50402,0.0189,-1.0277,0.0862,-0.0456,0.0062,0.0087
1730000075160,50406,0.0253,-0.9996,0.0746,-0.0192,-0.0349,0.0173
1730000075170,50410,0.0117,-0.975,0.0728,0.0095,-0.0111,-0.0107
1730000075180,50414,0.0248,-1.008,0.0773,-0.0033,-0.0053,0.0056
1730000075190,50418,0.0375,-0.9862,0.0912,-0.0222,0.0178,-0.0085
1730000075200,50422,0.0314,-0.9861,0.089,-0.0194,-0.0028,-0.0124
1730000075210,50425,0.0186,-0.9678,0.0818,-0.0128,0.0074,0.0063
1730000075220,50429,0.021,-0.9486,0.1087,0.0134,0.0011,-0.0154
1730000075230,50433,0.0299,-1.0019,0.1,-0.0188,-0.0174,0.0007
1730000075240,50436,0.0271,-0.9889,0.0726,-0.0058,-0.0127,-0.0108
1730000075250,50439,0.0219,-0.9772,0.0968,0.0017,0.0123,0.0063
1730000075260,50443,0.028,-0.9976,0.0683,-0.0046,0.0256,-0.0007
1730000075270,50446,0.0317,-1.0291,0.0902,-0.0248,-0.0207,0.0016
1730000075280,50449,-0.0037,-0.9984,0.0599,-0.011,-0.0007,-0.0055
1730000075290,50452,0.034,-0.973,0.0998,0.0535,0.0319,0.0066
1730000075300,50455,0.0079,-0.9587,0.0934,-0.0068,0.004,-0.0133
1730000075310,50458,0.0199,-1.0266,0.0794,-0.0208,-0.0151,0.0018
1730000075320,50460,0.0208,-0.9879,0.0897,0.005,0.0101,-0.001
1730000075330,50463,0.0284,-0.9869,0.0744,-0.0098,0.012,-0.0056
1730000075340,50465,0.0246,-0.9721,0.0916,-0.0034,-0.0121,0.0037
1730000075350,50468,0.0172,-1.0002,0.0885,0.0039,0.0051,0.0114
1730000075360,50470,0.0279,-1.0232,0.0718,0.0182,0.0427,-0.0089
1730000075370,50472,0.0233,-0.9671,0.0876,-0.0164,0.0265,0.0007
1730000075380,50475,0.0163,-0.9722,0.0803,0.0026,-0.0166,-0.0074
1730000075390,50477,0.0151,-0.9818,0.0841,-0.0327,0.0166,0.0163
1730000075400,50479,0.0205,-1.0042,0.0894,0.0159,-0.0238,-0.0137
1730000075410,50482,0.0292,-0.973,0.0737,0.0088,-0.0013,0.019
1730000075420,50489,0.0313,-0.9907,0.0807,0.0184,0.027,0.0116
1730000075430,50504,0.0307,-1.0441,0.0737,-0.0091,0.0167,0.0097
1730000075440,50538,0.0234,-0.9862,0.0929,-0.0122,-0.0205,0.0176
1730000075450,50610,0.0197,-0.9697,0.0779,-0.0017,-0.0208,0.0066
1730000075460,50742,0.0133,-1.0158,0.0687,0.0448,0.0229,-0.0135
1730000075470,50953,0.0329,-1.0086,0.0748,-0.0006,-0.0109,-0.0207
1730000075480,51237,0.0398,-1.0144,0.0743,0.0092,-0.029,0.0042
1730000075490,51555,0.014,-1.0071,0.0658,0.0098,0.0285,0.0083
1730000075500,51831,0.0186,-0.974,0.0863,-0.0091,0.0043,-0.0166
1730000075510,51982,0.0234,-0.9946,0.0723,0.0038,0.0083,0.0033
1730000075520,51959,0.0278,-0.9809,0.079,-0.0056,-0.0261,-0.0267
1730000075530,51769,0.0234,-0.963,0.0889,0.0084,-0.0248,0.0067
1730000075540,51479,0.0161,-0.9837,0.0905,0.0237,0.0174,-0.008
1730000075550,51174,0.0148,-0.9876,0.0928,0.0325,0.003,0.0011
1730000075560,50922,0.0313,-0.9724,0.0813,-0.0015,-0.0176,0.0085
1730000075570,50755,0.0181,-1.0014,0.083,-0.0079,-0.0148,0.0024
1730000075580,50672,0.0353,-0.9626,0.0769,0.0507,-0.0118,0.0077
1730000075590,50651,0.0139,-0.9771,0.0772,-0.0126,0.0177,0.0081
1730000075600,50670,0.0248,-0.9929,0.1106,0.0012,0.0285,-0.0214
1730000075610,50711,0.0192,-0.9929,0.0843,0.0079,-0.0238,0.0149
1730000075620,50761,0.0166,-0.9763,0.088,-0.0252,-0.0064,-0.0132
1730000075630,50808,0.003,-0.9893,0.0972,-0.0047,-0.0114,-0.0085
1730000075640,50845,0.0193,-1.0171,0.0836,-0.0432,0.0246,0.0167
1730000075650,50866,0.0179,-1.0002,0.0697,0.0284,0.0168,-0.0057
1730000075660,50867,0.0261,-0.9951,0.0771,-0.0049,0.0143,-0.004
1730000075670,50847,0.0223,-0.9825,0.0918,-0.0321,0.0142,-0.0132
1730000075680,50811,0.0279,-0.9824,0.0766,0.0302,0.0221,-0.0031
1730000075690,50762,0.0267,-0.9908,0.0806,0.0005,-0.0355,0.0048
1730000075700,50709,0.0114,-0.9661,0.0855,-0.0001,0.0018,-0.0175
1730000075710,50655,0.0064,-0.9971,0.0852,0.0084,0.0045,0.0045
1730000075720,50608,0.0022,-1.019,0.0689,-0.0103,-0.0169,0.0007
1730000075730,50568,0.0145,-1.0042,0.0739,0.0042,0.0051,0.009
1730000075740,50537,0.0256,-0.9915,0.0776,0.0004,-0.0094,-0.0078
1730000075750,50515,0.0276,-0.9605,0.0736,-0.0119,0.0282,-0.0143
1730000075760,50500,0.0145,-1.001,0.0804,0.0317,-0.0267,-0.0043
1730000075770,50489,0.0165,-0.9952,0.0857,0.0393,0.0373,-0.0002
1730000075780,50482,0.0204,-0.9923,0.0829,0.0238,0.0203,-0.0157
1730000075790,50478,0.0158,-0.9791,0.0787,-0.0179,-0.0135,0.0064
1730000075800,50474,0.0106,-0.9888,0.0906,0.0118,-0.0257,-0.0038
1730000075810,50471,0.0179,-0.9524,0.0969,0.0004,-0.0277,-0.008
1730000075820,50469,0.0264,-0.9858,0.073,-0.0085,0.0155,-0.0122
1730000075830,50466,0.0195,-0.9664,0.1021,0.0165,0.0224,-0.0108
1730000075840,50464,0.0253,-0.9526,0.0678,0.0055,0.018,-0.0047
1730000075850,50461,0.0058,-0.9906,0.0768,-0.0324,-0.0256,-0.0074
1730000075860,50458,0.0216,-1.0132,0.0976,-0.0084,-0.028,0.0054
1730000075870,50455,0.0272,-1.0189,0.0562,0.0045,0.0304,0.0034
1730000075880,50453,0.0296,-0.9918,0.0799,-0.0096,0.0024,0.0034
1730000075890,50450,0.011,-0.9759,0.0938,-0.0148,-0.0103,0.0135
1730000075900,50447,0.0181,-0.95,0.0718,-0.0231,0.0118,-0.0088
1730000075910,50443,0.0122,-0.9971,0.0686,-0.0142,-0.0035,0.0044
1730000075920,50440,0.0071,-0.9856,0.0645,-0.0176,-0.0023,-0.0035
1730000075930,50437,0.0163,-1.0088,0.0725,0.002,-0.0167,0.0017
1730000075940,50433,0.0285,-0.9906,0.078,0.0042,0.0065,-0.0002
1730000075950,50430,0.036,-0.976,0.0797,-0.0313,0.0223,0.0132
1730000075960,50426,0.0375,-1.0278,0.0723,-0.0052,0.0002,0.0172
1730000075970,50423,0.0225,-0.9646,0.0925,-0.0305,0.0029,0.0177
1730000075980,50419,0.0191,-0.9759,0.0873,-0.019,0.0046,0.0071
1730000075990,50415,0.0031,-0.9593,0.0834,0.0403,-0.0091,-0.0124
1730000076000,50411,0.0141,-0.9927,0.0934,0.0048,0.0,-0.0027
1730000076010,50407,0.011,-0.9618,0.06,-0.0118,-0.0113,-0.0187
1730000076020,50403,0.0214,-0.9637,0.0783,0.0031,-0.0088,-0.0012
1730000076030,50399,0.0121,-0.981,0.0765,0.011,0.0036,0.0019
1730000076040,50394,0.0227,-0.9682,0.0869,0.0006,-0.0137,0.0062
1730000076050,50390,0.0211,-0.9811,0.0772,0.0018,-0.0087,-0.0201
1730000076060,50385,0.0278,-0.9682,0.0704,-0.005,-0.0045,-0.0055
1730000076070,50381,0.0279,-0.9623,0.0882,0.0106,0.0257,-0.0004
1730000076080,50376,0.0454,-1.001,0.0804,0.0022,-0.0172,0.0073
1730000076090,50372,0.0164,-0.965,0.0874,0.0125,0.0351,0.0006
1730000076100,50367,0.0414,-0.9943,0.0706,-0.0115,0.0303,-0.0032
1730000076110,50363,0.0219,-0.9655,0.0767,-0.0034,0.0129,0.0051
1730000076120,50359,0.0218,-0.9723,0.0815,-0.0056,0.003,-0.0093
1730000076130,50360,0.005,-0.9943,0.0661,0.0019,-0.0055,-0.011
1730000076140,50370,0.0323,-0.9739,0.1127,0.009,-0.0044,-0.0115
1730000076150,50402,0.0211,-0.9345,0.0613,0.0091,0.0305,-0.0136
1730000076160,50477,0.0009,-0.9778,0.0772,0.0019,-0.0379,0.0042
1730000076170,50619,0.0176,-0.9782,0.0744,0.0277,-0.0042,-0.0043
1730000076180,50843,0.0191,-0.9786,0.0812,-0.0118,0.0052,0.0036
1730000076190,51138,0.0261,-0.9947,0.0783,0.0296,-0.0016,0.0032
1730000076200,51452,0.0228,-0.9738,0.0778,0.0149,-0.0435,0.0114
1730000076210,51702,0.0367,-0.9529,0.0737,0.0521,-0.0446,-0.0093
1730000076220,51805,0.0002,-0.9735,0.0745,0.019,-0.03,-0.0197
1730000076230,51722,0.0264,-0.9735,0.0894,-0.0107,0.0273,0.0112
1730000076240,51483,0.0122,-0.9822,0.0716,0.0185,-0.0118,0.004
1730000076250,51167,0.0291,-0.9959,0.073,-0.0133,0.0107,0.0058
1730000076260,50863,0.0206,-0.9896,0.0799,-0.0049,-0.0048,0.0128
1730000076270,50630,0.0261,-0.985,0.0746,0.006,0.0004,-0.0091
1730000076280,50487,0.0086,-0.9873,0.0734,-0.0241,0.0032,-0.0053
1730000076290,50424,0.0252,-0.9874,0.0911,-0.0305,-0.0364,0.0011
1730000076300,50416,0.0181,-0.9597,0.0707,0.0084,0.0441,0.0039
1730000076310,50441,0.029,-0.9361,0.0784,0.0159,-0.0054,-0.0096
1730000076320,50482,0.0027,-0.9821,0.0677,-0.0214,0.0175,-0.0021
1730000076330,50527,0.013,-0.9961,0.0756,-0.0052,-0.0324,0.0006
1730000076340,50565,0.0201,-0.9222,0.0668,-0.0135,-0.0411,0.0134
1730000076350,50589,0.0131,-0.9795,0.0723,-0.0139,0.0363,-0.0055
1730000076360,50594,0.0203,-0.9784,0.0811,0.0255,0.0198,-0.0071
1730000076370,50578,0.0017,-1.0245,0.0857,-0.0053,-0.011,-0.0019
1730000076380,50543,0.0092,-0.9846,0.0921,0.0231,0.0259,-0.0002
1730000076390,50493,0.006,-0.9486,0.0754,-0.0041,-0.0021,0.0062
1730000076400,50434,0.0194,-0.9746,0.0756,0.0271,0.0092,0.0115
1730000076410,50374,0.0324,-0.9603,0.0819,0.0004,-0.027,0.0043
1730000076420,50317,0.0281,-0.962,0.0723,-0.0329,0.0412,0.0039
1730000076430,50268,0.0258,-0.9643,0.0812,0.0017,-0.021,0.0131
1730000076440,50229,0.0135,-0.963,0.0951,0.0034,-0.0112,0.0079
1730000076450,50198,0.026,-0.993,0.0848,-0.0077,-0.0064,0.0042
1730000076460,50176,0.027,-0.9492,0.0966,0.0043,0.0186,0.0071
1730000076470,50159,0.0141,-0.9576,0.0925,-0.0136,0.0149,-0.0035
1730000076480,50146,0.0248,-0.9805,0.077,0.0163,-0.0071,-0.0108
1730000076490,50136,0.0123,-0.9713,0.0715,-0.0097,0.0319,-0.0224
1730000076500,50127,0.0202,-0.9679,0.0695,0.0073,0.0207,-0.0148
1730000076510,50120,0.0146,-0.961,0.0717,-0.0144,0.0082,-0.0125
1730000076520,50112,0.0194,-0.914,0.0625,-0.0244,0.0102,0.0071
1730000076530,50105,0.0147,-1.0009,0.0803,-0.0111,0.0231,0.0153
1730000076540,50098,0.0018,-0.9476,0.0836,-0.0034,-0.0262,0.0177
1730000076550,50091,0.0107,-0.9509,0.0839,-0.0109,-0.0134,0.0227
1730000076560,50084,0.0465,-0.98,0.0903,0.0406,0.0007,-0.0087
1730000076570,50077,0.0244,-0.9896,0.0711,0.031,0.0093,0.0166
1730000076580,50070,0.0251,-0.9758,0.0705,0.0492,0.0021,-0.0092
1730000076590,50063,0.0276,-0.9605,0.0616,-0.0051,-0.0001,-0.0029
1730000076600,50056,0.03,-0.9664,0.0711,0.0178,-0.0218,0.0074
1730000076610,50049,0.0322,-0.9579,0.0876,0.0263,0.0217,0.005
1730000076620,50041,0.0082,-0.9508,0.0964,-0.0028,-0.0155,0.0119
1730000076630,50034,-0.0052,-0.9597,0.0763,-0.0149,0.0007,0.0043
1730000076640,50027,0.0188,-0.9508,0.0713,-0.0033,0.039,-0.006
1730000076650,50020,0.0137,-0.9428,0.0886,0.0152,-0.0052,0.0003
1730000076660,50013,0.0072,-0.9636,0.1089,-0.0165,0.0394,0.0072
1730000076670,50006,0.0195,-0.9964,0.08,-0.0254,-0.012,-0.011
1730000076680,49998,0.0117,-0.9665,0.0693,-0.0276,0.0393,0.0127
1730000076690,49991,0.0132,-0.9815,0.0746,0.0212,0.0236,-0.0051
1730000076700,49984,0.0128,-0.965,0.0809,-0.0026,-0.0069,0.0125
1730000076710,49977,0.0279,-0.966,0.0689,0.001,-0.0102,-0.0032
1730000076720,49970,0.0333,-0.965,0.0905,0.0247,0.004,-0.0046
1730000076730,49963,-0.0026,-0.9383,0.0849,-0.013,0.0642,-0.0073
1730000076740,49956,0.035,-0.9724,0.0765,-0.0242,-0.0354,0.0035
1730000076750,49948,0.0192,-0.9553,0.0722,-0.0346,0.002,0.0057
1730000076760,49941,0.0412,-0.9473,0.0795,-0.0011,-0.0121,0.0084
1730000076770,49934,0.0209,-0.9422,0.0812,-0.0024,0.0083,-0.0125
1730000076780,49927,0.0189,-0.9476,0.0754,-0.0007,0.0054,-0.0106
1730000076790,49920,0.0223,-0.9682,0.0824,-0.0071,0.0072,0.0051
1730000076800,49913,0.0198,-0.9528,0.082,-0.0149,0.0159,-0.0007
1730000076810,49907,0.0201,-0.9545,0.0707,0.0139,-0.064,-0.0013
1730000076820,49902,0.018,-0.9529,0.0721,0.0176,-0.0115,-0.0011
1730000076830,49901,0.0268,-0.9716,0.0835,0.0064,-0.0142,0.0044
1730000076840,49913,0.0148,-0.9555,0.0729,0.0031,-0.0186,0.006
1730000076850,49950,0.0091,-0.9535,0.0894,0.019,0.0077,-0.0039
1730000076860,50035,0.0164,-0.9477,0.0902,-0.0206,-0.0308,-0.0114
1730000076870,50192,0.0296,-0.9444,0.0715,-0.0038,0.0016,-0.0062
1730000076880,50433,0.0191,-0.9688,0.0809,0.0069,0.0125,0.0058
1730000076890,50737,0.0065,-0.9377,0.0824,0.0129,-0.0141,-0.0149
1730000076900,51046,0.011,-0.9808,0.0755,0.0026,-0.0133,-0.0005
1730000076910,51269,0.0278,-0.9589,0.0887,-0.0139,-0.0157,0.0027
1730000076920,51329,0.029,-0.9445,0.0685,-0.0036,0.0305,0.0006
1730000076930,51205,0.0325,-0.996,0.0826,-0.0015,0.0,-0.004
1730000076940,50938,0.0184,-0.9587,0.0651,-0.0024,-0.0082,-0.0013
1730000076950,50615,0.0128,-0.9826,0.0815,-0.0058,-0.0103,0.0023
1730000076960,50322,0.0275,-0.9609,0.0836,0.0026,-0.0018,-0.0165
1730000076970,50109,0.0236,-0.9461,0.0867,-0.027,0.0025,0.001
1730000076980,49987,0.0365,-1.0015,0.0817,-0.0234,-0.0305,-0.001
1730000076990,49940,0.0136,-0.9534,0.078,0.0226,0.0074,0.0129
1730000077000,49942,0.036,-0.9732,0.0914,-0.0172,-0.0267,0.0031
1730000077010,49973,0.0163,-0.9996,0.081,0.0016,-0.0089,0.0097
1730000077020,50016,0.011,-1.0006,0.0827,0.0162,0.0036,0.0128
1730000077030,50059,0.0357,-0.9383,0.0793,0.0347,0.0033,-0.0081
1730000077040,50095,0.0112,-0.9568,0.0869,0.0049,0.0034,0.0127
1730000077050,50114,0.0327,-0.9926,0.0601,0.0047,0.0277,0.0096
1730000077060,50114,0.0266,-0.9712,0.0739,0.0575,0.0128,0.016
1730000077070,50092,0.0095,-0.9667,0.0687,0.015,0.0275,-0.0075
1730000077080,50052,0.011,-0.9575,0.1022,-0.0144,-0.0019,-0.0169
1730000077090,49999,0.0199,-0.9382,0.0841,-0.0059,0.01,0.0147
1730000077100,49940,0.0158,-0.9841,0.0715,0.0203,-0.0001,0.0086
1730000077110,49881,0.0248,-0.9923,0.0842,-0.0052,0.003,0.0031
1730000077120,49827,0.0236,-0.9634,0.081,0.0156,-0.0247,-0.0145
1730000077130,49781,0.0265,-0.9848,0.0688,0.0026,0.0112,-0.0044
1730000077140,49746,0.0177,-0.9793,0.0602,-0.0141,0.0246,0.006
1730000077150,49719,0.0244,-0.9665,0.0936,-0.0295,-0.0079,0.0184
1730000077160,49699,0.0181,-0.9778,0.0918,0.0035,-0.0075,0.0037
1730000077170,49685,0.0127,-0.9225,0.0716,-0.0007,0.0159,0.0112
1730000077180,49675,0.013,-0.9676,0.0693,-0.0134,0.018,0.0129
1730000077190,49667,0.0371,-0.9438,0.0839,0.0039,-0.0167,0.0034
1730000077200,49660,0.0234,-0.9551,0.0712,-0.0241,-0.0112,0.0171
1730000077210,49654,0.0134,-0.9844,0.0981,-0.0054,0.0162,-0.0033
1730000077220,49649,0.0111,-0.9686,0.0835,-0.0046,0.0169,-0.0064
1730000077230,49644,0.0342,-0.9898,0.0791,-0.01,-0.0173,-0.0145
1730000077240,49638,0.0338,-0.9455,0.0709,0.012,-0.0093,0.0113
1730000077250,49634,0.0187,-0.977,0.0779,0.0021,0.0268,0.0018
1730000077260,49629,0.0306,-1.0039,0.0646,-0.0131,0.0206,-0.0087
1730000077270,49624,0.0123,-1.043,0.0839,-0.0007,-0.0672,-0.0028
1730000077280,49619,-0.0162,-0.9665,0.0857,-0.0006,0.012,-0.007
1730000077290,49614,0.0355,-0.9575,0.0648,0.018,-0.0241,-0.0007
1730000077300,49610,0.0245,-0.9692,0.0853,0.0051,0.0397,-0.0054
1730000077310,49605,0.0216,-1.0084,0.0876,-0.015,-0.0107,0.0014
1730000077320,49601,0.0171,-0.9848,0.0625,0.0013,0.0146,0.0118
1730000077330,49597,0.0132,-0.9801,0.0691,-0.022,0.0014,0.0014
1730000077340,49592,0.0296,-0.9665,0.0802,-0.0133,0.0206,0.0109
1730000077350,49588,0.0178,-0.9957,0.098,0.0274,-0.0219,0.0236
1730000077360,49584,0.0154,-0.9627,0.0836,-0.0285,-0.0217,0.0013
1730000077370,49580,0.0105,-0.9617,0.0821,-0.0337,-0.005,-0.0141
1730000077380,49576,0.014,-0.9989,0.0784,0.0085,0.0057,0.0201
1730000077390,49572,0.0346,-0.9769,0.0757,0.0269,0.0253,-0.0018
1730000077400,49568,0.0129,-0.9489,0.0908,-0.011,0.0068,-0.0073
1730000077410,49565,0.0088,-0.9996,0.0565,-0.0194,0.0309,0.0027
1730000077420,49561,0.0277,-0.9821,0.0658,0.0025,-0.0215,-0.0056
1730000077430,49558,0.0144,-0.9491,0.0622,-0.0063,-0.0124,-0.0021
1730000077440,49554,0.0278,-0.9591,0.0932,0.0054,-0.0385,0.0092
1730000077450,49551,0.0097,-0.9399,0.088,0.0012,-0.0142,-0.005
1730000077460,49548,0.025,-0.9726,0.0869,-0.016,-0.0244,-0.0087
1730000077470,49545,0.0054,-0.9616,0.0867,-0.0382,-0.0007,-0.0019
1730000077480,49542,-0.0026,-0.9611,0.0837,0.0102,-0.0064,-0.0183
1730000077490,49539,0.0205,-0.9493,0.0762,-0.0065,-0.0047,0.0118
1730000077500,49537,0.0355,-0.9909,0.075,0.005,-0.0115,0.0032
1730000077510,49538,-0.0134,-0.9767,0.0935,0.0025,0.0049,-0.0099
1730000077520,49548,0.0288,-0.9623,0.0714,0.0101,-0.0228,0.02
1730000077530,49580,0.0319,-0.9913,0.0753,-0.0084,-0.0044,-0.0163
1730000077540,49660,0.031,-0.9612,0.0816,-0.0064,-0.0014,-0.0044
1730000077550,49819,0.0466,-0.9701,0.0688,-0.0077,0.0064,0.0047
1730000077560,50078,0.0147,-0.9844,0.0859,-0.0087,0.0016,0.002
1730000077570,50418,0.0198,-0.9861,0.0868,-0.022,-0.0053,-0.0051
1730000077580,50757,0.0323,-0.9502,0.0753,-0.0157,-0.0197,0.0069
1730000077590,50979,0.0115,-0.9939,0.0664,-0.0008,-0.0251,0.0031
1730000077600,50993,0.011,-0.9535,0.0845,0.0293,-0.035,0.0105
1730000077610,50793,0.0284,-0.961,0.0828,-0.0474,0.0313,-0.0053
1730000077620,50464,0.0209,-0.9675,0.0761,-0.02,-0.0137,0.0198
1730000077630,50125,0.0239,-0.9411,0.0756,0.0185,0.0064,0.0002
1730000077640,49866,0.0222,-0.938,0.084,-0.0118,-0.0226,0.0137
1730000077650,49716,0.0138,-0.9367,0.108,-0.0158,-0.0081,0.0105
1730000077660,49661,0.0054,-0.9915,0.0958,-0.0046,-0.0155,-0.013
1730000077670,49668,0.0328,-0.9806,0.0818,-0.0295,0.0311,0.0032
1730000077680,49709,0.019,-0.9835,0.0847,0.0456,-0.0003,0.0045
1730000077690,49763,0.0162,-0.9534,0.0755,0.0153,-0.0011,-0.0178
1730000077700,49816,0.0292,-0.9735,0.0748,-0.0261,0.0167,-0.009
1730000077710,49855,0.0274,-0.9899,0.0695,-0.0032,0.0185,0.0002
1730000077720,49872,-0.0037,-0.973,0.0717,0.0013,-0.0307,-0.0111
1730000077730,49865,0.0334,-0.9778,0.1096,-0.0182,0.0203,-0.0095
1730000077740,49833,0.018,-0.973,0.0841,0.0277,-0.0425,0.0026
1730000077750,49784,0.0187,-0.9843,0.0734,0.0001,-0.0239,-0.024
1730000077760,49725,0.0221,-0.9553,0.0844,0.014,0.0136,-0.0116
1730000077770,49667,0.0374,-0.9923,0.0761,0.0081,-0.004,-0.0008
1730000077780,49614,0.0038,-0.9816,0.0726,0.0008,0.0018,-0.0086
1730000077790,49573,0.0323,-0.9778,0.0991,-0.0533,0.0118,0.0113
1730000077800,49543,0.0245,-0.9729,0.078,0.005,-0.014,-0.0164
1730000077810,49523,0.0172,-0.93,0.0617,-0.03,-0.0386,-0.0079
1730000077820,49511,0.0239,-0.9904,0.0719,0.0021,-0.0217,-0.0155
1730000077830,49504,0.0133,-0.9867,0.0806,-0.0046,-0.0449,-0.0098
1730000077840,49501,0.0093,-0.9443,0.0861,-0.0065,0.0186,0.0056
1730000077850,49500,0.0299,-0.9891,0.0844,0.0414,-0.0053,-0.0035
1730000077860,49500,0.0194,-0.9926,0.0589,-0.0283,-0.004,-0.0163
1730000077870,49500,0.0275,-0.9466,0.0724,0.0037,0.0336,0.0096
1730000077880,49501,0.0277,-0.9968,0.0773,-0.0278,0.0112,0.012
1730000077890,49502,0.0139,-0.9841,0.0834,0.026,-0.0077,0.0037
1730000077900,49503,0.0414,-0.9688,0.0869,-0.0286,0.0032,-0.0087
1730000077910,49505,0.0092,-0.9676,0.0875,0.009,0.0419,0.0013
1730000077920,49506,0.0202,-0.9566,0.0942,0.0186,-0.0046,-0.0075
1730000077930,49508,0.0136,-0.9933,0.0964,-0.0215,-0.0084,-0.0091
1730000077940,49509,0.0228,-0.9763,0.0773,-0.0038,-0.019,0.0025
1730000077950,49511,0.0339,-0.963,0.0834,-0.0295,0.0194,0.0196
1730000077960,49513,0.0358,-0.9649,0.0908,0.0162,-0.0031,-0.0038
1730000077970,49514,0.0142,-1.0039,0.0805,0.0258,0.0023,-0.0011
1730000077980,49516,0.0143,-0.9838,0.0629,-0.0264,-0.0041,0.0246
1730000077990,49519,0.0263,-1.0161,0.0852,0.0249,-0.0221,0.0109
1730000078000,49521,0.0164,-0.9868,0.0769,-0.0034,0.0377,-0.0107
1730000078010,49523,0.0131,-1.0108,0.0823,-0.0526,0.0081,0.0082
1730000078020,49525,0.0264,-0.9905,0.0776,-0.0069,0.0101,-0.0083
1730000078030,49528,0.0413,-0.9776,0.0809,-0.0222,0.0162,-0.0063
1730000078040,49530,0.0112,-0.9812,0.0805,-0.0025,-0.0062,-0.0053
1730000078050,49533,0.0195,-1.0021,0.0689,-0.0265,0.0197,0.0012
1730000078060,49536,0.0206,-0.9611,0.0868,-0.0079,0.0127,-0.0011
1730000078070,49539,0.0203,-0.9779,0.0808,0.0114,0.0004,0.0102
1730000078080,49541,0.0324,-0.9721,0.0888,0.0193,-0.0358,0.0027
1730000078090,49545,0.019,-0.9549,0.0894,0.0376,0.0361,0.0197
1730000078100,49548,0.0303,-0.9895,0.0789,-0.0096,0.0091,-0.0016
1730000078110,49551,0.0332,-0.963,0.0803,-0.0269,0.0063,0.0156
1730000078120,49554,0.0088,-0.9283,0.0869,-0.0034,0.0167,0.0157
1730000078130,49558,0.0288,-0.9795,0.0696,0.0132,-0.0219,-0.0004
1730000078140,49562,0.0105,-0.9973,0.0768,0.035,0.0397,-0.0075
1730000078150,49568,0.0152,-0.9904,0.0763,-0.009,0.0032,0.0092
1730000078160,49579,0.0131,-0.9759,0.0757,-0.0182,0.0347,0.0031
1730000078170,49602,0.0069,-0.9861,0.0825,0.0089,0.0134,-0.0015
1730000078180,49653,-0.0015,-0.9633,0.0861,0.0108,-0.0025,-0.0082
1730000078190,49754,0.0359,-0.9886,0.0776,-0.0164,-0.0457,-0.0197
1730000078200,49928,0.0021,-0.9434,0.0803,-0.0145,0.0505,-0.0032
1730000078210,50185,0.0156,-0.9737,0.1053,0.0042,0.0089,-0.0086
1730000078220,50504,0.022,-1.0085,0.0798,0.0215,0.0215,0.0002
1730000078230,50820,0.0206,-0.9767,0.0805,0.0097,0.0346,0.005
1730000078240,51044,0.0253,-0.9819,0.0698,-0.0289,0.0147,0.0033
1730000078250,51102,0.0126,-0.9978,0.0793,-0.0231,-0.0015,0.022
1730000078260,50976,0.0215,-0.9905,0.078,0.0085,-0.0146,-0.0023
1730000078270,50713,0.021,-1.0036,0.0753,-0.017,0.0138,0.0032
1730000078280,50402,0.0147,-1.0068,0.0898,0.0297,-0.0102,0.0141
1730000078290,50125,0.0004,-0.997,0.0927,0.0509,0.024,0.0171
1730000078300,49930,0.0246,-1.0443,0.0813,-0.0206,0.0666,-0.0036
1730000078310,49826,0.0268,-0.9785,0.0723,-0.0157,-0.0002,-0.0034
1730000078320,49794,0.0296,-1.0184,0.0832,0.0225,0.0206,0.0089
1730000078330,49810,0.0136,-0.996,0.0864,-0.0324,0.0071,0.0046
1730000078340,49853,0.0387,-1.0262,0.0774,0.0014,-0.0112,0.0013
1730000078350,49908,0.014,-1.0069,0.0819,0.015,-0.0038,-0.0015
1730000078360,49963,0.0059,-0.9605,0.0943,0.004,-0.0341,-0.0026
1730000078370,50009,0.0302,-0.9978,0.0932,-0.0078,-0.0104,-0.002
1730000078380,50039,0.0042,-0.9833,0.0838,-0.0061,0.0187,-0.009
1730000078390,50049,0.0373,-0.9723,0.0782,0.0108,-0.0079,0.0061
1730000078400,50038,0.0196,-0.9781,0.0793,0.0003,0.0353,-0.0037
1730000078410,50009,0.0265,-1.0011,0.0884,0.0212,-0.0544,0.0018
1730000078420,49967,0.008,-0.9561,0.0761,0.0138,-0.0314,-0.0041
1730000078430,49919,0.0125,-0.9801,0.0767,0.0352,0.0012,0.0028
1730000078440,49871,0.0353,-0.9989,0.0786,0.0031,0.0283,-0.0025
1730000078450,49830,0.017,-1.0226,0.0662,-0.0108,-0.0202,0.0221
1730000078460,49797,0.0211,-0.9829,0.0765,0.0292,0.0158,-0.014
1730000078470,49773,0.0175,-0.9829,0.0741,-0.0166,0.0218,0.0021
1730000078480,49758,0.0233,-1.0043,0.0887,-0.0035,-0.0201,0.0168
1730000078490,49751,0.0242,-1.0209,0.095,-0.027,0.0091,0.0207
1730000078500,49749,0.023,-0.9789,0.0677,0.0024,-0.0106,0.0067
1730000078510,49750,0.0131,-0.9449,0.0857,-0.0083,-0.0031,0.0129
1730000078520,49754,0.0225,-0.9922,0.087,0.0216,0.0049,0.0026
1730000078530,49759,0.0365,-0.9991,0.0719,-0.0103,-0.0045,-0.0087
1730000078540,49764,0.009,-1.027,0.0737,-0.0194,-0.0032,0.0019
1730000078550,49770,0.0257,-1.0084,0.0867,-0.0026,-0.0307,0.0069
1730000078560,49777,0.0251,-0.9853,0.0817,-0.0212,0.0335,-0.0196
1730000078570,49783,0.0196,-0.9515,0.056,-0.0026,0.0155,0.0063
1730000078580,49790,0.0191,-0.9948,0.0718,-0.0042,-0.0027,-0.0231
1730000078590,49796,0.0427,-0.9929,0.0898,0.0362,0.0307,-0.0067
1730000078600,49803,0.0197,-0.9725,0.0733,-0.0005,-0.0206,-0.005
1730000078610,49809,0.0353,-1.004,0.065,0.0218,-0.0379,0.0065
1730000078620,49816,0.0132,-0.9973,0.0911,0.0009,0.0354,-0.0054
1730000078630,49823,0.0397,-0.9766,0.0889,-0.0304,-0.0192,0.0045
1730000078640,49830,0.0273,-0.9836,0.0699,-0.044,-0.0187,-0.0062
1730000078650,49836,0.0183,-0.9874,0.0713,-0.0017,-0.0043,-0.0047
1730000078660,49843,0.0134,-0.9909,0.081,-0.0083,0.0254,-0.0039
1730000078670,49850,0.0228,-0.9822,0.0701,-0.0354,-0.006,-0.0089
1730000078680,49857,0.0293,-0.9905,0.0778,-0.0178,0.0256,-0.0094
1730000078690,49864,0.0172,-0.9704,0.0919,-0.0323,-0.0218,0.0028
1730000078700,49871,0.0326,-0.9789,0.0583,-0.0003,-0.0026,-0.0003
1730000078710,49878,0.0059,-0.9807,0.0866,-0.0078,0.0106,-0.0074
1730000078720,49884,0.0326,-0.9808,0.0729,-0.0077,-0.0206,0.0065
1730000078730,49891,0.0067,-0.9912,0.0861,-0.0109,0.0134,-0.0188
1730000078740,49898,0.0163,-0.9902,0.0752,0.0327,-0.0,0.008
1730000078750,49906,0.0273,-0.9832,0.0851,0.0069,0.0246,-0.0179
1730000078760,49913,0.0312,-0.98,0.0677,0.006,0.006,-0.0078
1730000078770,49920,0.0237,-0.9897,0.0915,-0.0073,-0.0022,0.0066
1730000078780,49927,0.017,-0.9546,0.0737,0.0091,0.0416,-0.0074
1730000078790,49934,0.0068,-0.9883,0.0817,-0.0218,0.03,-0.0167
1730000078800,49941,0.0159,-0.9764,0.0797,0.0237,0.0368,0.0024
1730000078810,49948,0.0302,-1.0001,0.0947,0.0031,0.0099,0.005
1730000078820,49955,0.0229,-1.0115,0.0691,0.0191,-0.0085,-0.0157
1730000078830,49963,0.0167,-1.0109,0.0813,-0.0113,-0.0196,-0.0042
1730000078840,49971,0.0276,-1.0117,0.0865,0.0201,0.0233,-0.0223
1730000078850,49982,0.0289,-0.9895,0.0791,-0.0206,0.0185,0.0185
1730000078860,50000,0.0341,-0.9722,0.0917,-0.0153,0.0362,-0.0071
1730000078870,50037,0.0254,-0.984,0.0736,-0.0326,0.0178,0.0004
1730000078880,50110,0.0246,-0.9877,0.0776,-0.0209,0.0193,-0.0084
1730000078890,50243,0.0177,-0.9753,0.0818,0.005,-0.0076,0.0153
1730000078900,50458,0.0241,-0.9964,0.0788,0.0015,0.0549,0.0
1730000078910,50752,0.0272,-1.0018,0.0837,-0.0056,0.0109,-0.0036
1730000078920,51084,0.0176,-0.9864,0.0708,0.0133,0.0403,0.0084
1730000078930,51373,0.0061,-0.9932,0.0939,0.0078,-0.0023,-0.0058
1730000078940,51532,0.0095,-1.0156,0.0575,-0.0144,0.0377,0.011
1730000078950,51506,0.0221,-0.9997,0.0887,-0.0193,-0.0381,-0.011
1730000078960,51309,0.0235,-0.9861,0.0776,0.0327,-0.0276,0.0072
1730000078970,51013,0.0051,-0.9846,0.0606,-0.009,-0.0001,0.0006
1730000078980,50710,0.0368,-0.9843,0.0753,0.0092,-0.0409,-0.0018
1730000078990,50470,0.0136,-1.0111,0.0941,-0.0231,0.0054,-0.0148
1730000079000,50322,0.034,-1.0016,0.081,0.0187,-0.0355,0.0158
1730000079010,50257,0.0223,-1.0105,0.0871,0.0241,-0.0102,-0.0009
1730000079020,50254,0.0182,-0.9659,0.0739,-0.0436,0.0217,-0.0122
1730000079030,50288,0.0266,-1.0226,0.0942,-0.001,-0.0108,0.0006
1730000079040,50341,0.0124,-0.9962,0.0847,-0.0018,-0.007,-0.0008
1730000079050,50399,0.0185,-0.9947,0.0722,-0.022,-0.0102,-0.0068
1730000079060,50452,0.0194,-1.0247,0.0714,0.002,0.0006,0.0134
1730000079070,50492,0.026,-0.9708,0.0978,-0.0197,0.0015,0.0043
1730000079080,50514,0.0404,-0.9848,0.0848,-0.0125,-0.0253,0.0025
1730000079090,50514,0.0233,-0.9727,0.0875,0.0089,-0.024,0.0153
1730000079100,50494,0.0005,-1.0347,0.0756,0.0143,0.0149,0.0194
1730000079110,50458,0.0203,-0.9733,0.0769,-0.0135,0.0159,0.012
1730000079120,50413,0.0206,-0.974,0.0777,-0.0357,0.0143,-0.0
1730000079130,50365,0.0148,-0.9764,0.0899,0.009,0.0054,-0.0071
1730000079140,50321,0.0192,-1.0381,0.0786,0.0203,-0.0017,-0.0164
1730000079150,50284,0.0269,-0.952,0.0918,0.0041,0.013,0.0097
1730000079160,50257,0.0059,-1.0106,0.082,0.0004,0.0148,0.0173
1730000079170,50239,0.0403,-0.9956,0.065,-0.0114,0.0056,0.0029
1730000079180,50229,0.0113,-0.994,0.0916,-0.0039,-0.0061,0.0132
1730000079190,50225,0.0043,-1.0087,0.0951,-0.0306,0.0159,0.0053
1730000079200,50226,0.0244,-0.9849,0.0839,0.0148,0.0101,-0.0064
1730000079210,50229,0.0186,-0.99,0.0839,-0.0036,-0.048,-0.0017
1730000079220,50233,0.0271,-1.0006,0.0856,-0.0007,0.0031,-0.0305
1730000079230,50239,0.0252,-1.0185,0.0872,-0.0177,-0.0006,-0.0053
1730000079240,50245,0.0357,-1.0096,0.0838,-0.0064,-0.0241,0.0146
1730000079250,50251,0.0328,-0.9797,0.0709,-0.0192,-0.0169,0.0075
1730000079260,50257,0.0351,-0.9596,0.0666,-0.0473,-0.003,0.0078
1730000079270,50263,0.0179,-0.96,0.0843,0.032,0.0122,-0.0037
1730000079280,50269,0.0258,-0.9918,0.0703,0.0295,0.0104,-0.0133
1730000079290,50275,0.0278,-1.0263,0.0647,-0.0052,-0.0131,-0.0079
1730000079300,50281,0.0205,-1.0164,0.0815,0.0011,0.0084,-0.0039
1730000079310,50286,0.0262,-0.9811,0.062,0.0306,-0.0163,0.0001
1730000079320,50292,0.04,-0.9752,0.0855,0.0062,-0.0369,0.0107
1730000079330,50298,0.0322,-0.9655,0.078,-0.036,0.0128,-0.0114
1730000079340,50304,0.0326,-0.9602,0.0746,0.0264,-0.0258,-0.0136
1730000079350,50309,0.0052,-0.9814,0.0754,0.0214,-0.0028,-0.0047
1730000079360,50315,0.01,-0.996,0.0841,0.0276,-0.0324,-0.0031
1730000079370,50320,0.013,-1.0296,0.069,-0.0001,-0.0339,-0.0291
1730000079380,50326,0.0164,-0.9895,0.0805,-0.0211,-0.039,0.0159
1730000079390,50331,0.0236,-1.0094,0.0944,0.0133,0.0298,0.0157
1730000079400,50336,0.0335,-0.9818,0.0953,0.0335,0.038,0.0039
1730000079410,50342,0.0213,-0.9719,0.0807,-0.0042,0.021,-0.0122
1730000079420,50347,0.0348,-1.0076,0.0799,-0.0238,-0.0013,-0.003
1730000079430,50352,0.006,-1.0164,0.0826,0.0185,-0.0014,-0.0156
1730000079440,50357,0.0199,-1.024,0.0809,-0.0191,0.0245,-0.0045
1730000079450,50362,0.0207,-0.9854,0.077,0.0236,-0.0135,-0.001
1730000079460,50367,0.0236,-0.9868,0.0775,-0.0223,0.0221,0.0167
1730000079470,50371,0.0134,-1.0079,0.07,-0.0025,0.0032,0.0164
1730000079480,50376,0.0003,-0.9965,0.0639,0.003,0.0102,-0.012
1730000079490,50381,0.0205,-1.0102,0.0873,-0.0476,0.024,0.0129
1730000079500,50385,0.0186,-0.9918,0.0818,0.0063,0.0473,0.0083
1730000079510,50390,0.0167,-1.0324,0.0542,0.0321,-0.0308,-0.0003
1730000079520,50394,0.0245,-0.9901,0.0772,-0.0191,0.0072,0.02
1730000079530,50400,-0.0099,-0.987,0.0889,0.0087,-0.0138,-0.0075
1730000079540,50408,0.0277,-0.9894,0.1102,0.0004,-0.0208,-0.0119
1730000079550,50425,-0.0096,-1.0238,0.0756,0.0282,-0.0108,0.0081
1730000079560,50462,0.0337,-1.0063,0.0812,-0.01,0.0221,-0.0096
1730000079570,50542,0.025,-0.9615,0.0865,-0.0187,-0.0085,-0.0035
1730000079580,50690,0.0234,-1.015,0.0651,-0.0144,0.0243,-0.0031
1730000079590,50927,0.0221,-0.9918,0.087,0.0109,-0.0148,0.0048
1730000079600,51242,0.034,-1.0018,0.0795,0.0186,-0.0176,0.0067
1730000079610,51578,0.0087,-1.023,0.0697,0.0014,0.0461,0.0126
1730000079620,51841,0.046,-0.9654,0.0838,-0.0222,0.0394,-0.0101
1730000079630,51938,0.0448,-0.976,0.0811,0.0239,0.0183,0.01
1730000079640,51835,0.022,-0.9884,0.1008,0.0096,-0.0306,0.0014
1730000079650,51574,0.0266,-0.9832,0.0748,0.0384,0.0159,-0.0167
1730000079660,51249,0.0266,-1.0083,0.075,0.0055,-0.0106,0.0102
1730000079670,50957,0.0252,-0.9673,0.0708,0.0329,-0.0162,-0.0012
1730000079680,50752,0.0117,-0.9566,0.0988,-0.007,-0.0058,0.0047
1730000079690,50644,0.0093,-1.0028,0.0802,0.0009,-0.0082,-0.0023
1730000079700,50613,0.0236,-1.0048,0.0811,0.0462,0.0058,-0.0042
1730000079710,50631,0.0104,-0.9768,0.0827,-0.0113,-0.0272,-0.0012
1730000079720,50676,0.0121,-0.9927,0.0826,0.0251,-0.0182,0.0086
1730000079730,50731,0.0186,-1.0015,0.0736,-0.016,0.0019,-0.0299
1730000079740,50784,0.023,-0.9984,0.094,0.0174,-0.0123,-0.006
1730000079750,50824,0.0197,-0.9808,0.0608,-0.018,0.0069,0.0001
1730000079760,50846,0.0089,-1.0095,0.0561,0.0053,0.0052,-0.022
1730000079770,50845,0.0059,-0.9675,0.0684,-0.0067,-0.0052,-0.012
1730000079780,50822,0.0313,-0.9452,0.0801,0.0283,-0.0035,0.0061
1730000079790,50782,0.0201,-1.0217,0.0875,0.0051,-0.0323,-0.0022
1730000079800,50730,0.026,-1.0234,0.0793,0.0002,-0.0001,0.0069
1730000079810,50676,0.0187,-1.007,0.0767,0.0006,-0.0209,0.0017
1730000079820,50625,0.012,-0.9696,0.0745,-0.0301,-0.0128,0.0145
1730000079830,50582,0.0289,-1.0082,0.0768,-0.0041,-0.0376,-0.0096
1730000079840,50549,0.0129,-0.9926,0.0672,0.0044,0.0118,0.0033
1730000079850,50526,0.0328,-0.9708,0.091,0.0214,-0.0098,0.015
1730000079860,50511,0.0224,-1.0022,0.0818,0.0354,-0.0026,-0.0172
1730000079870,50502,0.0166,-0.9883,0.0912,-0.0069,-0.0185,-0.0004
1730000079880,50497,0.0208,-0.9622,0.093,-0.0118,0.0066,0.0041
1730000079890,50495,0.0174,-0.9741,0.0845,0.0191,-0.0026,-0.0003
1730000079900,50495,0.0254,-0.9974,0.084,0.0026,0.0357,-0.0001
1730000079910,50495,0.0192,-0.9906,0.1013,-0.0224,0.0239,-0.0045
1730000079920,50495,0.0143,-0.9878,0.0927,-0.0113,-0.0177,0.008
1730000079930,50495,0.0363,-0.9821,0.0907,0.056,0.0009,0.0087
1730000079940,50496,0.0323,-1.0043,0.0798,0.0057,0.0027,-0.0004
1730000079950,50496,0.0322,-0.9673,0.0699,0.0008,-0.0159,-0.0101
1730000079960,50496,0.0094,-0.9791,0.0936,-0.0175,0.0146,0.0007
1730000079970,50496,0.0403,-0.9751,0.066,0.001,-0.0275,0.0034
1730000079980,50496,0.0314,-0.9844,0.0679,0.0107,-0.0231,0.0039
1730000079990,50496,0.0355,-1.0014,0.0878,-0.0181,-0.0034,0.0078
1730000080000,50496,0.0276,-1.0099,0.0744,0.0091,-0.0019,0.0093
1730000080010,50496,0.0199,-0.9805,0.0724,0.0354,0.0084,-0.0125
1730000080020,50495,0.0058,-0.9894,0.0746,-0.0224,-0.0063,-0.001
1730000080030,50495,0.0106,-0.9588,0.0889,0.0471,0.0075,-0.0008
1730000080040,50494,0.0422,-1.0035,0.0884,0.0416,-0.0197,0.0097
1730000080050,50493,0.0396,-0.9728,0.0642,0.0187,0.0071,0.009
1730000080060,50492,0.0331,-1.0023,0.0877,0.0034,0.0079,0.0095
1730000080070,50491,0.0235,-1.0326,0.0875,0.0086,-0.0233,-0.0093
1730000080080,50490,0.0256,-0.9855,0.0649,-0.0245,0.0028,0.0125
1730000080090,50489,0.0256,-0.9944,0.0902,-0.002,0.0211,0.0124
1730000080100,50488,0.0159,-0.9904,0.0771,-0.0198,0.0235,-0.0028
1730000080110,50487,0.0346,-0.969,0.0864,-0.0051,0.0044,0.0005
1730000080120,50485,0.0257,-0.9466,0.0785,-0.0199,0.0002,0.0096
1730000080130,50484,0.0278,-0.9751,0.0752,-0.02,-0.0047,-0.0054
1730000080140,50482,0.0243,-0.9804,0.079,0.0014,0.019,-0.0077
1730000080150,50480,0.0213,-0.9876,0.0839,-0.0216,-0.0071,0.006
1730000080160,50479,0.028,-0.9818,0.0716,0.011,0.0008,0.0141
1730000080170,50477,0.0132,-0.9628,0.0701,-0.0044,-0.0182,0.0027
1730000080180,50475,0.0025,-0.9483,0.0824,-0.0203,-0.0127,-0.0139
1730000080190,50473,0.0262,-0.9793,0.0744,-0.0051,-0.0149,0.0088
1730000080200,50472,-0.0087,-0.9923,0.0586,0.0145,0.0062,0.0116
1730000080210,50473,0.0221,-0.9891,0.0815,-0.0042,-0.0227,-0.0028
1730000080220,50483,0.0388,-0.9581,0.0773,0.0383,-0.0021,-0.0073
1730000080230,50513,0.0132,-0.9796,0.0687,-0.0046,-0.0257,-0.0073
1730000080240,50585,0.0117,-0.968,0.0845,-0.0365,0.0174,-0.0109
1730000080250,50725,0.0303,-0.9736,0.0712,0.0025,0.0489,0.0117
1730000080260,50954,0.0208,-0.9513,0.093,-0.0019,-0.0393,-0.0103
1730000080270,51262,0.0216,-0.9316,0.0584,-0.0415,0.0078,-0.0119
1730000080280,51593,0.025,-0.9546,0.068,0.0076,-0.0058,-0.0127
1730000080290,51851,0.0357,-0.9927,0.0894,0.0461,0.0028,-0.0202
1730000080300,51944,0.018,-0.945,0.1007,0.0178,0.0043,0.0023
1730000080310,51836,0.0201,-0.9992,0.0689,-0.0061,-0.0055,-0.0071
1730000080320,51568,0.03,-0.9316,0.0699,0.0051,0.026,-0.0105
1730000080330,51236,0.003,-0.9623,0.0743,-0.0132,0.0168,0.0026
1730000080340,50937,0.0258,-0.9452,0.0893,-0.0269,-0.0062,-0.0008
1730000080350,50725,0.0241,-0.997,0.0681,-0.0261,-0.0132,0.0086
1730000080360,50610,0.0146,-0.983,0.076,0.024,0.0081,-0.0054
1730000080370,50573,0.0321,-0.9767,0.0785,0.0326,0.0027,-0.0049
1730000080380,50585,0.0105,-0.9766,0.0827,0.0198,-0.0315,0.0056
1730000080390,50624,0.0409,-0.9756,0.0771,0.0249,0.0301,-0.004
1730000080400,50672,0.0351,-0.981,0.0799,-0.0125,0.0038,0.0096
1730000080410,50718,0.0215,-0.967,0.0731,-0.0074,-0.0014,-0.0049
1730000080420,50752,0.0316,-0.943,0.0684,-0.0292,-0.0168,0.0077
1730000080430,50767,0.0135,-1.0217,0.0791,0.0034,0.0347,0.0032
1730000080440,50759,0.0276,-0.9755,0.083,-0.0111,0.0136,0.0084
1730000080450,50729,0.0104,-0.9667,0.0844,0.024,0.0165,0.0147
1730000080460,50682,0.0251,-1.0017,0.0753,-0.0206,-0.0037,-0.002
1730000080470,50623,0.0433,-0.9209,0.0911,-0.0005,0.0035,0.0088
1730000080480,50562,0.0111,-0.9501,0.0761,0.0221,-0.0014,-0.0046
1730000080490,50505,0.0155,-1.0081,0.0801,0.0469,0.0157,-0.0002
1730000080500,50456,0.0311,-0.9748,0.0795,-0.0093,0.0068,0.0173
1730000080510,50417,0.023,-0.9747,0.0613,-0.0018,0.0015,-0.0051
1730000080520,50388,0.0131,-0.9975,0.0656,-0.0254,0.0304,0.0135
1730000080530,50367,0.0361,-0.9624,0.0629,0.0033,0.0178,-0.0122
1730000080540,50352,0.027,-0.9552,0.0718,0.0546,0.0198,-0.0184
1730000080550,50341,0.0422,-0.9966,0.0672,0.0173,-0.023,-0.0035
1730000080560,50333,0.01,-1.0104,0.082,0.0084,0.0351,-0.0235
1730000080570,50326,0.0084,-1.0079,0.0685,-0.0056,0.0147,-0.0199
1730000080580,50320,0.0249,-0.9649,0.0776,0.0147,0.0376,0.0154
1730000080590,50314,0.0288,-0.9627,0.064,0.033,-0.0151,0.0051
1730000080600,50309,0.0206,-0.9543,0.088,0.0046,-0.023,0.0144
1730000080610,50303,0.0108,-0.9732,0.0871,-0.007,-0.0099,0.0148
1730000080620,50297,0.0308,-0.9768,0.0774,-0.0203,-0.0272,0.0077
1730000080630,50292,0.0286,-0.9574,0.0932,-0.0331,-0.0113,0.0167
1730000080640,50286,0.0144,-0.9239,0.081,-0.0088,-0.0021,-0.0023
1730000080650,50280,0.0476,-0.9672,0.0924,0.0004,-0.0032,-0.0025
1730000080660,50274,0.0265,-0.9533,0.0995,-0.0156,-0.0015,0.0054
1730000080670,50268,0.0278,-0.9889,0.1034,0.0167,-0.011,0.0002
1730000080680,50262,0.0174,-0.9767,0.0724,-0.0048,-0.0017,-0.0047
1730000080690,50256,-0.0013,-0.9832,0.0757,0.0245,-0.0228,-0.0086
1730000080700,50250,0.0175,-0.9469,0.0626,0.0083,0.0029,-0.0028
1730000080710,50244,0.0265,-0.9959,0.0759,0.0061,-0.0169,-0.0124
1730000080720,50237,0.0168,-0.9446,0.0835,-0.0319,-0.0303,0.0043
1730000080730,50231,0.0068,-0.9679,0.0753,-0.0049,0.0241,-0.018
1730000080740,50225,0.0178,-0.9856,0.0938,-0.0233,-0.0263,0.0063
1730000080750,50218,0.0255,-0.9741,0.0819,-0.0221,-0.0153,-0.0002
1730000080760,50212,0.031,-0.9268,0.0845,-0.0158,0.0105,0.0122
1730000080770,50205,0.0017,-0.9852,0.0878,-0.0255,0.0301,-0.0035
1730000080780,50199,0.0283,-0.9611,0.066,-0.0189,0.0139,0.0034
1730000080790,50192,0.01,-0.9836,0.0907,-0.0162,0.0217,0.0035
1730000080800,50186,0.0263,-0.9725,0.0969,0.0285,0.0314,-0.0176
1730000080810,50179,0.0129,-0.9574,0.0889,0.0235,-0.0041,-0.0053
1730000080820,50172,0.0334,-0.9853,0.0783,-0.0159,0.0386,-0.007
1730000080830,50166,0.0178,-0.9619,0.0889,0.0273,-0.0107,0.0001
1730000080840,50159,0.0133,-0.97,0.0765,0.0094,0.0286,0.0035
1730000080850,50152,0.03,-0.9461,0.0578,0.0095,-0.0072,-0.0113
1730000080860,50146,0.0195,-0.9718,0.0906,0.0171,-0.0309,-0.0156
1730000080870,50140,0.0256,-0.9612,0.0938,0.0034,-0.0091,0.0003
1730000080880,50136,0.016,-0.978,0.0609,-0.0386,-0.0146,-0.0071
1730000080890,50140,0.0303,-0.9774,0.0695,0.0347,-0.0118,-0.0027
1730000080900,50161,0.0157,-0.9873,0.0675,-0.01,-0.0285,-0.0041
1730000080910,50219,0.0315,-0.9708,0.0875,0.0087,-0.0099,-0.0129
1730000080920,50338,0.0219,-0.9941,0.088,-0.0105,0.015,-0.013
1730000080930,50541,0.0212,-0.9536,0.072,-0.0149,-0.0006,-0.0014
1730000080940,50826,0.0255,-0.9482,0.0884,-0.0127,-0.0089,-0.0051
1730000080950,51149,0.0322,-0.9552,0.0784,0.0358,0.0276,-0.0106
1730000080960,51426,0.0191,-0.9707,0.087,0.0192,0.0086,0.0022
1730000080970,51563,0.0053,-0.9289,0.0856,-0.0075,-0.0132,0.0072
1730000080980,51509,0.0154,-0.9999,0.114,-0.0508,0.0025,0.0011
1730000080990,51281,0.0183,-0.9568,0.0711,0.0176,0.0121,-0.0045
1730000081000,50961,0.0113,-0.9051,0.0692,-0.0134,0.0183,0.004
1730000081010,50644,0.0297,-0.9494,0.0786,-0.0014,-0.0085,-0.0015
1730000081020,50398,0.034,-0.9686,0.0799,0.0097,0.0004,-0.0101
1730000081030,50247,0.0302,-0.9743,0.073,-0.0097,0.0143,-0.0051
1730000081040,50180,0.0263,-0.9469,0.0686,-0.016,0.0306,-0.019
1730000081050,50171,0.0148,-0.9691,0.0818,0.0086,-0.0089,-0.0127
1730000081060,50197,0.0299,-0.9515,0.07,-0.0145,-0.0033,-0.0206
1730000081070,50238,0.0173,-0.9836,0.0884,-0.0388,-0.0073,-0.0063
1730000081080,50283,-0.0071,-0.9676,0.0782,-0.0042,-0.0028,0.0158
1730000081090,50320,0.0123,-0.9684,0.0703,-0.0,0.0016,0.0012
1730000081100,50342,0.0202,-0.9726,0.0731,-0.0024,-0.01,-0.0024
1730000081110,50343,0.018,-0.9445,0.086,0.0008,0.0065,0.0063
1730000081120,50323,0.0328,-0.988,0.091,0.0472,0.0562,0.0028
1730000081130,50282,0.0262,-1.0031,0.0804,-0.0134,-0.0115,-0.0005
1730000081140,50228,0.0268,-0.9483,0.0751,0.0255,0.0074,-0.0005
1730000081150,50166,0.0273,-0.956,0.0987,0.0173,0.0289,-0.0053
1730000081160,50105,0.012,-0.971,0.0782,0.0092,-0.0326,0.0164
1730000081170,50049,0.0005,-1.0042,0.0719,0.0046,-0.0382,0.0124
1730000081180,50001,0.0286,-0.9814,0.0913,-0.0103,0.0045,0.0091
1730000081190,49964,0.0236,-0.9615,0.0809,-0.029,-0.0118,0.0043
1730000081200,49936,0.0264,-0.9484,0.0806,-0.0016,0.031,0.0147
1730000081210,49915,0.0329,-0.9748,0.0971,-0.0306,-0.0247,-0.0032
1730000081220,49900,0.0098,-0.9937,0.0877,0.0545,-0.0092,0.0052
1730000081230,49888,0.0279,-0.9749,0.0982,-0.0053,0.0026,0.0117
1730000081240,49879,0.032,-0.9774,0.0771,0.0058,0.0144,-0.0071
1730000081250,49871,0.0286,-0.9551,0.0767,-0.0106,-0.0139,-0.0086
1730000081260,49863,0.0158,-0.9449,0.0727,0.0041,0.006,-0.02
1730000081270,49856,0.0222,-0.9781,0.0921,-0.0159,-0.0154,-0.007
1730000081280,49849,0.0252,-0.9462,0.0965,0.0111,-0.0278,-0.0066
1730000081290,49842,0.0139,-0.9893,0.0849,-0.0184,0.0089,-0.0063
1730000081300,49835,0.029,-0.9586,0.0958,0.0092,0.0049,0.0064
1730000081310,49829,0.0231,-0.9648,0.0645,-0.0187,-0.0019,0.0043
1730000081320,49822,0.0368,-0.9641,0.0739,-0.0104,0.031,0.0039
1730000081330,49815,0.0373,-0.9753,0.0968,-0.0172,0.0305,-0.0028
1730000081340,49809,0.0315,-0.9705,0.073,-0.0216,0.011,0.0047
1730000081350,49802,0.0346,-0.9797,0.0873,-0.0012,0.0053,0.0147
1730000081360,49795,0.0015,-0.9846,0.0585,-0.0276,0.0437,-0.0069
1730000081370,49789,0.0293,-0.9744,0.0726,-0.0351,0.0331,0.0174
1730000081380,49782,0.0223,-0.9369,0.0753,-0.0231,-0.0281,-0.0005
1730000081390,49776,0.0143,-0.9679,0.0687,0.0221,-0.0053,-0.0091
1730000081400,49770,0.039,-0.9617,0.0803,0.0048,-0.003,0.0005
1730000081410,49763,0.022,-0.964,0.0842,0.0169,0.0203,0.0046
1730000081420,49757,0.0189,-0.9381,0.0904,-0.0117,-0.0081,0.0046
1730000081430,49751,0.0319,-0.9606,0.0776,0.0463,-0.007,-0.0061
1730000081440,49744,0.0239,-0.9463,0.0922,-0.0002,-0.0098,-0.0006
1730000081450,49738,0.0267,-0.9865,0.0814,0.0172,0.004,0.0051
1730000081460,49732,0.0114,-0.9895,0.0771,-0.0346,-0.0114,0.0025
1730000081470,49726,-0.0052,-0.9812,0.0671,0.0007,-0.0092,0.0054
1730000081480,49720,0.0312,-0.9521,0.1,-0.0054,-0.0192,-0.0093
1730000081490,49714,0.0351,-0.9952,0.0877,0.0084,0.0307,0.0057
1730000081500,49708,0.0084,-0.9674,0.0825,0.0132,-0.0126,0.0096
1730000081510,49702,0.0255,-0.9556,0.0939,0.0135,0.0098,-0.0058
1730000081520,49697,0.0293,-0.9442,0.079,-0.028,0.0055,0.0052
1730000081530,49691,0.0283,-0.94,0.0659,-0.0079,0.0143,0.0132
1730000081540,49685,0.019,-0.9427,0.0813,-0.0159,-0.0142,-0.0032
1730000081550,49680,0.0175,-0.9708,0.0784,-0.0071,-0.0202,0.0285
1730000081560,49676,0.0083,-0.9952,0.0742,0.005,0.0239,0.0101
1730000081570,49675,0.0282,-0.996,0.0634,-0.0115,-0.0119,0.0216
1730000081580,49682,0.0159,-0.99,0.0825,0.0238,0.0456,0.0134
1730000081590,49708,0.0277,-0.9599,0.0803,0.0152,0.0098,-0.0221
1730000081600,49769,0.0208,-0.9911,0.0788,0.0091,0.0443,-0.0086
1730000081610,49888,0.0226,-0.9593,0.0997,0.0232,0.0051,0.0054
1730000081620,50083,0.0075,-0.9895,0.0858,-0.0381,0.0171,-0.0179
1730000081630,50353,0.0162,-0.9639,0.0732,0.0179,0.0084,0.003
1730000081640,50662,0.0182,-0.9816,0.071,0.0219,-0.0254,-0.0047
1730000081650,50939,0.033,-0.9647,0.0743,-0.0153,-0.0133,-0.0116
1730000081660,51102,0.0334,-0.9724,0.076,-0.0115,0.0182,0.0028
1730000081670,51097,0.0212,-0.9707,0.0832,-0.0059,-0.0095,-0.005
1730000081680,50924,0.029,-0.9992,0.075,0.0339,-0.0022,-0.0131
1730000081690,50640,0.0159,-1.0196,0.0612,0.0114,-0.0125,-0.0002
1730000081700,50330,0.0259,-0.9522,0.0876,0.0015,-0.012,0.0074
1730000081710,50063,0.0255,-0.9416,0.063,-0.0192,0.0086,-0.0106
1730000081720,49878,0.0068,-0.9719,0.0588,0.0047,0.0038,-0.0021
1730000081730,49777,0.0344,-0.9516,0.0686,-0.0038,-0.0275,0.0039
1730000081740,49742,0.0234,-0.9418,0.0763,-0.0049,0.0182,0.0086
1730000081750,49751,0.0234,-0.9901,0.0666,-0.0104,-0.0203,-0.0008
1730000081760,49785,0.0259,-0.9908,0.074,0.004,0.0203,0.0057
1730000081770,49829,0.0228,-0.9691,0.072,0.0202,0.0231,-0.0058
1730000081780,49874,0.0056,-0.9757,0.0737,-0.0146,0.0228,-0.0003
1730000081790,49910,0.0184,-0.9789,0.0874,-0.0081,-0.0019,-0.0029
1730000081800,49932,0.0338,-0.9561,0.0914,0.028,-0.0134,0.008
1730000081810,49935,0.0038,-0.9991,0.0885,0.0001,-0.0128,0.0065
1730000081820,49919,-0.0033,-1.0117,0.0881,0.009,0.0011,-0.0028
1730000081830,49884,0.0163,-0.9559,0.0943,0.0024,-0.0197,0.0191
1730000081840,49836,0.0119,-0.9717,0.0678,-0.0183,-0.0142,0.0072
1730000081850,49782,0.0316,-0.962,0.0689,0.0213,0.0021,0.0004
1730000081860,49726,0.0401,-0.9464,0.0912,-0.0033,0.0073,-0.0142
1730000081870,49675,0.0228,-0.975,0.0907,0.0255,0.029,0.0059
1730000081880,49632,0.0155,-0.9781,0.0797,-0.0132,0.011,-0.0068
1730000081890,49597,0.011,-0.9957,0.0812,-0.0332,0.0084,0.0014
1730000081900,49571,0.024,-0.958,0.0916,-0.0066,0.0133,0.0066
1730000081910,49553,0.021,-0.9656,0.0733,-0.0327,0.0297,-0.0094
1730000081920,49540,0.0255,-0.9785,0.1015,0.0158,0.0405,0.0042
1730000081930,49532,0.022,-0.961,0.0856,0.0024,0.0164,-0.0171
1730000081940,49526,0.0157,-0.9821,0.0852,-0.0074,-0.011,-0.014
1730000081950,49522,0.0353,-0.9378,0.0823,-0.0509,-0.0448,-0.0091
1730000081960,49519,0.0087,-0.9888,0.092,0.0004,0.0188,-0.0067
1730000081970,49517,0.0262,-0.9594,0.0678,-0.0078,0.0036,-0.0085
1730000081980,49514,0.0261,-0.9685,0.0764,0.0397,0.023,-0.0029
1730000081990,49512,0.0257,-0.9794,0.0746,0.0114,0.0136,0.0018
1730000082000,49511,0.0284,-0.9972,0.0664,0.012,-0.0241,0.001
1730000082010,49509,0.0071,-0.9866,0.0669,-0.0448,0.0299,-0.0122
1730000082020,49507,0.0234,-0.9663,0.0799,0.0133,0.0266,-0.0278
1730000082030,49506,0.0207,-0.9824,0.0807,-0.0079,0.0035,0.0051
1730000082040,49505,0.0345,-0.9744,0.0661,-0.0026,0.0052,-0.01
1730000082050,49503,0.0461,-0.9838,0.08,0.0397,-0.0138,0.0101
1730000082060,49502,0.0209,-0.9636,0.091,0.028,-0.0075,-0.0069
1730000082070,49501,0.0167,-0.9617,0.0688,0.0344,0.0345,-0.0046
1730000082080,49500,0.0152,-0.9398,0.0699,0.0231,0.0403,-0.0008
1730000082090,49499,0.0136,-0.9481,0.0627,-0.0013,0.0173,-0.0022
1730000082100,49499,0.0297,-1.0075,0.0871,0.0031,-0.0273,-0.0134
1730000082110,49498,0.026,-1.0043,0.089,0.0177,-0.0088,-0.0157
1730000082120,49497,0.0186,-0.9476,0.0805,-0.0049,-0.0127,0.0093
1730000082130,49497,0.0302,-1.0165,0.0733,-0.0095,-0.0479,0.0071
1730000082140,49497,0.0026,-0.9546,0.0801,-0.0345,0.0198,0.0094
1730000082150,49496,0.0289,-0.9479,0.0885,-0.0018,0.0087,-0.0049
1730000082160,49496,0.0187,-0.9855,0.0707,0.0517,-0.0165,-0.0012
1730000082170,49496,0.0022,-1.0094,0.0763,-0.0141,0.0272,-0.0148
1730000082180,49496,0.031,-0.9969,0.0794,0.0129,0.0197,-0.0144
1730000082190,49496,0.0136,-0.9531,0.0876,0.0005,-0.0258,-0.0028
1730000082200,49497,0.0226,-0.9592,0.0746,-0.0094,-0.0089,-0.0028
1730000082210,49497,-0.0046,-1.0107,0.084,0.0201,-0.0126,0.0009
1730000082220,49498,0.0172,-0.9969,0.0773,0.0161,-0.0378,0.0028
1730000082230,49498,0.0361,-0.9539,0.0755,0.0211,-0.0462,-0.0004
1730000082240,49499,0.016,-0.9641,0.0834,0.038,0.0059,0.0047
1730000082250,49500,0.0256,-1.0219,0.0768,-0.017,0.0198,-0.0098
1730000082260,49501,0.0377,-0.961,0.0888,-0.0097,-0.0064,0.0107
1730000082270,49504,0.0167,-0.9825,0.0824,0.0054,0.0185,-0.0067
1730000082280,49511,0.0177,-1.011,0.0736,-0.006,0.0073,0.0054
1730000082290,49530,0.0251,-0.9841,0.0661,-0.0329,0.0006,0.0065
1730000082300,49578,0.0164,-0.9769,0.0701,0.0139,0.0211,-0.0274
1730000082310,49679,0.0256,-0.9523,0.0734,0.0001,0.0025,-0.0079
1730000082320,49861,0.0174,-0.9638,0.0925,0.0124,-0.0313,0.0046
1730000082330,50135,0.0123,-0.9977,0.0943,0.0056,-0.0186,-0.0064
1730000082340,50472,0.0217,-0.9783,0.0765,0.0242,0.0036,-0.0055
1730000082350,50792,0.034,-0.972,0.0682,0.0101,-0.0257,0.0085
1730000082360,50990,0.0283,-0.994,0.0812,0.0132,-0.02,0.0013
1730000082370,50992,0.0205,-0.9723,0.0802,0.0124,-0.0066,0.006
1730000082380,50798,0.0256,-0.9614,0.0879,0.0452,0.0404,-0.0043
1730000082390,50487,0.0065,-1.0014,0.0759,0.0095,0.0264,0.0364
1730000082400,50163,0.019,-0.9885,0.0719,0.0064,-0.0017,-0.0015
1730000082410,49909,0.0272,-0.9739,0.0723,0.0123,-0.0238,-0.0189
1730000082420,49756,0.0111,-0.9784,0.0788,-0.0543,-0.0069,-0.01
1730000082430,49693,0.0063,-0.9626,0.0913,0.0167,0.0101,0.0035
1730000082440,49693,0.0348,-1.0001,0.0834,0.0118,-0.0212,-0.0088
1730000082450,49730,0.0185,-0.9581,0.0619,-0.0119,-0.0175,0.008
1730000082460,49784,0.0288,-0.9888,0.0816,0.0142,-0.0103,-0.002
1730000082470,49840,0.0119,-0.968,0.0827,0.0111,-0.0055,0.0054
1730000082480,49887,0.0128,-0.9938,0.0958,0.032,0.0335,0.002
1730000082490,49917,0.0134,-1.0116,0.0946,0.0023,0.0232,0.016
1730000082500,49925,0.028,-1.0205,0.0893,-0.0037,0.021,0.0035
1730000082510,49910,0.0128,-1.0277,0.0825,0.021,0.0386,0.0201
1730000082520,49875,0.0278,-0.9841,0.0594,0.0143,-0.0252,0.0113
1730000082530,49827,0.0155,-0.9661,0.0647,0.0197,-0.0232,0.0067
1730000082540,49773,0.0093,-1.0352,0.0764,0.0031,-0.0059,-0.0007
1730000082550,49722,0.023,-0.9795,0.0954,0.0,0.0182,0.0059
1730000082560,49679,-0.006,-1.0154,0.0793,0.0349,0.0032,0.0121
1730000082570,49645,0.017,-0.9738,0.0675,-0.0074,0.0123,0.0102
1730000082580,49622,0.0257,-0.9965,0.0821,-0.0192,0.0059,-0.0097
1730000082590,49608,0.0144,-0.9718,0.0723,-0.0035,0.0222,0.0024
1730000082600,49601,0.0025,-0.9679,0.0768,0.0081,-0.0106,0.0069
1730000082610,49599,0.018,-1.035,0.0802,-0.0003,-0.0185,0.0123
1730000082620,49600,0.0276,-0.9898,0.0642,-0.0609,0.0099,0.0127
1730000082630,49603,0.0192,-0.9829,0.0911,0.013,-0.005,-0.0044
1730000082640,49606,0.0052,-0.9862,0.0748,-0.0271,-0.0285,0.0041
1730000082650,49611,0.0126,-0.9912,0.088,-0.0055,0.0188,-0.0137
1730000082660,49615,0.0231,-1.0032,0.0971,-0.0131,-0.0054,-0.0167
1730000082670,49620,0.0109,-0.9889,0.0802,0.0184,0.0119,-0.016
1730000082680,49624,0.0174,-0.9907,0.088,0.0154,0.0007,-0.0032
1730000082690,49629,0.0171,-0.9691,0.0873,0.0048,0.0211,-0.0076
1730000082700,49634,0.0264,-1.0129,0.0814,0.0179,-0.0085,-0.0021
1730000082710,49639,0.0074,-0.9958,0.0903,0.0071,-0.0238,0.0152
1730000082720,49644,0.0106,-0.9479,0.0762,-0.0103,-0.0014,-0.0044
1730000082730,49649,0.0313,-0.9898,0.0767,0.0156,0.0122,-0.0043
1730000082740,49654,0.0234,-0.9908,0.0725,-0.0007,0.0178,-0.0181
1730000082750,49660,0.0272,-1.006,0.0957,0.0168,0.0311,0.002
1730000082760,49665,0.0099,-0.9767,0.1044,0.018,0.0257,-0.0089
1730000082770,49670,0.0149,-0.944,0.0719,-0.0389,-0.0228,0.0109
1730000082780,49676,0.0166,-1.0063,0.061,0.0254,0.0116,0.0031
1730000082790,49681,0.0213,-0.9875,0.0701,0.0202,-0.0404,0.0005
1730000082800,49687,0.0307,-0.9739,0.0874,-0.0166,0.0193,0.002
1730000082810,49693,0.029,-0.9643,0.0741,0.0258,-0.0136,0.003
1730000082820,49698,0.012,-0.9556,0.0849,-0.0147,0.0165,0.0084
1730000082830,49704,0.004,-0.9859,0.0724,0.0191,-0.0047,0.0067
1730000082840,49710,0.0155,-1.0019,0.0721,-0.017,0.0141,-0.0088
1730000082850,49716,0.0348,-0.9445,0.0709,0.0048,-0.0099,0.0018
1730000082860,49722,0.0193,-1.0236,0.078,-0.0099,-0.0262,0.0007
1730000082870,49728,0.0135,-1.0088,0.0878,-0.0247,-0.0267,0.0069
1730000082880,49734,0.0004,-0.9816,0.0946,-0.0098,0.0156,-0.0082
1730000082890,49740,0.0244,-1.0055,0.0584,0.0147,-0.0011,-0.0107
1730000082900,49746,0.0353,-0.9877,0.0685,-0.0003,0.0062,-0.0037
1730000082910,49753,0.0196,-1.0255,0.0871,-0.0087,-0.0225,0.0161
1730000082920,49759,0.0155,-0.9892,0.0739,0.0114,-0.0034,-0.0118
1730000082930,49767,0.0111,-1.0142,0.0802,0.0274,0.0295,-0.0003
1730000082940,49778,0.0192,-0.9983,0.0732,-0.0224,-0.0129,0.0026
1730000082950,49798,0.0326,-0.9961,0.0831,-0.0366,0.0023,-0.0112
1730000082960,49840,0.0261,-0.9724,0.0606,-0.0163,-0.0245,0.021
1730000082970,49927,0.0221,-0.9774,0.0824,-0.0003,0.0005,0.0055
1730000082980,50083,0.0106,-1.0248,0.0811,0.011,-0.0246,-0.0105
1730000082990,50329,0.0112,-0.9672,0.0975,-0.0024,-0.0256,-0.0009
1730000083000,50650,0.0265,-1.0009,0.0777,-0.0217,-0.0147,0.013
1730000083010,50986,0.031,-0.9926,0.0696,-0.0035,0.0333,0.002
1730000083020,51243,0.0249,-1.0367,0.0674,0.0273,0.0149,-0.0083
1730000083030,51331,0.027,-0.9543,0.0757,-0.0302,0.0087,-0.0056
1730000083040,51221,0.0323,-1.0014,0.0652,-0.0125,-0.0448,0.0037
1730000083050,50959,0.0052,-1.0084,0.0734,-0.0034,0.0247,-0.0172
1730000083060,50639,0.005,-1.0032,0.0788,-0.0059,-0.0068,0.0058
1730000083070,50354,0.0268,-0.9837,0.0893,0.0024,-0.0048,0.012
1730000083080,50159,0.0229,-0.977,0.0786,-0.0093,0.015,0.0043
1730000083090,50058,0.0271,-0.9912,0.0763,-0.0016,-0.0358,-0.0004
1730000083100,50034,0.004,-1.0234,0.0766,0.0186,-0.011,0.0154
1730000083110,50057,0.0161,-0.9887,0.0765,0.0074,-0.0064,-0.0108
1730000083120,50107,0.0143,-0.9531,0.0886,0.0043,-0.007,0.0015
1730000083130,50166,0.0185,-0.9925,0.099,0.0141,-0.0324,0.0043
1730000083140,50223,0.0146,-0.9616,0.0784,-0.0326,-0.0097,0.019
1730000083150,50268,0.0297,-0.9748,0.081,-0.0094,0.0228,-0.0025
1730000083160,50294,0.0139,-1.008,0.0884,0.0002,-0.0139,-0.0059
1730000083170,50298,0.0102,-0.9936,0.0831,-0.0016,-0.0026,-0.0059
1730000083180,50281,0.0363,-1.0051,0.0936,-0.009,0.0422,0.0061
1730000083190,50245,0.0186,-0.9637,0.0864,0.0399,-0.0038,-0.007
1730000083200,50199,0.0153,-1.0149,0.0724,0.0178,0.0133,-0.0013
1730000083210,50150,0.0137,-0.9897,0.0689,0.0237,-0.0108,0.018
1730000083220,50105,0.0293,-1.0199,0.0738,0.0286,-0.0052,0.0065
1730000083230,50068,0.0102,-0.9803,0.0582,-0.0039,0.0214,0.0018
1730000083240,50041,0.0208,-1.0029,0.0777,0.0002,-0.0139,0.0054
1730000083250,50023,0.0114,-0.9767,0.0783,-0.0037,-0.01,0.0308
1730000083260,50014,0.0315,-0.9974,0.0781,-0.0182,-0.0031,0.001
1730000083270,50011,0.0002,-0.9756,0.0785,0.0357,0.0053,0.0008
1730000083280,50012,0.0116,-0.9747,0.0847,0.0188,-0.0286,-0.0012
1730000083290,50016,0.0174,-0.9665,0.0712,0.0186,-0.0143,-0.0165
1730000083300,50022,0.0273,-0.9827,0.0764,0.0113,0.0188,-0.0061
1730000083310,50029,0.0184,-0.9811,0.0767,-0.0054,-0.0167,-0.0048
1730000083320,50035,0.0213,-0.9898,0.0913,-0.0256,0.0206,0.0145
1730000083330,50042,0.0169,-0.9811,0.0937,0.0088,0.0412,-0.0051
1730000083340,50049,0.0476,-0.9808,0.0962,0.0032,0.0222,0.0198
1730000083350,50057,0.0097,-1.0127,0.0854,0.0416,-0.0215,-0.0096
1730000083360,50064,0.0281,-0.989,0.0862,0.0252,0.0227,-0.0058
1730000083370,50071,0.0198,-1.0077,0.0696,-0.0253,-0.0013,0.0113
1730000083380,50078,0.0225,-1.0179,0.0956,0.0197,-0.0085,-0.0051
1730000083390,50085,0.0275,-0.9923,0.0674,-0.0133,0.0104,0.0131
1730000083400,50092,0.0281,-0.9875,0.0849,-0.0143,-0.0065,-0.0051
1730000083410,50099,0.0188,-1.0091,0.0678,0.0084,-0.0026,-0.0036
1730000083420,50106,0.0252,-1.0458,0.0764,0.0025,0.0092,-0.0109
1730000083430,50113,0.0164,-1.0039,0.0848,-0.0112,-0.0115,-0.0106
1730000083440,50120,0.0158,-1.0084,0.0808,0.0323,-0.0126,-0.0127
1730000083450,50127,0.0126,-0.9448,0.0923,0.0074,0.0009,-0.019
1730000083460,50134,0.0155,-0.9416,0.0797,0.01,0.0208,-0.0095
1730000083470,50140,0.0157,-0.9718,0.0835,-0.0345,-0.0087,-0.0052
1730000083480,50147,0.0106,-0.9945,0.072,0.043,-0.0239,-0.0075
1730000083490,50154,0.0336,-1.0104,0.0635,-0.0516,0.0096,-0.0046
1730000083500,50161,0.0232,-0.9782,0.0829,0.0024,-0.0177,-0.01
1730000083510,50168,0.018,-0.9945,0.0845,0.0012,0.0106,-0.001
1730000083520,50174,0.0237,-0.9704,0.0678,0.0195,0.0196,-0.0072
1730000083530,50181,0.0111,-0.9583,0.0848,-0.0033,-0.0292,-0.0158
1730000083540,50188,0.0278,-0.9765,0.0763,0.0191,-0.0309,0.001
1730000083550,50194,0.0155,-0.9558,0.0815,-0.0086,0.0119,-0.0024
1730000083560,50201,0.0214,-0.9528,0.0795,-0.0156,0.0264,0.005
1730000083570,50207,0.0285,-0.9799,0.0825,0.0501,-0.0016,-0.0041
1730000083580,50214,0.0241,-1.007,0.0663,-0.0149,0.0177,-0.017
1730000083590,50220,0.0252,-0.948,0.0708,0.0188,0.0165,0.0152
1730000083600,50227,0.0383,-0.9736,0.0962,-0.01,0.0024,0.0009
1730000083610,50235,0.024,-0.9781,0.0817,-0.0006,-0.0271,0.0151
1730000083620,50246,0.0251,-0.9733,0.0788,0.0172,-0.0029,0.0057
1730000083630,50266,0.0125,-0.9943,0.0731,-0.0054,-0.0129,-0.0067
1730000083640,50306,0.0173,-0.9982,0.076,0.0313,-0.0011,0.0162
1730000083650,50385,0.0272,-1.0016,0.0722,-0.0282,-0.0155,-0.001
1730000083660,50525,0.032,-1.0027,0.0893,0.0159,0.001,-0.0148
1730000083670,50744,0.0092,-0.9983,0.0801,0.0218,-0.0027,-0.0032
1730000083680,51037,0.0273,-0.9928,0.0848,0.0226,0.018,-0.0137
1730000083690,51360,0.0229,-0.988,0.0884,0.0143,-0.0198,-0.0072
1730000083700,51637,0.0302,-0.9905,0.0784,0.0187,0.0076,0.0051
1730000083710,51786,0.008,-0.9996,0.0814,0.0196,0.007,0.0093
1730000083720,51757,0.015,-1.0343,0.0962,-0.0246,-0.0003,-0.0116
1730000083730,51565,0.0149,-0.9792,0.0871,0.0011,-0.0198,0.0072
1730000083740,51277,0.0181,-0.9706,0.0896,-0.0021,0.0108,0.0119
1730000083750,50977,0.0143,-0.9778,0.0876,0.0007,0.0259,0.0116
1730000083760,50735,0.0233,-0.9899,0.0749,0.0488,0.0119,0.0131
1730000083770,50579,0.0265,-0.9566,0.0789,-0.0081,-0.0004,-0.006
1730000083780,50505,0.0254,-1.0024,0.0971,-0.0065,-0.029,0.0037
1730000083790,50492,0.0262,-0.9508,0.0808,0.0139,-0.0169,-0.004
1730000083800,50519,0.0206,-0.9788,0.081,0.0231,0.0461,-0.0103
1730000083810,50567,0.0248,-0.9937,0.0997,-0.0164,-0.001,0.006
1730000083820,50621,0.0295,-0.9852,0.0923,-0.0594,0.0316,0.0033
1730000083830,50674,0.037,-0.9593,0.0525,0.0367,0.0445,-0.0142
1730000083840,50715,0.0159,-0.9931,0.0861,-0.0202,0.007,0.0056
1730000083850,50740,0.0153,-0.984,0.0674,-0.0078,-0.0019,-0.0146
1730000083860,50745,0.0277,-0.9812,0.0665,-0.0191,-0.0163,0.0044
1730000083870,50729,0.0252,-0.9574,0.072,0.0083,-0.0078,0.0091
1730000083880,50697,0.0172,-1.0104,0.0799,0.0093,0.0261,-0.0008
1730000083890,50654,0.0181,-0.9978,0.0779,0.024,0.0248,-0.001
1730000083900,50605,0.0218,-1.0192,0.0913,-0.0364,0.01,-0.0047
1730000083910,50558,0.0045,-0.9891,0.0619,0.0149,0.0354,-0.0004
1730000083920,50516,0.0358,-1.0,0.0936,0.0169,-0.0055,-0.0086
1730000083930,50483,0.0136,-0.9511,0.0915,-0.0235,0.0239,0.0179
1730000083940,50459,0.0194,-0.9745,0.0741,-0.0049,-0.0094,0.0099
1730000083950,50443,0.0351,-0.9944,0.0947,-0.0131,0.0062,0.0246
1730000083960,50433,0.0113,-0.9999,0.0783,0.0021,0.0089,0.013
1730000083970,50429,0.021,-0.9742,0.0886,-0.0102,-0.0214,-0.0096
1730000083980,50428,0.0214,-0.9934,0.066,-0.0052,0.0009,0.0054
1730000083990,50429,0.0331,-0.9958,0.0739,0.0133,0.0303,0.0059
1730000084000,50431,0.0312,-0.991,0.0822,0.0302,-0.0394,-0.0111
1730000084010,50434,0.0166,-0.9987,0.0841,-0.0027,-0.0345,-0.0084
1730000084020,50437,0.0101,-0.999,0.0804,-0.0123,-0.0123,-0.0002
1730000084030,50441,0.0193,-0.9821,0.066,-0.0188,-0.0079,-0.0054
1730000084040,50444,0.0142,-0.9811,0.0474,0.0013,0.0206,0.0034
1730000084050,50447,0.0283,-0.9711,0.0806,0.009,0.0047,0.0109
1730000084060,50450,0.0152,-0.9726,0.0801,0.0248,0.0006,0.0033
1730000084070,50453,0.024,-0.9646,0.0825,-0.0,-0.0059,-0.0112
1730000084080,50456,0.0132,-1.0152,0.1026,0.0248,0.0079,0.0103
1730000084090,50459,0.022,-0.9582,0.0847,0.0018,-0.003,0.0094
1730000084100,50461,0.0262,-0.9929,0.0782,-0.0182,0.004,-0.0147
1730000084110,50464,0.0136,-0.9723,0.0585,0.0022,0.0056,-0.0069
1730000084120,50466,0.0255,-0.9793,0.068,-0.0162,-0.0172,-0.0103
1730000084130,50469,0.0225,-0.9553,0.0827,0.0089,-0.0049,0.0187
1730000084140,50471,0.0223,-0.9834,0.0847,-0.0138,0.038,0.0185
1730000084150,50473,0.0218,-0.9666,0.0785,-0.037,0.0087,0.0142
1730000084160,50475,0.0257,-0.9817,0.0749,0.0371,-0.0243,-0.0127
1730000084170,50477,-0.0003,-0.988,0.0751,0.0034,-0.0328,-0.0077
1730000084180,50479,0.0235,-0.9948,0.0778,-0.0226,0.0172,-0.0084
1730000084190,50481,0.0067,-1.0091,0.0904,0.0088,0.0083,-0.0013
1730000084200,50483,0.02,-0.9321,0.0807,0.0308,0.0026,0.0057
1730000084210,50484,0.0431,-0.9874,0.0823,-0.0231,-0.0015,0.0138
1730000084220,50486,0.0297,-0.9727,0.0982,0.0046,0.0117,-0.0073
1730000084230,50487,0.0343,-0.9877,0.0693,0.0039,0.0226,0.0041
1730000084240,50488,-0.0012,-0.9814,0.0757,0.0319,-0.0007,-0.0004
1730000084250,50490,0.023,-0.9798,0.0842,-0.0192,0.0007,-0.0102
1730000084260,50491,0.0175,-0.9708,0.0763,-0.0021,-0.0061,0.0092
1730000084270,50492,0.0211,-0.9233,0.0952,-0.0193,-0.0036,-0.0049
1730000084280,50493,0.0138,-0.9851,0.0753,0.0108,0.0486,0.0115
1730000084290,50494,0.0168,-0.9879,0.0761,0.0367,0.0383,-0.0062
1730000084300,50494,0.0123,-0.9607,0.0765,0.0513,-0.0135,-0.0054
1730000084310,50496,0.0276,-1.0015,0.0777,-0.0192,-0.0004,0.0016
1730000084320,50500,0.009,-0.9479,0.0889,0.0355,0.0292,0.0027
1730000084330,50511,0.0358,-0.964,0.0849,0.031,0.011,-0.0015
1730000084340,50539,0.0275,-1.0002,0.0768,0.0295,0.0031,-0.0029
1730000084350,50605,0.0169,-1.0038,0.0793,0.014,-0.0094,0.0184
1730000084360,50734,0.0351,-0.9656,0.0864,0.0313,-0.0099,0.011
1730000084370,50949,0.0194,-0.9353,0.088,0.0494,-0.0129,0.0
1730000084380,51247,0.0392,-0.9771,0.0802,0.0181,0.0055,-0.0075
1730000084390,51581,0.0253,-0.9621,0.0619,-0.0127,0.0011,-0.0036
1730000084400,51862,0.0181,-0.9599,0.0814,-0.022,0.0187,-0.0086
1730000084410,51993,0.0211,-0.9444,0.0616,-0.0255,-0.018,-0.0
1730000084420,51927,0.0093,-0.961,0.0807,-0.0339,0.015,0.0264
1730000084430,51689,0.0218,-1.0005,0.0933,0.0299,0.0218,0.0041
1730000084440,51366,0.015,-1.0058,0.0707,-0.016,-0.0567,-0.0041
1730000084450,51057,0.0298,-0.9653,0.0926,0.0021,0.0264,-0.013
1730000084460,50828,0.0469,-0.9749,0.0738,0.0254,-0.0069,0.0053
1730000084470,50696,0.0194,-0.984,0.0726,-0.0212,-0.0115,-0.0121
1730000084480,50646,0.0283,-0.9782,0.0891,-0.0138,0.0063,-0.0033
1730000084490,50652,0.0273,-0.986,0.0747,-0.0056,0.0298,0.0049
1730000084500,50688,0.0292,-0.9573,0.0685,0.0019,-0.0295,-0.0048
1730000084510,50738,0.0278,-0.9682,0.0767,0.0121,0.0359,-0.0144
1730000084520,50788,0.0168,-0.9781,0.0633,-0.019,0.0207,0.0073
1730000084530,50828,0.0178,-0.9711,0.0844,0.0035,-0.0044,-0.0191
1730000084540,50851,0.0179,-0.9751,0.0924,-0.0432,-0.0129,0.0149
1730000084550,50852,0.0083,-0.9509,0.0738,0.0467,-0.0034,0.0103
1730000084560,50830,0.005,-1.0012,0.0862,-0.0056,0.0228,0.0072
1730000084570,50789,0.0079,-0.9503,0.1019,-0.0473,-0.0006,0.0125
1730000084580,50736,0.0278,-0.9218,0.0939,-0.0085,0.0026,0.0082
1730000084590,50678,0.0203,-0.9444,0.103,-0.014,0.0008,0.0079
1730000084600,50622,0.0235,-1.0297,0.089,0.0221,0.0173,0.0073
1730000084610,50573,0.0232,-0.9715,0.0797,0.0309,0.0127,0.0031
1730000084620,50533,0.017,-0.9649,0.0989,-0.0047,-0.0112,0.0138
1730000084630,50503,0.0326,-0.9805,0.0759,0.0089,0.0004,0.0032
1730000084640,50482,0.0132,-0.9607,0.066,0.0099,0.0159,-0.0131
1730000084650,50468,0.0049,-0.948,0.071,-0.0228,0.0049,0.005
1730000084660,50459,0.0266,-0.9864,0.0675,0.0168,-0.0054,0.0144
1730000084670,50452,0.0274,-0.9693,0.0576,-0.0234,0.0117,0.0176
1730000084680,50447,0.0326,-0.9887,0.0676,0.0147,0.0416,0.0131
1730000084690,50443,0.0152,-0.9884,0.084,0.0671,0.0193,0.0046
1730000084700,50439,0.0189,-0.9994,0.0784,-0.0104,-0.0251,-0.0045
1730000084710,50436,0.007,-0.9427,0.0811,0.0077,0.0473,0.0147
1730000084720,50432,0.0076,-0.9813,0.0874,-0.0226,-0.01,0.0043
1730000084730,50429,0.0075,-0.9737,0.079,-0.0147,0.0144,-0.0037
1730000084740,50425,0.0166,-0.9696,0.067,-0.0107,-0.0048,-0.0023
1730000084750,50421,0.0092,-0.9706,0.0807,0.0193,-0.031,-0.0156
1730000084760,50417,0.028,-0.9936,0.0978,0.0117,-0.0442,-0.001
1730000084770,50413,0.0104,-0.9837,0.0738,0.0259,-0.0078,0.0098
1730000084780,50409,0.0138,-0.9964,0.0817,0.0074,-0.0271,0.0215
1730000084790,50405,0.0221,-0.9793,0.0948,-0.0091,0.0056,-0.0042
1730000084800,50401,0.0137,-1.0034,0.083,0.0024,0.0146,-0.008
1730000084810,50397,0.0216,-0.9411,0.0882,0.0106,0.021,-0.0184
1730000084820,50393,0.02,-0.9862,0.0834,-0.0154,-0.0198,0.0072
1730000084830,50388,0.0171,-0.9926,0.0895,0.0004,-0.0116,0.0321
1730000084840,50384,0.0145,-0.9555,0.078,0.0,0.0016,-0.0088
1730000084850,50379,0.0356,-0.9766,0.068,0.0072,-0.0227,0.0217
1730000084860,50375,0.0014,-0.931,0.0782,0.0249,-0.0094,0.0037
1730000084870,50370,0.0118,-0.9649,0.0616,-0.027,0.02,0.0114
1730000084880,50365,0.0241,-0.9573,0.0979,0.0265,0.0054,-0.0033
1730000084890,50360,0.0181,-0.9744,0.0672,-0.0031,-0.0206,0.0056
1730000084900,50355,0.0336,-0.9367,0.0882,0.0027,0.0169,-0.0091
1730000084910,50350,0.0109,-1.0074,0.0811,-0.0273,0.0081,0.0081
1730000084920,50345,0.0185,-0.9662,0.0684,0.0164,0.0139,0.0011
1730000084930,50340,0.0117,-0.9823,0.0785,-0.0127,-0.0076,0.0029
1730000084940,50335,0.0292,-0.9576,0.0644,0.0265,0.0081,0.0185
1730000084950,50329,0.0342,-0.9887,0.0672,0.0072,-0.051,0.0006
1730000084960,50324,0.0213,-0.9744,0.0763,-0.0035,-0.0059,0.0058
1730000084970,50319,0.0152,-0.954,0.0721,0.0127,-0.0168,0.0139
1730000084980,50314,0.0257,-0.9825,0.0718,0.0071,0.0066,-0.001
1730000084990,50311,0.029,-0.9927,0.0685,0.0228,0.0353,-0.004
1730000085000,50313,0.0206,-0.9922,0.0787,0.0503,-0.0223,0.0024
1730000085010,50328,0.0233,-0.9448,0.0878,-0.0031,-0.0041,0.0219
1730000085020,50374,0.0249,-0.9952,0.0933,-0.0151,-0.0169,-0.0066
1730000085030,50475,0.0426,-0.9962,0.0817,0.0137,-0.0086,0.0047
1730000085040,50656,0.0121,-0.9677,0.084,0.0502,-0.0044,0.0148
1730000085050,50924,0.002,-0.9793,0.0912,-0.051,0.0302,-0.0044
1730000085060,51249,0.0332,-0.977,0.0884,0.0107,0.0287,-0.0054
1730000085070,51550,0.0249,-0.9797,0.0845,-0.0032,0.0023,-0.0079
1730000085080,51732,0.0228,-0.9619,0.0861,0.0128,-0.0366,0.0285
1730000085090,51724,0.0203,-0.9489,0.085,-0.0178,0.0133,0.0051
1730000085100,51528,0.0064,-0.9944,0.0674,-0.0213,-0.0214,-0.0139
1730000085110,51217,0.0213,-0.9592,0.0739,0.0328,0.0141,0.0143
1730000085120,50889,0.0397,-0.9727,0.1032,-0.0041,0.0262,-0.0035
1730000085130,50625,0.012,-0.9678,0.0818,0.0156,0.0017,0.0159
1730000085140,50456,0.0163,-0.9438,0.0856,0.0405,0.0102,0.0125
1730000085150,50377,0.0149,-0.9778,0.0754,-0.0022,-0.0189,0.0013
1730000085160,50361,0.0134,-0.9581,0.0779,0.0271,0.006,-0.0174
1730000085170,50384,0.01,-1.0103,0.0907,0.0134,-0.0092,0.0005
1730000085180,50426,-0.006,-0.9678,0.0913,0.0271,0.0044,0.0147
1730000085190,50472,0.0304,-0.9771,0.0724,0.0081,-0.0038,-0.0051
1730000085200,50511,0.0246,-0.9955,0.0734,0.0087,0.0122,0.0095
1730000085210,50535,0.0169,-0.9938,0.1108,0.0169,0.0189,-0.0107
1730000085220,50539,0.0327,-0.9244,0.0994,0.0178,-0.0208,-0.0072
1730000085230,50521,-0.0068,-0.9664,0.0745,0.0053,-0.0436,0.0049
1730000085240,50482,0.0402,-1.0024,0.0889,0.0005,-0.0098,0.0054
1730000085250,50427,0.042,-0.973,0.0749,-0.0136,0.0156,-0.0105
1730000085260,50366,0.015,-0.9907,0.0889,-0.0023,-0.0011,-0.0031
1730000085270,50303,0.0171,-0.9935,0.0824,0.0098,-0.0058,0.0039
1730000085280,50247,0.0483,-0.9711,0.0845,-0.0022,-0.0188,0.0084
1730000085290,50199,0.0248,-0.9738,0.0848,0.0011,-0.0395,-0.003
1730000085300,50162,0.0044,-0.9359,0.0782,-0.0229,-0.0256,-0.0067
1730000085310,50134,-0.0138,-0.9761,0.0678,0.0283,0.0215,-0.0022
1730000085320,50113,0.0163,-0.9543,0.069,-0.0269,-0.0055,0.0058
1730000085330,50098,0.031,-0.9556,0.0859,-0.035,-0.0107,0.0054
1730000085340,50086,0.0238,-0.9513,0.0884,0.005,0.0206,-0.009
1730000085350,50076,0.0088,-0.9912,0.0458,-0.0154,-0.0242,0.004
1730000085360,50068,0.0162,-0.9703,0.0731,0.007,0.0084,0.0058
1730000085370,50061,0.0289,-1.0062,0.0859,-0.0031,-0.0197,-0.0001
1730000085380,50053,0.0141,-0.9677,0.0883,0.0466,-0.0002,0.0041
1730000085390,50046,-0.0035,-0.9897,0.0771,-0.0124,-0.0104,-0.0151
1730000085400,50039,0.0233,-0.9841,0.083,-0.0012,0.008,-0.0074
1730000085410,50032,0.031,-0.9706,0.0777,-0.0046,-0.0118,-0.0037
1730000085420,50024,0.025,-0.9679,0.0852,-0.0048,0.0151,-0.0071
1730000085430,50017,0.0183,-0.9697,0.075,0.0183,-0.0059,0.0146
1730000085440,50010,0.0119,-0.9841,0.0689,-0.0449,0.0049,-0.0005
1730000085450,50003,0.0254,-0.9784,0.0786,-0.0096,0.0197,0.0089
1730000085460,49996,0.0145,-0.9867,0.093,0.0168,0.0128,0.0011
1730000085470,49989,0.022,-0.9561,0.0978,-0.0097,0.0036,-0.0062
1730000085480,49982,0.0147,-0.9583,0.0773,-0.0263,-0.003,0.0034
1730000085490,49974,0.0236,-0.9578,0.0907,0.0022,-0.0552,0.0007
1730000085500,49967,0.0288,-0.9789,0.0824,0.0535,0.0179,0.0073
1730000085510,49960,0.0106,-0.9471,0.0815,-0.0019,-0.0,-0.0213
1730000085520,49953,0.0198,-0.9672,0.0824,0.0088,-0.0166,-0.0006
1730000085530,49946,0.0194,-0.9776,0.0672,0.0014,-0.0131,-0.0044
1730000085540,49939,0.0264,-0.9827,0.0773,-0.0029,-0.023,0.0009
1730000085550,49932,0.0148,-0.9553,0.0691,0.0042,0.0074,0.0149
1730000085560,49925,0.0214,-0.9592,0.0899,-0.0331,-0.0135,0.0106
1730000085570,49917,0.0042,-1.0024,0.0723,0.0203,-0.0379,0.0003
1730000085580,49910,0.0376,-0.9826,0.0647,-0.0001,0.0138,-0.0024
1730000085590,49903,0.0211,-0.9657,0.0855,0.0018,0.0006,-0.0067
1730000085600,49896,0.0109,-0.9569,0.0815,0.0013,-0.0093,0.0073
1730000085610,49889,0.0257,-0.9515,0.0724,0.0117,0.0157,-0.021
1730000085620,49882,0.0192,-0.9961,0.075,0.0052,-0.0107,-0.0057
1730000085630,49875,0.0089,-0.9578,0.0863,0.0021,-0.0108,0.0066
1730000085640,49869,0.012,-0.9765,0.082,0.0258,-0.006,-0.0051
1730000085650,49862,-0.0056,-0.9762,0.0879,0.0268,0.0221,0.0241
1730000085660,49856,0.0399,-0.9606,0.0756,-0.0128,0.0432,-0.0014
1730000085670,49853,0.0126,-0.9597,0.0865,-0.0137,-0.0261,0.0047
1730000085680,49858,0.0206,-0.9833,0.092,-0.0243,-0.0009,0.0048
1730000085690,49881,0.0362,-0.9915,0.0523,0.0277,-0.0128,-0.0142
1730000085700,49942,0.0163,-0.9786,0.0772,-0.0181,0.0438,-0.0035
1730000085710,50066,0.0147,-0.957,0.0633,-0.0157,-0.0397,-0.0105
1730000085720,50274,-0.0001,-1.0089,0.068,0.0027,-0.0078,-0.0094
1730000085730,50563,0.0147,-0.9578,0.0714,0.0557,0.016,-0.0034
1730000085740,50885,0.0175,-0.9944,0.067,0.0183,0.0056,0.0036
1730000085750,51156,0.038,-0.9513,0.072,0.035,0.0307,0.0034
1730000085760,51285,0.0271,-0.9422,0.0756,0.015,0.0091,0.0225
1730000085770,51222,0.0146,-0.9877,0.0715,0.0007,0.046,0.0144
1730000085780,50990,0.0185,-0.9874,0.0692,0.0091,0.0034,-0.0031
1730000085790,50669,0.0247,-0.9671,0.0771,0.0172,-0.0257,0.0009
1730000085800,50355,0.0061,-0.9835,0.0866,-0.0025,-0.0096,0.0094
1730000085810,50114,0.0326,-0.9876,0.0917,0.01,0.0091,-0.0078
1730000085820,49968,0.0261,-0.9793,0.0848,0.0024,0.0138,-0.0075
1730000085830,49904,0.0224,-0.9431,0.0791,-0.008,-0.0246,0.0047
1730000085840,49897,0.0218,-0.943,0.0933,0.0001,0.012,-0.0012
1730000085850,49924,0.0279,-0.9665,0.0878,-0.0044,0.0447,0.0038
1730000085860,49967,0.0122,-0.9905,0.0682,-0.0056,-0.0084,-0.0104
1730000085870,50013,0.0144,-0.9973,0.063,0.0201,0.0087,0.0062
1730000085880,50051,0.0253,-0.9753,0.0931,0.0047,-0.0033,-0.0044
1730000085890,50074,0.0146,-0.9987,0.0917,-0.0263,-0.0057,0.0323
1730000085900,50076,0.0259,-0.9824,0.0779,0.0393,0.0119,0.001
1730000085910,50057,0.0202,-0.9952,0.0748,-0.0263,-0.0069,-0.0019
1730000085920,50018,0.0138,-0.9363,0.0762,0.0194,0.0116,0.0059
1730000085930,49965,0.0185,-0.9733,0.0721,0.0029,-0.0379,0.0002
1730000085940,49905,0.0231,-0.989,0.0874,0.0108,-0.0235,-0.0059
1730000085950,49845,0.0112,-0.969,0.0806,-0.0069,0.0068,-0.0096
1730000085960,49791,0.0151,-0.9855,0.0832,0.0211,-0.0592,-0.0148
1730000085970,49746,0.0084,-0.9599,0.0816,0.0051,0.0229,-0.0082
1730000085980,49710,0.0155,-0.9949,0.0896,-0.007,-0.0047,-0.0126
1730000085990,49684,0.0345,-1.0096,0.0865,-0.0205,0.0361,0.0075
1730000086000,49665,0.0183,-1.0032,0.0828,0.0091,-0.033,-0.0107
1730000086010,49651,0.0267,-0.9805,0.0788,-0.0248,-0.0257,-0.0011
1730000086020,49641,-0.0003,-0.9492,0.0793,-0.0059,-0.011,0.0098
1730000086030,49634,0.0254,-0.9904,0.0749,-0.0346,0.0021,0.0119
1730000086040,49628,0.0313,-0.9452,0.0987,0.0084,0.016,-0.0048
1730000086050,49622,0.019,-1.0004,0.0673,-0.0072,-0.0069,-0.0009
1730000086060,49618,0.0089,-0.966,0.0855,0.004,0.0028,0.0198
1730000086070,49613,0.0197,-0.9875,0.0872,-0.0343,0.0069,0.0006
1730000086080,49608,0.0181,-0.9826,0.0947,0.0357,0.0426,-0.0161
1730000086090,49604,0.007,-0.9856,0.084,-0.0089,0.0143,-0.005
1730000086100,49599,0.0268,-0.9565,0.0788,0.0185,-0.0025,-0.003
1730000086110,49595,0.018,-1.0212,0.0704,0.0384,0.0043,0.0146
1730000086120,49591,0.0187,-0.9856,0.0953,-0.0036,-0.0022,-0.0047
1730000086130,49587,0.0336,-0.9928,0.0921,0.0159,0.0289,-0.0132
1730000086140,49583,0.0333,-0.9965,0.0836,0.0227,-0.0158,0.01
1730000086150,49579,-0.0024,-0.9856,0.0623,0.0351,-0.0053,-0.0051
1730000086160,49575,0.0102,-1.0108,0.0894,-0.031,0.0027,0.0082
1730000086170,49571,0.0082,-0.9622,0.1038,0.0022,0.0381,0.0012
1730000086180,49567,0.0086,-0.9864,0.0793,0.0162,-0.0088,-0.0044
1730000086190,49563,0.0184,-0.9714,0.087,0.0211,0.0081,-0.0102
1730000086200,49560,0.0167,-0.9986,0.0933,-0.0232,-0.0229,0.0044
1730000086210,49556,0.0214,-0.9776,0.0843,0.0253,0.0237,-0.0059
1730000086220,49553,0.0235,-0.961,0.0721,-0.0272,0.0337,0.0111
1730000086230,49550,0.0201,-1.0003,0.0721,0.0116,-0.0142,-0.0191
1730000086240,49547,0.0194,-0.9754,0.097,-0.0119,0.0052,-0.0043
1730000086250,49544,0.0136,-0.9714,0.0883,0.0012,-0.0017,-0.014
1730000086260,49541,-0.0061,-0.9803,0.0756,0.0102,0.033,0.0095
1730000086270,49538,0.0304,-0.9749,0.0821,0.0197,-0.0231,0.0181
1730000086280,49535,0.025,-0.9726,0.0726,-0.0004,-0.0037,-0.012
1730000086290,49532,0.0236,-0.9824,0.0642,-0.0101,0.0105,0.0006
1730000086300,49530,0.0109,-0.9934,0.0914,-0.0093,0.0185,0.0225
1730000086310,49527,0.0128,-1.0079,0.0762,0.0033,0.0089,-0.0125
1730000086320,49525,0.0193,-0.9738,0.077,-0.0186,0.0178,0.0044
1730000086330,49523,0.0237,-1.0008,0.0576,-0.0164,0.0097,-0.0165
1730000086340,49522,0.0178,-0.9971,0.0846,-0.0243,-0.0205,0.0014
1730000086350,49524,0.0251,-0.9601,0.0896,-0.033,-0.0112,0.0008
1730000086360,49535,0.0202,-1.0283,0.0785,0.0269,0.0156,0.0151
1730000086370,49568,0.0088,-0.9963,0.0867,0.0114,-0.0276,0.0195
1730000086380,49647,0.0054,-0.9882,0.0754,0.02,0.0153,0.0149
1730000086390,49799,0.0164,-0.9985,0.099,0.0231,0.0123,0.0193
1730000086400,50045,0.0295,-0.9919,0.0954,-0.0104,0.016,-0.0106
1730000086410,50369,0.0218,-1.0092,0.0885,-0.0027,-0.0111,0.0033
1730000086420,50703,0.0305,-0.9708,0.087,-0.0,-0.0059,-0.0032
1730000086430,50943,0.029,-0.9592,0.0773,0.0401,0.0387,-0.0092
1730000086440,50999,0.0234,-0.9534,0.0777,-0.0022,-0.0121,0.0031
1730000086450,50849,0.0199,-0.9784,0.0861,0.0063,0.013,0.0042
1730000086460,50553,0.0189,-0.9727,0.0795,0.0294,-0.0022,0.0063
1730000086470,50218,0.0368,-0.9721,0.0774,0.0233,0.0137,-0.0102
1730000086480,49937,0.0104,-0.9863,0.0831,0.0097,0.0045,0.0059
1730000086490,49754,0.0196,-0.9904,0.0787,0.0075,-0.0266,-0.0029
1730000086500,49668,0.0137,-0.9563,0.0863,-0.0139,0.0066,0.0235
1730000086510,49653,0.0272,-0.9939,0.0753,0.0034,-0.0233,0.0009
1730000086520,49681,0.0047,-0.983,0.08,0.0243,0.0129,0.0188
1730000086530,49730,0.0365,-0.9891,0.0701,0.0171,0.0053,-0.0018
1730000086540,49783,0.0175,-1.0235,0.0704,0.0199,-0.0147,-0.0075
1730000086550,49830,0.0254,-0.9664,0.0816,-0.0113,-0.0079,-0.0025
1730000086560,49862,0.0142,-1.0218,0.084,-0.0368,-0.0068,0.0136
1730000086570,49871,0.0109,-0.9735,0.0805,0.0038,0.0167,-0.0123
1730000086580,49857,0.0177,-0.9709,0.075,0.027,-0.0004,-0.0017
1730000086590,49822,0.0094,-1.0266,0.0841,-0.0055,0.0127,-0.0081
1730000086600,49772,0.0308,-0.9789,0.0911,-0.0006,0.0147,0.0182
1730000086610,49715,0.029,-0.9898,0.0709,0.0019,0.0219,-0.0131
1730000086620,49660,0.0126,-0.9873,0.0773,0.0047,0.0024,-0.0151
1730000086630,49612,0.0191,-1.0221,0.0833,0.0085,0.0081,0.0074
1730000086640,49573,0.0323,-0.9943,0.0879,-0.0148,-0.0073,-0.0173
1730000086650,49546,0.0251,-0.9856,0.0681,-0.0346,-0.0055,-0.011
1730000086660,49528,0.0285,-0.9809,0.0738,0.008,-0.0015,-0.0004
1730000086670,49517,0.025,-1.0005,0.0841,-0.0004,-0.0088,0.0107
1730000086680,49511,0.0318,-1.0071,0.0809,0.0021,-0.0082,0.0012
1730000086690,49509,0.0323,-1.026,0.0864,-0.0051,-0.0085,0.0007
1730000086700,49508,0.0131,-1.0076,0.0748,-0.0304,0.0337,-0.0037
1730000086710,49509,0.0157,-1.0067,0.0912,0.0104,0.0088,0.012
1730000086720,49510,0.0428,-0.9776,0.0641,-0.037,0.0143,0.0048
1730000086730,49512,0.0435,-0.9721,0.0774,0.0386,0.0065,-0.0053
1730000086740,49513,0.0155,-1.01,0.0859,0.0217,0.0072,0.0238
1730000086750,49515,0.0152,-1.0278,0.0729,0.0251,0.0153,-0.0156
1730000086760,49517,0.001,-1.0051,0.0782,0.0237,-0.0103,0.0166
1730000086770,49519,0.0296,-0.9831,0.1017,-0.0093,0.0195,-0.0061
1730000086780,49522,0.0141,-1.0055,0.0733,0.0055,0.0004,-0.0092
1730000086790,49524,0.0195,-1.0005,0.0728,0.0354,0.0392,-0.0086
1730000086800,49526,0.0348,-1.0021,0.0756,-0.0463,0.009,0.0005
1730000086810,49529,-0.0028,-1.0129,0.0618,0.0064,0.013,-0.0051
1730000086820,49531,0.0198,-0.9815,0.0754,-0.0262,0.0306,0.0042
1730000086830,49534,0.0196,-0.9855,0.0735,-0.0147,-0.011,-0.0022
1730000086840,49537,0.0169,-0.9965,0.0966,0.0006,0.0156,-0.0041
1730000086850,49540,0.028,-0.9842,0.0801,0.0049,0.0061,-0.0113
1730000086860,49543,0.0098,-1.045,0.0766,-0.0027,0.0088,0.0235
1730000086870,49546,0.0327,-0.9551,0.0749,0.0008,0.0254,-0.0157
1730000086880,49549,0.018,-0.9692,0.0819,0.0261,0.0369,0.0016
1730000086890,49552,0.0223,-1.004,0.0578,0.0261,-0.0254,-0.0199
1730000086900,49555,0.0299,-0.9999,0.0783,0.0111,-0.0352,-0.0101
1730000086910,49559,0.027,-0.9987,0.0744,0.016,0.027,-0.0033
1730000086920,49562,0.0211,-0.9681,0.0737,-0.0487,-0.0346,-0.007
1730000086930,49566,0.0208,-1.001,0.0722,-0.007,-0.0107,-0.0068
1730000086940,49570,0.0084,-1.0222,0.0712,0.0088,0.0109,-0.0032
1730000086950,49573,0.0256,-0.9816,0.0861,-0.001,0.0663,-0.007
1730000086960,49577,0.0232,-1.0078,0.083,0.021,0.0086,-0.005
1730000086970,49581,0.0294,-0.9984,0.0867,0.0206,0.0124,0.0016
1730000086980,49585,0.0236,-1.0013,0.0583,-0.0242,0.0436,-0.002
1730000086990,49590,0.014,-0.9808,0.0741,-0.0061,0.013,0.0147
1730000087000,49595,0.0308,-0.9648,0.0737,0.0289,-0.0193,-0.0084
1730000087010,49603,0.0172,-0.9869,0.0722,0.0211,0.0307,-0.0148
1730000087020,49618,0.0099,-0.9429,0.0823,0.0131,-0.0295,0.0056
1730000087030,49650,0.022,-0.9714,0.0789,0.0052,-0.0257,0.0128
1730000087040,49719,0.0168,-0.9849,0.062,-0.017,-0.0191,-0.0025
1730000087050,49848,0.0101,-1.015,0.0885,0.005,0.0005,-0.0061
1730000087060,50059,0.0133,-0.99,0.0592,0.0078,0.0166,0.0156
1730000087070,50352,0.0155,-0.9828,0.0812,0.0159,0.0642,0.0061
1730000087080,50685,0.0246,-0.9864,0.0785,0.0221,-0.0409,0.0011
1730000087090,50975,0.0308,-1.0064,0.0815,0.0266,-0.0164,0.0024
1730000087100,51132,0.0182,-0.9534,0.0773,-0.0121,-0.0141,0.0057
1730000087110,51100,0.0327,-0.9941,0.0791,0.0244,-0.0089,0.0136
1730000087120,50895,0.0196,-1.0252,0.0857,-0.0083,-0.0007,0.0108
1730000087130,50592,0.015,-1.0352,0.0679,0.0006,-0.0044,-0.005
1730000087140,50286,0.0261,-0.9823,0.0743,0.0011,-0.0243,-0.0058
1730000087150,50047,0.0136,-0.992,0.0683,0.0018,0.0014,-0.0168
1730000087160,49902,0.0187,-0.9898,0.0691,0.0134,-0.031,0.0023
1730000087170,49841,0.0167,-1.0009,0.0704,-0.01,-0.0063,-0.0196
1730000087180,49840,0.0073,-0.9856,0.0934,-0.0245,-0.0139,-0.0098
1730000087190,49876,0.0273,-1.0022,0.0724,-0.0201,0.0028,0.0001
1730000087200,49929,0.0215,-1.0337,0.0607,-0.0197,-0.0111,-0.0029
1730000087210,49986,0.0164,-0.9803,0.0852,0.0262,-0.001,0.0023
1730000087220,50037,-0.0009,-1.0013,0.0906,0.0184,-0.0067,0.0048
1730000087230,50075,0.01,-0.9796,0.0854,0.0029,-0.0159,-0.0081
1730000087240,50092,0.0253,-0.9692,0.077,0.0063,-0.012,-0.0091
1730000087250,50088,0.0234,-0.9932,0.0837,0.0098,-0.001,0.0174
1730000087260,50063,0.0152,-1.0186,0.0934,0.0109,-0.0006,0.0105
1730000087270,50024,0.025,-1.0148,0.085,-0.0119,0.0007,-0.0063
1730000087280,49977,0.0242,-0.9951,0.0733,-0.0013,0.0025,0.0014
1730000087290,49928,0.0181,-1.0132,0.0649,-0.0126,-0.0047,0.0059
1730000087300,49885,0.0253,-0.9971,0.0768,0.0075,0.0039,-0.0002
1730000087310,49849,0.017,-0.9741,0.0854,-0.0053,0.0145,-0.0304
1730000087320,49824,0.0079,-1.0032,0.068,0.0219,0.0152,0.0078
1730000087330,49808,0.0007,-0.9842,0.0909,0.0029,0.0069,-0.0009
1730000087340,49799,0.038,-1.0081,0.0781,0.0062,-0.0327,-0.0023
1730000087350,49796,0.0199,-1.0193,0.0802,-0.0279,0.0069,-0.0052
1730000087360,49798,0.026,-0.9819,0.0944,0.0083,0.0137,-0.0067
1730000087370,49801,0.0065,-0.9811,0.0823,-0.0068,-0.0067,-0.0074
1730000087380,49806,0.0361,-0.9978,0.0898,-0.0083,-0.0066,0.0074
1730000087390,49812,0.0112,-1.0005,0.0676,0.0207,0.0282,0.0023
1730000087400,49819,0.0046,-0.9967,0.068,-0.0042,0.0017,0.0173
1730000087410,49825,0.0036,-0.9898,0.0987,-0.0105,0.0307,-0.0078
1730000087420,49832,0.0307,-0.9535,0.0732,0.0118,0.0036,0.0016
1730000087430,49839,0.0187,-0.9844,0.0914,0.0199,-0.0003,0.0074
1730000087440,49846,0.0108,-0.967,0.0765,-0.0083,0.0458,0.0069
1730000087450,49852,0.0299,-1.0007,0.0826,-0.0382,0.0365,-0.0016
1730000087460,49859,0.0121,-0.9836,0.0771,0.0293,-0.0291,0.0039
1730000087470,49866,0.0097,-0.9756,0.0828,-0.0085,0.0164,0.0112
1730000087480,49873,0.0114,-0.9698,0.0984,0.0335,0.0038,0.0124
1730000087490,49880,0.0216,-0.9876,0.075,-0.0046,-0.0103,0.0017
1730000087500,49887,0.0195,-0.9957,0.0744,-0.0026,0.0004,-0.0105
1730000087510,49894,0.0077,-1.017,0.0755,-0.0249,0.0133,0.004
1730000087520,49901,0.0331,-0.961,0.0999,0.0174,0.0166,0.0111
1730000087530,49908,0.0285,-0.9763,0.1036,0.0157,-0.0335,0.0032
1730000087540,49915,-0.0015,-0.9923,0.0744,0.0056,0.0096,-0.0018
1730000087550,49922,0.0251,-0.9589,0.0874,-0.0054,0.0043,0.0027
1730000087560,49929,0.0319,-0.9946,0.0768,0.0012,-0.0265,-0.0103
1730000087570,49936,0.013,-1.0191,0.0532,0.0156,0.0261,0.0022
1730000087580,49944,0.0258,-0.9735,0.0769,0.0016,-0.0587,0.0097
1730000087590,49951,0.029,-0.9947,0.081,-0.0091,-0.0329,-0.0046
1730000087600,49958,0.0233,-0.9804,0.0776,-0.0135,-0.017,0.0002
1730000087610,49965,0.0113,-0.9516,0.0733,0.0136,0.0075,-0.0098
1730000087620,49972,0.0041,-0.9889,0.0853,-0.0314,0.0043,0.0214
1730000087630,49979,-0.0018,-0.9507,0.0678,-0.04,-0.0465,0.0055
1730000087640,49986,0.0037,-0.9817,0.0853,-0.0168,0.0253,-0.0024
1730000087650,49994,0.0207,-1.0119,0.0806,0.0099,-0.0271,-0.0173
1730000087660,50001,0.0173,-1.0023,0.083,0.0056,0.0321,0.0002
1730000087670,50008,-0.0009,-0.9673,0.0794,0.0289,0.0008,-0.0006
1730000087680,50016,0.0198,-0.9652,0.0765,0.0318,-0.0093,-0.0125
1730000087690,50026,0.0314,-0.969,0.0773,-0.0431,-0.0051,0.0155
1730000087700,50043,0.0155,-0.972,0.0754,0.0077,-0.0121,-0.0035
1730000087710,50077,0.0262,-0.9785,0.0966,-0.0047,-0.0029,0.0003
1730000087720,50149,0.036,-0.9596,0.0793,0.0338,-0.0085,0.0101
1730000087730,50286,0.0237,-0.9897,0.065,-0.0327,0.0087,0.0058
1730000087740,50513,0.0182,-0.9473,0.0722,0.0241,0.0225,0.0091
1730000087750,50827,0.0135,-0.9936,0.0757,-0.0398,-0.0105,0.0027
1730000087760,51176,0.0111,-0.9698,0.0923,0.0005,-0.0178,0.0082
1730000087770,51463,0.0273,-0.9838,0.1069,0.0047,0.0066,0.0091
1730000087780,51587,0.0076,-0.9783,0.0787,-0.0269,0.0095,-0.005
1730000087790,51503,0.0286,-1.001,0.0821,0.0001,0.0097,0.0085
1730000087800,51249,0.013,-0.9902,0.0879,-0.0127,-0.033,0.0032
1730000087810,50922,0.0075,-0.9541,0.0841,0.0295,-0.0098,-0.0116
1730000087820,50626,0.0209,-0.9581,0.0701,-0.0146,-0.0014,0.0101
1730000087830,50420,-0.0055,-0.9579,0.0787,0.0197,0.0225,-0.0034
1730000087840,50315,-0.0075,-0.9699,0.0804,-0.0139,0.0404,-0.0267
1730000087850,50290,0.0234,-0.9777,0.0646,0.001,-0.0037,0.005
1730000087860,50314,0.0071,-0.9714,0.0963,0.0061,0.0475,0.006
1730000087870,50366,0.0175,-0.9923,0.085,0.007,-0.0134,-0.0004
1730000087880,50426,0.0152,-0.9591,0.0746,0.0014,-0.0046,0.002
1730000087890,50483,0.0075,-1.0219,0.0782,0.0211,-0.0136,0.0017
1730000087900,50527,0.0076,-0.99,0.0677,0.0222,-0.0015,0.004
1730000087910,50550,0.0248,-1.0174,0.0698,-0.0056,0.0007,-0.0184
1730000087920,50550,0.0083,-0.9786,0.0979,-0.0201,-0.0329,-0.0162
1730000087930,50527,0.0324,-0.977,0.0816,0.007,0.0145,-0.01
1730000087940,50487,0.0248,-0.9928,0.0834,0.0137,0.0036,0.0091
1730000087950,50438,0.0239,-0.9574,0.0853,-0.0009,0.02,0.014
1730000087960,50387,0.0235,-0.9964,0.0569,-0.0001,-0.0387,0.0034
1730000087970,50342,0.0128,-0.9818,0.0836,-0.0079,-0.0023,0.0061
1730000087980,50306,0.0248,-0.9631,0.095,0.0082,0.0161,-0.0017
1730000087990,50281,0.0204,-0.9613,0.0871,0.0224,0.0067,-0.0044
1730000088000,50265,0.0272,-0.9778,0.0786,0.0171,0.0275,0.0204
1730000088010,50257,0.01,-0.9667,0.0939,0.0057,-0.0102,-0.0074
1730000088020,50255,0.0022,-0.9624,0.0951,-0.0059,-0.0461,-0.0037
1730000088030,50257,0.0136,-0.9587,0.0684,0.0013,0.0074,-0.019
1730000088040,50261,0.0365,-0.9779,0.0858,-0.0327,0.008,0.003
1730000088050,50266,0.0097,-1.0007,0.0824,-0.0136,-0.0196,-0.0004
1730000088060,50271,0.0223,-0.9615,0.1011,0.0428,-0.0131,-0.0106
1730000088070,50277,0.039,-0.986,0.0964,0.0182,0.0073,-0.0075
1730000088080,50283,0.0182,-1.0082,0.0602,0.0053,-0.0264,-0.0105
1730000088090,50289,0.0207,-0.9917,0.1066,0.0066,-0.0268,-0.0156
1730000088100,50294,0.0133,-0.9907,0.0808,0.0021,-0.0176,0.0005
1730000088110,50300,0.0065,-0.9256,0.0645,0.0071,-0.0045,0.0025
1730000088120,50306,0.0202,-0.964,0.0709,0.0035,0.0408,0.0121
1730000088130,50311,0.0194,-0.9447,0.078,0.0083,0.0273,0.0113
1730000088140,50317,0.0254,-0.9794,0.0772,0.0109,-0.0068,0.0113
1730000088150,50322,0.0242,-0.9868,0.0749,-0.0054,-0.0105,0.0076
1730000088160,50328,0.0187,-0.9812,0.0893,-0.01,-0.0157,0.0168
1730000088170,50333,0.0166,-0.9347,0.0673,-0.0415,0.0153,-0.0048
1730000088180,50338,0.0016,-0.9847,0.0973,0.0131,-0.0295,-0.0178
1730000088190,50343,0.0246,-0.9798,0.0806,0.0228,-0.0115,-0.0163
1730000088200,50349,0.0254,-0.9756,0.0748,0.0344,0.0012,0.0082
1730000088210,50354,0.0278,-0.9942,0.0722,0.0111,0.0189,0.011
1730000088220,50359,0.0266,-0.988,0.0946,0.0238,-0.03,0.0007
1730000088230,50364,0.0224,-1.0143,0.081,-0.0049,0.0002,0.0107
1730000088240,50368,0.025,-0.9316,0.0912,0.04,-0.0151,0.0037
1730000088250,50373,0.0375,-0.9399,0.076,0.0163,0.0138,0.0055
1730000088260,50378,0.0228,-0.964,0.0765,-0.0085,-0.0325,-0.0012
1730000088270,50382,0.0064,-0.9664,0.0897,0.01,-0.0329,0.0055
1730000088280,50387,0.0138,-0.9863,0.0805,-0.0401,-0.0106,-0.0024
1730000088290,50391,0.02,-0.9417,0.0676,-0.0189,0.0244,0.0073
1730000088300,50396,0.0228,-0.9632,0.0918,0.0106,0.0049,0.0004
1730000088310,50400,0.015,-0.9844,0.1014,-0.0167,0.0125,0.0125
1730000088320,50404,0.0123,-0.9773,0.0798,0.0228,-0.0041,-0.0065
1730000088330,50408,0.0155,-0.983,0.0754,0.0186,-0.0009,0.0024
1730000088340,50413,0.0301,-0.9532,0.0721,0.008,-0.0233,-0.0048
1730000088350,50418,0.0337,-0.9797,0.0641,-0.0276,0.0009,0.0046
1730000088360,50428,0.02,-0.9764,0.0886,-0.0011,-0.0011,-0.0014
1730000088370,50448,0.0122,-0.987,0.0727,0.0,0.024,0.0109
1730000088380,50490,0.027,-0.9261,0.0857,-0.0325,-0.0082,-0.0104
1730000088390,50576,0.0349,-0.9835,0.0766,-0.0006,0.0469,0.0154
1730000088400,50729,0.0311,-0.9793,0.0847,-0.0351,0.0107,-0.0088
1730000088410,50964,0.0129,-0.9377,0.0999,-0.0187,0.0297,-0.0048
1730000088420,51269,0.0126,-0.9623,0.0845,-0.0315,-0.0284,0.0056
1730000088430,51591,0.0064,-0.961,0.0758,-0.0191,0.003,0.011
1730000088440,51846,0.0097,-0.9877,0.0759,-0.0012,0.0028,-0.0046
1730000088450,51952,0.01,-0.9746,0.0849,-0.0002,0.0211,0.0055
1730000088460,51873,0.0188,-0.9859,0.0727,-0.013,0.0012,0.0108
1730000088470,51640,0.0207,-0.9538,0.0737,-0.0195,-0.0055,0.007
1730000088480,51332,0.0352,-0.9819,0.0742,-0.0204,-0.0166,0.0017
1730000088490,51038,0.0178,-0.9614,0.0954,0.0248,0.0449,0.0076
1730000088500,50816,0.0264,-0.9831,0.0786,0.0258,0.0119,0.001
1730000088510,50683,0.0116,-0.9378,0.0825,-0.0365,-0.0249,-0.0075
1730000088520,50630,0.0137,-0.9318,0.0823,-0.0003,-0.0162,-0.0088
1730000088530,50631,0.0467,-0.9706,0.0862,0.01,0.0102,-0.0048
1730000088540,50665,0.0289,-0.9715,0.0748,-0.0454,-0.0302,0.0034
1730000088550,50714,0.0176,-0.9854,0.0807,0.0222,-0.009,-0.0086
1730000088560,50766,0.0258,-0.9673,0.0925,0.0238,0.0071,-0.002
1730000088570,50813,0.0216,-0.9201,0.0809,0.0082,-0.0118,-0.0023
1730000088580,50845,0.0159,-0.9773,0.0846,-0.0194,0.008,0.0141
1730000088590,50858,0.0049,-0.9387,0.0831,-0.0016,0.0201,0.0035
1730000088600,50850,0.0182,-0.9516,0.0728,-0.0169,-0.011,0.0011
1730000088610,50823,0.0096,-0.9442,0.0838,-0.0179,-0.0146,0.0119
1730000088620,50780,0.0198,-0.9854,0.0989,-0.025,-0.016,0.0232
1730000088630,50730,0.0192,-0.9563,0.0711,-0.0248,0.0138,-0.0064
1730000088640,50677,0.0137,-0.9474,0.0877,0.0001,-0.0238,-0.0135
1730000088650,50628,0.0248,-0.9709,0.0737,0.0096,0.0206,-0.0114
1730000088660,50587,0.0235,-0.9748,0.0878,-0.005,0.0222,-0.0009
1730000088670,50555,0.018,-0.9337,0.0842,0.0091,-0.0314,-0.0113
1730000088680,50532,0.0162,-0.9578,0.0916,-0.0145,0.0148,0.0003
1730000088690,50517,0.0041,-0.9314,0.0715,-0.0047,-0.0165,0.0038
1730000088700,50507,0.0194,-0.9571,0.0706,0.0129,0.0178,0.0198
1730000088710,50502,0.0081,-0.9933,0.0999,-0.0147,0.0133,0.0106
1730000088720,50499,0.0109,-0.9906,0.0771,0.0045,-0.0093,0.0133
1730000088730,50497,0.0189,-0.9411,0.0821,-0.0004,0.0147,0.0128
1730000088740,50497,0.0295,-0.9604,0.057,0.0051,-0.0025,0.01
1730000088750,50496,0.0184,-0.9787,0.0962,0.0096,-0.0113,-0.0078
1730000088760,50496,0.0333,-0.9894,0.0771,0.0108,0.0343,0.0006
1730000088770,50496,0.0243,-0.9913,0.0729,-0.0103,0.0128,-0.0059
1730000088780,50496,0.0317,-0.9475,0.0954,0.012,-0.003,0.0235
1730000088790,50495,0.0212,-0.9826,0.0866,0.0062,0.0227,-0.0147
1730000088800,50495,0.0249,-0.9437,0.0868,0.0382,0.0052,0.0001
1730000088810,50494,0.0199,-0.9234,0.0826,-0.0003,-0.0202,0.0065
1730000088820,50494,0.0109,-0.9339,0.0813,0.0162,-0.0318,-0.005
1730000088830,50493,0.0331,-0.9775,0.0597,-0.0419,0.034,0.0148
1730000088840,50492,0.0156,-0.9622,0.0709,0.0195,0.026,0.0019
1730000088850,50491,-0.0032,-0.9616,0.0831,0.0092,0.0054,0.0036
1730000088860,50490,0.0165,-0.9469,0.0774,-0.0566,0.0159,0.0058
1730000088870,50489,0.0193,-1.0155,0.083,-0.0195,0.0045,-0.0039
1730000088880,50488,0.0231,-0.9599,0.0847,0.0002,-0.013,-0.0047
1730000088890,50486,0.0191,-0.9818,0.0652,-0.0299,0.0048,0.0083
1730000088900,50485,0.0274,-0.9507,0.0759,-0.0198,0.0151,-0.0036
1730000088910,50483,0.0323,-0.9837,0.0892,-0.0176,0.0014,-0.0162
1730000088920,50482,0.0246,-0.9573,0.0778,0.0091,0.01,0.0066
1730000088930,50480,0.0258,-0.9717,0.0727,-0.0123,0.0001,0.0043
1730000088940,50478,0.013,-0.9898,0.0654,0.0138,-0.0029,-0.0049
1730000088950,50476,0.0269,-0.9837,0.0888,-0.0026,-0.0307,-0.0129
1730000088960,50474,0.0177,-0.9461,0.1027,-0.017,-0.014,0.0046
1730000088970,50472,0.0153,-0.978,0.0713,-0.0092,0.0073,-0.0152
1730000088980,50469,0.0175,-0.9328,0.0735,-0.0357,0.0217,-0.0063
1730000088990,50467,0.027,-0.9668,0.0784,0.0185,0.0227,-0.0062
1730000089000,50465,0.0086,-0.9253,0.0911,-0.0224,-0.0146,0.0045
1730000089010,50462,0.0247,-0.9437,0.0724,0.0002,0.0025,0.0015
1730000089020,50459,0.0102,-0.9694,0.096,0.0331,0.0126,-0.0059
1730000089030,50457,0.0142,-0.9662,0.095,-0.0078,-0.0048,-0.0066
1730000089040,50455,0.0358,-0.9552,0.0823,-0.0086,-0.0104,-0.0109
1730000089050,50454,0.0168,-0.9703,0.0771,0.0148,-0.0242,0.0082
1730000089060,50460,0.0211,-0.9576,0.0841,0.0314,-0.0179,0.0082
1730000089070,50479,0.0203,-0.9916,0.0765,-0.005,0.0065,0.0098
1730000089080,50529,0.0127,-0.9816,0.0773,0.0136,0.0268,-0.0052
1730000089090,50634,0.0293,-0.9707,0.0706,0.0075,0.0094,0.0156
1730000089100,50819,0.0256,-0.9721,0.0871,0.0077,-0.0208,0.0256
1730000089110,51089,0.0229,-0.9755,0.0847,-0.0031,-0.0276,-0.0058
1730000089120,51413,0.0028,-0.9874,0.0869,0.059,0.0124,0.0038
1730000089130,51713,0.0134,-0.9885,0.0788,-0.0039,-0.0176,-0.0171
1730000089140,51896,0.0173,-0.9597,0.0641,0.0268,-0.0093,-0.0185
1730000089150,51894,0.0104,-0.9592,0.0773,0.0203,-0.0199,0.0105
1730000089160,51708,0.0237,-0.9486,0.0812,0.0008,0.0023,0.0095
1730000089170,51404,0.0169,-0.9802,0.0818,0.0088,0.0161,-0.0106
1730000089180,51081,0.0168,-0.9674,0.0731,0.0031,0.0307,-0.0141
1730000089190,50817,0.031,-0.9536,0.0732,-0.0313,0.0158,-0.0023
1730000089200,50645,0.0265,-0.9627,0.0965,-0.0026,-0.0424,0.0001
1730000089210,50562,0.0207,-0.9689,0.1043,-0.001,0.0229,0.0219
1730000089220,50543,0.0093,-0.9658,0.0834,-0.0142,-0.0107,-0.0059
1730000089230,50565,0.0404,-0.9958,0.076,0.0246,0.01,0.0024
1730000089240,50607,0.0218,-0.941,0.0711,0.0333,0.0041,0.0006
1730000089250,50654,0.0226,-0.9639,0.0668,0.0249,0.0087,0.0059
1730000089260,50696,0.0154,-0.967,0.0948,0.0164,-0.0262,0.0116
1730000089270,50725,0.0241,-1.0161,0.083,-0.0296,-0.0007,-0.0069
1730000089280,50734,0.0256,-0.972,0.0749,-0.0232,0.0313,-0.0113
1730000089290,50721,0.0245,-0.9852,0.0819,-0.0314,0.0136,-0.0071
1730000089300,50688,0.0454,-0.987,0.0743,-0.0046,0.0071,0.0045
1730000089310,50638,0.0375,-0.9528,0.0875,-0.0256,0.0099,0.0042
1730000089320,50579,0.0249,-0.9619,0.0764,-0.0207,0.0182,0.0048
1730000089330,50519,0.0161,-0.9762,0.0797,-0.0039,0.0249,0.0073
1730000089340,50463,0.0238,-0.9678,0.0638,-0.0091,-0.0281,-0.0113
1730000089350,50415,0.0232,-0.9745,0.0765,-0.0004,0.0165,0.0003
1730000089360,50377,0.0298,-0.9484,0.0779,0.0018,-0.0647,0.008
1730000089370,50348,0.0156,-0.9758,0.0856,-0.0277,0.0058,0.0243
1730000089380,50327,0.0052,-0.9758,0.0743,0.0222,-0.0227,-0.0251
1730000089390,50312,0.031,-0.9746,0.0844,0.0157,-0.0143,-0.014
1730000089400,50301,0.0378,-0.9815,0.0728,0.0273,-0.0056,0.0092
1730000089410,50292,0.0193,-0.9846,0.0704,-0.0283,0.0019,-0.01
1730000089420,50285,0.0078,-0.9672,0.0571,0.0462,-0.0002,0.013
1730000089430,50278,0.0128,-0.9865,0.0617,-0.0152,0.037,0.0114
1730000089440,50272,0.0158,-0.9734,0.0701,-0.0097,0.002,0.0086
1730000089450,50266,0.0211,-0.9719,0.0837,0.0167,-0.0079,0.0013
1730000089460,50260,0.0106,-0.9496,0.0867,-0.0082,0.0256,-0.0123
1730000089470,50254,0.0164,-0.9962,0.0897,0.0291,-0.0298,0.0109
1730000089480,50247,0.0266,-0.9747,0.0777,0.0213,0.0103,0.0067
1730000089490,50241,0.0084,-0.9386,0.0694,-0.0054,-0.041,-0.0143
1730000089500,50235,0.0194,-0.982,0.088,-0.0093,-0.0125,0.0029
1730000089510,50229,0.0212,-1.0049,0.0589,0.0036,-0.02,0.0013
1730000089520,50222,0.0086,-0.9839,0.0741,0.0007,0.034,0.0125
1730000089530,50216,0.0038,-0.9624,0.0642,0.0043,-0.0269,0.0118
1730000089540,50209,0.0096,-0.9419,0.0882,-0.0105,-0.0277,0.0073
1730000089550,50203,0.0339,-0.9342,0.0837,-0.0148,0.0025,-0.0059
1730000089560,50196,0.0293,-0.9783,0.0762,0.0137,-0.0056,0.0276
1730000089570,50190,0.0263,-0.9554,0.0708,-0.0343,-0.0145,0.0095
1730000089580,50183,0.0239,-0.9711,0.0979,0.0408,-0.0015,-0.0162
1730000089590,50177,0.0261,-0.9649,0.0816,-0.0217,-0.0316,-0.0136
1730000089600,50170,0.0305,-0.9642,0.0816,-0.0121,-0.0317,-0.0025
1730000089610,50163,-0.0001,-0.9863,0.0694,-0.0474,0.0015,0.0005
1730000089620,50156,0.0219,-0.9907,0.1005,-0.0084,0.0099,-0.0068
1730000089630,50150,0.0179,-0.9562,0.0853,0.0014,-0.001,0.0119
1730000089640,50143,0.0144,-0.9589,0.0974,0.0026,0.0289,0.0074
1730000089650,50136,-0.002,-0.9726,0.0811,0.0165,-0.0123,0.0001
1730000089660,50129,0.0085,-0.9948,0.0646,-0.0079,0.007,-0.0056
1730000089670,50122,0.0166,-0.9818,0.0786,0.0349,0.0216,0.0198
1730000089680,50115,0.0065,-0.9724,0.0719,-0.0204,-0.0281,0.0085
1730000089690,50108,0.0048,-0.964,0.0702,-0.0149,-0.003,0.0111
1730000089700,50101,0.0101,-0.9909,0.079,-0.004,0.0118,0.0084
1730000089710,50094,0.0336,-0.9432,0.078,0.0174,0.0185,0.0159
1730000089720,50087,0.0256,-0.9663,0.0763,0.0119,0.024,0.0001
1730000089730,50081,0.0038,-0.9829,0.1011,-0.028,0.0381,-0.0031
1730000089740,50077,0.007,-0.9933,0.0865,-0.0047,-0.0057,0.0099
1730000089750,50077,0.0032,-0.9615,0.0786,-0.0277,0.0162,-0.0053
1730000089760,50091,0.0382,-0.9784,0.0801,-0.0074,-0.0135,-0.01
1730000089770,50129,0.0378,-0.9054,0.0794,0.0057,0.0133,0.009
1730000089780,50213,0.0191,-0.9847,0.068,-0.0531,0.015,0.0104
1730000089790,50364,0.0191,-0.9927,0.0719,0.0282,-0.0068,0.0061
1730000089800,50590,0.0176,-0.9659,0.0876,0.02,-0.0285,-0.0033
1730000089810,50878,0.0255,-0.9541,0.0782,-0.0274,0.0097,-0.0008
1730000089820,51176,0.0191,-0.9739,0.0876,0.0099,-0.01,-0.0014
1730000089830,51408,0.0202,-0.999,0.078,-0.009,-0.0214,-0.003
1730000089840,51502,0.0251,-0.9669,0.0611,0.0227,-0.0192,0.0216
1730000089850,51426,0.0171,-0.9598,0.0818,-0.0093,-0.0104,0.0052
1730000089860,51203,0.019,-0.9711,0.0787,0.0056,0.0371,-0.0068
1730000089870,50902,0.0209,-0.9913,0.1013,0.0104,-0.0157,0.0033
1730000089880,50602,0.0207,-0.953,0.0884,-0.0212,0.0132,-0.0085
1730000089890,50361,0.0259,-0.9837,0.0965,-0.0152,0.01,-0.0099
1730000089900,50203,0.0299,-0.9802,0.0836,-0.0221,-0.0116,0.0138
1730000089910,50123,0.0062,-0.9673,0.0846,-0.0107,-0.0135,0.0051
1730000089920,50100,0.0047,-0.9779,0.0859,-0.0181,0.015,-0.0087
1730000089930,50114,0.0205,-0.9942,0.0994,-0.0083,-0.0022,-0.0073
1730000089940,50147,0.0102,-0.9944,0.0862,-0.0126,0.0071,0.0025
1730000089950,50189,0.0141,-0.9841,0.0798,0.0159,0.0089,-0.0011
1730000089960,50228,0.0103,-0.9663,0.092,-0.0021,0.0005,-0.0181
1730000089970,50258,0.043,-0.9842,0.0757,0.0412,-0.0212,-0.0002
1730000089980,50273,0.0225,-0.9662,0.073,-0.003,0.0232,-0.0166
1730000089990,50269,0.0419,-0.9609,0.0754,-0.0145,-0.033,-0.0053
1730000090000,50246,-0.0068,-0.9628,0.073,0.0061,-0.0175,0.0023
1730000090010,50206,0.0272,-0.9612,0.076,0.0061,-0.0126,-0.0043
1730000090020,50154,0.0328,-0.9963,0.0842,-0.0125,0.0212,0.0139
1730000090030,50096,0.0404,-0.9792,0.0832,0.0074,-0.0152,-0.0074
1730000090040,50038,0.0253,-0.9993,0.0845,-0.0012,-0.019,0.0003
1730000090050,49984,0.0158,-0.9876,0.102,-0.0059,-0.0132,0.0068
1730000090060,49938,0.0163,-0.9902,0.0907,-0.0173,-0.0095,-0.002
1730000090070,49901,0.0028,-0.993,0.0797,-0.0182,-0.0343,0.0066
1730000090080,49871,0.0249,-1.0195,0.0671,0.0322,-0.0092,-0.0094
1730000090090,49849,0.0088,-1.0005,0.0721,0.0054,0.0334,0.0087
1730000090100,49832,0.0248,-0.9936,0.0712,-0.0154,-0.0387,-0.0016
1730000090110,49820,0.0384,-1.0038,0.0784,-0.0216,-0.0035,0.0075
1730000090120,49810,0.0281,-1.0362,0.0746,-0.0126,0.0087,0.0077
1730000090130,49801,0.0074,-0.9631,0.0791,-0.0381,-0.0287,-0.0058
1730000090140,49794,0.0096,-0.9809,0.0648,-0.0042,-0.0178,-0.0024
1730000090150,49787,0.0075,-1.0315,0.0858,0.0331,0.0044,0.0032
1730000090160,49780,0.0217,-0.972,0.0641,-0.0276,-0.0159,-0.0039
1730000090170,49774,0.0083,-0.9986,0.096,0.0253,-0.0365,-0.0024
1730000090180,49767,0.0297,-0.9884,0.0851,-0.0045,0.0017,-0.0182
1730000090190,49761,0.0427,-0.9721,0.0695,-0.0183,0.0338,0.0041
1730000090200,49755,0.0078,-0.9822,0.0731,-0.0248,0.0063,0.007
1730000090210,49748,0.0222,-1.0002,0.0823,0.0214,-0.0138,0.0027
1730000090220,49742,0.0197,-1.0002,0.0987,0.0138,-0.0066,0.0164
1730000090230,49736,0.0238,-0.9459,0.0635,-0.0182,-0.0049,-0.0064
1730000090240,49730,0.0087,-0.993,0.0553,-0.0121,0.0033,0.0011
1730000090250,49724,0.0129,-0.9895,0.0773,0.0229,0.011,-0.0177
1730000090260,49718,0.0273,-0.9894,0.0949,0.0181,0.0191,0.005
1730000090270,49712,0.0103,-0.9724,0.0808,-0.0011,0.006,0.004
1730000090280,49706,0.0131,-0.9871,0.0677,0.0033,0.0186,0.0047
1730000090290,49700,0.0134,-1.0296,0.0755,-0.0224,0.0166,0.014
1730000090300,49695,0.0276,-1.0322,0.0927,0.0293,-0.0093,-0.0062
1730000090310,49689,0.05,-0.9741,0.0836,-0.0048,-0.0023,-0.0115
1730000090320,49683,0.0114,-0.987,0.0771,-0.0174,0.014,0.0008
1730000090330,49678,0.0254,-0.994,0.1055,0.0022,0.0084,0.0007
1730000090340,49672,0.0448,-1.0289,0.0776,-0.0309,0.0051,-0.0209
1730000090350,49667,0.0241,-1.0226,0.0878,-0.0234,-0.001,-0.006
1730000090360,49661,0.026,-0.9941,0.0801,0.0082,-0.0246,-0.0002
1730000090370,49656,0.025,-1.0077,0.0897,-0.0573,-0.0052,0.0052
1730000090380,49651,0.0005,-1.0024,0.0726,0.0205,0.0058,-0.008
1730000090390,49646,0.0242,-0.9706,0.0749,0.0213,-0.0028,-0.0058
1730000090400,49641,0.0156,-0.9707,0.0905,0.0036,-0.0356,-0.0022
1730000090410,49636,0.0181,-1.0183,0.062,0.0183,-0.0184,0.0025
1730000090420,49631,0.0294,-0.9545,0.0824,0.0272,-0.0138,-0.0039
1730000090430,49626,0.0229,-1.0042,0.0878,-0.0405,-0.0503,0.02
1730000090440,49621,0.018,-0.972,0.0661,0.0164,-0.0186,-0.0116
1730000090450,49617,0.0238,-0.9998,0.0702,-0.0247,0.0052,-0.009
1730000090460,49615,0.0385,-0.9737,0.0811,-0.0082,0.0057,0.0046
1730000090470,49617,0.0261,-1.0046,0.0844,-0.0154,0.0148,0.0018
1730000090480,49632,0.0297,-0.9898,0.07,0.025,-0.0039,0.0002
1730000090490,49673,0.0132,-1.0166,0.0679,0.0155,-0.0386,0.0008
1730000090500,49765,0.0234,-0.9978,0.0964,0.0119,0.0083,-0.0221
1730000090510,49930,0.0051,-1.0239,0.0721,0.014,-0.0096,-0.0125
1730000090520,50181,0.017,-0.9938,0.0732,-0.0075,-0.0438,0.0061
1730000090530,50495,0.024,-1.0022,0.0894,-0.0109,-0.0349,-0.0005
1730000090540,50806,0.0036,-1.0128,0.0686,-0.0013,0.0019,0.0023
1730000090550,51021,0.0248,-0.9775,0.0679,-0.0307,-0.0285,0.0062
1730000090560,51065,0.0228,-0.9752,0.0807,0.0308,-0.0277,-0.0034
1730000090570,50922,0.0057,-0.9868,0.078,-0.0037,-0.0223,-0.0041
1730000090580,50643,0.0337,-0.9845,0.0781,0.0018,0.0115,0.0135
1730000090590,50320,0.0352,-1.0098,0.0855,-0.0056,0.0137,0.0092
1730000090600,50037,0.0055,-1.0001,0.0784,-0.0291,-0.0092,-0.0016
1730000090610,49840,0.0132,-0.9923,0.0866,0.002,0.0212,-0.0164
1730000090620,49735,0.0247,-0.9451,0.0757,-0.0139,0.0095,0.0076
1730000090630,49701,0.0171,-0.9962,0.0765,-0.0046,0.0185,0.0035
1730000090640,49714,0.0175,-1.0012,0.0723,0.0076,0.0061,0.009
1730000090650,49752,0.0246,-0.9667,0.0763,-0.006,-0.0097,0.0169
1730000090660,49800,0.0145,-0.9744,0.1012,0.0257,0.0108,-0.0006
1730000090670,49846,0.0069,-0.9775,0.0752,-0.027,-0.0543,0.0036
1730000090680,49882,0.034,-0.9511,0.0857,0.0293,0.0073,-0.0098
1730000090690,49901,0.013,-0.9911,0.0805,0.0062,0.0095,0.0043
1730000090700,49899,0.0061,-0.9713,0.0699,0.0069,-0.0154,-0.0007
1730000090710,49876,0.0079,-0.9907,0.0759,0.0133,-0.0109,0.0085
1730000090720,49835,0.0284,-1.0103,0.0781,0.0141,-0.0056,-0.0061
1730000090730,49782,0.0298,-0.9763,0.0903,-0.0112,0.0345,-0.0126
1730000090740,49725,0.0199,-1.017,0.0818,0.0148,0.0219,-0.0143
1730000090750,49671,0.0194,-0.9702,0.0867,-0.0311,0.0314,-0.0036
1730000090760,49623,0.0175,-0.9978,0.0872,-0.0286,-0.0189,-0.0018
1730000090770,49584,0.0141,-0.9432,0.0728,0.0039,-0.0028,-0.0001
1730000090780,49555,0.0142,-0.9875,0.0755,0.0262,0.0078,-0.0037
1730000090790,49535,0.023,-0.9648,0.0715,-0.0228,0.0118,-0.0007
1730000090800,49522,0.0236,-1.0282,0.0747,-0.0208,0.0042,-0.0058
1730000090810,49513,0.009,-1.0207,0.0878,0.0254,-0.0127,-0.006
1730000090820,49508,0.0224,-0.9844,0.0786,0.0115,-0.0124,0.0013
1730000090830,49505,0.0084,-0.9877,0.0679,0.0415,0.0257,-0.0079
1730000090840,49503,0.0005,-0.965,0.0862,-0.0479,-0.0082,-0.0075
1730000090850,49501,0.0311,-0.9919,0.0828,-0.0056,0.0082,-0.0051
1730000090860,49500,0.0231,-0.972,0.062,-0.0049,0.0104,0.0032
1730000090870,49499,0.0086,-0.9889,0.0805,-0.0161,-0.0131,0.0094
1730000090880,49498,0.0215,-0.9986,0.0811,0.0131,-0.0198,-0.0083
1730000090890,49498,0.0096,-1.0379,0.1169,-0.044,0.007,0.0045
1730000090900,49497,0.0173,-0.9793,0.0825,0.001,0.0041,-0.0106
1730000090910,49497,0.0184,-1.0156,0.0771,0.0178,-0.0086,0.0107
1730000090920,49496,0.0372,-1.0101,0.0789,0.0108,0.0096,0.0045
1730000090930,49496,0.0318,-0.9832,0.0821,0.0062,-0.0033,-0.0113
1730000090940,49496,0.0214,-0.9804,0.0813,0.0055,0.0244,0.0058
1730000090950,49496,0.0371,-0.9813,0.0718,-0.0292,0.0059,-0.001
1730000090960,49496,0.0011,-1.0242,0.0956,0.0371,-0.0292,0.0087
1730000090970,49496,0.0113,-0.9625,0.1084,0.0094,-0.0125,-0.0063
1730000090980,49497,0.0259,-1.0038,0.0868,0.0061,-0.0159,0.0134
1730000090990,49497,0.0115,-1.0092,0.0705,0.01,0.0139,-0.0049
1730000091000,49498,0.0272,-0.9988,0.0656,-0.0225,-0.0228,0.0024
1730000091010,49498,0.0268,-0.9955,0.0818,0.0049,-0.0035,-0.0114
1730000091020,49499,0.0007,-1.0134,0.0947,-0.0189,-0.0001,-0.0092
1730000091030,49500,0.0192,-1.0167,0.0964,-0.0246,0.0116,-0.0122
1730000091040,49501,0.0347,-1.0118,0.0661,-0.0222,-0.0154,-0.0197
1730000091050,49502,0.0032,-1.0142,0.0659,0.0032,-0.0214,0.0023
1730000091060,49503,0.0265,-0.968,0.107,-0.0102,-0.0089,-0.0161
1730000091070,49504,0.0169,-0.9837,0.0729,0.0029,-0.018,-0.0108
1730000091080,49505,0.0035,-0.9927,0.0791,-0.019,-0.0038,-0.0081
1730000091090,49507,0.0177,-1.0317,0.0805,-0.0185,-0.0364,0.0077
1730000091100,49508,0.031,-0.9586,0.0879,0.0317,-0.0091,-0.0032
1730000091110,49510,0.0224,-0.9876,0.0889,0.0085,-0.0035,-0.0129
1730000091120,49512,0.0256,-0.9636,0.0845,0.0213,0.0056,0.019
1730000091130,49514,0.007,-0.995,0.081,0.0153,-0.0317,0.0046
1730000091140,49516,0.0062,-1.0009,0.0766,0.0315,0.0063,-0.0019
1730000091150,49520,0.0028,-0.9814,0.0715,0.002,0.0377,-0.0016
1730000091160,49527,0.0095,-0.9858,0.0885,0.006,0.0333,0.0103
1730000091170,49543,0.0058,-0.9829,0.0734,0.0455,0.0338,0.0196
1730000091180,49580,0.0412,-0.9856,0.0714,0.0133,-0.0449,0.0205
1730000091190,49655,0.0516,-0.9714,0.0714,0.0103,0.0031,-0.0104
1730000091200,49792,0.0148,-1.0044,0.061,0.0124,0.0072,0.003
1730000091210,50007,0.0207,-0.9804,0.089,-0.0001,-0.0032,-0.0064
1730000091220,50295,0.0082,-1.0141,0.0904,0.024,-0.0026,-0.0004
1730000091230,50614,0.0254,-0.9929,0.0841,-0.0277,-0.0112,-0.0016
1730000091240,50888,0.0143,-1.0055,0.0826,-0.0174,-0.02,0.0109
1730000091250,51035,0.0087,-0.9996,0.0895,0.0046,0.0419,-0.0015
1730000091260,51007,0.0281,-1.02,0.0826,0.0111,0.0265,-0.0152
1730000091270,50816,0.0288,-0.9786,0.062,-0.0292,-0.0266,0.0054
1730000091280,50527,0.0275,-0.9755,0.0633,0.0103,-0.0312,-0.0173
1730000091290,50226,0.0238,-0.978,0.0614,0.0123,0.0304,0.007
1730000091300,49980,0.0205,-1.0115,0.0711,-0.0167,0.0198,0.0164
1730000091310,49820,0.0107,-1.002,0.0688,-0.0037,0.0136,-0.0101
1730000091320,49741,0.0007,-0.9784,0.1061,-0.0021,-0.0022,-0.0056
1730000091330,49725,0.0154,-0.9681,0.0816,0.0091,-0.0345,0.0008
1730000091340,49749,0.0243,-0.9803,0.0856,-0.0193,0.001,-0.0112
1730000091350,49794,0.0146,-0.9999,0.0815,-0.012,0.007,-0.0164
1730000091360,49848,0.0194,-0.9789,0.0775,0.0129,0.005,0.0207
1730000091370,49899,0.0097,-1.0077,0.0715,-0.0097,0.016,0.0015
1730000091380,49941,0.0145,-0.9909,0.0856,-0.0169,-0.0192,0.0036
1730000091390,49966,0.0181,-0.9647,0.0753,-0.0155,-0.0087,-0.0196
1730000091400,49972,0.0181,-0.9781,0.0813,0.0054,-0.0097,-0.0085
1730000091410,49958,0.0208,-0.9889,0.089,0.0107,0.0133,0.0073
1730000091420,49927,0.0031,-0.9822,0.1015,-0.0077,-0.0337,-0.006
1730000091430,49884,0.0183,-0.9816,0.0994,0.0044,0.0135,0.0029
1730000091440,49836,0.0243,-0.9661,0.0851,0.0028,0.0412,-0.0152
1730000091450,49789,0.0222,-0.9722,0.0817,-0.0097,0.0148,0.004
1730000091460,49747,0.0287,-0.9805,0.0773,-0.0027,-0.0148,0.0045
1730000091470,49714,0.0208,-1.001,0.0864,-0.0043,-0.001,-0.0069
1730000091480,49690,0.0334,-0.9787,0.084,-0.0313,-0.0032,-0.0114
1730000091490,49674,0.0219,-0.9884,0.0722,-0.0234,-0.0125,-0.0005
1730000091500,49665,0.0281,-0.9659,0.0794,0.0269,-0.0097,0.0165
1730000091510,49662,0.0084,-0.997,0.0616,0.0208,0.0266,-0.0173
1730000091520,49662,0.0315,-0.9994,0.054,0.0116,0.0079,-0.0004
1730000091530,49664,0.0265,-0.9938,0.0688,0.0167,0.0298,-0.0073
1730000091540,49668,0.0351,-0.9899,0.07,-0.0064,0.0244,0.004
1730000091550,49673,0.0171,-0.9762,0.0735,0.0293,-0.0041,0.0034
1730000091560,49678,0.0199,-1.004,0.0823,0.0221,0.025,-0.0181
1730000091570,49684,-0.0035,-0.9749,0.0978,-0.0093,0.0056,-0.0104
1730000091580,49689,0.0084,-0.9953,0.0764,0.0337,0.0,0.015
1730000091590,49695,0.0118,-1.0055,0.0828,-0.0185,0.0057,-0.0122
1730000091600,49701,0.0371,-1.0048,0.069,0.0038,-0.0001,-0.0059
1730000091610,49706,0.0228,-0.9832,0.0987,0.0062,-0.0198,0.0038
1730000091620,49712,0.0145,-0.9879,0.0728,0.0069,0.0059,-0.0026
1730000091630,49718,0.022,-0.9511,0.0874,-0.0139,-0.0112,0.0006
1730000091640,49724,0.022,-0.9723,0.0947,-0.0407,-0.0103,0.0015
1730000091650,49730,0.0272,-0.9685,0.0831,-0.0182,-0.0442,-0.0114
1730000091660,49736,0.0202,-0.9988,0.0676,-0.0184,0.0141,-0.0026
1730000091670,49742,0.025,-1.007,0.0871,-0.0036,0.0115,0.0067
1730000091680,49749,0.0084,-0.9755,0.0636,-0.0251,-0.0229,-0.0026
1730000091690,49755,0.0138,-0.9638,0.0726,0.0142,-0.014,-0.0174
1730000091700,49761,0.0227,-0.9693,0.0763,-0.0264,-0.025,-0.0051
1730000091710,49767,0.0285,-0.9764,0.0644,-0.008,0.0302,-0.0163
1730000091720,49774,0.0294,-0.9943,0.0812,-0.0268,-0.0044,-0.0037
1730000091730,49780,0.0154,-1.0054,0.0861,0.0179,0.0114,-0.0089
1730000091740,49787,0.0148,-0.9979,0.0824,0.0195,0.0243,-0.009
1730000091750,49793,0.0087,-0.9347,0.0647,-0.0309,-0.0195,-0.0035
1730000091760,49800,0.031,-0.9859,0.0778,-0.0027,0.014,0.0041
1730000091770,49806,0.0449,-0.9876,0.0702,0.0048,-0.0216,0.0086
1730000091780,49813,0.0263,-0.9961,0.0814,0.0058,-0.0138,-0.0183
1730000091790,49820,0.0317,-0.9846,0.0729,0.0217,0.0054,-0.0239
1730000091800,49826,0.0153,-0.981,0.0867,0.0043,-0.032,-0.0035
1730000091810,49833,0.018,-1.0179,0.08,-0.0098,-0.0164,-0.0122
1730000091820,49840,0.0268,-0.963,0.0853,-0.0409,0.0122,0.0078
1730000091830,49847,0.026,-1.0228,0.0976,-0.0204,-0.0102,0.0031
1730000091840,49854,0.0361,-0.9791,0.0821,0.02,-0.0295,-0.0072
1730000091850,49862,0.0115,-0.994,0.0966,-0.0156,0.0096,0.0027
1730000091860,49872,0.0199,-0.9909,0.0933,-0.0023,0.0336,0.0011
1730000091870,49889,0.0066,-1.0167,0.07,-0.0518,0.0383,0.0027
1730000091880,49926,0.0163,-0.9583,0.0642,0.026,-0.0171,-0.0022
1730000091890,50001,0.0182,-1.0219,0.0871,0.0134,0.0148,0.0098
1730000091900,50144,0.0194,-1.0072,0.0635,-0.0026,-0.0231,0.0034
1730000091910,50377,0.0136,-0.9924,0.0851,-0.0158,0.0163,-0.0016
1730000091920,50694,0.0211,-0.9758,0.071,0.0027,0.0002,-0.0046
1730000091930,51041,0.0182,-0.9737,0.0913,0.005,-0.0256,0.0091
1730000091940,51319,0.0264,-0.9507,0.0711,-0.0012,-0.0015,0.0143
1730000091950,51432,0.0187,-1.0288,0.0633,-0.0285,0.003,-0.0103
1730000091960,51338,0.0143,-0.9855,0.0651,0.0172,0.0169,-0.011
1730000091970,51079,0.0312,-0.9941,0.084,0.0193,-0.0165,0.021
1730000091980,50753,0.0205,-0.9908,0.0779,0.0104,-0.007,-0.006
1730000091990,50461,0.0382,-1.0292,0.0909,-0.0075,0.0046,-0.003
1730000092000,50260,0.011,-0.9987,0.0842,0.0083,0.0186,0.0181
1730000092010,50159,0.017,-0.984,0.0867,0.0051,-0.0124,0.0002
1730000092020,50135,0.0138,-0.9497,0.0786,-0.0045,-0.0006,-0.0044
1730000092030,50161,0.0176,-0.9729,0.0592,0.018,0.0096,-0.0004
1730000092040,50213,0.0328,-1.0306,0.0888,-0.0062,0.0208,0.0068
1730000092050,50274,0.009,-0.9316,0.0731,-0.013,-0.0273,0.0017
1730000092060,50331,0.0184,-0.9718,0.0719,-0.0062,0.0012,-0.0078
1730000092070,50375,0.0127,-0.9669,0.0719,-0.0052,0.0098,0.0106
1730000092080,50398,0.0166,-0.9908,0.0758,-0.0232,0.0042,0.0022
1730000092090,50398,0.0166,-1.0004,0.0854,-0.0411,0.0026,0.0181
1730000092100,50376,0.0358,-0.9697,0.0807,-0.0214,0.0073,-0.0194
1730000092110,50337,0.0338,-0.9654,0.0818,0.0288,0.0025,0.0
1730000092120,50288,0.0355,-0.981,0.0849,-0.0108,-0.0008,-0.0035
1730000092130,50239,0.0253,-0.96,0.0816,0.0079,0.0134,-0.008
1730000092140,50194,0.0334,-0.9657,0.0929,0.0248,0.0331,0.0094
1730000092150,50159,0.0214,-0.9476,0.08,0.0151,0.0025,0.0057
1730000092160,50134,0.0231,-0.9721,0.0712,-0.0103,0.0146,-0.0042
1730000092170,50119,0.03,-0.992,0.0866,-0.0107,-0.0092,-0.0045
1730000092180,50112,0.0328,-0.9926,0.0968,-0.007,-0.0103,0.0138
1730000092190,50110,0.0383,-0.9686,0.071,0.0113,-0.002,0.0145
1730000092200,50113,0.0171,-0.96,0.1,-0.003,0.0129,0.0046
1730000092210,50117,0.0203,-0.9741,0.0862,-0.0191,-0.0,-0.0137
1730000092220,50123,0.0175,-1.0008,0.084,-0.0614,-0.0353,-0.0112
1730000092230,50130,0.0267,-0.9752,0.0751,-0.013,-0.0057,0.0021
1730000092240,50136,0.0168,-0.9758,0.0931,-0.0292,0.0009,0.0017
1730000092250,50143,0.0303,-1.0187,0.0915,0.0479,0.0169,-0.0053
1730000092260,50150,-0.0008,-0.991,0.0818,0.0117,-0.0057,0.0116
1730000092270,50157,0.0285,-1.0114,0.0847,-0.0041,-0.0037,0.0054
1730000092280,50163,0.0339,-0.9744,0.071,-0.0046,-0.0233,0.0045
1730000092290,50170,0.0121,-0.9753,0.0724,0.0161,0.0345,-0.0235
1730000092300,50177,0.0274,-0.969,0.0964,-0.0329,0.0079,-0.0073
1730000092310,50183,0.0203,-1.013,0.0783,-0.0002,0.0087,-0.0091
1730000092320,50190,0.0041,-0.9505,0.0988,0.0032,-0.0206,-0.0093
1730000092330,50197,-0.0018,-0.951,0.0707,0.0018,0.0018,-0.0005
1730000092340,50203,0.0253,-0.9693,0.0853,0.0422,0.0037,-0.005
1730000092350,50210,0.0057,-0.9533,0.0787,-0.0219,0.0218,-0.0081
1730000092360,50216,-0.0022,-0.9733,0.0915,0.0132,0.0059,0.0135
1730000092370,50223,0.0035,-0.9567,0.0832,-0.0123,-0.0159,-0.0085
1730000092380,50229,0.0396,-0.9656,0.0953,0.0242,0.0143,0.016
1730000092390,50235,0.0331,-0.9297,0.0898,0.0082,-0.0094,0.0007
1730000092400,50241,0.0249,-0.9939,0.0736,0.032,0.0464,0.0057
1730000092410,50248,0.0056,-0.9487,0.0793,0.017,0.0053,-0.0037
1730000092420,50254,0.0048,-0.9534,0.0822,-0.0434,0.0389,0.0078
1730000092430,50260,0.0277,-0.9865,0.0805,-0.0295,0.0241,-0.0089
1730000092440,50266,0.0205,-0.9258,0.1002,0.0054,0.012,-0.0055
1730000092450,50272,-0.0014,-0.9407,0.0619,0.0126,-0.0357,0.0198
1730000092460,50278,0.0104,-0.9972,0.0755,-0.0093,-0.005,-0.003
1730000092470,50284,0.0199,-0.9653,0.0832,0.0066,0.0405,0.0146
1730000092480,50290,0.0228,-0.9684,0.0772,-0.0143,-0.0193,0.0115
1730000092490,50295,0.0179,-0.9792,0.0755,-0.02,0.0127,0.0031
1730000092500,50301,0.0274,-0.9508,0.0891,0.0127,-0.0245,-0.0152
1730000092510,50307,-0.0094,-0.9868,0.0779,-0.0227,-0.0062,-0.0009
1730000092520,50315,0.015,-0.9644,0.0784,0.0213,-0.0077,-0.0236
1730000092530,50327,0.032,-0.974,0.0679,-0.0194,0.0075,0.0115
1730000092540,50351,0.009,-0.936,0.0776,0.0256,0.0285,0.0233
1730000092550,50401,0.0189,-1.0019,0.0669,0.0317,-0.0149,0.0028
1730000092560,50499,0.0243,-0.9321,0.0841,0.0008,-0.0138,-0.0039
1730000092570,50672,0.0229,-0.983,0.0867,-0.0062,-0.0297,-0.0127
1730000092580,50931,0.009,-0.9663,0.0838,0.0376,-0.0006,-0.011
1730000092590,51254,0.0112,-0.9777,0.0689,0.0121,0.0007,0.0033
1730000092600,51576,0.0337,-0.9736,0.0856,-0.0193,0.0061,-0.0035
1730000092610,51804,0.0113,-0.9619,0.0794,-0.0177,-0.0001,-0.0201
1730000092620,51860,0.0147,-0.9993,0.0684,0.0457,-0.0147,0.0029
1730000092630,51727,0.0004,-0.9723,0.0821,0.0021,0.035,-0.0121
1730000092640,51457,0.0219,-0.9419,0.0767,-0.0069,0.0278,-0.0202
1730000092650,51140,0.0142,-0.963,0.0608,-0.0089,0.0069,-0.0128
1730000092660,50864,0.0309,-0.9393,0.0831,-0.0052,-0.0036,-0.0023
1730000092670,50675,0.0152,-0.9428,0.0782,-0.0095,-0.0087,0.0172
1730000092680,50577,0.0201,-0.9797,0.0814,-0.0416,-0.0088,0.0065
1730000092690,50551,0.0138,-0.9143,0.0833,0.0025,0.0132,-0.0165
1730000092700,50572,0.0341,-0.9841,0.0829,-0.0242,-0.0103,-0.0075
1730000092710,50617,0.0299,-0.9386,0.0903,0.0285,-0.012,-0.004
1730000092720,50673,0.0175,-0.9633,0.0895,0.0097,-0.0052,-0.0105
1730000092730,50726,0.0331,-0.9818,0.0795,-0.0356,-0.0459,0.0167
1730000092740,50768,0.0218,-0.9866,0.0854,0.004,0.0081,-0.0023
1730000092750,50793,0.0157,-0.9673,0.063,0.0149,-0.0081,-0.0019
1730000092760,50796,0.0343,-0.9846,0.0792,0.0103,0.0134,-0.0033
1730000092770,50778,0.0221,-0.9693,0.0766,0.0044,-0.0077,0.0046
1730000092780,50742,0.0201,-0.9481,0.0727,-0.0289,-0.016,0.0028
1730000092790,50695,0.0436,-0.9778,0.0733,0.014,0.0096,0.0095
1730000092800,50643,0.0169,-1.0036,0.0866,0.0081,0.0151,0.0003
1730000092810,50594,0.0263,-0.9733,0.0725,-0.0096,0.0444,0.0032
1730000092820,50552,0.0224,-1.0123,0.0715,0.0613,-0.0146,0.0051
1730000092830,50519,0.0155,-0.9751,0.0728,-0.0129,0.0094,-0.0017
1730000092840,50495,0.0219,-0.9635,0.0815,0.0031,0.044,-0.0105
1730000092850,50480,0.0181,-0.9508,0.0724,-0.0182,0.0074,-0.0111
1730000092860,50471,0.0281,-0.9568,0.069,-0.0094,-0.0172,0.0098
1730000092870,50467,0.0549,-0.9494,0.0818,-0.0008,-0.0204,0.0035
1730000092880,50466,0.0145,-0.9334,0.0657,-0.0006,-0.001,-0.0239
1730000092890,50466,0.0162,-0.9624,0.0766,-0.0033,0.0092,-0.0206
1730000092900,50468,0.018,-0.9388,0.0849,0.016,0.0265,0.0019
1730000092910,50470,0.0338,-0.9672,0.0899,-0.0141,-0.0034,-0.0052
1730000092920,50472,0.0344,-0.9741,0.0838,0.0032,-0.0236,-0.0062
1730000092930,50474,0.0193,-0.9552,0.0861,0.0066,0.0195,-0.0176
1730000092940,50476,0.0115,-0.9744,0.0533,-0.0143,-0.0265,-0.0244
1730000092950,50478,0.0214,-0.965,0.0858,0.0177,-0.0201,-0.0029
1730000092960,50480,0.0067,-0.9739,0.0739,0.0314,0.0371,0.0035
1730000092970,50482,0.0183,-0.9876,0.0879,-0.001,0.0039,-0.0146
1730000092980,50483,0.0311,-0.9521,0.0888,0.0041,-0.0022,-0.0104
1730000092990,50485,0.0316,-0.9869,0.07,0.0041,0.0073,0.0065
1730000093000,50486,0.0117,-0.9766,0.0767,0.0275,-0.0058,-0.0165
1730000093010,50488,0.0177,-0.9549,0.0876,0.0116,-0.0054,0.004
1730000093020,50489,0.0154,-0.9779,0.0754,-0.0155,0.0066,-0.0024
1730000093030,50490,0.028,-0.9667,0.0882,-0.0073,-0.0194,-0.0074
1730000093040,50491,0.0274,-0.9604,0.0776,-0.0124,0.0085,0.0017
1730000093050,50492,0.0184,-0.9531,0.0894,-0.0155,0.0123,-0.0095
1730000093060,50493,-0.0037,-0.9849,0.0925,0.0126,0.0061,-0.0049
1730000093070,50494,0.0039,-0.961,0.0879,-0.0253,0.0249,-0.0057
1730000093080,50494,0.0157,-0.9877,0.082,0.004,-0.0166,-0.0006
1730000093090,50495,-0.0012,-0.9535,0.0904,0.0016,-0.0076,0.0085
1730000093100,50495,0.0078,-0.987,0.0668,0.0093,-0.0019,0.0003
1730000093110,50496,0.0082,-0.9737,0.0821,-0.0058,0.0311,-0.0145
1730000093120,50496,0.0076,-0.9919,0.0833,-0.0133,-0.0097,0.0192
1730000093130,50496,0.0189,-0.9498,0.0838,0.0124,-0.0162,-0.0059
1730000093140,50496,0.018,-0.9849,0.0826,0.0025,0.0016,0.0109
1730000093150,50496,0.0133,-1.0223,0.085,0.022,0.0277,0.0109
1730000093160,50496,0.0154,-0.9663,0.0838,-0.0085,0.0082,-0.0231
1730000093170,50496,0.0259,-0.9993,0.0945,-0.021,-0.0187,0.0007
1730000093180,50495,0.0025,-0.9859,0.0777,-0.0188,0.0421,0.0077
1730000093190,50495,0.0213,-0.9721,0.0842,0.0227,0.0038,-0.0147
1730000093200,50495,0.0279,-0.9882,0.0825,0.0365,0.0316,-0.0039
1730000093210,50497,0.0239,-0.9329,0.0817,-0.0068,-0.0112,0.022
1730000093220,50505,0.0421,-0.9936,0.09,-0.0036,-0.0069,0.0048
1730000093230,50526,0.0085,-0.9756,0.0886,0.0087,0.0102,-0.002
1730000093240,50576,0.0269,-0.9705,0.077,-0.0033,-0.0021,-0.0114
1730000093250,50679,0.0339,-0.9608,0.0735,-0.0362,-0.0121,0.0049
1730000093260,50856,0.0176,-0.9637,0.0771,0.004,-0.0056,0.0083
1730000093270,51117,0.0044,-0.9674,0.0556,-0.0031,-0.0285,0.0001
1730000093280,51433,0.0184,-0.9721,0.079,-0.0047,0.0107,-0.0009
1730000093290,51737,0.0331,-0.9436,0.077,-0.0127,0.0209,-0.006
1730000093300,51940,0.0196,-0.9313,0.0739,0.0091,0.0033,-0.0141
1730000093310,51973,0.0288,-0.9909,0.0885,0.0356,0.0099,-0.0184
1730000093320,51823,0.0049,-0.9498,0.0987,0.023,0.0153,-0.0173
1730000093330,51545,0.0064,-0.9366,0.0672,-0.0331,-0.0209,0.0053
1730000093340,51227,0.0098,-0.9409,0.0909,0.0158,-0.0108,-0.0009
1730000093350,50950,0.0366,-0.9837,0.0553,0.0108,-0.031,0.0067
1730000093360,50758,0.0231,-0.9583,0.1039,-0.0218,0.0184,0.0012
1730000093370,50655,0.0119,-0.9601,0.0906,-0.0013,0.0064,-0.0015
1730000093380,50622,0.0253,-0.9466,0.0761,-0.0003,-0.0158,-0.0054
1730000093390,50634,0.0284,-0.9723,0.0601,0.0138,0.0113,-0.0076
1730000093400,50671,0.0304,-0.9497,0.0848,0.056,0.0012,-0.0012
1730000093410,50719,0.0232,-0.9896,0.0844,-0.0042,0.0021,0.0038
1730000093420,50765,-0.0065,-0.9928,0.0823,-0.0125,-0.025,0.0121
1730000093430,50802,0.004,-0.9743,0.0937,0.0031,0.0217,0.014
1730000093440,50821,0.0124,-0.9525,0.0909,-0.0038,-0.0308,0.0203
1730000093450,50821,0.0127,-0.9657,0.0847,-0.0235,-0.0144,-0.0142
1730000093460,50799,0.0058,-0.9817,0.098,0.0101,-0.0347,0.0065
1730000093470,50760,0.0251,-0.9827,0.0872,-0.0413,-0.0151,-0.0075
1730000093480,50708,0.0178,-0.9622,0.0701,-0.0048,0.0163,0.0019
1730000093490,50650,0.0326,-0.9897,0.062,-0.0055,0.0369,-0.0148
1730000093500,50594,0.035,-0.9806,0.0873,-0.0034,-0.0396,0.0033
1730000093510,50544,0.0095,-0.9765,0.0788,-0.0213,-0.0236,-0.0119
1730000093520,50502,0.0137,-0.9801,0.081,0.0403,0.0223,0.0125
1730000093530,50470,0.0273,-0.9449,0.0925,0.0017,0.0117,-0.0256
1730000093540,50446,0.0231,-0.961,0.1007,-0.0223,0.0174,-0.0127
1730000093550,50429,0.0082,-1.0237,0.0801,0.0096,-0.0197,-0.0149
1730000093560,50417,0.0178,-0.9901,0.0889,-0.0487,0.0315,-0.0123
1730000093570,50409,0.02,-0.9544,0.0674,-0.0528,0.0059,-0.0013
1730000093580,50402,0.0331,-0.9487,0.0889,0.0229,-0.0156,0.0027
1730000093590,50396,0.0011,-0.9437,0.0918,-0.0198,0.0449,0.0036
1730000093600,50392,0.0127,-0.975,0.0901,0.0031,0.0044,0.0079
1730000093610,50387,0.0258,-0.9684,0.0738,-0.0209,-0.0184,-0.01
1730000093620,50382,0.0255,-0.9686,0.0691,0.0308,-0.0019,0.0037
1730000093630,50378,0.0136,-0.9552,0.0963,-0.0099,0.0094,-0.0037
1730000093640,50373,0.0202,-0.9926,0.0863,-0.007,0.0197,-0.0038
1730000093650,50368,0.02,-0.9679,0.0822,-0.0231,0.0108,-0.0044
1730000093660,50363,0.0161,-1.0318,0.0879,0.0259,-0.0058,-0.0104
1730000093670,50358,0.0077,-1.0238,0.0851,0.0249,0.0123,0.0065
1730000093680,50353,0.0177,-0.9848,0.0681,0.0036,-0.0302,-0.0054
1730000093690,50348,0.0398,-0.9876,0.0867,-0.0095,0.0008,0.0103
1730000093700,50343,0.0228,-0.9799,0.0706,0.0216,-0.013,0.0026
1730000093710,50338,0.0182,-0.9747,0.0897,-0.0081,-0.0224,-0.0161
1730000093720,50333,0.0317,-0.9801,0.0854,0.006,0.0085,-0.0002
1730000093730,50328,0.0167,-0.9683,0.0573,-0.0172,0.0248,0.0118
1730000093740,50322,0.0117,-0.9774,0.0846,-0.004,0.0283,0.0127
1730000093750,50317,0.0273,-0.9293,0.0804,0.001,-0.0003,-0.0118
1730000093760,50311,0.0312,-1.0114,0.0741,0.0211,0.0402,0.0187
1730000093770,50306,0.0233,-0.9967,0.0853,-0.0349,0.0061,0.0175
1730000093780,50300,0.0154,-0.9551,0.0719,0.0084,-0.0262,0.0026
1730000093790,50294,0.0232,-0.9839,0.0819,0.0015,0.0156,-0.0039
1730000093800,50288,0.0088,-0.9554,0.0787,-0.0181,0.0206,0.0165
1730000093810,50283,0.0202,-0.9816,0.0767,-0.0091,-0.0165,0.0019
1730000093820,50277,0.0158,-0.9701,0.0977,-0.0036,-0.0116,0.0245
1730000093830,50271,0.0137,-0.9725,0.0778,-0.0051,0.0051,0.0045
1730000093840,50265,0.0208,-0.9566,0.0678,-0.0266,0.0308,0.0169
1730000093850,50259,0.0116,-0.9889,0.0753,-0.0402,-0.0132,-0.0038
1730000093860,50252,0.0193,-0.977,0.0811,-0.0157,-0.0295,0.0094
1730000093870,50246,0.0322,-0.9966,0.109,-0.03,0.006,-0.0022
1730000093880,50240,0.0265,-0.9907,0.0966,-0.0107,-0.0197,-0.0072
1730000093890,50234,0.0278,-1.0058,0.0924,-0.0104,-0.0076,0.0051
1730000093900,50228,0.0493,-0.9735,0.1034,-0.002,-0.0019,0.0213
1730000093910,50224,0.0078,-1.009,0.0705,0.0296,0.0168,0.0031
1730000093920,50224,0.0235,-0.9974,0.0953,-0.0146,-0.0519,-0.0094
1730000093930,50234,0.0225,-0.9835,0.0804,-0.01,-0.0276,-0.0018
1730000093940,50267,0.0062,-0.9647,0.0698,0.0065,-0.003,0.0091
1730000093950,50340,0.0211,-0.9988,0.0793,0.0301,-0.0235,-0.0033
1730000093960,50475,0.0175,-0.9764,0.0795,0.04,0.0421,0.0109
1730000093970,50686,0.0267,-1.0088,0.0712,0.0077,0.0121,0.0111
1730000093980,50965,0.026,-0.9662,0.0735,-0.0384,0.024,0.0019
1730000093990,51267,0.0244,-1.0251,0.0785,-0.0044,-0.0307,0.0117
1730000094000,51520,0.0171,-0.9736,0.0832,-0.0083,-0.0167,0.0222
1730000094010,51648,-0.0008,-0.9891,0.0754,0.0111,0.0241,-0.0029
1730000094020,51608,0.0126,-0.9764,0.0724,-0.0042,-0.0198,0.0194
1730000094030,51412,0.0103,-0.9651,0.0695,0.0046,0.0094,0.0126
1730000094040,51121,0.0243,-0.9665,0.0662,-0.0043,0.0246,0.0059
1730000094050,50815,0.0226,-0.97,0.0777,0.006,-0.0171,-0.0071
1730000094060,50559,0.0156,-0.9779,0.0835,0.0173,0.0151,-0.0018
1730000094070,50383,0.0296,-0.9646,0.0834,-0.0067,-0.0005,-0.0082
1730000094080,50288,0.0103,-0.9442,0.0964,0.0012,-0.0005,-0.0048
1730000094090,50255,0.0202,-1.0095,0.1015,-0.0043,-0.0212,0.0094
1730000094100,50263,0.0469,-0.9784,0.0829,0.0483,-0.0394,-0.0162
1730000094110,50293,0.0237,-1.0061,0.0855,-0.009,0.0091,-0.0115
1730000094120,50334,0.0216,-0.9667,0.0992,0.018,-0.0276,0.0003
1730000094130,50375,0.0205,-0.9846,0.0906,-0.0294,-0.0152,-0.0202
1730000094140,50407,0.0151,-0.9477,0.0683,0.0058,-0.0049,-0.0205
1730000094150,50425,0.0285,-0.992,0.0742,0.0295,0.0098,-0.0016
1730000094160,50425,0.0103,-0.9469,0.0921,-0.0364,0.0058,0.0053
1730000094170,50406,0.0218,-0.9854,0.0827,0.006,0.0103,0.0068
1730000094180,50369,0.0207,-1.0203,0.0742,0.0348,0.0041,0.0037
1730000094190,50319,0.0179,-0.9916,0.0662,0.0077,-0.0126,0.0076
1730000094200,50262,0.0,-0.9653,0.0655,0.0048,-0.0143,0.0032
1730000094210,50203,0.022,-0.9651,0.0709,0.0029,0.0227,0.0009
1730000094220,50148,0.0272,-1.0103,0.083,-0.0366,-0.0045,-0.0227
1730000094230,50099,0.0158,-0.9455,0.0898,0.0057,-0.001,0.0046
1730000094240,50060,0.0256,-1.0053,0.082,0.0262,-0.0199,0.0164
1730000094250,50028,0.0207,-1.0155,0.0815,-0.0204,0.0054,0.0061
1730000094260,50004,0.0293,-0.9911,0.0807,0.0183,-0.0163,-0.0065
1730000094270,49986,0.0271,-0.9675,0.0657,-0.0054,-0.005,0.0076
1730000094280,49973,0.0155,-0.9891,0.0835,0.0228,0.0221,-0.0054
1730000094290,49962,0.0144,-1.0146,0.0767,0.0037,-0.0095,-0.0066
1730000094300,49952,0.0162,-0.9587,0.075,0.0043,0.0148,0.0072
1730000094310,49944,0.0342,-1.0155,0.0597,0.0118,-0.0427,0.0122
1730000094320,49937,0.0207,-0.966,0.095,-0.0633,0.0234,0.0115
1730000094330,49929,0.0107,-0.99,0.0888,0.0238,0.0131,-0.0119
1730000094340,49922,0.0071,-0.9878,0.0693,-0.0092,-0.0179,0.0165
1730000094350,49915,0.0212,-1.0036,0.0631,-0.0124,0.02,-0.0117
1730000094360,49908,0.0203,-0.986,0.0919,0.01,-0.0008,-0.0102
1730000094370,49901,0.0233,-0.9862,0.0864,-0.0039,0.0241,0.0056
1730000094380,49894,0.0052,-0.9435,0.0816,0.0327,-0.0139,0.0158
1730000094390,49887,0.042,-1.0287,0.0774,-0.0346,0.0043,-0.0029
1730000094400,49880,0.0329,-0.9802,0.0796,-0.008,-0.0032,0.0204
1730000094410,49873,0.016,-0.9991,0.0658,0.0148,0.0073,0.0104
1730000094420,49866,0.0291,-1.0175,0.0806,0.015,-0.0104,-0.0079
1730000094430,49859,0.0143,-0.9694,0.0623,0.0003,0.0045,-0.0036
1730000094440,49852,0.0101,-0.9612,0.0606,0.0227,0.002,-0.0016
1730000094450,49845,0.032,-0.9164,0.0729,0.009,0.0151,-0.0012
1730000094460,49838,0.0302,-0.9706,0.0744,-0.0058,-0.0042,-0.0058
1730000094470,49832,-0.0059,-0.9783,0.0623,-0.0133,0.001,-0.015
1730000094480,49825,0.0117,-1.0032,0.0808,-0.0252,-0.0054,0.0046
1730000094490,49818,0.0354,-0.973,0.078,-0.0342,-0.0257,0.0043
1730000094500,49812,0.0116,-0.9413,0.0696,0.0013,0.0143,0.0191
1730000094510,49805,0.0067,-0.9916,0.0704,-0.0012,0.0106,0.0042
1730000094520,49798,0.0295,-0.9873,0.0892,-0.0204,0.0115,-0.0066
1730000094530,49792,0.0193,-0.9581,0.0721,-0.0352,0.0059,0.0005
1730000094540,49785,0.0114,-0.9305,0.0643,0.0146,-0.0186,-0.0076
1730000094550,49779,0.0176,-1.0009,0.081,-0.0199,0.0197,-0.0033
1730000094560,49772,0.0274,-1.0115,0.0928,0.0098,-0.0384,0.0041
1730000094570,49766,0.0266,-0.958,0.0628,-0.0467,0.0038,-0.0134
1730000094580,49760,0.0295,-1.0078,0.0584,-0.0072,0.0195,-0.0133
1730000094590,49753,0.0185,-0.9936,0.0744,0.005,0.0235,-0.0058
1730000094600,49747,0.0244,-0.9591,0.0621,0.0089,0.0017,-0.0061
1730000094610,49741,0.0091,-0.9791,0.0929,-0.0294,-0.0133,-0.003
1730000094620,49736,-0.0023,-0.9877,0.0805,-0.0128,0.0168,-0.0066
1730000094630,49733,0.0113,-0.9789,0.0669,-0.0289,-0.0068,-0.0026
1730000094640,49737,0.0217,-1.013,0.077,-0.0362,-0.0204,0.0007
1730000094650,49759,0.0388,-0.9981,0.0608,0.0372,-0.011,-0.0121
1730000094660,49819,-0.0045,-1.0027,0.0675,0.0048,-0.0017,0.0161
1730000094670,49945,0.0164,-0.9601,0.0884,0.0275,0.0083,0.0062
1730000094680,50161,0.016,-0.9578,0.0841,-0.0245,-0.0019,-0.0161
1730000094690,50463,0.0102,-0.9802,0.0828,0.0124,0.021,-0.0121
1730000094700,50798,0.0356,-0.9619,0.0702,0.0025,0.0203,0.0086
1730000094710,51070,0.008,-0.9542,0.0742,0.0019,0.0111,0.0142
1730000094720,51178,0.0096,-1.0197,0.0802,0.028,0.0313,0.0094
1730000094730,51079,0.0286,-0.9685,0.0766,0.0005,0.0366,-0.0009
1730000094740,50812,0.0218,-1.0201,0.084,-0.0171,0.023,0.0095
1730000094750,50474,0.0258,-0.9763,0.0703,-0.0155,-0.0273,-0.0053
1730000094760,50166,0.0252,-0.9896,0.0785,-0.0009,0.0262,0.0223
1730000094770,49949,0.0065,-1.0139,0.0868,-0.0082,0.0134,-0.001
1730000094780,49832,0.0343,-0.9828,0.0621,-0.0053,0.0104,-0.0046
1730000094790,49795,0.0291,-0.9832,0.0993,-0.015,0.0022,0.0027
1730000094800,49807,0.0189,-0.9964,0.0721,0.0241,0.0173,0.0022
1730000094810,49847,0.0147,-1.0006,0.0942,-0.022,0.0247,0.0138
1730000094820,49895,-0.0047,-0.9706,0.0723,0.0127,-0.0338,-0.0013
1730000094830,49941,0.0191,-0.9858,0.0801,-0.0091,-0.0056,-0.016
1730000094840,49973,0.0212,-0.9758,0.087,-0.005,-0.0076,-0.0078
1730000094850,49985,0.0268,-1.0073,0.0836,0.0053,0.0015,-0.001
1730000094860,49974,0.0353,-1.0091,0.0712,0.0021,-0.022,-0.0052
1730000094870,49941,0.0257,-1.0051,0.0853,-0.0142,0.0297,-0.0054
1730000094880,49891,0.0226,-0.9805,0.0901,-0.0056,-0.0214,0.0088
1730000094890,49831,0.0155,-0.9731,0.084,0.0087,-0.0422,-0.0116
1730000094900,49770,0.0139,-0.9873,0.0778,0.0054,0.0079,0.0019
1730000094910,49714,0.0326,-1.0063,0.0862,-0.0387,-0.011,-0.0161
1730000094920,49667,0.0044,-0.9787,0.083,-0.0272,-0.0016,-0.0087
1730000094930,49631,0.0262,-1.0136,0.0768,-0.0203,0.0219,-0.0071
1730000094940,49605,0.015,-1.0173,0.0908,-0.0205,-0.009,-0.0093
1730000094950,49587,0.0222,-0.9658,0.0713,0.0089,0.0141,0.004
1730000094960,49575,0.0212,-0.9984,0.0749,-0.0315,-0.0268,0.0043
1730000094970,49567,0.0207,-0.974,0.0817,-0.0303,-0.0202,0.0022
1730000094980,49561,0.024,-0.9956,0.0689,0.001,-0.0058,-0.0024
1730000094990,49556,0.0273,-0.9857,0.0912,0.0336,0.0394,0.015
1730000095000,49552,0.0197,-1.013,0.0772,-0.023,0.0066,0.0012
1730000095010,49549,0.0247,-1.006,0.0552,0.0034,0.0046,-0.0021
1730000095020,49546,0.0132,-1.0235,0.0806,-0.0058,0.0048,-0.0072
1730000095030,49542,0.0226,-1.0389,0.0804,-0.0115,-0.0075,0.0102
1730000095040,49540,0.0088,-0.985,0.0767,-0.0394,-0.0084,0.0032
1730000095050,49537,0.0118,-0.9971,0.067,0.0116,0.0109,0.0074
1730000095060,49534,0.0186,-0.98,0.0765,-0.01,-0.0031,-0.0002
1730000095070,49531,0.0207,-1.0111,0.0779,0.0014,-0.0324,-0.007
1730000095080,49529,0.0235,-0.9598,0.0962,-0.0036,0.011,-0.0005
1730000095090,49526,-0.0008,-0.9567,0.0862,-0.0096,0.0088,0.0017
1730000095100,49524,0.0112,-1.025,0.0814,0.0403,0.0297,0.0118
1730000095110,49521,0.0167,-0.9736,0.0801,-0.0218,-0.0107,-0.0046
1730000095120,49519,0.028,-1.0244,0.0647,-0.0067,-0.0107,0.0085
1730000095130,49517,0.0149,-0.9943,0.0831,0.0102,-0.0114,-0.01
1730000095140,49515,0.0263,-0.9711,0.0848,0.019,-0.0065,0.0008
1730000095150,49513,0.0286,-1.0175,0.0947,0.0014,0.0171,0.0109
1730000095160,49511,0.0221,-1.013,0.0908,-0.0046,-0.0092,-0.0034
1730000095170,49510,0.0405,-0.9979,0.0789,-0.0145,-0.0154,0.0004
1730000095180,49508,0.0325,-0.9979,0.0855,0.0039,0.0029,-0.0095
1730000095190,49507,0.0338,-1.0223,0.0783,0.0175,-0.03,-0.0005
1730000095200,49505,0.0222,-1.0219,0.0968,-0.0092,-0.0104,-0.0075
1730000095210,49504,0.0129,-1.0362,0.0888,-0.0038,0.0096,-0.0024
1730000095220,49503,0.0223,-0.9952,0.0684,0.0379,-0.0089,-0.0069
1730000095230,49502,0.0165,-1.0027,0.0872,-0.0111,0.0064,0.0007
1730000095240,49501,0.024,-0.9341,0.0776,0.0074,0.0301,-0.0062
1730000095250,49500,0.0053,-1.0033,0.0783,0.0056,-0.0013,-0.0109
1730000095260,49499,0.017,-0.9467,0.0687,0.004,-0.0023,0.0106
1730000095270,49498,0.0223,-1.0438,0.0801,-0.0299,-0.0221,0.0108
1730000095280,49498,0.0273,-1.0219,0.0899,-0.0028,0.0009,0.0177
1730000095290,49499,0.011,-0.9712,0.0757,-0.0462,-0.002,0.0104
1730000095300,49502,-0.0012,-0.9981,0.081,-0.0138,-0.0038,-0.0145
1730000095310,49512,0.017,-1.0284,0.0811,-0.0047,-0.0037,0.0044
1730000095320,49539,0.0134,-1.0016,0.0851,-0.0133,-0.0092,0.0117
1730000095330,49597,0.0172,-1.0156,0.0785,0.0012,0.0408,0.0001
1730000095340,49710,0.0287,-0.9878,0.0913,0.0317,-0.0041,0.0184
1730000095350,49897,0.0215,-1.0003,0.0862,0.0224,-0.0095,-0.0052
1730000095360,50162,0.0175,-0.9792,0.0808,0.0029,-0.0045,0.022
1730000095370,50474,0.0215,-1.0077,0.0739,-0.0423,-0.0097,-0.0155
1730000095380,50767,0.0315,-1.0162,0.0807,-0.0085,0.0171,-0.0056
1730000095390,50960,0.0273,-0.9984,0.0769,-0.0122,-0.041,0.0132
1730000095400,50989,0.0014,-0.9841,0.0783,0.0191,0.0298,0.0055
1730000095410,50846,0.0265,-1.0114,0.086,-0.0101,-0.0361,-0.0106
1730000095420,50581,0.0087,-0.9717,0.0861,0.0395,0.0137,-0.0062
1730000095430,50274,0.0121,-0.9932,0.0846,0.0262,-0.0129,-0.0191
1730000095440,50002,0.0228,-0.9648,0.0798,0.0148,-0.0054,-0.0081
1730000095450,49808,0.0284,-0.9917,0.0757,-0.0264,0.0019,0.0086
1730000095460,49700,0.0241,-0.9898,0.0862,-0.0115,0.0143,0.0011
1730000095470,49662,0.0267,-0.9861,0.0873,0.0145,-0.0205,-0.0108
1730000095480,49671,0.0113,-0.9537,0.083,0.0008,-0.0454,0.0031
1730000095490,49708,0.0254,-0.9841,0.078,0.015,0.0165,0.0026
1730000095500,49757,0.0104,-1.0236,0.0923,-0.0185,0.0189,0.0112
1730000095510,49808,0.0183,-1.007,0.0815,0.0266,0.0186,-0.0031
1730000095520,49851,0.0276,-0.9456,0.0949,0.0159,0.0315,-0.0005
1730000095530,49881,0.0415,-0.9956,0.077,-0.0038,-0.0149,-0.0112
1730000095540,49893,0.0024,-0.9674,0.0788,-0.0064,-0.0384,-0.0032
1730000095550,49885,0.0141,-1.011,0.0814,-0.0166,-0.0178,-0.0037
1730000095560,49858,0.0328,-0.9731,0.0686,0.022,-0.0158,0.0051
1730000095570,49818,0.0226,-0.968,0.069,-0.004,-0.0096,0.0063
1730000095580,49769,0.0141,-0.9992,0.0935,0.0004,-0.0015,-0.0199
1730000095590,49719,0.0244,-0.9788,0.1005,-0.0193,-0.0147,0.0188
1730000095600,49673,0.0257,-1.0199,0.0786,0.0238,-0.0369,-0.0159
1730000095610,49634,0.0152,-1.0052,0.0802,-0.0279,0.0099,-0.0038
1730000095620,49603,0.0416,-0.9698,0.0766,0.0074,0.0284,-0.0085
1730000095630,49582,0.0277,-1.0236,0.0718,-0.0138,-0.0062,0.0033
1730000095640,49568,0.0219,-0.9862,0.0749,0.004,0.0068,0.0081
1730000095650,49561,0.0107,-1.0078,0.0935,-0.0153,0.0197,0.0059
1730000095660,49557,0.0229,-0.9781,0.0646,-0.0194,-0.0033,-0.0127
1730000095670,49557,0.0193,-0.9822,0.085,0.0086,-0.0035,0.0003
1730000095680,49558,0.0333,-0.9903,0.074,-0.0049,-0.0257,0.0027
1730000095690,49561,0.0109,-0.9789,0.0805,-0.024,0.0169,0.0178
1730000095700,49564,0.0265,-0.9581,0.0887,0.0026,0.0115,-0.0191
1730000095710,49567,0.0237,-0.9775,0.0911,-0.0043,0.0155,0.0102
1730000095720,49571,0.0166,-1.0013,0.083,-0.0089,0.0133,0.0047
1730000095730,49575,0.0115,-1.0293,0.0503,-0.0453,0.0174,0.0003
1730000095740,49579,0.0134,-0.9694,0.0837,0.0382,-0.0038,-0.0092
1730000095750,49583,0.0226,-1.0352,0.0752,-0.0178,0.0186,-0.0204
1730000095760,49587,0.0311,-0.9513,0.0766,-0.0153,0.0257,0.009
1730000095770,49591,0.0259,-0.9812,0.0703,0.0194,0.0282,-0.0193
1730000095780,49595,0.0285,-0.9939,0.0805,0.0407,-0.0166,0.0141
1730000095790,49599,0.0422,-0.9807,0.0753,0.0346,-0.0082,0.0027
1730000095800,49604,0.0115,-0.9603,0.0757,-0.0048,-0.0168,-0.0133
1730000095810,49608,0.0318,-0.9778,0.0769,-0.0184,-0.0297,-0.0002
1730000095820,49613,0.0214,-1.0162,0.0781,-0.0361,-0.004,0.0147
1730000095830,49618,0.0213,-0.9857,0.0858,0.008,-0.0401,0.0007
1730000095840,49622,0.01,-0.9622,0.0886,0.0274,0.0065,-0.0122
1730000095850,49627,0.0229,-0.9985,0.0751,-0.0072,-0.0038,0.0103
1730000095860,49632,0.0275,-1.038,0.0801,-0.0126,-0.0208,-0.004
1730000095870,49637,0.0195,-0.9978,0.0825,-0.0261,-0.0153,-0.0102
1730000095880,49642,0.0254,-0.9984,0.0841,-0.0295,0.0052,-0.0105
1730000095890,49647,0.0183,-1.0202,0.0809,-0.0098,-0.0022,-0.0056
1730000095900,49652,0.0228,-0.9747,0.0922,0.0174,-0.008,-0.0054
1730000095910,49657,0.0121,-1.0098,0.0682,0.0364,0.016,0.0078
1730000095920,49663,0.0173,-0.9911,0.0659,0.0188,-0.0074,0.0028
1730000095930,49668,0.0075,-0.9605,0.0867,-0.0052,-0.0063,-0.0074
1730000095940,49673,0.0046,-1.0199,0.0812,-0.0159,0.001,0.0128
1730000095950,49679,0.0191,-0.9944,0.094,-0.0153,-0.0134,-0.0082
1730000095960,49684,0.0251,-0.9977,0.067,-0.0128,0.0119,0.0065
1730000095970,49690,0.021,-0.927,0.0779,0.0011,-0.0164,0.004
1730000095980,49696,0.029,-0.9708,0.0938,-0.0127,-0.0234,-0.0025
1730000095990,49702,0.0237,-0.9722,0.101,-0.0246,-0.0276,-0.003
1730000096000,49708,0.0207,-1.0291,0.093,-0.0161,0.0229,0.0039
1730000096010,49716,0.0269,-0.9847,0.0774,0.0061,0.0332,0.0045
1730000096020,49728,0.0084,-0.9853,0.0742,0.0029,0.0095,-0.0032
1730000096030,49751,0.0307,-0.9732,0.0789,0.0201,0.0003,-0.002
1730000096040,49798,0.0139,-0.9695,0.0771,-0.0109,-0.0046,-0.0143
1730000096050,49888,0.0398,-0.9722,0.0646,0.0061,0.0202,0.0008
1730000096060,50045,0.0207,-1.0147,0.0721,0.0099,0.0301,0.0124
1730000096070,50283,0.0331,-0.9767,0.0773,-0.0153,0.0116,-0.002
1730000096080,50587,0.0331,-0.9311,0.0822,-0.0514,0.0007,0.0005
1730000096090,50908,0.0288,-0.9761,0.0973,-0.0248,0.025,-0.0013
1730000096100,51164,0.0167,-1.0088,0.0794,0.0091,0.0305,-0.0051
1730000096110,51276,0.018,-0.9781,0.0851,-0.039,0.0148,-0.0023
1730000096120,51208,0.0329,-0.9871,0.0827,-0.0065,0.0207,-0.0031
1730000096130,50988,0.0171,-0.9835,0.0781,0.0338,-0.0222,0.0036
1730000096140,50691,0.035,-1.0236,0.0766,0.0327,0.0075,-0.0005
1730000096150,50401,0.0202,-0.9851,0.0685,-0.0306,-0.0074,0.0131
1730000096160,50178,0.0191,-1.0133,0.0723,-0.034,0.0025,0.0101
1730000096170,50042,0.0161,-0.9687,0.0809,-0.021,-0.0368,-0.0019
1730000096180,49985,0.0259,-0.9775,0.0875,0.0479,0.0137,-0.0051
1730000096190,49985,0.0152,-0.973,0.0816,0.0045,0.0199,-0.0045
1730000096200,50019,0.0136,-0.9494,0.0829,0.0183,-0.0001,0.0026
1730000096210,50071,0.004,-0.9725,0.0818,-0.0118,-0.0074,-0.0043
1730000096220,50128,0.0088,-0.9568,0.0887,0.0013,0.0161,0.0109
1730000096230,50180,0.022,-0.9827,0.0918,-0.0133,-0.0044,0.0086
1730000096240,50220,0.0223,-0.9561,0.0795,0.0088,-0.0343,0.0079
1730000096250,50243,0.0286,-1.0006,0.0963,-0.0302,-0.0087,-0.0377
1730000096260,50245,0.0156,-0.9324,0.0945,-0.0048,0.0249,-0.0025
1730000096270,50228,0.012,-0.9825,0.0736,0.0089,-0.0084,0.0059
1730000096280,50195,0.0309,-0.9586,0.0786,0.0011,-0.0024,-0.0212
1730000096290,50153,0.0339,-0.9477,0.0886,0.0172,-0.0259,-0.0054
1730000096300,50106,0.0205,-0.9971,0.0941,-0.0345,-0.01,0.0225
1730000096310,50063,0.0066,-1.0026,0.0898,0.0135,-0.0083,0.0038
1730000096320,50026,0.0206,-0.9907,0.0641,0.0157,0.0237,-0.0088
1730000096330,49997,-0.0096,-0.9678,0.0759,-0.0024,-0.0061,-0.0131
1730000096340,49978,0.0299,-0.9257,0.0834,-0.0234,0.017,-0.0019
1730000096350,49967,0.0099,-0.964,0.0888,-0.0017,0.0125,0.0031
1730000096360,49962,0.0204,-0.9601,0.0965,0.0048,0.0022,-0.0068
1730000096370,49962,0.0156,-0.9659,0.0929,-0.0012,-0.0632,0.0092
1730000096380,49965,0.0202,-0.9942,0.0848,-0.0088,0.0072,-0.009
1730000096390,49970,0.0156,-0.9389,0.0959,0.0075,0.0143,0.0111
1730000096400,49976,0.0199,-0.9641,0.0623,-0.0034,-0.0067,0.0084
1730000096410,49982,0.0101,-0.9278,0.0851,-0.0072,0.0185,0.0108
1730000096420,49989,0.0212,-0.9414,0.0732,-0.0259,0.004,0.0095
1730000096430,49996,0.0249,-0.9867,0.0812,0.0168,0.0225,-0.0007
1730000096440,50003,0.0447,-0.9668,0.0813,-0.0192,-0.0286,0.017
1730000096450,50010,0.0004,-0.9894,0.0641,-0.0306,-0.0215,0.0034
1730000096460,50018,0.0202,-0.9842,0.0792,-0.0114,-0.0048,0.0125
1730000096470,50025,0.0309,-0.9715,0.0745,-0.0207,0.0014,0.012
1730000096480,50032,0.0113,-0.9792,0.0778,0.0214,0.0222,0.0051
1730000096490,50039,0.0039,-1.0061,0.0899,0.0046,0.0015,0.0128
1730000096500,50046,0.0024,-0.9746,0.0709,0.0052,0.0085,0.0014
1730000096510,50053,0.028,-0.9538,0.0665,-0.0073,-0.0199,-0.0084
1730000096520,50060,0.0255,-0.9755,0.0775,-0.0383,-0.0001,0.0144
1730000096530,50067,0.0373,-0.9801,0.0849,0.0214,-0.0094,-0.009
1730000096540,50075,0.0096,-0.9846,0.0811,-0.0416,0.0086,-0.0101
1730000096550,50082,0.0226,-0.9837,0.0872,-0.0336,0.0327,0.0087
1730000096560,50089,-0.0043,-0.9716,0.0731,-0.0027,-0.0089,0.0147
1730000096570,50096,0.0115,-0.9576,0.0557,0.0117,-0.0074,-0.0018
1730000096580,50103,0.0252,-0.9192,0.1004,-0.0007,0.0187,-0.0061
1730000096590,50110,0.0006,-0.9828,0.1145,-0.0039,-0.01,-0.0015
1730000096600,50117,0.0242,-0.9419,0.0813,0.0172,0.0449,0.0032
1730000096610,50124,0.0209,-0.9627,0.0762,-0.0189,-0.0173,-0.0035
1730000096620,50131,0.0219,-0.9746,0.0927,-0.0131,0.0266,-0.007
1730000096630,50137,0.0184,-0.979,0.0835,-0.0322,0.0089,0.0108
1730000096640,50144,0.0225,-1.0004,0.0759,0.021,0.0136,-0.0027
1730000096650,50151,0.02,-0.9526,0.0748,-0.0275,-0.0421,0.008
1730000096660,50158,0.0199,-0.9576,0.0789,0.0466,-0.0292,0.0156
1730000096670,50165,0.0237,-0.9801,0.0747,0.0112,-0.0022,0.0061
1730000096680,50171,0.0065,-0.9915,0.075,0.013,0.0002,0.0014
1730000096690,50178,0.0146,-0.965,0.061,-0.028,0.0339,-0.0086
1730000096700,50185,0.0308,-0.9502,0.075,0.007,-0.0436,0.0139
1730000096710,50192,0.0266,-0.9513,0.0864,-0.0159,0.0323,-0.0022
1730000096720,50200,0.0221,-0.9756,0.0786,-0.0005,0.0001,0.0021
1730000096730,50210,0.0222,-0.9661,0.0954,0.004,0.0127,0.0074
1730000096740,50229,0.0235,-0.9358,0.0776,-0.0162,-0.0157,0.0021
1730000096750,50264,0.0232,-0.9729,0.0819,0.0298,-0.0509,0.0026
1730000096760,50332,0.0225,-0.94,0.0651,0.0164,-0.0123,-0.0063
1730000096770,50454,0.0201,-0.9485,0.0877,-0.0122,0.0017,-0.0089
1730000096780,50647,0.0289,-0.9645,0.0723,0.0131,0.0035,-0.0061
1730000096790,50914,0.0318,-0.9836,0.0867,0.0251,0.0155,0.0039
1730000096800,51226,0.0255,-0.9433,0.0668,0.0419,-0.0079,0.0027
1730000096810,51520,0.0261,-0.9707,0.0705,-0.0034,-0.0099,-0.0201
1730000096820,51719,0.0045,-0.9337,0.0715,0.008,-0.0014,0.0012
1730000096830,51761,0.028,-0.9634,0.0787,-0.006,0.0053,0.0099
1730000096840,51637,0.0166,-0.9574,0.0835,-0.0321,0.0485,-0.002
1730000096850,51390,0.0326,-0.9665,0.091,0.0025,0.0131,0.002
1730000096860,51095,0.0187,-0.9681,0.0846,0.009,0.029,-0.0047
1730000096870,50826,0.025,-0.9823,0.0569,0.0135,-0.0087,0.0064
1730000096880,50628,0.0133,-0.9952,0.0799,-0.0176,0.0059,-0.0037
1730000096890,50512,0.0241,-0.9502,0.078,-0.0018,-0.0237,-0.0248
1730000096900,50468,0.0104,-0.9347,0.07,0.0113,0.007,0.0091
1730000096910,50473,0.0199,-0.9923,0.0782,0.0017,-0.0009,0.0011
1730000096920,50508,0.0173,-0.9657,0.0764,0.0172,-0.0193,0.0144
1730000096930,50558,0.0159,-0.9867,0.1055,0.0002,0.0211,-0.0042
1730000096940,50611,0.0216,-0.9354,0.0721,-0.002,-0.0332,-0.0037
1730000096950,50661,0.0107,-0.9576,0.0926,-0.0117,0.02,0.003
1730000096960,50698,0.0227,-0.9536,0.0833,-0.0067,-0.0265,0.002
1730000096970,50719,0.0138,-0.9842,0.0712,0.0115,0.0184,0.009
1730000096980,50721,0.0364,-0.9589,0.0582,-0.0234,-0.0049,0.0024
1730000096990,50704,-0.0006,-0.9839,0.0903,0.0012,-0.0031,0.012
1730000097000,50672,0.0242,-0.9816,0.0819,-0.0038,0.0009,-0.0008
1730000097010,50630,0.024,-0.9635,0.0917,0.0116,-0.0018,0.0101
1730000097020,50583,0.0054,-0.9688,0.0964,0.0131,-0.0062,-0.0014
1730000097030,50538,0.0227,-0.9816,0.0775,0.0007,-0.0151,0.0045
1730000097040,50498,0.0059,-0.9505,0.0637,-0.0153,0.0128,0.0064
1730000097050,50466,0.0283,-0.9759,0.0785,-0.0197,-0.0185,-0.0097
1730000097060,50442,0.0142,-0.9726,0.0688,-0.0089,-0.0135,0.0045
1730000097070,50426,0.0025,-0.9915,0.0873,0.0136,-0.0373,-0.0075
1730000097080,50417,0.0076,-0.9519,0.0694,-0.0374,-0.001,-0.0041
1730000097090,50412,0.0249,-0.9872,0.0723,-0.009,0.0224,0.0026
1730000097100,50411,0.0144,-0.9758,0.0735,0.0161,-0.003,0.0107
1730000097110,50413,0.0017,-0.9752,0.0813,-0.002,-0.0184,0.0124
1730000097120,50415,0.0269,-0.9842,0.0707,0.0246,0.0205,-0.0069
1730000097130,50418,0.0251,-0.9765,0.082,0.0206,0.0142,0.0199
1730000097140,50422,0.0197,-0.9322,0.0846,0.0064,-0.0208,-0.0042
1730000097150,50425,0.0079,-0.957,0.0791,-0.0163,-0.0106,-0.0055
1730000097160,50429,0.021,-0.9905,0.0791,-0.0099,-0.022,-0.0085
1730000097170,50432,-0.0005,-0.9552,0.0895,0.0269,0.0244,0.0045
1730000097180,50436,0.0135,-0.9871,0.1008,0.0452,-0.0068,0.0092
1730000097190,50439,0.0099,-0.9739,0.0843,-0.0197,-0.0226,-0.0085
1730000097200,50442,0.0212,-0.9281,0.0685,0.0172,-0.0428,0.0161
1730000097210,50446,0.0156,-0.9666,0.07,0.0168,0.0166,0.0024
1730000097220,50449,0.009,-0.9678,0.0828,0.0205,0.0342,0.0013
1730000097230,50452,0.0054,-0.9637,0.0818,0.0029,-0.0125,-0.0006
1730000097240,50455,0.0146,-0.9534,0.0769,0.0119,-0.015,0.0054
1730000097250,50457,0.0251,-0.9626,0.0663,-0.0319,-0.0492,-0.0066
1730000097260,50460,0.0139,-0.9946,0.0663,0.0409,-0.0296,-0.0104
1730000097270,50463,0.0084,-0.9774,0.0856,-0.0158,0.0177,-0.0071
1730000097280,50465,0.0215,-0.9638,0.0666,0.0065,-0.0251,-0.006
1730000097290,50468,0.0096,-0.9838,0.0791,0.0106,-0.0049,0.0028
1730000097300,50470,0.0251,-0.9992,0.0866,0.0117,0.0257,0.0022
1730000097310,50472,0.0121,-0.9831,0.0768,-0.0064,0.0151,0.0015
1730000097320,50474,0.0223,-0.982,0.1064,-0.0034,-0.0217,0.0077
1730000097330,50476,0.0357,-0.9642,0.0754,-0.0236,-0.0173,0.0094
1730000097340,50478,0.0112,-0.9814,0.0824,-0.0267,0.0299,0.0002
1730000097350,50480,0.0224,-0.9896,0.0678,0.0039,0.0051,-0.0076
1730000097360,50482,0.0123,-0.9981,0.0675,-0.0373,0.0488,0.0081
1730000097370,50484,0.012,-0.9771,0.0823,0.0216,-0.0193,0.0143
1730000097380,50485,0.0334,-0.9389,0.0946,-0.0103,-0.0265,0.0042
1730000097390,50487,0.0132,-0.9859,0.0766,-0.0368,0.0007,0.0136
1730000097400,50488,0.0245,-0.9632,0.0897,0.0232,-0.0066,-0.0016
1730000097410,50489,0.0171,-0.9861,0.0879,0.0142,-0.0267,-0.0059
1730000097420,50490,0.0302,-0.9648,0.0789,0.005,0.0337,-0.0124
1730000097430,50491,0.0175,-0.977,0.0877,0.0094,0.0221,-0.016
1730000097440,50493,0.0231,-0.9895,0.0837,0.0052,-0.0045,0.0002
1730000097450,50495,0.0283,-0.9492,0.08,-0.0331,-0.0133,0.0057
1730000097460,50501,0.0308,-0.9543,0.0813,0.0072,0.0045,-0.0127
1730000097470,50515,0.0121,-0.9766,0.0698,-0.0204,0.0328,0.0136
1730000097480,50549,0.019,-0.9541,0.0824,-0.0082,-0.0131,0.0049
1730000097490,50621,0.0055,-0.9734,0.0767,0.0081,0.0156,0.0081
1730000097500,50752,-0.005,-0.9555,0.0855,0.016,-0.0231,0.0085
1730000097510,50961,0.0388,-0.9939,0.0671,0.0243,-0.0083,-0.0027
1730000097520,51243,0.0142,-0.9506,0.0883,0.0342,0.03,0.0213
1730000097530,51558,0.0032,-0.9487,0.0717,0.0029,0.0073,-0.0127
1730000097540,51832,0.0256,-0.9953,0.0656,0.0258,0.0253,0.0101
1730000097550,51984,0.0334,-0.9598,0.0742,0.0018,-0.0065,0.0051
1730000097560,51963,0.0082,-0.9353,0.0833,-0.0078,0.001,-0.0004
1730000097570,51779,0.013,-0.9492,0.0667,-0.0167,0.015,-0.0071
1730000097580,51492,0.0093,-0.9394,0.0864,-0.0414,0.0201,-0.0007
1730000097590,51186,0.0166,-0.9752,0.0812,0.0206,0.0141,0.0071
1730000097600,50931,0.0346,-0.9405,0.0821,0.0137,0.0096,-0.0021
1730000097610,50760,0.0308,-0.958,0.0809,-0.0257,-0.0026,0.0002
1730000097620,50671,0.0135,-0.9681,0.0909,-0.0028,-0.0399,-0.0085
1730000097630,50645,0.0238,-0.9774,0.0749,-0.0079,0.0304,0.0212
1730000097640,50661,0.0294,-0.9358,0.0898,0.0042,-0.0084,-0.0109
1730000097650,50700,0.0264,-0.9473,0.0938,-0.0211,0.0225,-0.0067
1730000097660,50747,0.0325,-0.9968,0.0822,0.0188,-0.0261,0.0098
1730000097670,50794,0.0169,-0.9903,0.08,0.045,0.0077,0.031
1730000097680,50831,0.0139,-0.9766,0.0967,-0.0387,-0.0026,-0.0236
1730000097690,50853,0.0295,-0.9484,0.0636,-0.017,-0.0159,-0.0053
1730000097700,50855,0.0109,-0.9848,0.0775,-0.0181,-0.0198,-0.0001
1730000097710,50837,0.0277,-0.9637,0.0664,0.0152,-0.0023,0.0022
1730000097720,50802,0.0309,-0.9795,0.0719,-0.0362,0.0106,-0.001
1730000097730,50754,0.0334,-0.98,0.064,0.0163,0.0291,0.0172
1730000097740,50700,0.0266,-1.0146,0.0833,0.0063,-0.0285,0.0101
1730000097750,50646,-0.0001,-0.902,0.0873,0.0231,-0.0108,0.0039
1730000097760,50597,0.0203,-0.961,0.0835,-0.0232,0.015,0.0109
1730000097770,50555,0.0249,-0.9654,0.0593,-0.0059,-0.0242,-0.0057
1730000097780,50522,0.0042,-0.9815,0.0806,0.0126,0.0105,0.0146
1730000097790,50497,0.0203,-0.9786,0.0954,-0.0003,0.0174,0.0124
1730000097800,50480,0.008,-0.9694,0.0755,-0.0089,0.006,0.0217
1730000097810,50467,0.0163,-0.9478,0.0859,-0.0248,0.0439,0.0111
1730000097820,50459,0.0267,-0.9956,0.0916,0.0046,-0.0198,0.0098
1730000097830,50453,0.0127,-0.969,0.0785,-0.0047,0.0072,0.0021
1730000097840,50448,0.0142,-0.9741,0.079,0.0247,0.0,-0.0166
1730000097850,50444,0.0187,-1.0022,0.0616,-0.0106,-0.0131,0.002
1730000097860,50441,0.0116,-0.9977,0.0828,0.0127,0.0201,-0.0113
1730000097870,50437,0.0418,-0.9644,0.0549,-0.0032,-0.0074,0.0004
1730000097880,50434,0.0071,-0.9924,0.0898,0.0055,0.0026,0.0061
1730000097890,50430,0.0172,-1.0162,0.0845,0.0365,-0.0139,-0.0237
1730000097900,50427,0.0048,-0.9802,0.0728,0.0211,-0.0058,0.0012
1730000097910,50423,0.0207,-0.9596,0.0966,-0.0048,-0.0122,-0.0141
1730000097920,50419,0.0241,-0.9616,0.0697,0.0122,0.0457,-0.006
1730000097930,50415,0.0342,-0.9826,0.0831,-0.0045,0.0154,-0.006
1730000097940,50411,0.01,-0.9598,0.075,0.0063,-0.0087,-0.0147
1730000097950,50407,0.011,-0.9609,0.0583,-0.0532,-0.0073,0.0209
1730000097960,50403,0.036,-0.9584,0.0932,-0.0001,-0.0062,-0.0124
1730000097970,50399,0.032,-0.9867,0.072,0.0261,-0.0034,-0.0057
1730000097980,50395,0.0266,-0.9961,0.0672,-0.0334,0.0079,-0.0001
1730000097990,50390,0.0296,-0.9953,0.0595,-0.0264,0.0176,-0.0132
1730000098000,50386,0.0288,-0.9669,0.0871,-0.0027,0.0198,0.0182
1730000098010,50381,0.0235,-0.9827,0.0801,-0.0215,-0.0067,0.017
1730000098020,50377,0.0148,-0.9732,0.0742,0.0217,0.0039,0.0049
1730000098030,50372,0.0192,-0.961,0.0669,0.0149,-0.0337,0.0042
1730000098040,50367,0.0289,-0.9615,0.0727,0.0015,-0.0126,0.0008
1730000098050,50362,0.026,-0.9876,0.0786,0.0044,-0.0114,-0.0158
1730000098060,50358,0.0157,-0.9865,0.0897,0.0291,0.0005,-0.0031
1730000098070,50353,0.0056,-0.9572,0.0798,-0.0117,0.0207,-0.0138
1730000098080,50347,0.0092,-0.9811,0.0856,-0.0213,-0.0209,0.0028
1730000098090,50342,0.0133,-0.9867,0.0576,-0.0026,0.0085,-0.026
1730000098100,50337,-0.0002,-0.9918,0.0946,0.0038,-0.0204,0.0114
1730000098110,50332,0.0079,-0.9869,0.0901,-0.002,0.0394,-0.0062
1730000098120,50327,0.0359,-0.9672,0.0771,0.0164,-0.0121,0.0022
1730000098130,50321,0.0303,-1.0001,0.0665,-0.0253,0.0219,0.0064
1730000098140,50316,0.0104,-0.9699,0.0823,-0.0033,0.0013,0.0205
1730000098150,50310,0.0169,-0.9845,0.0851,0.0295,0.0325,-0.0182
1730000098160,50306,0.0292,-0.999,0.086,-0.0108,-0.0209,-0.0043
1730000098170,50303,0.0084,-0.9963,0.0919,0.0106,0.0004,-0.0123
1730000098180,50307,0.0152,-0.9887,0.0777,0.0172,-0.0161,-0.0051
1730000098190,50326,0.0221,-0.9802,0.0829,-0.0018,0.0033,0.0008
1730000098200,50376,-0.0037,-1.0056,0.0838,0.022,0.0309,-0.028
1730000098210,50481,0.0346,-1.0017,0.0868,-0.0031,0.0171,0.0099
1730000098220,50661,0.0082,-0.9728,0.0537,0.015,0.0094,0.012
1730000098230,50921,0.0227,-0.9811,0.0714,-0.001,0.0074,-0.0025
1730000098240,51232,0.0296,-0.9467,0.0888,0.0062,-0.0258,0.0054
1730000098250,51524,0.0186,-0.9608,0.0854,0.0066,-0.0088,0.0043
1730000098260,51711,0.0228,-0.9921,0.0817,-0.0204,-0.0121,0.0099
1730000098270,51727,0.0077,-0.9828,0.0748,0.0074,0.0013,-0.0115
1730000098280,51566,0.0248,-0.9524,0.0633,-0.0146,0.0035,0.0059
1730000098290,51283,0.0266,-0.9643,0.0872,-0.0128,0.0084,0.0053
1730000098300,50964,0.0151,-0.9774,0.0729,0.0146,-0.0029,-0.0042
1730000098310,50687,0.0237,-1.0182,0.0962,-0.0271,-0.0122,0.0004
1730000098320,50493,0.0366,-0.9928,0.0603,0.0012,0.0183,0.001
1730000098330,50387,0.016,-1.0172,0.0763,0.0083,0.014,-0.002
1730000098340,50349,0.0304,-0.9557,0.0905,0.0514,0.0115,0.0132
1730000098350,50356,0.0118,-1.0174,0.0727,0.0221,-0.0278,0.0116
1730000098360,50389,0.0275,-0.9936,0.0672,-0.0171,-0.0046,0.0306
1730000098370,50432,0.0195,-0.9857,0.0717,0.008,0.0009,0.0103
1730000098380,50474,0.025,-0.9929,0.0826,0.0032,0.0221,0.0001
1730000098390,50507,0.0133,-0.9962,0.075,0.011,0.0048,-0.01
1730000098400,50524,0.0041,-0.9957,0.0829,0.0229,-0.0085,-0.0032
1730000098410,50521,0.0175,-0.9957,0.0883,-0.0017,-0.0072,0.0127
1730000098420,50498,0.0271,-0.9997,0.0748,0.0085,-0.0237,0.0008
1730000098430,50456,0.0229,-1.0163,0.0917,-0.0217,-0.0298,0.0041
1730000098440,50402,0.0073,-1.0309,0.0646,-0.014,0.0173,-0.0259
1730000098450,50342,0.0253,-1.0227,0.0981,-0.0018,-0.0463,0.0124
1730000098460,50283,0.0128,-0.9634,0.0818,-0.0039,0.0102,-0.0261
1730000098470,50229,0.0235,-1.022,0.106,-0.0005,-0.0131,-0.01
1730000098480,50183,0.0287,-0.9948,0.0738,0.0004,0.0043,-0.0167
1730000098490,50146,0.0089,-0.9584,0.0774,-0.0203,0.0243,0.0064
1730000098500,50118,0.0273,-1.0007,0.0994,-0.0098,-0.0351,0.0044
1730000098510,50097,0.028,-0.9856,0.0771,0.0123,0.0079,-0.0052
1730000098520,50081,0.0242,-1.0013,0.087,0.006,-0.039,0.0015
1730000098530,50069,0.0362,-0.9786,0.077,-0.0053,0.0075,0.0171
1730000098540,50059,0.0069,-0.9832,0.0832,-0.0083,-0.0124,0.0043
1730000098550,50050,0.0252,-0.9539,0.0783,-0.03,0.0058,0.0059
1730000098560,50043,0.0221,-0.9456,0.0727,-0.0011,-0.0192,-0.0111
1730000098570,50035,0.0079,-0.9705,0.095,0.0214,0.0112,0.0128
1730000098580,50028,0.0224,-0.985,0.0958,-0.0265,-0.0012,0.0016
1730000098590,50021,0.0268,-0.9642,0.0842,0.0222,0.0093,-0.0025
1730000098600,50013,0.0167,-1.0079,0.0699,0.0209,-0.001,0.0054
1730000098610,50006,0.0174,-0.9688,0.0656,-0.0256,-0.0016,-0.0187
1730000098620,49999,0.0324,-0.9956,0.0659,-0.0151,-0.0044,0.0025
1730000098630,49992,0.0284,-0.9562,0.0797,0.0174,-0.0116,0.0075
1730000098640,49985,0.0193,-0.9705,0.0758,-0.0176,-0.0071,-0.0296
1730000098650,49978,0.0119,-1.0208,0.0844,0.0091,-0.0193,0.01
1730000098660,49970,0.0223,-0.9994,0.0801,-0.0038,0.0205,-0.0034
1730000098670,49963,0.0427,-1.0191,0.0606,-0.057,-0.0107,-0.0014
1730000098680,49956,0.0122,-0.9976,0.0952,0.025,-0.0087,-0.0044
1730000098690,49949,0.0096,-0.9741,0.0711,0.0154,-0.0408,-0.0002
1730000098700,49942,0.0256,-0.9879,0.0749,0.0125,-0.0095,-0.0024
1730000098710,49935,0.0186,-0.9997,0.0894,-0.0306,-0.016,0.0074
1730000098720,49928,0.0029,-0.9826,0.0939,0.0005,-0.0181,-0.0067
1730000098730,49921,0.0134,-1.0144,0.0794,-0.048,-0.0075,-0.0025
1730000098740,49914,0.0372,-0.9811,0.0693,-0.0002,0.0182,-0.0013
1730000098750,49907,0.0273,-1.0292,0.0852,0.016,-0.0243,0.0049
1730000098760,49899,0.0292,-0.9903,0.089,-0.0224,0.0081,0.0204
1730000098770,49892,0.0297,-1.018,0.0946,-0.0171,-0.0113,0.0133
1730000098780,49885,0.0281,-1.0013,0.0899,-0.0207,0.0212,0.0032
1730000098790,49879,0.0186,-1.0066,0.0631,-0.0053,-0.0219,0.0028
1730000098800,49872,0.0209,-0.9828,0.0851,0.0124,0.0011,-0.0102
1730000098810,49865,0.0043,-1.0147,0.0962,-0.0026,-0.0016,0.0107
1730000098820,49858,0.0143,-0.9869,0.0751,0.0203,-0.0172,0.0031
1730000098830,49851,0.011,-1.0084,0.0752,0.0009,0.0038,-0.0012
1730000098840,49844,0.0077,-0.9883,0.0724,-0.0173,-0.0264,-0.0134
1730000098850,49837,0.0304,-1.0175,0.0776,-0.0147,0.0298,-0.0114
1730000098860,49831,0.0244,-0.9748,0.0906,0.0077,-0.0259,-0.0061
1730000098870,49827,0.0072,-0.9723,0.073,-0.047,0.007,0.0018
1730000098880,49828,0.0375,-0.9913,0.0892,-0.0296,-0.0264,0.011
1730000098890,49843,0.0225,-1.0271,0.0884,-0.0001,0.0132,0.0118
1730000098900,49886,0.0147,-0.9976,0.077,-0.0185,0.03,0.0209
1730000098910,49980,0.0373,-0.9889,0.0739,0.0192,-0.0441,-0.0053
1730000098920,50150,0.0402,-0.9937,0.0843,0.0034,-0.032,0.0114
1730000098930,50403,0.0182,-1.0064,0.1031,-0.003,-0.0085,0.0093
1730000098940,50715,0.0188,-0.9951,0.078,0.0259,0.0335,0.0015
1730000098950,51018,0.0172,-1.0069,0.0906,-0.0172,0.0366,-0.0158
1730000098960,51220,0.0347,-0.9928,0.084,-0.0472,0.017,-0.0155
1730000098970,51251,0.018,-0.9755,0.0744,-0.0251,-0.0023,-0.0227
1730000098980,51098,0.0327,-1.0065,0.086,0.0307,0.0036,0.0088
1730000098990,50814,0.0256,-0.9863,0.0756,0.0073,0.0123,-0.0013
1730000099000,50491,0.0238,-1.0038,0.0797,-0.0335,-0.0145,-0.0071
1730000099010,50209,0.0228,-1.0025,0.0788,-0.0401,-0.0008,-0.014
1730000099020,50013,0.0233,-0.961,0.075,0.0258,-0.0229,0.0
1730000099030,49906,0.0066,-1.0274,0.0774,-0.0102,-0.0041,-0.006
1730000099040,49870,0.0236,-0.9883,0.093,-0.0175,0.008,-0.0013
1730000099050,49880,0.0077,-1.0036,0.0685,-0.022,-0.0256,-0.0033
1730000099060,49915,0.0274,-0.9577,0.0759,-0.0049,0.0217,-0.0058
1730000099070,49960,0.0342,-0.9916,0.0738,-0.0027,0.0298,-0.0218
1730000099080,50003,0.0263,-0.9732,0.0907,0.0105,-0.0226,-0.0049
1730000099090,50036,0.0219,-0.9869,0.0901,0.0089,0.0068,0.0073
1730000099100,50053,0.0258,-0.9635,0.0735,0.0104,-0.0188,-0.0113
1730000099110,50049,0.0129,-1.0245,0.0846,0.0299,0.0038,-0.0
1730000099120,50023,0.0355,-0.9731,0.0738,0.0069,-0.0048,-0.0052
1730000099130,49981,0.024,-0.9936,0.0929,0.0388,-0.0355,-0.0042
1730000099140,49926,0.0231,-1.0166,0.0796,0.0023,-0.0477,-0.0022
1730000099150,49866,0.0084,-0.9911,0.0804,0.0213,0.0293,0.0173
1730000099160,49809,0.0174,-1.0135,0.0734,-0.008,-0.0228,-0.0152
1730000099170,49757,0.024,-0.9709,0.0855,-0.0092,-0.0433,0.015
1730000099180,49715,0.0173,-1.0278,0.0718,-0.0118,-0.0052,0.0133
1730000099190,49682,0.0131,-0.9846,0.0934,0.034,0.0069,0.007
1730000099200,49658,0.0106,-1.0,0.0797,0.0136,-0.0187,-0.0053
1730000099210,49640,0.0088,-1.0045,0.0763,0.0292,0.003,-0.0016
1730000099220,49628,0.0081,-0.9888,0.1071,0.0003,0.0076,0.0216
1730000099230,49619,0.0218,-0.9787,0.0991,-0.0045,0.0234,0.005
1730000099240,49612,0.0328,-0.9911,0.0745,0.0191,-0.004,0.0018
1730000099250,49607,0.0087,-0.9616,0.0638,-0.0353,0.022,-0.0027
1730000099260,49602,0.0011,-0.9761,0.0913,-0.0004,-0.0042,-0.0033
1730000099270,49597,0.0292,-0.997,0.0601,0.0079,-0.0145,0.0134
1730000099280,49593,0.0062,-0.9785,0.0651,0.0207,-0.0162,-0.0006
1730000099290,49588,0.0282,-0.983,0.0802,0.0326,-0.0011,0.0029
1730000099300,49584,0.0377,-0.9894,0.0908,0.052,-0.0082,0.0129
1730000099310,49580,0.0053,-0.9997,0.0947,-0.0038,-0.0059,0.0157
1730000099320,49576,0.0353,-1.0366,0.0854,-0.0147,-0.0231,-0.0196
1730000099330,49573,0.0156,-0.9768,0.0645,0.0056,-0.0195,0.0011
1730000099340,49569,0.0113,-0.9877,0.095,-0.0146,0.024,-0.0094
1730000099350,49565,0.0418,-0.9876,0.0851,-0.0084,0.0008,0.011
1730000099360,49562,0.0059,-1.0048,0.0672,0.0188,0.0058,0.0028
1730000099370,49558,0.0257,-0.996,0.0944,0.0034,0.0284,0.0042
1730000099380,49555,0.0199,-0.986,0.0642,0.009,0.023,0.0027
1730000099390,49551,0.0177,-0.9951,0.0797,-0.0062,-0.0149,0.013
1730000099400,49548,0.0199,-0.9861,0.1047,-0.0124,0.0146,-0.0123
1730000099410,49545,0.025,-0.9593,0.1122,0.0004,-0.0056,-0.0032
1730000099420,49542,0.0081,-1.0115,0.0649,-0.0093,0.0288,-0.001
1730000099430,49539,0.015,-0.9726,0.0824,0.0193,0.0142,-0.0075
1730000099440,49536,0.0366,-0.982,0.0817,0.0058,0.0142,0.0076
1730000099450,49533,0.0008,-0.9928,0.0845,0.0282,-0.0444,0.0039
1730000099460,49531,0.0238,-0.9865,0.0843,-0.0193,-0.0354,-0.0004
1730000099470,49528,0.0069,-0.9869,0.0809,0.0004,0.0132,-0.0011
1730000099480,49526,0.0041,-0.9907,0.0749,-0.0259,-0.012,0.0104
1730000099490,49523,0.032,-1.0073,0.0992,-0.0101,-0.0005,0.0116
1730000099500,49521,0.0186,-0.9956,0.0856,0.0128,0.0093,0.0128
1730000099510,49519,0.0146,-0.9973,0.0828,-0.0031,-0.0078,0.0058
1730000099520,49517,0.0082,-0.9884,0.0855,0.015,0.0097,-0.0142
1730000099530,49515,0.0218,-0.9547,0.08,0.0152,-0.0363,-0.0023
1730000099540,49513,0.0163,-0.9977,0.094,0.0004,0.0177,0.0106
1730000099550,49512,0.03,-1.008,0.0678,0.0284,0.0275,-0.0134
1730000099560,49512,0.0227,-0.9978,0.079,-0.0035,0.0023,0.0144
1730000099570,49518,0.0314,-0.99,0.0609,0.0148,0.0111,0.0022
1730000099580,49536,0.0135,-0.9731,0.087,-0.0062,0.0022,-0.0024
1730000099590,49582,0.0158,-0.9469,0.0692,0.0291,-0.0071,0.0105
1730000099600,49681,0.0126,-0.9857,0.0818,-0.0014,0.0184,0.0138
1730000099610,49856,0.0157,-0.9841,0.0804,-0.027,-0.0082,-0.0018
1730000099620,50119,0.0138,-0.9873,0.0744,-0.0095,-0.0239,0.0031
1730000099630,50443,0.0306,-1.0082,0.0902,-0.0019,-0.0062,0.0087
1730000099640,50755,0.0199,-1.0061,0.0923,-0.031,0.0071,0.0077
1730000099650,50961,0.0128,-0.9806,0.0787,0.0222,-0.0027,0.0075
1730000099660,50986,0.0003,-0.9936,0.0874,0.0143,0.0017,-0.0076
1730000099670,50821,0.0307,-0.963,0.0931,0.0004,0.0332,-0.0052
1730000099680,50529,0.0331,-0.993,0.0808,-0.0018,-0.0032,-0.0188
1730000099690,50206,0.0131,-1.0385,0.0784,0.0201,-0.0317,-0.0213
1730000099700,49936,0.0093,-0.9724,0.066,0.0104,-0.0031,-0.0043
1730000099710,49758,0.0082,-0.99,0.0825,0.0202,0.0018,0.0167
1730000099720,49670,0.0309,-0.981,0.0682,-0.0011,0.0304,0.0144
1730000099730,49651,0.0305,-0.9863,0.0747,-0.0137,0.0209,-0.0139
1730000099740,49675,0.0184,-0.9827,0.0802,-0.0142,0.025,-0.0049
1730000099750,49720,0.0159,-0.9925,0.0814,0.0442,-0.032,-0.009
1730000099760,49773,0.0338,-0.9964,0.0964,-0.017,-0.0346,0.0031
1730000099770,49821,0.0241,-1.0047,0.087,-0.0058,0.0138,-0.0046
1730000099780,49857,0.0555,-0.9812,0.0924,0.0017,-0.0037,-0.0068
1730000099790,49873,0.0121,-1.0077,0.0834,0.0033,0.0095,0.0062
1730000099800,49867,0.0193,-0.9839,0.0768,-0.0062,0.0097,-0.0063
1730000099810,49841,0.0121,-0.9972,0.0904,0.0154,-0.0017,0.0118
1730000099820,49798,0.024,-0.996,0.0873,-0.0142,-0.0127,-0.0097
1730000099830,49746,0.0143,-0.9846,0.0875,-0.0145,-0.0114,0.0292
1730000099840,49692,0.0265,-0.9928,0.095,-0.0145,-0.0258,0.0105
1730000099850,49642,0.0084,-0.9936,0.0646,0.0093,-0.0322,0.0096
1730000099860,49600,0.0211,-0.99,0.0872,-0.0102,-0.0076,-0.0038
1730000099870,49568,0.0194,-0.9651,0.0863,-0.0128,-0.037,0.0119
1730000099880,49546,0.0143,-0.9468,0.0675,0.0097,0.022,0.009
1730000099890,49532,0.031,-0.9946,0.0901,-0.0393,0.0103,0.0137
1730000099900,49524,0.0403,-0.9473,0.0684,0.0094,-0.0183,0.0037
1730000099910,49520,0.0392,-0.9953,0.0742,-0.0026,-0.0035,0.0197
1730000099920,49519,0.0157,-0.9576,0.0779,-0.0145,-0.028,0.0097
1730000099930,49520,0.0244,-1.0178,0.0746,-0.0447,-0.0018,0.0159
1730000099940,49521,0.0213,-1.0011,0.0963,0.001,-0.0185,0.0026
1730000099950,49523,0.0243,-0.9586,0.0728,0.0139,-0.0138,0.0002
1730000099960,49525,0.0247,-0.933,0.0939,-0.0267,0.0264,0.0052
1730000099970,49528,0.0115,-0.9644,0.0733,0.0011,0.0062,-0.0079
1730000099980,49530,0.0032,-0.9753,0.0738,-0.0354,-0.0198,0.0088
1730000099990,49533,0.0248,-0.9865,0.0906,0.0151,-0.0116,0.0089
1730000100000,49535,0.0191,-0.9935,0.0847,0.0388,0.0253,0.0216
1730000100010,49538,0.0167,-0.9615,0.0799,0.0108,-0.0031,-0.016
1730000100020,49541,0.0196,-0.9696,0.0715,0.0199,0.027,0.0053
1730000100030,49544,0.0143,-0.9632,0.0859,0.0147,-0.0391,0.0083
1730000100040,49547,0.0154,-0.9918,0.0646,0.0166,-0.0117,0.0069
1730000100050,49551,0.0206,-0.9923,0.0861,-0.017,0.0137,0.009
1730000100060,49554,0.0253,-0.9687,0.0701,-0.011,0.0091,0.0048
1730000100070,49557,0.0158,-0.9561,0.071,0.0129,-0.0062,-0.0022
1730000100080,49561,0.0303,-0.9576,0.0741,-0.0074,0.0168,0.0048
1730000100090,49564,0.0312,-0.9509,0.0799,-0.0047,0.0213,-0.0029
1730000100100,49568,0.0314,-0.971,0.0951,-0.0409,0.0243,0.0186
1730000100110,49572,0.0366,-0.932,0.0724,-0.0341,0.0048,0.0067
1730000100120,49576,0.0219,-0.9776,0.071,0.0129,0.0444,0.0093
1730000100130,49579,0.0053,-0.9528,0.0888,0.0104,-0.0276,0.0121
1730000100140,49583,0.0134,-0.9555,0.0708,-0.0183,-0.0214,-0.0094
1730000100150,49588,0.0275,-0.9829,0.0878,0.0056,-0.0227,0.0122
1730000100160,49592,0.0205,-0.9383,0.0748,0.0139,-0.0099,0.0007
1730000100170,49596,0.0178,-0.9516,0.0636,0.0036,0.0116,-0.0026
1730000100180,49600,0.0321,-0.9872,0.0826,-0.0445,0.0002,0.0054
1730000100190,49605,0.0189,-0.9954,0.0828,-0.0003,-0.0181,-0.0101
1730000100200,49609,0.0244,-0.9686,0.08,0.0295,-0.018,0.0111
1730000100210,49614,0.0232,-0.9588,0.0927,0.0022,-0.0457,-0.0052
1730000100220,49618,0.0111,-0.9797,0.07,0.0208,-0.0078,-0.0085
1730000100230,49624,0.0238,-0.9553,0.0513,-0.0098,0.0019,-0.0007
1730000100240,49629,0.0414,-0.9692,0.084,-0.0075,-0.032,0.0046
1730000100250,49638,0.0247,-0.9573,0.0699,-0.0015,0.0458,-0.0009
1730000100260,49654,0.0139,-0.9841,0.0675,0.0181,0.0111,-0.0212
1730000100270,49687,0.0148,-0.9888,0.084,-0.0077,-0.0012,-0.0191
1730000100280,49754,0.0098,-0.9891,0.0921,-0.0077,-0.0006,-0.0062
1730000100290,49876,0.0174,-0.9758,0.0786,0.0141,-0.0005,0.0003
1730000100300,50075,0.025,-0.9895,0.0864,-0.0181,0.0019,0.0065
1730000100310,50351,0.0071,-0.9701,0.0775,0.0017,-0.0084,-0.0122
1730000100320,50671,0.0172,-0.9879,0.0866,-0.0104,0.0073,0.0126
1730000100330,50966,0.0196,-0.989,0.0736,-0.0065,-0.0032,0.0009
1730000100340,51152,0.0186,-1.0147,0.0742,-0.0176,0.0068,-0.0095
1730000100350,51170,0.0284,-0.9748,0.078,-0.002,0.0362,0.0006
1730000100360,51015,0.0155,-0.9873,0.0865,-0.0384,-0.0441,0.0147
1730000100370,50744,0.0303,-0.986,0.0854,-0.013,-0.0021,0.0039
1730000100380,50441,0.0183,-0.9589,0.0637,0.0151,-0.0067,-0.002
1730000100390,50180,0.0198,-0.9734,0.0796,0.0128,-0.0189,-0.0015
1730000100400,50001,0.0401,-0.9985,0.0722,-0.0245,0.0023,0.0174
1730000100410,49907,0.0194,-0.9639,0.0751,0.0012,-0.0149,-0.0181
1730000100420,49881,0.0247,-0.997,0.0768,0.0162,0.0202,0.0019
1730000100430,49900,0.0348,-0.9691,0.0612,-0.0071,-0.0167,0.0188
1730000100440,49944,0.0091,-0.9504,0.0704,-0.0178,0.0273,0.0056
1730000100450,49999,0.0163,-0.9607,0.082,-0.0004,-0.0176,-0.0135
1730000100460,50054,0.0304,-0.981,0.0631,-0.0227,0.0082,0.0046
1730000100470,50100,0.0116,-0.9833,0.0719,-0.0057,0.0025,0.0093
1730000100480,50132,0.0277,-0.9583,0.0833,-0.0245,0.0101,0.0006
1730000100490,50144,0.0243,-0.9824,0.0816,0.0571,-0.0286,-0.0087
1730000100500,50137,0.0166,-0.9838,0.0776,-0.0256,-0.0123,-0.0153
1730000100510,50111,0.0253,-0.974,0.0774,0.0226,0.0198,0.0041
1730000100520,50072,0.0137,-0.9506,0.1113,-0.0247,0.0119,0.0027
1730000100530,50027,0.0284,-0.9532,0.0979,-0.001,0.0131,-0.0074
1730000100540,49981,0.0279,-0.9669,0.0739,0.0136,-0.0113,-0.0019
1730000100550,49939,0.0249,-0.9426,0.086,-0.0174,0.0089,0.0053
1730000100560,49906,0.0327,-0.9648,0.0625,-0.0113,-0.0187,0.0048
1730000100570,49882,0.0259,-0.9974,0.0904,-0.0159,0.03,0.0116
1730000100580,49866,0.0105,-0.949,0.0831,-0.0058,-0.0034,0.0167
1730000100590,49857,0.0232,-0.9771,0.0712,-0.0204,-0.0065,-0.0025
1730000100600,49855,0.0268,-0.9193,0.0646,-0.0123,-0.0074,-0.0096
1730000100610,49856,0.031,-0.9754,0.0802,-0.003,-0.0093,0.0132
1730000100620,49859,0.0042,-0.9807,0.0718,0.0001,0.0039,-0.0018
1730000100630,49865,0.0163,-0.9674,0.0651,0.0169,-0.0253,0.0014
1730000100640,49871,0.0261,-0.9257,0.0828,-0.0211,0.0004,-0.0015
1730000100650,49877,0.0271,-0.9423,0.0788,-0.047,0.0294,0.0008
1730000100660,49884,0.0223,-0.9696,0.0721,0.014,0.0146,-0.0137
1730000100670,49891,0.0193,-0.971,0.0636,-0.0026,0.0164,0.0084
1730000100680,49898,0.0169,-0.9578,0.0792,0.0188,0.0098,-0.0031
1730000100690,49905,0.004,-0.9735,0.078,0.0159,0.0069,0.0002
1730000100700,49912,0.0297,-0.9899,0.0762,0.0055,0.0534,-0.0011
1730000100710,49919,-0.0073,-1.0021,0.0953,0.0208,-0.0038,-0.0011
1730000100720,49926,0.0077,-0.9714,0.0778,0.0228,0.0038,-0.0073
1730000100730,49933,0.0213,-0.9883,0.0797,-0.0387,0.0014,0.0046
1730000100740,49940,0.0136,-0.9845,0.0796,-0.0386,-0.0061,-0.0076
1730000100750,49947,0.0279,-0.9748,0.101,0.0014,-0.0348,-0.0003
1730000100760,49955,0.0328,-0.9821,0.0889,0.0268,-0.0087,0.0015
1730000100770,49962,0.0227,-0.9701,0.0996,0.0332,0.0096,-0.0043
1730000100780,49969,0.0099,-0.9568,0.0663,-0.0021,0.0238,-0.0011
1730000100790,49976,0.0199,-0.9411,0.0916,-0.0057,0.0029,-0.0168
1730000100800,49983,0.0162,-1.0004,0.0835,0.0757,-0.0302,0.002
1730000100810,49990,0.0355,-0.9998,0.0692,0.0023,-0.0218,0.0008
1730000100820,49997,0.0095,-0.9608,0.0801,0.0007,-0.0152,-0.0132
1730000100830,50005,0.0218,-0.9619,0.108,0.0,-0.0181,-0.0017
1730000100840,50012,0.0004,-0.9464,0.0708,0.0253,-0.0127,-0.0029
1730000100850,50019,0.0136,-0.9629,0.0657,0.0324,0.0017,0.0044
1730000100860,50026,0.0409,-0.9628,0.0908,0.007,-0.0041,0.0099
1730000100870,50033,0.0199,-0.9807,0.0799,0.0184,-0.0428,-0.0139
1730000100880,50040,0.0251,-0.9582,0.0796,-0.0246,-0.0263,-0.0034
1730000100890,50047,0.0286,-0.9569,0.0845,-0.0479,-0.0044,-0.0072
1730000100900,50055,0.016,-0.9434,0.0805,-0.0057,0.0109,-0.0076
1730000100910,50062,0.0094,-0.9394,0.0891,-0.0239,0.0344,-0.0093
1730000100920,50069,0.0278,-0.9537,0.0649,0.0024,-0.007,0.0177
1730000100930,50076,0.0121,-0.9894,0.0908,0.0086,0.0036,-0.0127
1730000100940,50083,0.0201,-0.9816,0.0825,0.0278,-0.0109,0.0065
1730000100950,50091,0.026,-1.0,0.0909,-0.0106,0.0066,-0.0012
1730000100960,50102,0.0269,-0.9538,0.0771,0.0049,-0.0434,-0.0014
1730000100970,50119,0.0058,-0.9977,0.0807,-0.0076,0.0124,-0.0098
1730000100980,50153,0.0212,-0.9984,0.0936,-0.0311,0.0155,0.0011
1730000100990,50219,0.0255,-0.9416,0.0881,-0.0033,-0.0158,-0.0038
1730000101000,50341,0.0184,-0.9483,0.0721,-0.021,-0.0112,0.0163
1730000101010,50540,0.0061,-0.9684,0.0757,-0.0032,-0.0067,-0.0099
1730000101020,50817,0.0133,-0.9734,0.0693,-0.0096,0.0054,0.0097
1730000101030,51142,0.0021,-0.9927,0.0771,-0.0444,-0.0031,-0.0024
1730000101040,51442,0.0202,-0.9675,0.0792,0.0073,0.0123,-0.0016
1730000101050,51631,0.0187,-1.0247,0.0906,0.0134,0.019,0.0051
1730000101060,51649,0.0187,-0.9489,0.1004,-0.0174,0.0012,-0.0153
1730000101070,51492,0.016,-0.9479,0.0861,-0.0111,0.0165,-0.0007
1730000101080,51217,0.0009,-0.9527,0.0711,0.0176,0.0076,0.0109
1730000101090,50913,0.0301,-0.9436,0.0795,0.01,-0.017,0.0065
1730000101100,50653,0.0258,-0.9412,0.0778,-0.0168,-0.0113,-0.0126
1730000101110,50478,0.0025,-0.9852,0.0793,0.0017,-0.0087,-0.0001
1730000101120,50389,0.0163,-0.9579,0.0862,-0.0075,-0.0336,0.0141
1730000101130,50367,0.0145,-0.955,0.0812,-0.0234,-0.0288,-0.0103
1730000101140,50389,0.0018,-0.9607,0.0945,0.02,-0.015,-0.0074
1730000101150,50435,0.0167,-0.9778,0.0725,-0.0133,0.0367,0.0108
1730000101160,50491,0.0149,-0.9839,0.1013,-0.0097,0.0375,-0.0052
1730000101170,50546,0.0361,-0.9969,0.0636,0.0101,0.0211,0.0133
1730000101180,50591,0.0133,-0.9815,0.0835,0.0,-0.0205,-0.0037
1730000101190,50620,0.0185,-0.8915,0.0728,0.0062,0.026,0.0059
1730000101200,50630,0.0262,-0.9318,0.0904,0.0094,-0.0316,0.002
1730000101210,50619,0.0265,-0.949,0.0557,-0.0207,-0.0321,-0.0134
1730000101220,50590,0.0183,-0.9709,0.0878,-0.0064,-0.003,0.0021
1730000101230,50549,0.0195,-0.9763,0.0971,0.0028,0.0273,0.0192
1730000101240,50502,0.0357,-0.9471,0.0863,-0.0104,-0.0184,0.014
1730000101250,50455,0.013,-0.9751,0.0618,0.025,0.0412,0.0053
1730000101260,50414,0.0229,-0.962,0.0716,-0.0109,-0.0213,0.005
1730000101270,50381,0.0209,-0.9551,0.0817,-0.0156,0.0679,-0.0151
1730000101280,50357,0.0355,-0.9394,0.0859,0.008,0.0082,-0.0063
1730000101290,50342,0.0243,-0.9625,0.0902,0.0157,0.0225,0.0171
1730000101300,50333,0.0456,-0.9464,0.0825,-0.0113,0.0155,-0.0123
1730000101310,50330,0.0273,-0.9895,0.0667,0.0122,0.0043,0.0106
1730000101320,50331,0.0181,-0.9609,0.0813,0.0452,-0.0303,0.0235
1730000101330,50333,0.0073,-0.9503,0.0721,0.0144,-0.0026,-0.0122
1730000101340,50337,0.0194,-0.9755,0.0517,0.0035,-0.0217,-0.0002
1730000101350,50342,0.0268,-0.9594,0.0826,-0.0047,-0.0062,-0.0091
1730000101360,50347,0.0017,-1.0041,0.0732,-0.0067,-0.0192,0.0028
1730000101370,50351,0.0222,-0.9748,0.0611,-0.0226,-0.0068,-0.0089
1730000101380,50356,0.0207,-0.9578,0.0638,-0.0169,0.0206,0.0103
1730000101390,50361,0.0296,-0.981,0.0832,0.0067,0.0232,0.0135
1730000101400,50366,0.0251,-0.9505,0.0839,0.0347,0.0188,0.0204
1730000101410,50371,0.0183,-0.9678,0.0786,0.0037,0.0012,0.0129
1730000101420,50376,0.0111,-0.9446,0.0855,-0.0055,0.0206,-0.005
1730000101430,50380,0.0294,-0.9825,0.0913,0.0048,-0.0122,-0.0009
1730000101440,50385,0.0203,-0.9885,0.0773,0.0067,-0.0028,0.0104
1730000101450,50389,0.0189,-0.9663,0.084,0.025,0.0309,-0.0041
1730000101460,50394,0.0154,-1.0196,0.0847,0.02,0.0546,-0.0191
1730000101470,50398,0.0299,-0.938,0.0929,-0.0003,0.0018,0.0047
1730000101480,50402,0.0231,-0.9822,0.0648,0.0321,-0.029,-0.0085
1730000101490,50406,-0.007,-0.9587,0.0799,-0.0091,0.0077,0.0005
1730000101500,50410,0.0253,-0.9077,0.0772,0.0012,0.011,0.0127
1730000101510,50414,0.0295,-0.9605,0.0703,0.0306,0.0061,-0.0396
1730000101520,50418,0.0199,-0.9601,0.0798,-0.0128,-0.0042,-0.013
1730000101530,50422,0.012,-0.9825,0.0782,-0.011,-0.007,-0.0069
1730000101540,50426,0.0296,-0.9771,0.0733,0.0273,-0.0177,-0.0211
1730000101550,50429,0.0274,-0.9544,0.0706,0.0113,0.0139,-0.0038
1730000101560,50433,0.0165,-0.9949,0.0784,-0.0023,-0.0137,0.0085
1730000101570,50436,0.028,-0.9672,0.085,-0.0285,-0.0034,0.001
1730000101580,50440,0.0263,-0.9777,0.0695,-0.012,0.0325,0.0083
1730000101590,50443,0.0124,-0.9832,0.0863,0.0016,-0.0044,0.0137
1730000101600,50446,0.0132,-0.9897,0.0808,0.0229,0.0511,0.0092
1730000101610,50449,0.015,-0.9685,0.0775,-0.0353,0.0052,0.0078
1730000101620,50452,0.032,-1.0138,0.0677,-0.0016,0.0093,-0.0074
1730000101630,50455,0.0014,-0.9967,0.0822,-0.0208,-0.0019,0.0001
1730000101640,50458,0.0036,-0.9887,0.0594,0.0379,0.0001,0.0159
1730000101650,50461,0.015,-0.98,0.0911,-0.0047,0.0229,-0.0077
1730000101660,50464,0.0282,-0.9839,0.0817,-0.0349,0.0265,-0.0082
1730000101670,50469,0.0158,-0.9872,0.0823,-0.0073,0.0483,-0.0008
1730000101680,50478,0.015,-0.9559,0.0752,-0.0393,-0.0255,-0.0052
1730000101690,50497,0.0402,-0.9564,0.0737,0.0214,0.0347,0.0042
1730000101700,50538,0.0217,-0.9618,0.0872,0.0067,-0.0181,0.0108
1730000101710,50616,0.0075,-0.9477,0.0843,0.0202,-0.0126,-0.0065
1730000101720,50752,0.0166,-0.9423,0.0795,-0.0466,0.0082,-0.0014
1730000101730,50959,0.0177,-0.9628,0.0991,-0.0032,0.026,0.0064
1730000101740,51230,0.009,-0.948,0.0939,0.0162,-0.011,0.0071
1730000101750,51531,0.0272,-0.9424,0.0806,-0.0244,-0.0117,0.0005
1730000101760,51798,0.0326,-0.9451,0.0821,0.0046,-0.027,0.0089
1730000101770,51961,0.0192,-0.9572,0.0514,-0.0044,0.0082,-0.0117
1730000101780,51972,0.013,-0.9809,0.0819,0.0191,-0.0084,0.0012
1730000101790,51829,0.0142,-0.9334,0.0771,0.026,0.0133,0.029
1730000101800,51577,0.0274,-0.9941,0.0733,0.0371,0.0288,-0.0052
1730000101810,51285,0.0146,-0.9509,0.0968,-0.0639,0.0159,-0.001
1730000101820,51021,0.0327,-0.992,0.0769,-0.0168,-0.0089,0.0041
1730000101830,50825,0.037,-0.9797,0.0707,0.0111,-0.0137,0.0036
1730000101840,50707,0.0197,-0.9863,0.0958,-0.0099,-0.0248,0.0084
1730000101850,50656,0.029,-1.0031,0.0916,-0.0011,0.0003,-0.0064
1730000101860,50652,0.0158,-0.9476,0.0913,-0.0242,-0.0076,0.0082
1730000101870,50679,0.0296,-0.9299,0.06,-0.0186,0.001,0.012
1730000101880,50721,0.0142,-0.952,0.0799,0.0125,-0.0254,-0.0013
1730000101890,50768,0.017,-1.006,0.0857,-0.013,0.0186,-0.0178
1730000101900,50813,0.0143,-0.9632,0.0849,-0.0087,-0.0031,0.0059
1730000101910,50847,0.0019,-0.9402,0.0845,0.0034,0.0114,0.0082
1730000101920,50867,0.0211,-0.969,0.0894,-0.0111,0.0054,0.0073
1730000101930,50870,0.0187,-0.9733,0.0668,-0.0028,0.0078,0.004
1730000101940,50854,0.0151,-1.0082,0.0797,0.0239,-0.0124,0.005
1730000101950,50823,0.0359,-0.9836,0.0742,-0.0102,0.0249,-0.0033
1730000101960,50780,0.0152,-0.9606,0.0711,0.0022,0.0183,-0.0041
1730000101970,50730,0.0157,-0.98,0.0713,0.0017,-0.0083,0.0023
1730000101980,50680,0.0091,-1.0046,0.0729,0.009,0.0206,0.0024
1730000101990,50633,0.0269,-0.988,0.0824,0.003,0.0175,0.0036
1730000102000,50592,0.0389,-0.9759,0.0824,0.0078,0.0036,-0.0135
1730000102010,50560,0.004,-0.9672,0.0763,0.0137,0.0014,-0.0184
1730000102020,50535,0.0169,-0.9871,0.0787,0.0128,-0.0251,0.0027
1730000102030,50517,0.0247,-1.0041,0.0682,0.0017,-0.0354,-0.0207
1730000102040,50504,0.0322,-0.9724,0.0786,0.0191,0.0101,-0.0058
1730000102050,50496,0.0131,-0.976,0.0783,-0.0037,0.0053,-0.0111
1730000102060,50490,0.013,-0.9557,0.0857,-0.0171,0.0042,0.0178
1730000102070,50486,0.0232,-0.9874,0.077,-0.0132,-0.0357,0.0123
1730000102080,50483,0.0036,-0.9512,0.0823,0.0292,0.0234,-0.0014
1730000102090,50481,0.0109,-0.9769,0.0758,0.0118,0.0205,0.004
1730000102100,50479,-0.0029,-0.9598,0.0845,-0.0285,0.022,0.0011
1730000102110,50477,0.0232,-1.008,0.0812,-0.0247,0.01,-0.0053
1730000102120,50475,0.0443,-1.0251,0.081,0.0069,0.0055,-0.0008
1730000102130,50473,0.0248,-0.9689,0.0868,-0.0345,-0.0084,0.0085
1730000102140,50470,0.028,-0.9832,0.0764,-0.0233,-0.0103,0.0023
1730000102150,50468,0.0119,-0.9866,0.071,-0.0303,-0.0209,-0.02
1730000102160,50466,0.0241,-0.9517,0.0759,-0.0127,0.0381,-0.0105
1730000102170,50463,0.0109,-0.972,0.0822,0.0017,0.013,-0.0018
1730000102180,50461,0.0041,-0.9874,0.0802,0.0054,-0.0363,0.0125
1730000102190,50458,0.0029,-1.0022,0.0771,-0.0395,0.0212,-0.0137
1730000102200,50455,0.0334,-0.9523,0.0558,0.0274,-0.0117,-0.0088
1730000102210,50452,0.0185,-0.9936,0.0785,-0.0151,0.0158,0.0244
1730000102220,50449,0.0344,-1.0056,0.0839,-0.0671,0.0118,-0.0049
1730000102230,50446,0.0222,-0.9788,0.078,0.0186,-0.0253,0.0021
1730000102240,50443,0.0216,-0.9697,0.095,0.0,0.0226,0.0143
1730000102250,50440,0.0123,-0.9837,0.0899,0.0146,0.0185,-0.0082
1730000102260,50436,0.0369,-0.99,0.0804,-0.0083,-0.0455,-0.0074
1730000102270,50433,0.0095,-0.9516,0.0657,-0.0007,0.0003,0.0038
1730000102280,50429,0.0121,-0.9879,0.0912,-0.0131,0.0304,-0.0036
1730000102290,50426,0.0317,-0.989,0.1028,0.0022,0.0266,-0.0032
1730000102300,50422,0.0362,-0.9769,0.0888,-0.012,0.0072,0.0035
1730000102310,50418,0.0172,-0.9633,0.0773,-0.0032,-0.014,0.0053
1730000102320,50415,0.015,-0.9929,0.0953,-0.0127,-0.0113,0.0195
1730000102330,50411,0.0307,-0.9661,0.0724,0.0155,-0.023,-0.011
1730000102340,50406,0.0227,-0.9914,0.0761,-0.0189,0.0203,0.0141
1730000102350,50402,0.0168,-0.9609,0.0922,0.0081,0.0012,0.0059
1730000102360,50398,0.0245,-0.9449,0.0756,-0.0108,-0.0206,-0.0169
1730000102370,50394,0.0261,-1.0166,0.0763,0.0065,-0.0289,-0.0192
1730000102380,50389,0.017,-0.9686,0.0969,0.0064,0.0025,0.0045
1730000102390,50385,-0.0042,-0.9775,0.0868,-0.0111,0.0351,0.0136
1730000102400,50381,0.0246,-0.9591,0.0611,-0.0031,-0.0034,0.008
1730000102410,50377,0.0199,-0.9973,0.0658,0.0415,0.001,0.0069
1730000102420,50377,0.0122,-1.032,0.0704,0.0294,-0.0219,-0.0009
1730000102430,50384,0.0037,-0.9737,0.0707,0.0001,-0.022,-0.0124
1730000102440,50410,0.0232,-0.9606,0.0823,-0.0008,0.0099,0.0401
1730000102450,50472,0.0268,-0.9807,0.0708,-0.0209,-0.0439,-0.0366
1730000102460,50595,0.021,-0.9814,0.0909,-0.0227,-0.0251,0.0189
1730000102470,50798,0.0239,-0.9969,0.0863,0.0182,-0.0285,0.01
1730000102480,51078,0.0289,-1.0089,0.097,-0.0208,-0.0035,-0.0073
1730000102490,51394,0.0225,-1.0146,0.0924,0.013,0.0038,0.0001
1730000102500,51669,0.0309,-0.961,0.0712,-0.0043,0.0153,-0.0196
1730000102510,51816,0.0214,-0.9747,0.0751,0.0045,0.0222,-0.0073
1730000102520,51781,0.0346,-0.9885,0.0792,-0.001,0.024,0.0044
1730000102530,51577,0.0164,-1.0275,0.0756,0.0046,0.0026,-0.0036
1730000102540,51274,0.0027,-0.9776,0.0855,0.0292,0.0368,0.0053
1730000102550,50959,0.0302,-0.9607,0.0719,-0.0103,-0.0239,-0.0027
1730000102560,50704,0.0087,-0.9956,0.0758,0.0009,-0.0213,-0.0243
1730000102570,50538,0.0024,-0.9894,0.0814,0.0384,0.0066,-0.0103
1730000102580,50456,0.0222,-0.9696,0.0754,0.0093,-0.0272,-0.0116
1730000102590,50436,0.0134,-0.9669,0.0968,0.0069,0.0274,0.001
1730000102600,50454,0.0208,-0.967,0.0735,0.0206,0.011,0.0107
1730000102610,50492,0.0514,-1.0029,0.0897,0.0058,-0.0039,-0.0058
1730000102620,50537,0.0058,-1.0193,0.0886,-0.0204,0.0021,-0.0119
1730000102630,50578,0.0195,-1.0161,0.0781,0.0043,-0.0142,-0.0095
1730000102640,50607,0.0221,-0.9852,0.0805,-0.0024,-0.0077,0.0087
1730000102650,50618,0.0173,-0.9722,0.0837,-0.0253,-0.0066,-0.0139
1730000102660,50608,0.0086,-1.0175,0.0817,0.0217,-0.0362,-0.0003
1730000102670,50578,0.0234,-1.0057,0.0781,0.0145,-0.0067,0.0009
1730000102680,50532,0.0234,-0.9748,0.072,-0.0149,-0.0361,-0.0211
1730000102690,50475,0.0059,-0.9725,0.0838,0.0135,0.0109,-0.0149
1730000102700,50415,0.0262,-0.9929,0.0916,0.0132,0.0001,-0.0002
1730000102710,50357,0.0162,-1.015,0.0856,0.0015,0.0024,0.0066
1730000102720,50306,0.0184,-0.9956,0.0701,0.0111,-0.0094,0.0051
1730000102730,50264,0.0201,-0.958,0.0759,-0.021,-0.0124,-0.0052
1730000102740,50231,0.0214,-0.9972,0.1024,-0.0414,0.0272,0.0013
1730000102750,50206,0.0131,-0.9845,0.0693,-0.0122,-0.0154,0.0038
1730000102760,50188,0.0226,-0.9995,0.068,-0.014,0.0068,0.0073
1730000102770,50174,0.0412,-0.9653,0.0714,0.0378,0.0298,0.0012
1730000102780,50163,0.011,-0.9848,0.09,-0.0073,-0.019,-0.0007
1730000102790,50154,0.0305,-0.9799,0.072,0.0121,-0.0148,-0.0
1730000102800,50147,0.0282,-1.019,0.0657,-0.0253,-0.0137,0.0024
1730000102810,50139,0.0306,-1.0133,0.0745,-0.0169,0.0087,-0.0039
1730000102820,50132,0.0201,-0.9805,0.0661,-0.0077,0.0241,0.0063
1730000102830,50125,0.0114,-0.9883,0.0775,-0.0224,0.0302,0.0143
1730000102840,50118,0.0082,-0.9748,0.0914,0.0528,-0.0143,-0.0047
1730000102850,50111,0.0069,-0.9937,0.1084,-0.0147,-0.0024,-0.0131
1730000102860,50104,0.0116,-0.961,0.0852,-0.0262,-0.0003,-0.0147
1730000102870,50097,0.0266,-0.9931,0.0816,0.0031,-0.0078,0.0035
1730000102880,50090,0.0181,-0.9903,0.0792,-0.009,-0.0112,-0.0101
1730000102890,50083,0.0267,-0.9845,0.0736,-0.0212,-0.0171,-0.0068
1730000102900,50076,0.0202,-1.0108,0.0812,-0.0122,0.0007,-0.0027
1730000102910,50069,0.0306,-0.97,0.076,-0.0191,0.0347,-0.0023
1730000102920,50062,0.0368,-1.0089,0.083,0.0121,0.0184,-0.0063
1730000102930,50055,0.0245,-0.9841,0.077,-0.022,-0.0062,0.0033
1730000102940,50048,0.0228,-0.9684,0.0785,0.009,-0.0138,-0.0053
1730000102950,50041,0.0334,-1.0195,0.0751,0.0087,0.0367,-0.0004
1730000102960,50034,0.0228,-0.9829,0.0804,-0.0205,-0.0448,0.0232
1730000102970,50026,0.0154,-0.9976,0.0722,0.0485,-0.0069,0.0014
1730000102980,50019,0.0223,-0.9892,0.1054,-0.0044,0.004,0.0171
1730000102990,50012,0.0248,-0.9904,0.085,-0.0199,-0.0184,-0.0064
1730000103000,50005,0.0124,-1.0124,0.081,0.0195,0.02,-0.0065
1730000103010,49998,0.0171,-0.9766,0.0868,0.0271,-0.0034,0.0112
1730000103020,49991,0.0237,-0.9981,0.0847,0.0024,-0.0336,-0.0023
1730000103030,49983,0.0259,-1.0095,0.0842,0.0295,-0.0175,0.0112
1730000103040,49976,0.025,-0.9804,0.0802,-0.0027,0.0218,-0.0031
1730000103050,49969,0.01,-0.9948,0.0664,-0.0152,-0.0039,0.0003
1730000103060,49962,0.0239,-0.9936,0.07,-0.0019,0.0,-0.0024
1730000103070,49955,0.0144,-1.0,0.079,0.0139,0.0144,-0.0069
1730000103080,49948,0.025,-1.0059,0.0883,-0.0411,-0.0347,0.0138
1730000103090,49941,0.0191,-0.9941,0.0686,0.0366,-0.006,0.0266
1730000103100,49934,0.0308,-0.9776,0.0842,0.0265,0.0041,0.0008
1730000103110,49928,0.0309,-0.9881,0.0829,0.046,-0.0127,0.0189
1730000103120,49923,0.0229,-0.9964,0.0726,0.0235,-0.0062,-0.0044
1730000103130,49924,0.0169,-1.0319,0.0754,0.0051,0.009,0.0042
1730000103140,49939,0.0261,-1.0099,0.0656,0.0222,0.0123,-0.021
1730000103150,49980,0.0213,-0.9927,0.0768,-0.0142,0.0004,0.0037
1730000103160,50069,0.0247,-0.9715,0.0719,0.012,0.0491,-0.0053
1730000103170,50226,0.0117,-0.9672,0.0762,0.0045,0.0189,0.0131
1730000103180,50462,0.0172,-0.9961,0.0855,0.0052,-0.0112,0.0139
1730000103190,50756,0.0365,-0.9995,0.0911,-0.0151,-0.0001,0.0003
1730000103200,51054,0.0285,-0.9918,0.0941,0.0401,0.0114,-0.0027
1730000103210,51276,0.0136,-0.975,0.0911,-0.0044,0.008,-0.0133
1730000103220,51351,0.0016,-0.9718,0.075,-0.0054,0.015,0.0154
1730000103230,51252,0.0098,-0.9886,0.0937,0.0122,-0.0338,-0.0054
1730000103240,51011,0.0047,-1.0023,0.0796,-0.0012,-0.0314,0.0076
1730000103250,50702,0.0168,-0.9691,0.0721,-0.0069,0.0359,0.0051
1730000103260,50406,0.0294,-0.9884,0.098,-0.0118,0.0006,-0.0119
1730000103270,50178,0.019,-0.9736,0.0936,0.0043,0.0228,-0.0009
1730000103280,50034,0.0326,-0.9783,0.0631,-0.0216,-0.017,-0.009
1730000103290,49966,0.0259,-0.9991,0.0831,0.017,-0.0068,0.0017
1730000103300,49953,0.0067,-1.0003,0.0959,0.0419,0.0512,0.0092
1730000103310,49973,0.0137,-0.9913,0.0856,-0.0111,-0.0046,0.0032
1730000103320,50011,0.047,-0.9935,0.0869,-0.0186,0.0017,0.0109
1730000103330,50054,0.0193,-1.018,0.0663,0.0049,0.0245,0.0221
1730000103340,50092,0.0345,-0.9786,0.1003,0.0342,0.0273,-0.0054
1730000103350,50120,0.0245,-0.9654,0.0977,-0.0007,0.0472,-0.0047
1730000103360,50131,0.007,-1.0102,0.0832,-0.0175,0.0065,0.0157
1730000103370,50122,0.0325,-0.9693,0.0877,0.0213,0.0129,0.0148
1730000103380,50095,0.0104,-0.9896,0.0894,0.0141,0.0245,0.0026
1730000103390,50051,0.0113,-0.9793,0.0863,-0.0093,-0.0031,0.0024
1730000103400,49997,0.0045,-0.9914,0.0878,0.0129,0.0069,0.0052
1730000103410,49939,0.0338,-0.9629,0.0822,-0.006,-0.0088,0.0207
1730000103420,49882,0.0319,-0.9869,0.0983,0.039,-0.0004,-0.0118
1730000103430,49831,0.0074,-0.957,0.0844,-0.0273,-0.0068,0.0088
1730000103440,49789,0.0108,-0.9921,0.0697,0.0041,0.0331,0.0139
1730000103450,49755,0.0214,-1.0054,0.0842,0.0199,-0.0049,0.0018
1730000103460,49729,0.0333,-1.0214,0.0674,-0.0081,0.0196,0.0124
1730000103470,49710,0.0157,-1.015,0.068,-0.0456,-0.0229,0.0016
1730000103480,49696,0.021,-1.0089,0.0717,-0.0119,-0.0067,0.0056
1730000103490,49686,0.0132,-0.9848,0.0731,0.0176,-0.0078,0.011
1730000103500,49677,0.0315,-1.021,0.0679,-0.0005,-0.013,-0.002
1730000103510,49670,0.0152,-0.9931,0.0761,0.0022,0.0472,0.01
1730000103520,49664,0.0208,-0.9961,0.0859,0.0128,0.0239,0.0211
1730000103530,49659,0.0133,-0.9826,0.0792,0.0209,0.0147,-0.0151
1730000103540,49653,0.0342,-0.9848,0.052,-0.0343,0.0548,-0.0141
1730000103550,49648,0.0324,-0.9839,0.0616,0.0318,-0.0163,-0.0045
1730000103560,49643,0.0165,-1.0145,0.068,0.0241,-0.0119,-0.0099
1730000103570,49638,0.016,-0.9651,0.0814,0.022,0.0005,0.0019
1730000103580,49633,0.0256,-0.9861,0.0804,-0.0339,-0.0061,-0.0194
1730000103590,49628,0.0161,-1.0126,0.0613,0.0269,0.015,-0.0012
1730000103600,49623,0.031,-0.9581,0.094,0.0189,0.0026,-0.0113
1730000103610,49619,0.0153,-0.9962,0.074,0.0022,-0.0279,0.0203
1730000103620,49614,0.021,-0.9895,0.0741,0.0265,-0.0258,0.0008
1730000103630,49609,0.0304,-1.0191,0.0871,0.0524,0.0069,0.0047
1730000103640,49605,0.0169,-0.9625,0.079,-0.0092,-0.01,-0.0037
1730000103650,49600,0.0193,-0.9669,0.0648,0.0075,0.0051,-0.003
1730000103660,49596,0.0235,-0.9415,0.0663,0.0161,-0.0218,0.003
1730000103670,49592,0.0121,-0.992,0.0803,0.0265,-0.0108,-0.0041
1730000103680,49588,0.0075,-1.01,0.0582,0.0102,-0.0177,0.0125
1730000103690,49584,0.0119,-0.984,0.1067,0.0473,0.0155,-0.002
1730000103700,49580,0.0235,-0.9918,0.0625,-0.0041,-0.0156,0.0046
1730000103710,49576,0.0252,-1.0035,0.0961,0.0042,0.007,0.0088
1730000103720,49572,0.0126,-0.9963,0.0665,-0.013,0.0189,-0.0041
1730000103730,49568,0.024,-0.9847,0.0852,0.0075,-0.0433,-0.0092
1730000103740,49564,0.0295,-0.9885,0.0885,0.0115,-0.0104,0.002
1730000103750,49561,0.0315,-0.9543,0.0717,-0.0083,-0.0142,-0.017
1730000103760,49557,0.0105,-0.9828,0.0799,0.0201,-0.0013,-0.011
1730000103770,49554,0.0247,-0.9523,0.0742,-0.0034,-0.0138,0.0113
1730000103780,49551,0.0222,-0.9963,0.0812,0.0132,-0.0114,-0.0054
1730000103790,49548,0.0256,-0.9841,0.0868,0.0274,0.0254,0.0055
1730000103800,49544,0.0241,-1.0101,0.0789,0.0089,0.0067,-0.0047
1730000103810,49541,0.0297,-0.9967,0.0792,-0.0217,-0.041,0.0033
1730000103820,49539,0.049,-0.9534,0.0636,-0.011,0.0181,0.0063
1730000103830,49538,0.0476,-0.9773,0.0841,0.0197,-0.0391,0.0071
1730000103840,49540,0.0276,-0.9747,0.0823,-0.0325,-0.0373,0.0134
1730000103850,49552,0.0364,-1.0078,0.0941,0.0071,-0.0328,-0.0015
1730000103860,49588,0.0205,-0.9824,0.0752,-0.0122,-0.0143,0.0055
1730000103870,49668,0.0254,-0.9863,0.0849,-0.0141,-0.0038,-0.014
1730000103880,49818,0.0073,-0.9451,0.0714,-0.0083,-0.0245,0.0
1730000103890,50055,0.0246,-0.9949,0.0752,-0.022,0.01,0.0006
1730000103900,50365,0.0143,-0.968,0.0671,-0.0027,-0.0226,-0.0004
1730000103910,50688,0.0108,-0.9885,0.0766,0.0098,-0.0186,0.0151
1730000103920,50932,0.0153,-0.992,0.0825,-0.0359,0.0019,-0.0091
1730000103930,51013,-0.0006,-0.964,0.0792,-0.008,-0.0206,-0.0157
1730000103940,50901,0.0279,-1.0228,0.0713,-0.0203,0.0222,-0.0018
1730000103950,50638,0.0178,-0.9924,0.0782,0.012,-0.0185,-0.0041
1730000103960,50315,0.0332,-0.9799,0.0483,-0.0173,-0.005,-0.0022
1730000103970,50021,0.0284,-0.9928,0.0858,0.0112,-0.0275,0.0029
1730000103980,49812,0.02,-0.9625,0.0873,-0.0114,0.0099,0.0178
1730000103990,49697,0.011,-0.9479,0.077,-0.0145,-0.002,0.0054
1730000104000,49658,0.0257,-0.9756,0.0779,-0.0078,0.0323,0.0029
1730000104010,49669,0.0402,-0.9639,0.0922,-0.0368,-0.0424,0.0069
1730000104020,49707,0.0026,-0.9559,0.0933,-0.0243,0.0071,0.0138
1730000104030,49758,0.0082,-0.9487,0.0847,0.0053,0.0017,0.0011
1730000104040,49807,0.0229,-0.9734,0.0692,0.0171,-0.027,-0.0034
1730000104050,49847,0.016,-0.9628,0.085,0.0051,0.0141,-0.0035
1730000104060,49869,0.019,-0.995,0.0761,-0.0243,0.039,-0.0054
1730000104070,49870,0.0226,-0.971,0.0836,-0.0057,0.0051,-0.008
1730000104080,49849,0.0182,-0.9783,0.0767,-0.0324,0.0271,-0.0115
1730000104090,49811,0.0306,-1.0038,0.0858,0.0145,-0.0493,-0.0139
1730000104100,49760,-0.0036,-0.9817,0.0714,-0.0068,0.005,0.0088
1730000104110,49705,0.0198,-0.9474,0.0637,0.0125,-0.0193,-0.0025
1730000104120,49652,0.0374,-0.9616,0.0834,-0.0096,0.0111,-0.0227
1730000104130,49605,0.0274,-0.9768,0.0683,0.0043,0.0017,-0.0083
1730000104140,49569,0.0162,-0.9709,0.0782,-0.0088,-0.0103,-0.0061
1730000104150,49542,0.0296,-0.9757,0.0868,0.0065,-0.0076,0.003
1730000104160,49524,0.0283,-0.9847,0.0938,0.0165,0.0447,0.0007
1730000104170,49513,0.023,-0.9777,0.0807,-0.0206,0.0008,0.0124
1730000104180,49506,0.0331,-0.9793,0.0781,0.0003,0.0147,-0.0149
1730000104190,49503,0.0314,-0.9672,0.0812,0.0145,-0.0247,-0.01
1730000104200,49502,0.0243,-0.9878,0.0751,-0.0159,0.0141,0.0087
1730000104210,49502,0.0225,-0.9734,0.0636,-0.014,-0.0081,0.0276
1730000104220,49503,0.0166,-0.9785,0.0956,0.0264,0.0119,0.0119
1730000104230,49504,0.0271,-0.9648,0.0918,-0.0198,-0.0163,0.0084
1730000104240,49505,0.0319,-0.9631,0.0868,0.0189,-0.0106,-0.0058
1730000104250,49506,0.0363,-0.9856,0.0747,-0.0159,0.0235,0.007
1730000104260,49508,0.0101,-0.9687,0.0792,-0.0108,0.0097,0.0002
1730000104270,49509,0.0216,-0.9931,0.0676,-0.04,0.0373,0.0109
1730000104280,49511,0.0131,-0.9408,0.0961,0.0101,-0.0113,0.0027
1730000104290,49513,0.0284,-0.9663,0.0682,-0.0017,0.014,0.0074
1730000104300,49515,0.0352,-0.974,0.0879,-0.0169,0.017,-0.011
1730000104310,49517,0.0274,-0.9794,0.1017,0.0103,-0.0395,-0.0068
1730000104320,49519,0.0123,-0.9314,0.0979,-0.0144,-0.0123,-0.0142
1730000104330,49521,0.023,-0.9496,0.0813,0.0071,-0.0135,0.012
1730000104340,49523,0.0282,-0.9308,0.0617,0.0036,0.0007,-0.0013
1730000104350,49526,0.0076,-0.9613,0.0793,-0.0067,0.0027,0.0151
1730000104360,49528,0.023,-0.9838,0.0788,0.0264,0.0354,-0.0134
1730000104370,49531,0.0121,-0.951,0.0846,0.0231,-0.0013,-0.0143
1730000104380,49533,0.0084,-0.9374,0.0836,0.0297,0.0034,0.0191
1730000104390,49536,0.0223,-0.9856,0.0651,-0.0325,-0.0307,0.0003
1730000104400,49539,0.0095,-0.965,0.0696,-0.0178,-0.0249,-0.002
1730000104410,49542,0.0213,-0.9876,0.0857,0.0135,0.0166,0.0068
1730000104420,49545,0.0277,-0.9771,0.0782,0.0042,-0.0061,0.0052
1730000104430,49548,0.0007,-0.9988,0.0798,0.0198,0.0389,0.0042
1730000104440,49551,0.0021,-0.9774,0.1021,0.0174,-0.0416,-0.0061
1730000104450,49554,0.01,-0.9875,0.0877,-0.0057,0.0085,-0.0108
1730000104460,49558,0.0257,-1.0036,0.0666,-0.0278,-0.0071,-0.001
1730000104470,49561,0.0297,-0.9444,0.0717,0.0359,-0.0089,-0.0004
1730000104480,49565,0.0055,-0.9498,0.0755,0.0106,-0.0253,-0.0074
1730000104490,49569,0.0226,-0.962,0.083,0.0024,0.0052,0.012
1730000104500,49573,0.0181,-0.9476,0.0754,0.0646,0.0292,0.0136
1730000104510,49577,0.0162,-0.9714,0.074,-0.0234,-0.0249,0.0042
1730000104520,49583,0.0367,-0.9522,0.0795,-0.0002,0.0047,-0.0159
1730000104530,49594,0.0188,-0.9592,0.0877,0.0083,-0.0064,0.0142
1730000104540,49618,0.0161,-0.9864,0.0775,0.0303,0.0339,0.0049
1730000104550,49667,0.0441,-0.9734,0.0859,0.0013,0.008,0.006
1730000104560,49762,0.0138,-0.9575,0.068,-0.0309,0.0096,0.0035
1730000104570,49927,0.0131,-0.9883,0.0702,-0.0222,-0.0107,-0.0146
1730000104580,50173,0.0191,-0.9632,0.0975,-0.003,-0.012,-0.0019
1730000104590,50482,0.0219,-0.9559,0.0682,0.012,-0.0124,0.0003
1730000104600,50798,0.014,-0.9862,0.0792,-0.0284,-0.0363,0.0074
1730000104610,51037,0.0072,-0.9905,0.0752,-0.0149,-0.0425,-0.0005
1730000104620,51125,0.024,-0.9917,0.0849,0.045,0.0248,-0.0102
1730000104630,51034,0.0182,-0.9717,0.0906,0.0022,0.0001,0.0094
1730000104640,50797,0.0364,-0.9467,0.0876,-0.0412,0.0036,-0.0165
1730000104650,50494,0.0293,-0.9679,0.0675,0.0156,0.0208,0.0013
1730000104660,50208,0.0169,-0.9579,0.0841,-0.0041,-0.0002,0.002
1730000104670,49995,0.0077,-0.9266,0.0844,0.0006,0.0123,-0.0182
1730000104680,49869,0.0179,-0.9855,0.0822,-0.0195,-0.0253,-0.0055
1730000104690,49820,0.0216,-1.0044,0.0796,-0.0028,-0.0027,-0.0187
1730000104700,49824,0.0304,-0.985,0.0684,-0.0371,0.0187,0.0028
1730000104710,49860,0.0471,-0.9608,0.0786,0.0178,0.0245,-0.0103
1730000104720,49912,0.0204,-1.0009,0.0851,-0.0137,0.0049,-0.0099
1730000104730,49967,0.0117,-0.9863,0.0979,-0.0133,-0.028,-0.0072
1730000104740,50017,0.0123,-0.9534,0.0693,-0.0082,-0.0052,-0.0029
1730000104750,50054,0.0356,-0.9472,0.0978,-0.0262,-0.0012,-0.0068
1730000104760,50073,0.017,-0.9284,0.0718,-0.0072,-0.0143,0.0133
1730000104770,50071,0.0371,-0.9697,0.0978,-0.0213,-0.0071,-0.007
1730000104780,50050,0.0126,-0.9746,0.0827,-0.0218,-0.0049,-0.0001
1730000104790,50014,0.0156,-0.9399,0.0817,0.0358,0.0141,-0.0107
1730000104800,49970,0.0217,-0.9473,0.0745,-0.0129,0.0268,0.0068
1730000104810,49922,0.0001,-1.0108,0.0617,-0.0059,0.0105,0.0076
1730000104820,49878,0.0221,-0.98,0.0697,0.0029,-0.0071,-0.0088
1730000104830,49842,0.0278,-0.9829,0.062,0.0444,-0.0156,-0.0041
1730000104840,49814,0.0141,-1.0008,0.0825,0.0183,0.0334,0.0007
1730000104850,49795,0.0177,-0.9482,0.0767,-0.0035,-0.0095,0.0021
1730000104860,49784,0.0047,-0.9243,0.0904,0.0265,0.0051,-0.0049
1730000104870,49779,0.0162,-0.9495,0.0706,0.0365,-0.0038,-0.0246
1730000104880,49779,0.0165,-0.94,0.0885,0.0107,0.0074,-0.0056
1730000104890,49781,0.0307,-1.0038,0.0857,0.0364,0.0217,0.0029
1730000104900,49786,0.0219,-0.9777,0.0654,0.0143,-0.0221,-0.0136
1730000104910,49791,0.019,-0.9998,0.0658,0.0044,0.0289,-0.0039
1730000104920,49797,0.028,-0.9683,0.0898,0.0251,-0.0121,-0.014
1730000104930,49804,0.0325,-0.9402,0.0699,0.0124,0.0038,-0.0093
1730000104940,49810,0.0234,-1.0045,0.0843,0.0181,-0.0031,0.0167
1730000104950,49817,0.0124,-0.9829,0.079,-0.0128,-0.0353,-0.0059
1730000104960,49823,-0.003,-0.9594,0.0687,0.0102,-0.0101,0.0016
1730000104970,49830,0.0079,-0.979,0.0844,0.0089,-0.0145,-0.0015
1730000104980,49837,0.0372,-0.9767,0.0875,-0.0084,0.0114,0.0028
1730000104990,49844,0.0211,-0.9515,0.0877,-0.023,0.0112,-0.0024
1730000105000,49851,0.0117,-0.944,0.0757,-0.0072,0.0026,-0.0254
1730000105010,49857,0.0162,-0.9563,0.0886,0.0061,0.0067,-0.0056
1730000105020,49864,0.0238,-0.9831,0.0726,-0.0,0.0219,0.0148
1730000105030,49871,0.0209,-0.9683,0.0711,-0.0224,-0.0294,-0.0173
1730000105040,49878,0.0299,-0.9704,0.0929,0.017,0.0317,-0.0057
1730000105050,49885,0.0269,-0.9582,0.06,0.0136,0.034,0.0037
1730000105060,49892,0.0157,-0.9265,0.0836,0.0207,0.0506,-0.0021
1730000105070,49899,-0.0016,-0.9671,0.0747,0.0243,-0.0225,-0.0028
1730000105080,49906,0.0335,-0.9389,0.0902,-0.0021,0.005,0.0182
1730000105090,49913,0.0256,-0.9774,0.0685,0.022,0.0197,-0.0062
1730000105100,49920,0.0082,-0.9412,0.0849,0.0209,0.0054,-0.016
1730000105110,49927,0.0217,-0.9963,0.0647,-0.0417,-0.0188,0.0025
1730000105120,49934,0.028,-0.9714,0.0833,0.0317,0.0012,0.0144
1730000105130,49942,0.0075,-0.9942,0.0846,0.0074,0.015,0.0154
1730000105140,49949,0.0265,-0.9896,0.0736,0.0089,-0.0307,-0.0106
1730000105150,49956,0.0066,-0.9762,0.0813,0.0154,-0.0044,0.0093
1730000105160,49963,0.0145,-0.9652,0.0806,0.0087,-0.0071,0.0149
1730000105170,49970,0.0135,-0.9909,0.0811,0.0238,0.0118,-0.0023
1730000105180,49977,0.0151,-0.9694,0.0786,0.0067,-0.0192,-0.0076
1730000105190,49984,0.0194,-0.9561,0.0732,-0.0478,-0.0101,-0.0046
1730000105200,49992,0.034,-0.9539,0.0773,0.0238,-0.0029,-0.0008
1730000105210,49999,0.0135,-0.9313,0.0905,-0.0215,0.0241,0.0054
1730000105220,50007,0.0316,-0.9831,0.0817,0.012,-0.043,-0.0027
1730000105230,50016,0.0266,-0.9539,0.101,0.0254,0.0212,0.0037
1730000105240,50029,0.0183,-0.9773,0.0831,0.0399,-0.0382,-0.0022
1730000105250,50052,0.0062,-0.9499,0.0818,-0.0356,0.0166,0.0097
1730000105260,50096,0.0182,-0.9471,0.075,-0.0066,0.0216,-0.0041
1730000105270,50180,0.0368,-0.9327,0.0721,0.0005,-0.0096,-0.0138
1730000105280,50325,0.0219,-1.0011,0.0818,-0.0272,0.002,0.0177
1730000105290,50547,0.0225,-0.9829,0.0769,-0.0037,-0.0112,-0.0045
1730000105300,50838,0.0214,-0.9943,0.0969,-0.0311,0.0013,-0.0159
1730000105310,51156,0.0235,-0.9572,0.0962,0.0676,0.0388,0.0002
1730000105320,51428,0.0227,-0.929,0.087,-0.0121,0.0091,0.0032
1730000105330,51576,0.0252,-0.9888,0.0893,0.0285,-0.0033,-0.0056
1730000105340,51554,-0.0029,-0.9594,0.0696,-0.0288,-0.0281,0.0054
1730000105350,51374,0.0032,-0.9619,0.091,0.0198,-0.0012,0.0051
1730000105360,51096,0.0035,-0.9736,0.0694,0.0166,0.0137,0.0102
1730000105370,50803,0.0171,-0.9463,0.0781,0.0112,0.0051,-0.0032
1730000105380,50559,0.0231,-0.9704,0.0906,-0.0196,-0.0058,-0.0049
1730000105390,50396,0.0078,-0.9467,0.0828,0.0549,-0.0251,0.0307
1730000105400,50314,0.0007,-0.9628,0.083,-0.0016,-0.0109,0.0019
1730000105410,50295,0.0152,-0.9837,0.0725,-0.0023,-0.0032,0.0093
1730000105420,50317,0.0061,-0.9774,0.0812,-0.0122,0.0058,-0.0002
1730000105430,50362,0.0329,-0.9458,0.0954,0.0142,0.0182,-0.0038
1730000105440,50417,0.0223,-1.0049,0.0862,0.0169,0.001,-0.0163
1730000105450,50471,0.0429,-0.9658,0.0812,0.0257,0.0202,-0.0113
1730000105460,50517,0.0191,-0.9687,0.0816,-0.0036,0.0275,0.0113
1730000105470,50549,0.0047,-0.9778,0.0813,-0.0058,-0.0182,-0.0152
1730000105480,50562,-0.0004,-0.9694,0.0748,0.0499,-0.0176,-0.0179
1730000105490,50555,0.0208,-0.9582,0.079,-0.0148,0.0185,0.0063
1730000105500,50531,0.048,-0.9726,0.0763,-0.0321,0.0017,-0.0092
1730000105510,50494,0.0151,-1.002,0.0889,0.0095,0.0146,0.0141
1730000105520,50450,0.0278,-0.975,0.0704,0.0266,-0.0009,0.0049
1730000105530,50404,0.0222,-0.9753,0.0689,-0.0117,0.0269,-0.0081
1730000105540,50363,0.031,-0.961,0.0651,0.0209,-0.0031,-0.0079
1730000105550,50329,0.012,-0.9595,0.0778,0.001,-0.0367,0.0059
1730000105560,50303,0.0198,-0.9888,0.0655,-0.0044,0.0017,-0.0004
1730000105570,50285,0.0253,-0.9619,0.094,-0.0275,0.0025,-0.0009
1730000105580,50275,0.0281,-0.9487,0.0798,-0.0132,-0.0408,-0.0142
1730000105590,50271,0.0295,-0.9923,0.081,-0.0314,0.0038,-0.004
1730000105600,50271,0.0085,-0.954,0.0815,-0.0003,0.053,0.002
1730000105610,50273,0.0356,-0.9876,0.0858,0.0057,-0.0316,-0.0151
1730000105620,50277,0.0071,-0.961,0.0867,0.0418,0.0381,-0.0063
1730000105630,50282,0.0281,-0.977,0.0781,-0.0196,-0.0298,0.0127
1730000105640,50287,0.0211,-0.9522,0.0838,-0.0142,0.0228,-0.0005
1730000105650,50293,0.0048,-0.9444,0.0765,0.0159,-0.0258,0.0037
1730000105660,50299,0.0249,-0.9698,0.0887,-0.0167,0.0281,-0.0046
1730000105670,50304,0.015,-0.9419,0.0755,0.0117,0.0007,-0.0199
1730000105680,50310,0.0121,-0.9304,0.0722,-0.0014,0.0066,0.0098
1730000105690,50315,0.013,-0.938,0.0745,-0.0477,-0.0324,-0.0025
1730000105700,50321,0.0081,-0.9693,0.0773,0.0206,0.0263,-0.0174
1730000105710,50326,0.0232,-0.9562,0.0824,-0.0113,0.0309,-0.0203
1730000105720,50332,0.0324,-0.9544,0.0875,-0.0175,0.0005,0.0109
1730000105730,50337,0.0318,-0.9895,0.0713,-0.0013,0.0091,0.0005
1730000105740,50342,0.0054,-0.9641,0.0718,0.0174,-0.0134,-0.0103
1730000105750,50347,0.0205,-0.981,0.0891,0.0005,0.0346,0.0035
1730000105760,50352,0.0278,-0.9668,0.0676,-0.0144,0.036,-0.0008
1730000105770,50357,0.0165,-0.9774,0.0865,-0.022,0.0247,0.0329
1730000105780,50362,0.0379,-0.984,0.0613,0.0272,0.0089,-0.0015
1730000105790,50367,0.0145,-0.9976,0.0556,0.0176,-0.0113,0.0099
1730000105800,50372,0.0103,-0.9848,0.0826,0.0021,0.016,-0.0034
1730000105810,50376,0.0038,-0.9485,0.0688,0.0073,-0.0004,-0.0048
1730000105820,50381,0.0342,-0.9493,0.0836,0.0179,-0.0062,-0.0031
1730000105830,50386,-0.0027,-0.9885,0.0857,-0.0222,-0.0191,0.0218
1730000105840,50390,0.0154,-0.9901,0.0619,0.0052,0.0297,-0.0162
1730000105850,50394,0.016,-1.0347,0.0839,0.0059,0.0108,-0.0106
1730000105860,50399,0.0194,-0.9616,0.0806,-0.0081,0.0212,0.0089
1730000105870,50403,0.0243,-0.979,0.0835,0.0052,-0.004,0.0032
1730000105880,50407,0.0208,-0.9677,0.0772,-0.0038,-0.0336,-0.0019
1730000105890,50411,0.0115,-0.9861,0.0665,0.0103,0.0076,0.0069
1730000105900,50415,0.0214,-0.9704,0.0821,0.0128,0.0285,0.0103
1730000105910,50419,0.0342,-0.9936,0.0755,0.0132,-0.0043,0.0188
1730000105920,50423,0.0412,-0.9489,0.0936,-0.0265,0.0158,0.0029
1730000105930,50426,0.0192,-0.9948,0.0766,-0.0287,0.0176,0.0013
1730000105940,50430,0.0008,-0.9786,0.0792,0.0145,0.0206,0.0011
1730000105950,50435,0.0164,-0.9629,0.0663,-0.0032,-0.0037,-0.0037
1730000105960,50441,0.0245,-0.9852,0.0831,0.0116,-0.0153,0.0044
1730000105970,50452,0.0046,-1.0239,0.0852,-0.0394,0.0139,-0.0022
1730000105980,50475,0.0171,-0.9372,0.0871,0.0159,0.0184,-0.0081
1730000105990,50522,0.0215,-1.0231,0.0899,0.0483,0.0065,-0.0116
1730000106000,50613,0.0094,-0.9804,0.094,-0.0084,0.0177,-0.0105
1730000106010,50768,0.0376,-0.9479,0.0769,0.0365,-0.0097,-0.001
1730000106020,50996,0.0102,-0.9404,0.0791,-0.0366,0.0032,-0.0044
1730000106030,51287,0.0183,-0.9767,0.0835,-0.0019,0.0246,0.0098
1730000106040,51592,0.0165,-0.9934,0.0798,-0.0065,0.0144,-0.0161
1730000106050,51842,0.0154,-0.9508,0.0764,-0.0014,-0.0342,0.0097
1730000106060,51963,0.015,-0.9611,0.059,0.0115,-0.0145,0.004
1730000106070,51920,0.0091,-0.9735,0.0717,0.0198,0.0238,-0.0053
1730000106080,51727,0.0447,-0.9558,0.0677,-0.0037,-0.0036,0.0113
1730000106090,51446,0.0148,-0.9878,0.0699,-0.0062,-0.0262,-0.0117
1730000106100,51154,0.0273,-0.9816,0.096,-0.0057,-0.0411,-0.0028
1730000106110,50912,0.0167,-0.9956,0.086,0.0346,0.0259,0.0117
1730000106120,50748,0.0205,-1.0099,0.066,-0.004,-0.0095,0.0008
1730000106130,50662,0.0211,-1.0072,0.0867,-0.0197,-0.0016,0.0151
1730000106140,50637,0.0248,-1.013,0.0831,-0.0084,0.0029,-0.0137
1730000106150,50653,0.0361,-1.0322,0.1013,0.0115,0.0281,-0.0086
1730000106160,50691,0.0202,-1.0472,0.1006,-0.0243,-0.0219,0.0056
1730000106170,50739,0.0105,-0.9762,0.0667,-0.0201,-0.0609,-0.0015
1730000106180,50788,0.0069,-0.9607,0.091,0.0043,-0.0022,-0.0053
1730000106190,50829,0.0328,-0.9656,0.0794,0.0138,0.0015,0.0133
1730000106200,50856,0.0338,-0.9665,0.0656,0.0205,0.023,-0.0004
1730000106210,50867,0.0167,-0.9528,0.0912,0.0222,0.0035,0.007
1730000106220,50858,0.0215,-0.9782,0.0751,-0.0385,0.0243,-0.0122
1730000106230,50832,0.0268,-1.0108,0.087,0.0191,-0.0103,0.0237
1730000106240,50792,0.0208,-0.9654,0.0864,0.0278,-0.0029,0.0012
1730000106250,50744,0.0196,-1.0095,0.0623,-0.0161,-0.014,0.0039
1730000106260,50693,0.0272,-0.9678,0.0794,0.0289,0.0256,-0.0224
1730000106270,50645,0.0276,-0.9893,0.1098,0.0024,-0.0085,0.0014
1730000106280,50603,0.0163,-0.9725,0.0823,-0.0128,-0.0131,-0.014
1730000106290,50569,0.0207,-0.9991,0.0907,-0.0296,-0.0422,-0.0051
1730000106300,50544,0.0131,-1.0004,0.0755,-0.0115,-0.0116,-0.0075
1730000106310,50525,0.0275,-1.0079,0.0874,-0.0134,0.022,0.0097
1730000106320,50513,0.0082,-0.9791,0.0892,0.013,0.0449,-0.0128
1730000106330,50505,0.0018,-0.9812,0.1083,0.0064,0.0035,-0.0062
1730000106340,50501,0.0271,-0.9887,0.0846,-0.0381,0.0279,-0.0175
1730000106350,50498,0.028,-0.9844,0.087,0.0178,-0.0045,0.0149
1730000106360,50496,0.026,-1.0054,0.0759,-0.0018,0.0109,0.0078
1730000106370,50494,0.0099,-1.0057,0.0825,0.0046,-0.0587,0.0003
1730000106380,50493,0.034,-0.9627,0.083,-0.0281,-0.0315,0.0112
1730000106390,50492,0.0364,-0.9683,0.085,0.0137,0.0126,0.0084
1730000106400,50491,0.0421,-0.9873,0.0957,0.0131,-0.0465,0.001
1730000106410,50490,0.0154,-0.966,0.0926,0.0069,-0.0254,-0.013
1730000106420,50489,0.0068,-0.9903,0.0592,-0.023,0.0127,-0.0113
1730000106430,50488,0.0203,-0.9709,0.0696,-0.0096,0.011,0.0073
1730000106440,50487,0.0211,-0.975,0.0699,0.003,-0.0241,0.0008
1730000106450,50485,0.0135,-0.9973,0.0774,0.0046,0.0295,-0.0092
1730000106460,50484,0.0216,-0.989,0.0715,0.0002,0.0487,-0.0136
1730000106470,50482,0.0209,-0.9904,0.0858,-0.0092,0.0101,0.0006
1730000106480,50480,0.0163,-0.9772,0.0812,0.0196,0.0285,0.0084
1730000106490,50478,0.0199,-0.9816,0.0848,0.0153,-0.008,0.0018
1730000106500,50476,0.0171,-0.9701,0.0921,0.0123,0.0092,-0.0
1730000106510,50474,0.0258,-0.9983,0.084,0.0051,0.0059,-0.0193
1730000106520,50472,0.001,-0.974,0.0805,0.0083,0.0045,-0.0045
1730000106530,50470,0.0112,-1.0142,0.0706,-0.0379,0.0031,0.0142
1730000106540,50468,0.0185,-0.9779,0.0742,-0.0334,-0.0044,0.0014
1730000106550,50465,0.0037,-0.9737,0.0741,0.0139,-0.037,-0.007
1730000106560,50463,-0.0001,-0.9671,0.0667,0.0259,0.0045,-0.0062
1730000106570,50460,0.0164,-1.0205,0.0876,0.0218,0.0059,0.0085
1730000106580,50457,0.0244,-0.9579,0.0903,-0.0253,-0.0332,0.0257
1730000106590,50455,0.0194,-0.9993,0.0974,0.0162,0.0067,-0.0029
1730000106600,50452,0.013,-0.95,0.0934,0.0063,0.0102,0.0039
1730000106610,50449,0.0125,-0.9784,0.0786,-0.0157,0.006,-0.0054
1730000106620,50446,0.0342,-1.0117,0.0621,0.0103,-0.0098,-0.006
1730000106630,50442,0.0168,-1.0215,0.0817,0.0256,-0.0069,0.0087
1730000106640,50439,0.0395,-0.9825,0.0871,-0.0031,-0.0225,-0.0018
1730000106650,50436,0.0261,-1.0142,0.067,0.0152,0.0064,-0.0006
1730000106660,50432,0.0369,-0.9793,0.0865,-0.0068,0.0291,0.0019
1730000106670,50429,0.0221,-1.0061,0.0899,-0.0122,0.0142,-0.0088
1730000106680,50425,0.0177,-1.0013,0.078,0.0232,-0.0165,-0.0202
1730000106690,50422,0.0111,-0.9903,0.0878,-0.045,0.0118,-0.002
1730000106700,50421,0.0337,-1.0168,0.0963,-0.013,-0.0047,-0.0134
1730000106710,50424,0.0092,-0.967,0.0902,0.0022,-0.0073,0.0129
1730000106720,50437,0.0073,-0.9888,0.0749,0.0043,-0.0071,0.0077
1730000106730,50472,0.0381,-0.9925,0.0754,0.0295,-0.0166,0.0204
1730000106740,50546,0.0149,-1.0102,0.0845,0.0297,0.0192,-0.0184
1730000106750,50677,0.0253,-0.9899,0.0815,0.008,-0.0284,-0.0183
1730000106760,50879,0.018,-0.9922,0.0844,-0.0428,0.0179,0.0074
1730000106770,51146,0.0291,-0.9873,0.08,-0.0338,0.0123,0.0007
1730000106780,51440,0.0063,-1.0219,0.0756,-0.0425,0.0056,-0.0075
1730000106790,51700,0.0296,-0.9602,0.084,0.0253,-0.0261,0.0025
1730000106800,51853,0.0176,-0.9756,0.0758,-0.0242,0.0435,0.0172
1730000106810,51854,0.0291,-1.0298,0.0629,-0.0081,0.0078,0.0122
1730000106820,51701,0.0079,-0.9443,0.0692,-0.0259,0.0228,-0.0071
1730000106830,51439,0.0165,-1.0035,0.0704,-0.0295,0.0358,-0.0182
1730000106840,51142,0.0124,-0.9777,0.0808,-0.0177,-0.0067,-0.0068
1730000106850,50873,0.0214,-1.0129,0.09,-0.0247,0.016,-0.0025
1730000106860,50673,0.0177,-1.0172,0.0814,-0.009,0.0053,0.0088
1730000106870,50551,0.0408,-0.968,0.0834,-0.0093,0.0063,0.0208
1730000106880,50496,0.0179,-0.9975,0.0822,0.0108,0.0008,0.0191
1730000106890,50488,0.0245,-0.9996,0.0911,0.0223,-0.0094,0.003
1730000106900,50510,0.0248,-0.9827,0.0862,-0.0119,0.025,0.0086
1730000106910,50546,0.0121,-0.9778,0.0718,-0.0294,-0.0009,-0.0079
1730000106920,50588,0.0208,-0.9803,0.0799,-0.0181,0.0139,-0.0037
1730000106930,50626,0.0099,-0.9697,0.0718,0.0297,-0.0297,0.0045
1730000106940,50655,0.0102,-0.9757,0.0585,0.0112,-0.0229,0.0099
1730000106950,50668,0.0225,-0.9719,0.0693,-0.0234,-0.0119,-0.0001
1730000106960,50665,0.0302,-0.9985,0.0819,0.024,0.0568,-0.0056
1730000106970,50643,0.0206,-0.9819,0.0927,-0.0058,0.0422,-0.0015
1730000106980,50605,-0.0033,-0.9824,0.0768,0.0109,0.0035,0.0061
1730000106990,50556,0.0274,-0.993,0.0886,0.0223,0.0111,-0.0114
1730000107000,50501,0.0219,-0.9798,0.0766,-0.0234,-0.011,0.009
1730000107010,50445,0.0286,-1.0194,0.0916,0.0263,0.0009,-0.0274
1730000107020,50393,0.0155,-0.9665,0.0715,-0.0112,-0.0067,0.0134
1730000107030,50347,0.0217,-1.002,0.0957,0.0007,-0.0073,0.012
1730000107040,50310,-0.0014,-1.0014,0.0842,-0.0161,0.027,-0.003
1730000107050,50280,0.0178,-0.9737,0.1035,-0.0065,0.0088,-0.0093
1730000107060,50257,0.0394,-0.9942,0.0735,-0.0294,-0.0084,-0.0065
1730000107070,50240,0.0214,-0.9991,0.0599,0.0118,0.0039,0.011
1730000107080,50226,0.0174,-0.946,0.0727,0.0,0.0415,0.0109
1730000107090,50216,0.0294,-0.9782,0.0717,0.0051,0.0197,0.0152
1730000107100,50207,0.0239,-1.0118,0.0716,-0.0183,0.027,-0.0249
1730000107110,50199,0.0319,-0.9902,0.0939,0.0234,0.0033,-0.0089
1730000107120,50192,0.0117,-0.9941,0.0854,-0.0276,-0.0087,0.0098
1730000107130,50185,0.0156,-0.9928,0.0794,0.0052,-0.0022,-0.0133
1730000107140,50178,0.0115,-1.0425,0.0854,-0.0234,-0.0051,0.0148
1730000107150,50172,0.0212,-1.0078,0.0673,-0.0218,0.032,0.0015
1730000107160,50165,0.0332,-0.9824,0.0747,-0.02,-0.0087,0.0005
1730000107170,50158,0.0217,-0.9951,0.0979,-0.0189,-0.0059,0.0077
1730000107180,50151,0.046,-1.0054,0.0983,0.0492,0.0198,-0.0147
1730000107190,50145,0.0242,-0.9765,0.0864,0.009,-0.0125,0.0076
1730000107200,50138,0.0273,-0.9838,0.0729,-0.0274,-0.0021,-0.007
1730000107210,50131,0.0196,-1.0108,0.074,0.0032,0.0042,-0.0058
1730000107220,50124,0.0142,-1.0095,0.0706,0.0014,-0.019,0.0042
1730000107230,50117,0.014,-0.9738,0.0729,0.0118,-0.0087,-0.0051
1730000107240,50110,0.0237,-0.98,0.0821,0.0235,0.0286,-0.0041
1730000107250,50103,0.0309,-0.9664,0.0853,-0.0052,-0.0086,-0.0072
1730000107260,50096,0.0139,-0.9881,0.0817,-0.0056,0.0183,0.0025
1730000107270,50089,0.019,-0.9751,0.0805,0.0193,-0.0211,0.0211
1730000107280,50082,0.0141,-1.0181,0.0638,0.008,-0.0105,-0.0078
1730000107290,50075,0.003,-0.9851,0.0862,-0.0071,-0.0469,0.0032
1730000107300,50068,0.0313,-0.9844,0.0743,-0.0383,0.0007,-0.0065
1730000107310,50061,0.0242,-0.9955,0.0721,-0.0011,-0.0092,-0.0064
1730000107320,50054,0.0132,-0.9838,0.0671,-0.0287,-0.0065,0.0034
1730000107330,50047,0.015,-0.9792,0.0974,-0.0222,-0.0511,0.0015
1730000107340,50039,0.0171,-0.9992,0.0668,-0.0129,-0.027,-0.0173
1730000107350,50032,0.0321,-0.9853,0.0821,0.0327,-0.0222,-0.0013
1730000107360,50025,0.0108,-0.9294,0.0787,0.0125,-0.0341,0.0104
1730000107370,50018,0.0238,-1.0117,0.0858,-0.0477,0.0034,0.0075
1730000107380,50011,0.0334,-1.0075,0.0794,0.0108,0.0119,-0.0038
1730000107390,50004,0.0239,-0.9725,0.0929,-0.0041,-0.0074,-0.0116
1730000107400,49996,0.0217,-0.9768,0.0863,0.0099,-0.0308,0.0109
1730000107410,49989,0.0167,-1.0059,0.0881,-0.0039,0.0016,-0.0033
1730000107420,49982,0.0217,-0.9921,0.0851,0.0034,0.017,-0.0016
1730000107430,49975,0.0167,-0.975,0.1001,-0.0073,0.0071,0.0122
1730000107440,49969,0.0037,-0.9586,0.078,-0.0126,0.0104,-0.0062
1730000107450,49965,0.0301,-0.9611,0.0806,-0.0002,0.0073,0.0055
1730000107460,49966,0.0257,-1.0036,0.0875,0.0171,-0.0014,-0.0063
1730000107470,49980,0.0241,-1.0184,0.0831,0.0048,0.0235,-0.0179
1730000107480,50021,0.0233,-0.9752,0.0638,0.0058,0.013,0.0003
1730000107490,50110,0.0009,-1.0037,0.0536,-0.0041,0.0017,-0.0176
1730000107500,50268,0.0141,-0.9858,0.0881,0.0186,0.0245,0.0032
1730000107510,50502,0.0214,-0.9793,0.0947,-0.0392,-0.0001,-0.0022
1730000107520,50796,0.0154,-1.014,0.092,-0.0063,0.0087,-0.0129
1730000107530,51093,0.015,-0.9639,0.0644,-0.0103,-0.0003,0.0046
1730000107540,51315,0.0204,-0.9686,0.0869,0.0166,-0.0046,0.0176
1730000107550,51391,0.0134,-0.9317,0.1021,0.0056,-0.0048,0.0035
1730000107560,51294,0.0237,-1.0157,0.0717,0.0306,0.0009,0.0168
1730000107570,51055,0.0253,-0.9947,0.0629,-0.0122,0.0101,-0.0136
1730000107580,50747,0.0277,-1.0127,0.0823,0.009,0.0244,0.0037
1730000107590,50451,0.0301,-0.9861,0.0933,0.0083,0.0373,-0.0092
1730000107600,50221,0.0174,-1.0133,0.0847,-0.0208,-0.0056,0.0115
1730000107610,50076,0.019,-0.9981,0.0803,-0.0084,0.0143,-0.0087
1730000107620,50006,0.0156,-0.9874,0.0857,-0.0015,0.0199,-0.0036
1730000107630,49992,0.0231,-1.016,0.077,-0.0112,0.022,-0.0005
1730000107640,50011,0.0196,-1.0112,0.0696,-0.0072,-0.0093,0.002
1730000107650,50048,0.0263,-1.0051,0.0738,0.0162,0.002,0.0013
1730000107660,50090,0.0215,-0.9813,0.0713,0.0309,0.0146,-0.0031
1730000107670,50129,0.0192,-1.0075,0.0644,0.0146,-0.0023,0.0038
1730000107680,50157,0.0335,-0.9922,0.0911,-0.0065,0.01,-0.0226
1730000107690,50168,0.0115,-0.9686,0.0697,0.0269,-0.0156,-0.0091
1730000107700,50160,0.0268,-0.974,0.0678,0.0124,0.0312,-0.0157
1730000107710,50133,0.0127,-0.9817,0.0761,-0.0335,-0.0085,-0.0137
1730000107720,50090,0.0346,-0.9864,0.0911,0.0044,-0.0159,0.0018
1730000107730,50036,0.021,-0.9587,0.0737,-0.0133,0.0173,0.0024
1730000107740,49978,0.0297,-0.953,0.0767,0.0294,-0.0287,-0.0102
1730000107750,49921,0.0244,-1.0004,0.0631,-0.0087,0.0015,-0.0074
1730000107760,49869,0.0335,-0.9882,0.0856,-0.0244,-0.0416,-0.002
1730000107770,49826,0.018,-0.9543,0.076,-0.0153,0.0168,0.013
1730000107780,49791,0.0073,-0.962,0.0974,0.0233,-0.0219,-0.0035
1730000107790,49764,0.0103,-1.0081,0.0763,0.0011,-0.0064,-0.0071
1730000107800,49745,0.0163,-0.9969,0.0946,0.0363,-0.0127,0.0021
1730000107810,49730,0.0242,-1.0047,0.082,-0.004,-0.0113,0.0017
1730000107820,49719,0.0123,-0.993,0.0738,0.0067,0.0035,0.0001
1730000107830,49710,0.0206,-0.9925,0.0762,-0.0068,0.0003,-0.02
1730000107840,49703,0.0272,-0.989,0.0819,0.0282,-0.0061,0.0007
1730000107850,49697,0.0143,-0.948,0.0978,-0.0083,0.0455,0.006
1730000107860,49691,0.0083,-0.9815,0.0695,-0.0002,0.0033,0.0051
1730000107870,49685,0.0222,-1.0187,0.0685,-0.0133,0.0168,-0.0104
1730000107880,49679,0.0349,-0.9968,0.0923,0.0437,-0.0155,-0.0124
1730000107890,49674,0.0281,-0.974,0.0842,0.0015,-0.002,0.0071
1730000107900,49668,0.0124,-0.9898,0.0879,0.0058,-0.0025,-0.001
1730000107910,49663,0.0183,-0.9773,0.0723,-0.0188,-0.0193,-0.0058
1730000107920,49658,0.0189,-1.0027,0.0632,-0.0428,0.0067,-0.0055
1730000107930,49652,0.0157,-0.9991,0.0917,0.0054,0.0108,-0.0071
1730000107940,49647,0.0173,-0.9728,0.077,-0.0095,-0.0232,0.0165
1730000107950,49642,0.0213,-0.9626,0.0838,-0.0473,0.0039,-0.0092
1730000107960,49637,-0.003,-1.0043,0.0766,-0.0127,-0.0078,0.0037
1730000107970,49632,0.0347,-0.9628,0.0666,0.0016,-0.0129,-0.0166
1730000107980,49627,0.0029,-1.0111,0.0801,0.0171,0.019,0.0066
1730000107990,49622,0.0224,-1.0137,0.0792,0.0172,-0.0186,-0.0172
1730000108000,49618,0.0167,-0.9803,0.0938,0.0086,-0.0021,0.0016
1730000108010,49613,0.0247,-0.9879,0.0743,0.0014,0.013,0.0179
1730000108020,49609,0.0333,-0.9599,0.0833,0.0244,0.0296,-0.0008
1730000108030,49604,0.0222,-1.0053,0.0949,-0.0046,-0.0335,-0.0001
1730000108040,49600,0.0051,-0.9552,0.0756,-0.0109,-0.0097,0.0067
1730000108050,49595,0.0186,-0.9887,0.0696,-0.0071,-0.0126,-0.0001
1730000108060,49591,0.0165,-0.9661,0.069,-0.0287,-0.0245,-0.0106
1730000108070,49587,0.0137,-0.9878,0.0679,-0.0163,-0.0004,-0.0015
1730000108080,49583,0.0198,-0.9612,0.0769,-0.0121,0.0166,-0.0013
1730000108090,49579,0.0284,-0.9547,0.0631,-0.0064,0.0015,-0.0086
1730000108100,49575,0.0251,-0.9934,0.0818,-0.0069,-0.0011,0.0062
1730000108110,49571,0.0094,-1.0143,0.0613,0.0224,-0.0111,0.0047
1730000108120,49567,0.0191,-0.9667,0.0864,-0.0149,-0.0157,0.0031
1730000108130,49564,0.0339,-1.01,0.0848,-0.0133,-0.0065,0.0076
1730000108140,49560,0.0209,-0.9822,0.0809,0.0001,0.0027,0.0106
1730000108150,49557,0.0193,-0.9607,0.0805,0.0331,0.0268,-0.0011
1730000108160,49555,0.0066,-1.0107,0.0835,-0.0408,0.0118,-0.0032
1730000108170,49554,0.0138,-0.9695,0.0804,0.0153,0.0292,0.0243
1730000108180,49560,0.0166,-0.9557,0.0973,0.0159,-0.0106,-0.0038
1730000108190,49582,0.0195,-0.9895,0.077,0.0054,0.0057,0.0029
1730000108200,49634,0.0352,-1.003,0.0793,0.0064,-0.004,-0.0165
1730000108210,49741,0.0313,-0.9726,0.0788,0.0023,-0.0078,0.0002
1730000108220,49924,0.0112,-0.9632,0.0795,-0.0008,0.0454,-0.0154
1730000108230,50188,0.0142,-0.9473,0.0761,-0.021,0.0288,-0.0019
1730000108240,50503,0.0072,-1.0039,0.0792,-0.0376,-0.038,-0.0095
1730000108250,50800,0.0331,-0.9812,0.0889,-0.0105,0.0369,-0.0193
1730000108260,50991,0.0109,-0.9971,0.066,0.0072,0.0296,0.0029
1730000108270,51010,0.0213,-0.9779,0.0669,0.0036,-0.0141,-0.0057
1730000108280,50851,0.0275,-0.9555,0.0702,0.0222,0.0037,-0.0049
1730000108290,50569,0.0114,-0.9545,0.0628,0.0205,-0.0328,-0.0015
1730000108300,50253,0.0063,-0.9514,0.0919,-0.0067,-0.0045,0.0133
1730000108310,49982,0.0061,-0.9975,0.0623,-0.0173,0.0021,0.0076
1730000108320,49794,0.0121,-1.0121,0.0823,0.0058,0.0093,-0.0184
1730000108330,49695,0.0311,-0.9266,0.0714,0.0591,0.0499,0.0099
1730000108340,49664,0.0282,-0.9521,0.107,0.0092,-0.0157,0.0093
1730000108350,49677,0.0271,-0.9434,0.0897,0.0164,0.0236,-0.0028
1730000108360,49716,0.0258,-0.9995,0.0841,0.0041,0.0168,0.0045
1730000108370,49764,0.0222,-0.9755,0.0736,0.0337,-0.0085,-0.0073
1730000108380,49812,0.0318,-0.9852,0.0853,-0.0003,0.0043,-0.0063
1730000108390,49850,0.0317,-0.9965,0.081,0.0076,0.0406,0.0055
1730000108400,49872,0.0301,-0.9631,0.0789,0.0223,0.0018,-0.0084
1730000108410,49874,0.0236,-0.9524,0.0824,0.0013,-0.0025,-0.0114
1730000108420,49855,0.0035,-0.9463,0.082,-0.0153,0.0104,0.003
1730000108430,49818,0.025,-0.9831,0.0979,-0.0074,-0.0092,0.0084
1730000108440,49770,0.0126,-0.9634,0.0731,-0.0559,-0.0078,-0.0081
1730000108450,49716,0.0471,-0.9627,0.0812,-0.0089,0.0062,-0.0066
1730000108460,49663,0.031,-0.9675,0.096,0.0139,-0.0202,0.0121
1730000108470,49616,0.0106,-0.9878,0.0611,-0.0032,0.0066,-0.0054
1730000108480,49577,0.0175,-0.9824,0.075,-0.01,0.01,0.0132
1730000108490,49548,0.0216,-0.9728,0.0572,0.0229,0.0039,-0.0128
1730000108500,49528,0.0016,-0.9652,0.0892,0.0235,0.0204,0.011
1730000108510,49514,0.0175,-0.99,0.0786,0.0327,0.0027,0.0062
1730000108520,49506,0.0316,-0.9821,0.0802,-0.0116,-0.0043,-0.0
1730000108530,49502,0.0218,-0.9708,0.0901,-0.0071,-0.0071,-0.0027
1730000108540,49499,0.0236,-0.9847,0.0811,0.0029,-0.0042,-0.0204
1730000108550,49499,-0.0062,-0.9415,0.068,0.0135,-0.0199,-0.0041
1730000108560,49499,0.0251,-0.9974,0.087,-0.0133,-0.024,-0.001
1730000108570,49499,0.0206,-0.9665,0.0817,-0.0467,-0.0207,-0.0232
1730000108580,49500,0.0156,-0.9747,0.0694,0.016,0.0061,-0.0212
1730000108590,49501,0.0342,-0.9881,0.0977,-0.0013,0.0054,-0.0114
1730000108600,49502,0.017,-0.958,0.0756,-0.0075,0.0004,0.002
1730000108610,49503,0.0135,-0.9708,0.0841,0.0057,-0.0235,-0.0016
1730000108620,49504,0.0251,-0.9671,0.0782,-0.005,-0.0203,0.0164
1730000108630,49505,0.026,-1.0066,0.0801,-0.0037,0.0103,0.0138
1730000108640,49507,0.03,-0.9607,0.107,0.0445,-0.0352,0.0085
1730000108650,49508,0.0122,-0.9607,0.0755,-0.022,0.03,-0.0092
1730000108660,49510,0.0196,-0.9705,0.0884,0.0031,0.0119,-0.0083
1730000108670,49511,0.0093,-0.9319,0.0753,-0.0089,0.0117,0.004
1730000108680,49513,0.014,-0.9238,0.0843,-0.0052,-0.0143,0.0049
1730000108690,49515,0.0321,-0.9248,0.084,-0.0102,-0.0123,-0.0
1730000108700,49517,0.0252,-0.9772,0.0805,0.0018,-0.0127,0.0001
1730000108710,49519,0.0146,-0.953,0.0958,0.0031,0.0329,0.001
1730000108720,49521,0.0192,-0.9628,0.0941,-0.0064,-0.0088,-0.0124
1730000108730,49524,0.0199,-0.9719,0.0624,-0.0287,-0.0591,-0.0002
1730000108740,49526,0.0175,-0.9735,0.0759,-0.03,0.0156,0.0187
1730000108750,49528,0.0236,-0.9757,0.1,0.0072,-0.0184,-0.0127
1730000108760,49531,0.0127,-0.9965,0.0804,-0.0125,0.0031,0.0081
1730000108770,49534,0.0297,-0.9557,0.0933,-0.0446,0.0084,-0.0007
1730000108780,49537,0.0144,-0.9828,0.0832,0.0392,-0.0027,-0.0195
1730000108790,49539,0.0235,-0.9953,0.0786,0.0318,0.0039,-0.002
1730000108800,49542,0.0132,-0.983,0.0736,-0.0027,-0.0498,0.0027
1730000108810,49545,0.0264,-0.9374,0.0708,-0.0127,-0.0172,0.0098
1730000108820,49549,0.0111,-0.9598,0.0816,0.0068,-0.0064,-0.0087
1730000108830,49552,0.0214,-0.975,0.0649,0.0039,-0.0282,-0.0014
1730000108840,49555,0.02,-0.92,0.0835,0.0107,-0.0062,0.0059
1730000108850,49559,0.0384,-0.9617,0.0673,-0.0018,0.0079,-0.0106
1730000108860,49563,0.0285,-0.9944,0.0808,0.001,0.0253,0.0017
1730000108870,49567,0.0359,-0.9889,0.0585,-0.028,-0.0444,-0.0074
1730000108880,49575,0.009,-0.958,0.07,-0.0037,0.007,-0.0133
1730000108890,49591,0.0177,-0.9478,0.0916,0.0044,0.0022,0.004
1730000108900,49623,0.021,-0.976,0.0876,0.0336,0.0024,0.0002
1730000108910,49686,0.0118,-0.9694,0.0802,0.0047,0.025,-0.004
1730000108920,49803,0.009,-0.9808,0.0808,-0.0105,0.04,0.0188
1730000108930,49989,0.0227,-0.9776,0.081,0.012,0.015,0.0011
1730000108940,50249,0.0314,-0.9757,0.084,-0.0119,-0.0316,-0.0186
1730000108950,50556,0.0333,-0.9632,0.0769,0.0069,-0.0099,0.0159
1730000108960,50849,0.0106,-0.9732,0.0769,-0.0187,-0.0039,-0.0091
1730000108970,51054,0.02,-0.9374,0.0756,0.0199,-0.0078,-0.0093
1730000108980,51109,0.0299,-0.9525,0.077,-0.0026,0.0301,-0.0064
1730000108990,50998,0.0203,-0.9659,0.0961,-0.0229,-0.0137,0.0064
1730000109000,50760,0.0179,-0.9655,0.0899,0.0038,-0.0343,-0.0172
1730000109010,50467,0.031,-0.9709,0.0879,0.0038,0.0147,0.0162
1730000109020,50193,0.0093,-0.9469,0.0798,0.0292,-0.0328,-0.0011
1730000109030,49986,0.019,-0.9885,0.072,-0.0408,0.0025,-0.0284
1730000109040,49861,0.0105,-0.9787,0.0953,-0.0205,0.0141,0.0115
1730000109050,49808,0.0217,-0.9763,0.0944,-0.0007,-0.0222,0.0079
1730000109060,49807,0.0279,-0.9692,0.0806,0.0177,-0.0005,0.0103
1730000109070,49838,0.0225,-0.9757,0.0808,0.0369,0.0194,-0.0074
1730000109080,49886,0.004,-0.9621,0.0805,-0.0178,0.0063,-0.0106
1730000109090,49939,0.0208,-0.9825,0.0868,-0.0303,-0.0043,-0.0052
1730000109100,49990,0.0362,-0.973,0.0695,0.0237,-0.0297,-0.0044
1730000109110,50030,0.0242,-0.9899,0.0893,-0.0224,0.0198,-0.0203
1730000109120,50054,0.0271,-0.9766,0.0828,0.0367,-0.0108,0.028
1730000109130,50060,0.0126,-0.9998,0.0807,-0.0318,0.0036,0.0075
1730000109140,50048,0.0185,-0.9657,0.0893,0.007,-0.0188,0.0134
1730000109150,50020,0.015,-0.9466,0.0963,-0.0001,-0.0272,-0.0026
1730000109160,49980,0.0155,-0.9765,0.0879,-0.0197,0.0297,0.0134
1730000109170,49935,0.0167,-0.9467,0.0915,0.0092,0.0091,0.0094
1730000109180,49891,0.0319,-0.9343,0.0811,-0.0206,0.0091,-0.0167
1730000109190,49851,0.0064,-0.9905,0.0754,0.0016,-0.0065,-0.0079
1730000109200,49818,0.0121,-0.988,0.0896,0.024,0.0363,0.0045
1730000109210,49794,0.0343,-0.9314,0.0939,0.0044,0.0327,0.0149
1730000109220,49778,0.0232,-0.9851,0.0725,0.0047,-0.0068,0.0026
1730000109230,49770,0.0143,-0.9619,0.0769,0.0004,-0.0044,-0.0115
1730000109240,49766,0.0205,-0.9483,0.0711,0.0067,0.0131,0.013
1730000109250,49766,0.0141,-0.9863,0.1054,-0.0086,0.005,-0.0089
1730000109260,49769,0.0336,-0.9919,0.0725,-0.0129,0.0018,0.001
1730000109270,49774,0.019,-0.9742,0.0795,0.0359,0.0148,0.0066
1730000109280,49779,0.0242,-0.9778,0.0701,-0.0038,-0.0226,-0.0127
1730000109290,49785,0.0322,-0.9815,0.0735,0.0165,-0.0002,0.0036
1730000109300,49792,0.0315,-0.9796,0.0819,0.0206,0.0061,-0.0058
1730000109310,49798,0.0139,-1.0138,0.0971,0.0193,0.0116,-0.0139
1730000109320,49805,0.0238,-0.9663,0.0931,-0.0014,0.0158,-0.0022
1730000109330,49811,0.0256,-0.9621,0.0707,0.0105,-0.0237,-0.0059
1730000109340,49818,0.018,-0.9669,0.0766,-0.0235,-0.0193,-0.0105
1730000109350,49825,0.0388,-0.9664,0.0802,-0.0162,-0.0149,0.0044
1730000109360,49831,0.012,-0.9489,0.0759,0.0047,-0.005,-0.0021
1730000109370,49838,0.0291,-0.9732,0.0791,0.0629,-0.0126,0.0028
1730000109380,49845,0.0082,-0.9455,0.0789,0.0033,0.0086,0.0051
1730000109390,49852,0.0198,-0.9608,0.0898,0.0026,0.0006,0.0014
1730000109400,49859,0.0244,-0.9563,0.0957,-0.005,-0.0097,0.0062
1730000109410,49866,-0.0064,-0.9321,0.0825,-0.0196,0.0375,-0.0102
1730000109420,49873,0.0194,-0.957,0.056,0.0026,-0.008,0.0053
1730000109430,49879,0.0186,-1.0034,0.075,0.0057,-0.0145,-0.0092
1730000109440,49886,0.0237,-0.9499,0.0817,-0.0133,-0.0072,-0.0019
1730000109450,49893,0.0169,-0.9937,0.0766,-0.031,0.0037,0.007
1730000109460,49900,0.0141,-0.983,0.0787,-0.0048,0.0092,-0.0015
1730000109470,49907,0.0336,-0.9314,0.0907,-0.0138,-0.005,-0.0127
1730000109480,49915,0.0164,-0.9587,0.0909,-0.0188,-0.0174,-0.008
1730000109490,49922,0.0289,-0.9737,0.0672,0.0167,-0.0144,0.0045
1730000109500,49929,0.0346,-0.9731,0.0663,-0.018,0.0163,0.0234
1730000109510,49936,0.0249,-0.983,0.0937,-0.0111,-0.0172,-0.0029
1730000109520,49943,0.0241,-1.0009,0.0945,0.0285,-0.0025,-0.0038
1730000109530,49950,0.0307,-0.9504,0.0794,-0.0048,0.0398,0.0015
1730000109540,49957,0.0184,-0.9266,0.0873,-0.014,-0.0192,0.0017
1730000109550,49964,0.0148,-0.9709,0.0703,-0.011,0.031,0.0101
1730000109560,49971,0.0352,-0.9469,0.0839,-0.0167,0.0343,-0.005
1730000109570,49979,0.0302,-0.9746,0.0793,-0.0181,-0.0038,-0.0044
1730000109580,49986,0.0243,-0.956,0.0788,0.0389,-0.0214,0.0043
1730000109590,49993,0.0291,-0.9611,0.0705,-0.0019,-0.0051,0.0215
1730000109600,50001,0.0478,-0.9638,0.0783,-0.0156,-0.0284,-0.0151
1730000109610,50010,0.0065,-0.9626,0.0792,0.0238,-0.0073,0.0129
1730000109620,50022,0.0154,-0.9814,0.0895,0.0181,0.0072,-0.0066
1730000109630,50044,0.0167,-0.9672,0.085,0.008,0.0218,0.0089
1730000109640,50086,0.0153,-0.9802,0.0865,0.006,-0.0019,0.0002
1730000109650,50164,-0.0108,-0.9821,0.0807,0.0103,0.0065,0.0031
1730000109660,50299,0.0154,-0.9846,0.0814,-0.0392,0.0306,-0.0148
1730000109670,50507,0.0211,-0.992,0.0701,0.0422,-0.057,-0.0133
1730000109680,50784,0.0139,-0.97,0.1093,0.003,-0.002,-0.003
1730000109690,51096,0.0079,-0.9724,0.0883,-0.013,-0.0078,0.0112
1730000109700,51377,0.0334,-0.9655,0.0761,0.0186,0.0264,0.0164
1730000109710,51553,0.019,-0.9205,0.0763,0.0113,-0.0242,0.0074
1730000109720,51571,0.012,-0.9603,0.0873,0.0068,0.0226,-0.0029
1730000109730,51429,0.017,-0.9494,0.0964,0.0126,0.0022,0.0019
1730000109740,51175,0.0311,-0.9993,0.0661,-0.0174,-0.0362,0.0179
1730000109750,50884,0.0224,-0.9396,0.0783,0.0055,0.0155,-0.0072
1730000109760,50625,0.0219,-0.9615,0.0725,0.0143,0.0225,0.0013
1730000109770,50438,0.0242,-0.9901,0.075,-0.0201,-0.0218,0.0186
1730000109780,50332,0.0063,-0.9798,0.0833,0.0083,-0.0402,0.0094
1730000109790,50293,0.0344,-0.9859,0.0684,-0.0172,0.0069,0.0167
1730000109800,50301,0.0158,-0.9987,0.0906,0.0017,0.0105,-0.0029
1730000109810,50338,0.0136,-0.9627,0.0658,0.0255,-0.0064,0.0035
1730000109820,50390,0.0169,-0.983,0.0893,-0.0037,0.0139,0.0042
1730000109830,50444,0.0203,-0.9825,0.0736,-0.0159,-0.0085,0.0043
1730000109840,50494,0.0465,-0.9723,0.085,-0.0097,-0.0162,0.0007
1730000109850,50533,0.0185,-0.9653,0.0909,-0.029,-0.001,-0.0069
1730000109860,50555,0.0185,-0.9904,0.0859,0.0049,-0.0053,0.0105
1730000109870,50559,0.0093,-0.9751,0.0701,0.0428,-0.0205,-0.0033
1730000109880,50545,0.0183,-0.9675,0.0753,-0.0274,0.0178,-0.0132
1730000109890,50515,0.0321,-0.9924,0.0867,0.0184,0.0236,-0.0086
1730000109900,50476,0.0204,-0.9644,0.0879,0.0073,0.0154,0.0104
1730000109910,50431,0.0226,-1.0083,0.0754,-0.0229,0.0006,0.0161
1730000109920,50388,0.0042,-0.9941,0.0703,-0.0207,0.0172,-0.0034
1730000109930,50349,0.0203,-1.0135,0.0864,-0.0207,0.0644,0.0173
1730000109940,50319,0.0329,-0.9451,0.0817,-0.0313,-0.0271,0.0175
1730000109950,50296,0.0342,-0.9873,0.0767,0.0251,-0.0243,-0.0024
1730000109960,50281,0.0071,-0.9744,0.0637,0.0011,0.0317,0.0095
1730000109970,50273,0.0306,-0.9591,0.0819,-0.0512,-0.0008,0.0015
1730000109980,50270,0.0293,-0.9702,0.0711,-0.0081,0.0181,0.0102
1730000109990,50271,0.0105,-0.9484,0.074,-0.0134,-0.0443,-0.0102
1730000110000,50274,0.0303,-0.9477,0.0722,-0.0021,0.0016,0.0079
1730000110010,50278,0.0208,-1.0062,0.0856,0.0323,0.0041,0.0184
1730000110020,50283,0.035,-0.9594,0.0874,-0.0012,-0.0011,-0.0127
1730000110030,50288,0.0074,-0.981,0.0739,-0.0028,0.0206,-0.0099
1730000110040,50294,0.0232,-1.0155,0.0849,0.0109,-0.0155,0.0006
1730000110050,50300,0.037,-0.9861,0.0598,0.0042,-0.0069,0.0089
1730000110060,50305,0.0065,-0.9792,0.0917,0.0141,0.0327,0.0057
1730000110070,50311,0.0197,-0.9938,0.0919,-0.0187,-0.0186,-0.0085
1730000110080,50316,0.0393,-0.9991,0.0804,0.0087,-0.0005,-0.0103
1730000110090,50322,0.0179,-0.9734,0.0713,0.0082,-0.0051,-0.0141
1730000110100,50327,0.0308,-0.9721,0.0918,-0.0252,-0.0089,-0.0006
1730000110110,50333,0.0324,-1.0055,0.0744,0.0164,-0.0045,-0.0076
1730000110120,50338,-0.0008,-0.9589,0.0921,-0.0067,-0.0175,-0.0054
1730000110130,50343,0.0193,-0.9806,0.0792,-0.0047,-0.0109,0.0019
1730000110140,50348,0.0284,-0.9427,0.079,0.0504,0.0123,-0.0017
1730000110150,50353,0.0223,-1.0033,0.0658,-0.0273,-0.0139,-0.0025
1730000110160,50358,0.0197,-0.9728,0.0888,-0.0021,-0.0057,-0.0061
1730000110170,50363,0.0208,-0.9902,0.0871,-0.0006,0.0,-0.0093
1730000110180,50368,0.0144,-1.0018,0.0659,-0.0197,-0.0271,0.0034
1730000110190,50373,0.0216,-0.9759,0.0839,0.033,0.0315,-0.0157
1730000110200,50377,0.0166,-1.0083,0.0774,-0.0017,-0.0083,-0.0061
1730000110210,50382,0.0121,-0.9595,0.0747,-0.0332,0.005,0.0131
1730000110220,50386,0.0358,-0.9569,0.0663,0.0215,-0.0119,0.003
1730000110230,50391,0.0123,-0.9654,0.0783,0.0218,0.014,0.0005
1730000110240,50395,0.0113,-1.0014,0.0747,-0.0012,-0.0368,-0.0079
1730000110250,50400,0.0031,-0.9884,0.0805,-0.0115,-0.0103,-0.0044
1730000110260,50404,0.0062,-0.9441,0.09,-0.0077,0.0067,-0.002
1730000110270,50408,0.0233,-1.0079,0.0616,0.0282,-0.0302,0.0044
1730000110280,50412,0.0417,-0.9852,0.0844,-0.0038,-0.0089,-0.0081
1730000110290,50416,0.0279,-0.9504,0.0846,0.015,0.0115,0.0008
1730000110300,50420,0.0187,-0.9653,0.0841,-0.0204,0.0093,-0.0111
1730000110310,50423,0.0303,-0.9995,0.0884,0.062,-0.0231,0.0026
1730000110320,50427,0.0178,-0.9785,0.073,0.0065,-0.0001,-0.0214
1730000110330,50431,0.0129,-0.9712,0.0785,-0.0026,0.009,0.0038
1730000110340,50435,0.0088,-0.9767,0.0901,0.0277,-0.0034,0.0057
1730000110350,50440,-0.0004,-0.9936,0.0773,0.0266,-0.0393,-0.0155
1730000110360,50449,0.027,-0.9779,0.0675,0.0083,0.0135,-0.0003
1730000110370,50467,0.0022,-0.9991,0.0924,-0.031,0.0009,-0.0032
1730000110380,50505,0.0236,-0.9747,0.0785,0.016,-0.0095,-0.0059
1730000110390,50580,0.0168,-0.9899,0.0976,0.0207,0.0496,-0.0041
1730000110400,50711,0.0187,-1.0089,0.0807,-0.0006,0.0331,0.0011
1730000110410,50916,0.0094,-0.9681,0.071,0.0004,-0.0333,-0.0044
1730000110420,51188,0.0154,-1.0025,0.0712,-0.0225,-0.0027,-0.0071
1730000110430,51495,0.0329,-1.0253,0.0868,0.0079,0.0039,-0.0003
1730000110440,51771,0.0096,-1.0154,0.0868,0.009,-0.0026,-0.0072
1730000110450,51941,0.0031,-1.015,0.0856,0.0115,-0.0241,0.0103
1730000110460,51954,0.0156,-0.9564,0.0746,0.0124,0.0141,-0.005
1730000110470,51807,0.0114,-1.0112,0.0736,0.0147,-0.0091,0.0065
1730000110480,51549,0.025,-1.003,0.0759,0.0042,0.0136,0.0003
1730000110490,51253,-0.0001,-1.0178,0.0676,-0.0045,0.0021,0.0218
1730000110500,50989,0.0298,-1.0096,0.0804,-0.0104,-0.0241,-0.0045
1730000110510,50797,0.0092,-0.9786,0.0684,0.0143,-0.0071,-0.0242
1730000110520,50686,-0.0035,-0.9969,0.0773,0.0268,0.0066,0.0069
1730000110530,50642,0.0114,-1.0073,0.1009,-0.0074,0.0369,0.0061
1730000110540,50645,0.0276,-0.9834,0.072,0.0402,-0.0321,0.0089
1730000110550,50676,0.0301,-0.9855,0.0755,-0.0259,0.0062,-0.0154
1730000110560,50722,0.0214,-0.9588,0.0864,0.0101,0.0217,-0.0033
1730000110570,50771,0.0381,-0.9812,0.0752,-0.0048,-0.0074,-0.0033
1730000110580,50815,0.0223,-0.9765,0.0791,-0.0262,-0.0113,-0.0071
1730000110590,50849,0.0141,-0.9807,0.0893,0.0339,-0.0109,-0.0015
1730000110600,50866,0.0198,-0.9983,0.0872,-0.0068,0.0004,0.0146
1730000110610,50864,0.0025,-0.9783,0.0693,-0.0146,0.0014,-0.0027
1730000110620,50844,0.0063,-0.9847,0.0704,0.0253,0.0267,-0.0012
1730000110630,50809,0.0056,-0.9904,0.0899,-0.0019,0.0343,-0.0054
1730000110640,50763,0.0217,-1.0041,0.0784,0.0253,0.015,-0.0003
1730000110650,50713,0.0072,-0.9778,0.095,0.0026,-0.0148,0.0129
1730000110660,50664,0.0216,-0.9924,0.069,0.0234,0.0441,-0.0033
1730000110670,50619,0.0302,-0.9911,0.0724,0.0518,-0.0234,-0.0033
1730000110680,50582,0.001,-0.9523,0.0749,-0.0205,0.0121,0.0073
1730000110690,50553,0.0166,-0.9807,0.0903,0.0147,0.0167,0.0034
1730000110700,50532,0.0365,-0.9928,0.0716,0.0259,-0.0255,0.0056
1730000110710,50517,0.03,-1.0162,0.0713,-0.0021,0.0227,-0.0047
1730000110720,50508,0.0098,-0.9964,0.091,-0.0082,-0.0001,0.0097
1730000110730,50502,0.0215,-0.9777,0.0661,-0.036,-0.0107,0.0129
1730000110740,50498,0.0139,-0.9891,0.0903,-0.0018,0.006,-0.0109
1730000110750,50496,0.0109,-1.0181,0.0761,0.0152,-0.01,-0.0008
1730000110760,50495,0.0174,-1.0111,0.0689,0.0052,0.0243,-0.0028
1730000110770,50493,0.0293,-1.0229,0.076,0.001,0.0109,0.0037
1730000110780,50492,0.0198,-0.9869,0.0777,0.0054,-0.0003,0.0091
1730000110790,50491,0.0416,-0.9891,0.0756,-0.0016,0.0138,-0.0007
1730000110800,50490,0.0355,-1.0509,0.0878,-0.024,-0.0262,0.0001
1730000110810,50489,0.0298,-0.9917,0.0729,-0.0388,-0.0035,-0.0072
1730000110820,50488,0.0311,-1.004,0.0709,-0.0163,-0.0182,0.0038
1730000110830,50486,0.0345,-0.9685,0.0695,-0.0034,-0.0087,-0.0013
1730000110840,50485,0.0156,-1.021,0.0887,0.0034,-0.0198,-0.0017
1730000110850,50483,0.0285,-1.0338,0.0774,0.0001,0.0149,-0.0054
1730000110860,50482,0.0252,-1.0373,0.0779,0.0041,-0.0432,0.0055
1730000110870,50480,0.0294,-0.9483,0.0791,0.0197,-0.0175,-0.0109
1730000110880,50478,0.0219,-0.9926,0.0923,-0.0048,0.0117,0.0019
1730000110890,50476,0.0115,-0.9598,0.087,0.0107,0.0027,-0.0039
1730000110900,50474,0.0218,-0.9669,0.0849,0.0239,-0.0256,-0.0057
1730000110910,50472,0.0249,-0.9952,0.0757,0.0337,-0.0145,-0.0038
1730000110920,50470,0.0237,-0.9959,0.0933,0.0055,-0.0068,0.0029
1730000110930,50467,0.0257,-0.9665,0.0798,-0.0058,-0.0116,-0.004
1730000110940,50465,0.0134,-0.9742,0.0898,-0.0136,-0.0071,-0.0051
1730000110950,50462,0.0174,-1.0229,0.0882,-0.0039,0.0085,-0.0152
1730000110960,50460,0.0169,-0.9885,0.0791,0.0056,0.0113,0.0021
1730000110970,50457,0.0286,-0.9927,0.0741,-0.0164,-0.0286,-0.0124
1730000110980,50454,0.0163,-1.0049,0.0831,0.0103,-0.0053,0.0121
1730000110990,50451,0.0163,-0.9885,0.0722,0.0038,0.0323,-0.0145
1730000111000,50448,0.0102,-0.9672,0.0811,0.0165,0.0058,0.0126
1730000111010,50445,0.0364,-1.0043,0.0794,-0.0082,-0.024,0.0062
1730000111020,50442,0.0116,-0.9887,0.0869,-0.0187,0.0272,-0.0005
1730000111030,50439,0.0129,-0.9772,0.08,-0.0334,-0.0014,-0.0001
1730000111040,50435,0.0213,-1.0377,0.0642,-0.0077,0.0088,-0.0108
1730000111050,50432,0.0235,-1.0123,0.0704,0.0078,0.0083,0.0063
1730000111060,50428,0.0347,-1.0022,0.0972,-0.0247,0.003,-0.0005
1730000111070,50425,0.0239,-1.0051,0.082,-0.0013,0.0043,-0.0151
1730000111080,50422,0.0255,-1.0162,0.0686,-0.0275,0.0097,-0.0162
1730000111090,50421,0.0026,-0.9752,0.0871,0.0155,-0.0066,0.0062
1730000111100,50425,0.0007,-1.0125,0.0844,-0.027,-0.0192,0.0047
1730000111110,50443,0.0321,-0.9444,0.0837,0.0263,0.0342,0.0028
1730000111120,50489,0.0182,-0.9649,0.0792,-0.023,0.0209,0.0123
1730000111130,50583,0.0082,-1.0018,0.0851,-0.0132,-0.0312,0.0025
1730000111140,50748,0.0225,-0.9359,0.0746,-0.0371,-0.0037,0.0066
1730000111150,50991,0.002,-1.0046,0.0746,0.0344,0.0261,-0.0018
1730000111160,51292,0.0115,-1.0139,0.0786,-0.0277,-0.018,0.0016
1730000111170,51592,0.0184,-1.0009,0.0809,-0.0094,-0.0245,-0.0104
1730000111180,51810,0.0373,-0.9719,0.0945,-0.0026,0.0007,-0.0091
1730000111190,51874,0.0258,-1.0022,0.0911,-0.0556,-0.004,0.014
1730000111200,51763,0.021,-1.0189,0.0891,0.0361,-0.0023,-0.0226
1730000111210,51512,0.0305,-0.9997,0.1,0.0358,-0.0202,0.0229
1730000111220,51201,0.0189,-1.0173,0.0848,-0.0464,-0.028,-0.0087
1730000111230,50911,0.0395,-0.9688,0.0701,-0.0078,0.009,0.0072
1730000111240,50691,0.0292,-1.0217,0.0753,-0.0432,-0.0011,-0.0074
1730000111250,50558,0.0058,-0.9818,0.0723,0.0106,-0.028,-0.0059
1730000111260,50500,0.0197,-0.9848,0.0693,0.0056,-0.0263,-0.0107
1730000111270,50494,0.027,-1.016,0.0827,0.0148,-0.0141,0.0004
1730000111280,50519,0.0161,-0.9615,0.0958,0.0393,0.0133,-0.0061
1730000111290,50559,0.0084,-0.9764,0.092,0.0074,0.0418,0.0007
1730000111300,50603,0.0144,-0.9612,0.083,0.0108,0.0189,0.0003
1730000111310,50642,0.0191,-0.986,0.0786,0.0018,-0.023,-0.0
1730000111320,50668,0.0171,-1.0145,0.0754,0.0011,0.0322,-0.0101
1730000111330,50676,0.0254,-0.9737,0.0844,0.0092,0.0357,0.0313
1730000111340,50664,0.0181,-0.9916,0.094,-0.0022,-0.0121,-0.008
1730000111350,50633,0.0436,-0.9803,0.0837,-0.0266,-0.0076,-0.0082
1730000111360,50587,0.0231,-0.9507,0.0801,0.0453,0.004,0.0067
1730000111370,50532,0.0375,-0.9896,0.0597,0.0091,0.0021,-0.0172
1730000111380,50473,0.0282,-1.0021,0.0803,0.0447,0.023,-0.0124
1730000111390,50417,0.0168,-1.0217,0.0745,0.0047,-0.0046,0.0102
1730000111400,50367,0.0359,-0.999,0.0914,0.0179,0.0077,-0.0023
1730000111410,50326,0.0262,-0.9941,0.0895,-0.0131,-0.0169,0.0161
1730000111420,50294,0.0198,-1.0073,0.0764,-0.0254,-0.0059,0.0061
1730000111430,50270,0.0266,-1.0304,0.0792,-0.0114,-0.043,-0.0096
1730000111440,50251,0.0207,-1.0039,0.0978,-0.031,-0.0236,-0.0202
1730000111450,50238,0.0246,-0.9425,0.0883,0.017,0.0236,-0.0134
1730000111460,50227,0.0231,-1.0188,0.0814,-0.0111,0.0101,0.0168
1730000111470,50219,0.0357,-1.0012,0.0674,-0.0169,0.0365,0.0124
1730000111480,50211,0.0224,-0.9734,0.0744,0.0343,0.0118,0.0025
1730000111490,50204,0.022,-0.9689,0.0479,-0.0111,0.0085,0.003
1730000111500,50197,0.0249,-0.9699,0.0779,0.0134,-0.0118,0.0051
1730000111510,50190,0.0051,-0.9915,0.0892,0.0148,0.0241,-0.0033
1730000111520,50184,0.0158,-0.9958,0.0998,-0.0076,0.0111,-0.0103
1730000111530,50177,0.0104,-1.0174,0.0847,-0.004,-0.0099,0.008
1730000111540,50170,0.0217,-0.9788,0.079,0.0097,-0.0073,0.0134
1730000111550,50164,0.017,-0.9837,0.0745,-0.0143,-0.0291,-0.0045
1730000111560,50157,0.0113,-1.0146,0.0879,0.0208,0.0011,0.0165
1730000111570,50150,0.0356,-1.0042,0.0852,0.0185,-0.008,0.0076
1730000111580,50143,0.0252,-0.9766,0.0762,-0.0167,0.0191,0.004
1730000111590,50136,0.0081,-0.9417,0.0887,-0.003,-0.0058,-0.002
1730000111600,50130,0.0214,-1.0157,0.087,0.0017,-0.0228,0.0042
1730000111610,50123,0.0063,-0.9805,0.0899,0.0345,0.0089,-0.0021
1730000111620,50116,0.0004,-1.0317,0.0745,0.0174,-0.0119,0.0004
1730000111630,50109,0.0337,-0.9698,0.0729,0.0313,0.0369,0.0005
1730000111640,50102,0.0333,-0.9849,0.0795,-0.0138,-0.029,-0.0122
1730000111650,50095,0.02,-0.9679,0.0978,-0.0324,-0.0169,0.0004
1730000111660,50088,0.0211,-1.0024,0.0683,0.0138,0.0114,-0.0026
1730000111670,50081,0.0214,-0.9903,0.0914,0.0107,0.008,-0.0146
1730000111680,50074,0.0226,-0.9737,0.0809,-0.0408,-0.0022,-0.0035
1730000111690,50067,0.0203,-0.9845,0.083,-0.0068,-0.0468,0.0089
1730000111700,50059,0.0166,-0.9923,0.0761,-0.046,-0.0129,-0.0192
1730000111710,50052,0.0096,-0.97,0.0831,0.0105,0.0252,-0.0006
1730000111720,50045,0.0271,-1.0045,0.0917,0.0098,-0.0092,0.0045
1730000111730,50038,0.0329,-0.9915,0.0737,-0.0051,-0.0066,0.0039
1730000111740,50031,0.0275,-0.9829,0.0747,-0.0283,-0.0027,0.0045
1730000111750,50024,0.0347,-0.9801,0.0938,0.0008,0.0109,-0.0105
1730000111760,50017,0.0206,-1.0225,0.0699,0.0131,-0.0269,-0.0145
1730000111770,50009,0.0215,-0.9981,0.1005,0.0021,-0.0023,-0.0081
1730000111780,50002,0.0111,-0.9815,0.0817,-0.0022,-0.0438,-0.0003
1730000111790,49995,0.0184,-0.9884,0.0673,-0.0171,0.0095,-0.009
1730000111800,49989,0.0184,-0.9714,0.0795,-0.0084,-0.0099,0.0007
1730000111810,49984,0.035,-1.0007,0.0821,-0.0335,0.0096,-0.0051
1730000111820,49982,0.0093,-0.9784,0.079,0.0184,0.0542,0.0046
1730000111830,49990,0.015,-0.9767,0.0952,-0.0096,0.0186,-0.0027
1730000111840,50017,0.0265,-0.9393,0.0739,0.0391,0.0275,0.0029
1730000111850,50080,0.0104,-0.9736,0.0647,0.0035,-0.0253,0.0066
1730000111860,50196,0.0151,-0.963,0.0688,-0.0475,0.0151,-0.0172
1730000111870,50381,0.0306,-1.0059,0.0955,0.0157,0.0013,-0.0106
1730000111880,50634,0.0053,-0.9824,0.0792,-0.0137,0.0054,0.009
1730000111890,50923,0.0154,-0.9904,0.0765,0.0076,-0.0076,-0.0023
1730000111900,51191,0.0197,-0.9756,0.0878,0.0265,0.0024,-0.0041
1730000111910,51367,0.0203,-0.9808,0.0795,0.0057,0.0136,-0.0106
1730000111920,51399,0.0086,-0.9559,0.0787,0.0052,-0.02,-0.0171
1730000111930,51273,0.0297,-1.0236,0.0721,-0.0109,-0.0118,-0.0008
1730000111940,51029,0.0064,-0.9926,0.0692,0.0317,0.0205,0.0188
1730000111950,50733,0.028,-0.9697,0.0814,-0.0292,-0.0194,-0.0016
1730000111960,50452,0.026,-0.974,0.086,-0.0036,0.013,0.0119
1730000111970,50234,0.0323,-0.9703,0.075,0.0069,0.0017,0.0154
1730000111980,50093,0.025,-0.9714,0.0877,0.0048,0.0,0.0046
1730000111990,50022,0.0248,-0.9621,0.0801,-0.0287,-0.0007,0.0022
1730000112000,50003,0.0204,-0.991,0.0817,0.0306,0.0038,-0.0046
1730000112010,50016,0.0289,-0.9741,0.0916,-0.0195,0.0088,0.0097
1730000112020,50049,0.0357,-0.9758,0.0724,-0.016,-0.0027,0.0023
1730000112030,50089,0.0394,-0.9649,0.0803,-0.0125,0.0167,0.0097
1730000112040,50127,0.0164,-0.9466,0.0815,0.0232,-0.0017,0.0021
1730000112050,50158,-0.003,-0.9906,0.0734,-0.0144,0.0039,-0.0092
1730000112060,50175,0.0236,-0.9633,0.0788,-0.0139,-0.0043,-0.0071
1730000112070,50175,0.0162,-0.9682,0.0748,-0.0346,0.0002,-0.0064
1730000112080,50157,0.0143,-0.9739,0.0727,0.0025,-0.0042,0.0012
1730000112090,50124,0.0322,-1.0031,0.0823,0.0145,0.0234,0.001
1730000112100,50077,0.0374,-0.9817,0.0691,-0.0265,-0.0024,0.0127
1730000112110,50023,0.0092,-0.9933,0.0782,0.0081,-0.0299,-0.0169
1730000112120,49967,0.0164,-0.963,0.0736,-0.011,-0.0209,0.0051
1730000112130,49913,0.0315,-0.9808,0.0832,0.0004,-0.0063,-0.001
1730000112140,49865,0.0242,-0.9794,0.0926,0.011,-0.0154,0.0181
1730000112150,49825,0.0319,-1.0,0.0958,-0.0033,0.0446,0.003
1730000112160,49793,0.0143,-0.9525,0.0601,-0.0034,-0.0004,-0.0122
1730000112170,49768,0.0094,-0.9798,0.0675,0.0169,-0.0186,-0.0033
1730000112180,49749,0.0374,-0.9852,0.0718,-0.001,0.0107,0.0032
1730000112190,49735,0.0102,-0.9815,0.0792,-0.0068,0.0034,-0.0055
1730000112200,49724,0.0283,-0.9966,0.0556,0.0071,-0.0085,-0.0042
1730000112210,49715,0.0102,-0.9666,0.0897,-0.0067,0.0077,-0.0074
1730000112220,49708,0.0074,-0.9496,0.0932,0.0039,0.0291,0.0162
1730000112230,49701,-0.002,-0.9637,0.086,-0.0063,-0.0155,0.0136
1730000112240,49695,0.0134,-1.0155,0.0843,-0.0138,-0.0075,0.0058
1730000112250,49689,0.0143,-0.9627,0.0841,0.001,0.0067,-0.0022
1730000112260,49684,0.0121,-0.9823,0.0957,0.0321,0.0005,-0.001
1730000112270,49678,0.0201,-0.9757,0.0649,-0.0087,0.0076,-0.0223
1730000112280,49673,0.019,-0.9433,0.0854,0.0287,-0.0176,0.0083
1730000112290,49667,0.0266,-0.9753,0.0832,0.003,-0.0345,0.0058
1730000112300,49662,0.0274,-0.9727,0.0699,-0.0203,-0.0194,-0.0018
1730000112310,49657,0.0199,-0.9693,0.0678,0.0051,-0.0076,-0.0123
1730000112320,49651,0.018,-0.9885,0.074,0.0166,-0.0067,0.0034
1730000112330,49646,0.0217,-0.978,0.0956,0.0263,-0.0061,0.0035
1730000112340,49641,0.0198,-0.9715,0.0759,0.0029,-0.0123,-0.0014
1730000112350,49636,0.0087,-0.9534,0.0945,-0.0043,0.0103,0.0091
1730000112360,49631,0.0248,-1.0085,0.0868,0.01,0.0411,-0.01
1730000112370,49626,0.0144,-0.9917,0.0847,-0.0069,-0.0256,-0.0051
1730000112380,49622,0.0083,-0.9674,0.0926,0.0131,-0.0263,-0.0078
1730000112390,49617,0.0308,-0.9804,0.0816,0.0032,-0.0075,-0.0215
1730000112400,49612,0.017,-0.9767,0.0723,-0.0098,-0.0012,-0.0002
1730000112410,49608,0.0181,-0.9838,0.0828,-0.0262,-0.0278,-0.0008
1730000112420,49603,0.0308,-0.9796,0.0635,-0.0129,0.0048,0.0084
1730000112430,49599,0.0057,-0.9546,0.0866,-0.0152,0.025,-0.0075
1730000112440,49595,0.0133,-0.9411,0.0845,0.0207,0.023,-0.0043
1730000112450,49590,0.0155,-0.9757,0.0749,0.0023,-0.0043,-0.0115
1730000112460,49586,0.0504,-0.9525,0.0793,-0.0094,-0.0085,0.0024
1730000112470,49582,0.0164,-0.969,0.0974,-0.005,0.0266,-0.0017
1730000112480,49578,0.004,-0.9674,0.0984,-0.0067,0.0296,-0.0005
1730000112490,49574,0.0241,-0.9763,0.0846,0.009,-0.0124,0.0027
1730000112500,49570,0.0039,-0.9734,0.0754,0.0027,0.0138,0.0084
1730000112510,49567,0.0163,-0.9265,0.0879,-0.0221,0.0201,0.0108
1730000112520,49563,0.0122,-0.9507,0.0787,0.0141,0.0056,0.0015
1730000112530,49560,0.0107,-0.996,0.1189,0.0057,-0.0287,0.0199
1730000112540,49556,0.0431,-0.9587,0.0922,0.0087,0.0123,0.0131
1730000112550,49553,-0.0033,-0.9472,0.0785,-0.019,0.0106,-0.0087
1730000112560,49551,0.0085,-0.9744,0.0987,-0.0088,0.0067,-0.0109
1730000112570,49552,0.0284,-1.0063,0.0809,0.0334,0.01,0.0042
1730000112580,49560,0.0245,-0.967,0.0838,-0.0282,0.0073,-0.0135
1730000112590,49583,0.0118,-0.9636,0.0632,-0.0008,-0.0504,0.0028
1730000112600,49637,0.0221,-0.9788,0.0862,0.0127,-0.0154,-0.0032
1730000112610,49742,0.0169,-0.9671,0.0605,-0.0381,0.0045,-0.0115
1730000112620,49917,0.0152,-0.9579,0.0768,0.0045,-0.0283,-0.0059
1730000112630,50166,0.017,-0.9572,0.0833,0.0297,0.0195,0.0055
1730000112640,50464,0.0073,-0.9899,0.0807,-0.0205,-0.003,0.0086
1730000112650,50755,0.0393,-0.9369,0.0773,0.0172,0.011,-0.0111
1730000112660,50961,0.0258,-1.0148,0.0976,-0.0223,0.0194,-0.0049
1730000112670,51020,0.0135,-0.9787,0.0917,0.0332,0.0011,0.0054
1730000112680,50912,0.0175,-0.9785,0.088,0.0118,-0.0257,-0.0033
1730000112690,50673,0.0018,-0.987,0.0722,0.0081,-0.0232,0.0109
1730000112700,50374,0.0171,-0.9364,0.0879,0.0054,-0.0123,-0.0019
1730000112710,50090,0.013,-0.9649,0.0735,0.0111,0.01,0.0114
1730000112720,49872,0.0304,-0.9754,0.0693,0.0303,0.0103,-0.0019
1730000112730,49735,0.0284,-0.9481,0.0718,0.0383,-0.0188,-0.0132
1730000112740,49672,0.0137,-0.9577,0.0731,-0.0241,-0.013,0.0063
1730000112750,49662,0.0239,-0.9678,0.0729,-0.0271,0.0043,-0.0222
1730000112760,49685,0.0351,-0.9666,0.0805,-0.015,-0.0134,0.01
1730000112770,49726,0.0234,-0.9664,0.0811,0.0012,0.0048,0.0003
1730000112780,49773,0.0085,-0.9942,0.0871,0.0438,0.0266,-0.0122
1730000112790,49817,0.031,-0.9705,0.0819,-0.0055,0.025,0.0066
1730000112800,49852,0.0492,-0.9728,0.0981,-0.0294,-0.0007,0.0067
1730000112810,49871,0.0253,-0.9805,0.1044,0.0014,0.0339,0.0173
1730000112820,49872,0.0119,-0.9773,0.0932,-0.0067,-0.0339,-0.0033
1730000112830,49854,0.0245,-0.9637,0.0867,-0.0068,-0.0015,0.0099
1730000112840,49820,0.0062,-0.9932,0.0804,-0.006,-0.0005,0.0041
1730000112850,49775,0.0145,-0.9808,0.0593,0.0139,0.0009,0.0239
1730000112860,49724,0.0204,-0.9901,0.0664,-0.0133,0.0178,-0.0063
1730000112870,49673,0.0244,-0.9767,0.0694,-0.0098,-0.0004,-0.0072
1730000112880,49627,0.0086,-1.0001,0.0821,0.0143,-0.0005,0.0029
1730000112890,49588,0.0238,-0.9706,0.0781,-0.0072,-0.0069,-0.0097
1730000112900,49557,0.0126,-0.9455,0.0916,-0.0388,-0.0139,-0.0193
1730000112910,49535,0.0103,-0.9273,0.0772,-0.0051,0.0274,-0.0144
1730000112920,49520,0.0075,-0.9614,0.0897,0.0426,-0.0076,-0.0113
1730000112930,49510,0.0116,-0.9737,0.0823,-0.0041,-0.0035,0.0096
1730000112940,49505,0.0126,-0.9457,0.0943,0.0233,0.031,-0.0148
1730000112950,49502,0.0149,-0.9571,0.0888,-0.0172,0.0046,-0.0054
1730000112960,49501,0.0201,-0.9714,0.0716,0.0192,0.021,0.0036
1730000112970,49501,0.0206,-1.0077,0.074,0.0114,-0.0184,0.0133
1730000112980,49501,0.024,-0.9869,0.0932,0.006,-0.0226,-0.0161
1730000112990,49502,0.0213,-0.9458,0.0719,0.0044,-0.0221,0.0005
1730000113000,49503,0.0213,-0.9908,0.0668,-0.0272,-0.0005,0.0151
1730000113010,49504,0.0363,-0.9814,0.0866,0.0124,0.0132,-0.0125
1730000113020,49505,0.0194,-0.9803,0.0876,-0.0344,-0.0003,0.002
1730000113030,49507,-0.007,-0.9969,0.0915,-0.0137,-0.0163,0.0142
1730000113040,49508,0.0262,-0.9658,0.0576,0.014,0.0007,0.0141
1730000113050,49510,0.0274,-0.9671,0.0832,0.0071,0.0246,0.0093
1730000113060,49512,0.0201,-0.9598,0.089,0.0025,-0.0014,-0.0079
1730000113070,49513,0.0295,-0.974,0.0847,-0.0067,-0.0163,0.0065
1730000113080,49515,0.0148,-0.9579,0.0882,0.0404,0.0186,0.03
1730000113090,49517,0.0017,-0.9878,0.0844,0.0099,0.0495,0.003
1730000113100,49520,0.0105,-0.9454,0.087,0.0127,-0.002,-0.0095
1730000113110,49522,0.0317,-0.9752,0.0796,-0.0083,-0.0256,-0.0056
1730000113120,49524,0.0042,-0.977,0.0725,-0.0022,0.0321,0.0009
1730000113130,49526,0.0066,-0.9644,0.0694,-0.002,0.0317,-0.011
1730000113140,49529,0.0405,-0.9328,0.0822,-0.0133,-0.0286,0.021
1730000113150,49532,0.0297,-0.9341,0.0715,-0.0037,-0.0254,-0.0156
1730000113160,49534,0.0191,-0.982,0.0795,-0.0035,-0.0158,0.0209
1730000113170,49537,0.0178,-0.986,0.092,0.008,-0.0153,0.0055
1730000113180,49540,0.0322,-0.9736,0.0757,0.0113,0.0169,-0.0048
1730000113190,49543,0.0172,-0.9644,0.0729,-0.0032,-0.0425,-0.004
1730000113200,49546,0.0157,-0.9446,0.0783,-0.0246,-0.0061,-0.0026
1730000113210,49549,0.0237,-0.9358,0.0842,0.0044,0.0266,0.0056
1730000113220,49552,0.0229,-0.9582,0.0715,0.0034,-0.0026,0.0007
1730000113230,49556,0.0118,-0.9441,0.066,-0.0113,-0.0007,0.0006
1730000113240,49559,0.0022,-0.9251,0.0824,-0.0178,-0.0156,-0.0192
1730000113250,49563,0.0127,-0.9462,0.0609,0.0099,0.0374,-0.0062
1730000113260,49566,0.0151,-0.9791,0.0722,-0.018,-0.0051,0.0097
1730000113270,49570,0.0311,-0.9456,0.0958,0.007,-0.0257,0.013
1730000113280,49574,0.0307,-0.9299,0.0754,0.0096,-0.0146,0.0045
1730000113290,49578,0.0021,-0.9325,0.0741,-0.032,0.0211,-0.0058
1730000113300,49584,0.0213,-0.9595,0.0803,-0.0212,0.0091,-0.0164
1730000113310,49592,0.0138,-0.9777,0.076,0.0049,0.0132,0.0019
1730000113320,49608,0.0159,-0.9568,0.0761,0.0476,-0.0273,-0.0156
1730000113330,49640,0.0232,-0.9646,0.0757,-0.0157,-0.0032,-0.0132
1730000113340,49704,0.0205,-0.9557,0.0806,0.0314,0.023,-0.0032
1730000113350,49818,0.0326,-0.9196,0.0896,-0.0096,0.0147,-0.0119
1730000113360,49999,0.0188,-0.9773,0.09,0.0573,-0.0086,0.0058
1730000113370,50251,0.0208,-0.949,0.0567,-0.0359,0.011,0.0084
1730000113380,50551,0.0161,-0.9339,0.0846,-0.0085,-0.0103,-0.0073
1730000113390,50844,0.0043,-0.9141,0.08,-0.0465,0.0265,0.0079
1730000113400,51057,0.007,-0.9861,0.0775,0.0292,0.0117,0.0128
1730000113410,51132,0.0144,-0.9705,0.0735,0.0225,0.0104,-0.0136
1730000113420,51045,0.038,-0.9586,0.0823,0.0505,-0.0454,-0.0005
1730000113430,50828,0.0017,-0.9726,0.0886,-0.0092,-0.0022,0.0053
1730000113440,50544,0.0062,-0.9516,0.0961,0.003,-0.003,0.0075
1730000113450,50268,-0.0021,-0.9574,0.0825,-0.002,0.0045,-0.0033
1730000113460,50048,0.0176,-1.0139,0.0825,-0.0061,-0.0251,0.0256
1730000113470,49907,0.0234,-0.9993,0.0833,0.0625,0.0045,0.0036
1730000113480,49839,0.0281,-0.9659,0.0774,0.0339,-0.0141,-0.002
1730000113490,49827,0.0235,-0.9834,0.0634,-0.0034,-0.0044,-0.0051
1730000113500,49850,0.0163,-0.9493,0.0656,0.0075,0.0406,-0.0044
1730000113510,49894,0.0064,-0.9918,0.0811,-0.0041,-0.0279,-0.0028
1730000113520,49946,0.0216,-0.9872,0.0907,0.0083,-0.0064,0.0053
1730000113530,49998,0.0386,-0.9589,0.0608,0.0002,0.0077,0.0134
1730000113540,50042,0.0292,-0.9809,0.0905,0.0241,0.0374,0.0134
1730000113550,50073,0.028,-1.0047,0.076,0.0381,0.0315,-0.0062
1730000113560,50087,0.0061,-0.9713,0.0838,-0.016,-0.013,0.0004
1730000113570,50082,0.0217,-0.9733,0.0986,-0.0133,-0.0238,-0.0071
1730000113580,50062,0.0191,-0.9733,0.0827,0.0379,-0.0388,-0.01
1730000113590,50028,0.0099,-0.9702,0.0875,-0.0323,-0.0253,0.0029
1730000113600,49986,0.0164,-0.9723,0.0707,-0.0065,0.0149,-0.01
1730000113610,49942,0.0174,-0.9433,0.085,0.0099,-0.0312,-0.009
1730000113620,49900,0.0203,-0.9374,0.0729,0.0109,0.0043,0.0184
1730000113630,49864,0.0274,-0.9825,0.0763,0.0316,-0.001,0.0005
1730000113640,49836,0.018,-0.9522,0.0832,-0.0342,-0.0104,0.0069
1730000113650,49817,0.0206,-0.9634,0.0689,-0.0062,0.0102,0.0058
1730000113660,49804,0.0249,-0.9895,0.0817,0.0193,-0.0418,0.0127
1730000113670,49798,0.0057,-0.9632,0.0769,-0.0391,0.0383,0.0015
1730000113680,49797,0.0256,-0.9576,0.087,0.0175,0.0008,0.0006
1730000113690,49798,0.0051,-1.0003,0.0942,0.0057,0.0025,-0.013
1730000113700,49802,0.0145,-1.0001,0.0672,-0.0098,-0.008,0.0077
1730000113710,49807,-0.0111,-0.9804,0.0933,0.0003,-0.0036,0.0082
1730000113720,49813,0.0211,-0.9792,0.0827,-0.0069,0.0084,0.0046
1730000113730,49819,0.0165,-0.9617,0.0719,0.0235,-0.0122,-0.0072
1730000113740,49826,0.029,-0.9596,0.064,-0.0099,0.0278,-0.001
1730000113750,49833,0.0125,-0.9766,0.093,-0.0155,0.0067,0.008
1730000113760,49839,0.0108,-0.9611,0.068,-0.0091,0.0277,-0.0099
1730000113770,49846,0.0199,-0.9817,0.0817,0.0067,-0.0068,-0.0193
1730000113780,49853,0.0166,-0.948,0.0662,-0.0255,0.0104,0.001
1730000113790,49860,0.0064,-0.9545,0.0808,-0.0109,-0.0036,0.0064
1730000113800,49867,0.0213,-0.9903,0.0876,-0.0387,0.0087,-0.002
1730000113810,49874,0.0245,-0.966,0.0755,-0.0332,-0.031,-0.0115
1730000113820,49881,0.0084,-0.9868,0.0965,0.004,-0.0028,-0.0081
1730000113830,49888,0.0235,-1.04,0.089,-0.009,-0.0007,-0.0039
1730000113840,49895,0.0288,-0.9749,0.0924,-0.047,0.0101,0.0141
1730000113850,49902,0.0147,-0.9964,0.0627,0.0307,0.0341,-0.0117
1730000113860,49909,0.02,-0.9801,0.0856,0.0184,0.0296,0.0174
1730000113870,49916,0.0188,-0.9785,0.0621,0.0094,0.0007,-0.0101
1730000113880,49923,0.0409,-0.9725,0.0848,-0.0241,-0.0236,0.0145
1730000113890,49930,0.0362,-0.9782,0.0846,-0.0271,-0.0168,-0.0056
1730000113900,49937,0.0306,-0.9631,0.0992,0.0216,0.0103,-0.0013
1730000113910,49944,0.0208,-0.9466,0.0825,0.0122,0.0101,0.0065
1730000113920,49951,0.0221,-0.9285,0.067,0.0002,0.0132,-0.002
1730000113930,49958,0.0218,-0.9683,0.0654,0.0202,0.0271,-0.0029
1730000113940,49966,0.0139,-0.9442,0.0882,0.0016,-0.0206,0.0067
1730000113950,49973,0.0121,-0.9721,0.0866,0.0108,-0.0154,0.0049
1730000113960,49980,0.0254,-0.9702,0.0807,-0.0057,0.0056,0.0025
1730000113970,49987,0.0209,-0.9758,0.0733,-0.0244,0.01,0.0004
1730000113980,49994,0.0142,-0.9685,0.1021,0.0187,0.0009,0.0004
1730000113990,50001,0.0106,-0.9455,0.0884,-0.0146,-0.0238,0.0037
1730000114000,50009,0.0432,-0.9658,0.0972,0.0327,0.016,0.0047
1730000114010,50016,0.0163,-0.9786,0.0792,0.0357,-0.0069,-0.0039
1730000114020,50023,0.0184,-0.9852,0.0805,-0.0272,-0.0139,0.0045
1730000114030,50030,0.0307,-1.0021,0.066,-0.0174,0.0049,-0.0089
1730000114040,50038,0.0202,-0.9953,0.072,-0.0082,0.0062,0.0096
1730000114050,50046,0.0253,-0.9885,0.064,0.0154,-0.0006,0.0148
1730000114060,50056,0.032,-0.9919,0.0863,0.0365,-0.0125,0.0155
1730000114070,50071,0.0056,-1.0087,0.1026,-0.0103,-0.0075,0.0037
1730000114080,50099,0.0185,-0.9667,0.0899,0.0225,-0.0076,0.0044
1730000114090,50150,0.0204,-0.9693,0.0938,-0.0095,0.0128,-0.0017
1730000114100,50242,0.0308,-0.9779,0.0856,-0.0031,0.0359,0.0124
1730000114110,50393,0.03,-0.992,0.0932,-0.012,-0.0057,0.0103
1730000114120,50613,0.0227,-0.9846,0.0745,-0.02,0.0496,-0.0008
1730000114130,50893,0.0306,-0.9984,0.096,0.0114,0.0051,0.0115
1730000114140,51194,0.0242,-0.9755,0.0878,0.0152,0.0218,-0.0124
1730000114150,51454,0.024,-0.9602,0.0926,0.0017,0.0048,-0.013
1730000114160,51606,0.001,-0.992,0.077,0.006,0.0297,0.0147
1730000114170,51608,0.0031,-0.9525,0.0891,0.0062,-0.0099,-0.0057
1730000114180,51461,-0.0098,-0.9635,0.0874,0.0033,-0.0182,0.0189
1730000114190,51213,0.0311,-1.0235,0.0748,-0.0162,-0.0432,0.0028
1730000114200,50932,0.0242,-0.9912,0.0861,0.0264,0.0162,0.0029
1730000114210,50679,0.0337,-0.9876,0.0819,-0.0108,0.0405,-0.014
1730000114220,50493,0.0063,-0.9902,0.0603,0.0312,0.0207,-0.0049
1730000114230,50383,0.0253,-1.0086,0.0882,-0.027,0.0108,-0.0248
1730000114240,50338,0.0168,-0.968,0.0869,0.024,0.0214,0.0061
1730000114250,50340,0.0138,-1.0035,0.0742,0.0238,0.0387,-0.0004
1730000114260,50372,0.0399,-0.9994,0.0856,-0.0171,-0.011,-0.0229
1730000114270,50419,0.0218,-0.9827,0.0649,0.0078,-0.0186,-0.0088
1730000114280,50472,0.0136,-0.9892,0.0743,-0.0287,-0.0243,0.0131
1730000114290,50522,0.0246,-0.9792,0.0835,0.0054,0.0063,0.0195
1730000114300,50564,0.0058,-1.0037,0.0805,-0.0105,0.0412,-0.0141
1730000114310,50592,0.016,-0.9824,0.0731,-0.0019,0.0061,0.0106
1730000114320,50603,0.0321,-0.9889,0.0802,0.0427,0.0128,-0.0105
1730000114330,50596,0.0154,-0.9607,0.0756,-0.0124,0.0072,0.0037
1730000114340,50574,0.0237,-1.0069,0.1021,0.0329,-0.0184,-0.0046
1730000114350,50540,0.0215,-1.0232,0.0936,-0.0369,0.0162,0.0035
1730000114360,50498,0.0188,-1.0383,0.0977,0.015,0.0049,-0.0067
1730000114370,50455,0.0307,-1.0024,0.065,-0.0288,-0.0043,0.0041
1730000114380,50415,0.0025,-0.9895,0.0854,-0.0234,0.0362,-0.0017
1730000114390,50380,0.0035,-1.0052,0.0794,-0.0144,0.0187,-0.0281
1730000114400,50353,0.0091,-0.9913,0.0846,-0.036,0.0207,-0.0104
1730000114410,50333,0.0204,-0.9685,0.0765,0.0479,-0.0085,-0.0034
1730000114420,50320,0.0251,-0.9846,0.0763,-0.0243,0.0053,0.0015
1730000114430,50314,0.0262,-0.9722,0.0846,-0.0093,-0.0023,-0.0082
1730000114440,50311,0.025,-0.9781,0.0719,-0.0154,0.0492,-0.009
1730000114450,50312,0.0184,-0.9903,0.0667,0.0063,-0.0035,-0.0035
1730000114460,50315,0.0341,-1.0315,0.1004,-0.0002,-0.0254,-0.0142
1730000114470,50319,0.0262,-1.0021,0.0974,0.0077,0.0172,0.0081
1730000114480,50324,0.0387,-0.9922,0.0788,0.0107,0.0011,0.006
1730000114490,50329,0.0234,-0.9718,0.1005,0.0108,-0.0142,0.0095
1730000114500,50334,0.0165,-0.9997,0.0798,-0.002,-0.0021,-0.0247
1730000114510,50339,0.0122,-0.994,0.0689,0.0055,0.0081,-0.0058
1730000114520,50344,0.0136,-0.9819,0.0841,0.0022,-0.0193,0.0068
1730000114530,50349,0.0269,-1.0012,0.0746,-0.0139,-0.053,0.0044
1730000114540,50354,0.0207,-0.9714,0.0688,0.0052,-0.0207,-0.018
1730000114550,50359,0.0052,-1.0138,0.0703,-0.016,0.0031,0.0046
1730000114560,50364,0.0084,-0.976,0.0939,0.0046,0.038,0.0047
1730000114570,50369,0.0274,-1.0069,0.0792,-0.0149,0.0152,0.0022
1730000114580,50374,0.0134,-1.004,0.0696,-0.017,0.0138,-0.0033
1730000114590,50378,0.0181,-0.9924,0.0663,0.0103,-0.0141,-0.0021
1730000114600,50383,0.0242,-0.9866,0.0698,-0.0114,-0.0337,-0.0054
1730000114610,50387,0.0334,-0.9838,0.0774,-0.0111,-0.0123,-0.0006
1730000114620,50392,0.0254,-0.9774,0.0781,-0.0341,0.0344,-0.0058
1730000114630,50396,0.0167,-0.9878,0.0712,0.0381,0.025,-0.0151
1730000114640,50400,0.0154,-0.9794,0.0974,0.0188,-0.019,0.0006
1730000114650,50404,0.018,-0.9942,0.0721,-0.0512,0.0159,-0.0232
1730000114660,50409,0.0246,-0.9904,0.0818,0.0163,-0.0169,-0.0253
1730000114670,50413,0.027,-1.0109,0.1094,0.0288,-0.0097,0.0062
1730000114680,50416,-0.0018,-0.971,0.0838,-0.048,-0.0129,0.0004
1730000114690,50420,0.0248,-0.9691,0.0783,-0.0175,0.0057,-0.0012
1730000114700,50424,0.0294,-0.9764,0.0748,0.0233,-0.0171,-0.0092
1730000114710,50428,-0.0045,-0.975,0.0877,-0.034,-0.0054,0.0067
1730000114720,50431,0.0081,-0.9939,0.0928,-0.0063,-0.0086,-0.0025
1730000114730,50435,-0.0021,-0.9994,0.076,0.0066,-0.0179,0.0133
1730000114740,50438,0.0085,-0.9934,0.0875,0.035,0.028,-0.0128
1730000114750,50441,0.0222,-1.0049,0.0788,0.0432,-0.0064,0.0039
1730000114760,50445,0.0175,-1.0348,0.0843,-0.0047,-0.0045,0.0071
1730000114770,50448,-0.0024,-0.9752,0.0739,-0.0107,-0.0249,0.0006
1730000114780,50451,0.0272,-0.9912,0.0663,0.0106,-0.0288,-0.0022
1730000114790,50454,-0.0023,-0.9719,0.0711,0.0114,-0.008,-0.0
1730000114800,50457,0.0264,-1.017,0.0905,0.0163,0.0059,-0.0021
1730000114810,50460,0.0233,-0.9687,0.0833,-0.0082,0.0063,0.0121
1730000114820,50465,0.0172,-0.986,0.0732,-0.0065,0.0224,0.0044
1730000114830,50474,0.0089,-1.0145,0.0648,0.0148,0.0025,0.0086
1730000114840,50492,0.014,-0.9715,0.0811,-0.0148,0.0038,-0.0149
1730000114850,50532,0.0033,-0.9894,0.0696,-0.0116,0.0158,-0.0009
1730000114860,50608,0.0368,-1.0009,0.0719,-0.014,0.0222,0.0002
1730000114870,50741,0.0323,-1.0206,0.0797,-0.009,0.0235,0.0062
1730000114880,50944,0.0202,-0.9673,0.0813,-0.0175,0.0094,0.0047
1730000114890,51214,0.035,-1.0244,0.0802,-0.0105,-0.0256,-0.0049
1730000114900,51516,0.0179,-1.0056,0.07,0.0097,0.01,-0.0046
1730000114910,51787,0.0339,-0.9858,0.0764,-0.0059,-0.0154,0.0125
1730000114920,51956,0.0132,-1.0095,0.0814,-0.0108,0.0168,-0.0079
1730000114930,51973,0.0132,-1.0081,0.0867,0.0068,-0.0027,-0.0029
1730000114940,51834,0.0163,-1.009,0.0732,0.0029,-0.0142,0.0069
1730000114950,51583,0.0272,-0.9871,0.0783,0.027,-0.0071,-0.0009
1730000114960,51291,0.0246,-0.9866,0.0839,0.0034,-0.0179,0.0041
1730000114970,51025,0.0279,-0.9984,0.0847,-0.008,0.0111,-0.005
1730000114980,50827,0.0333,-1.0207,0.0651,-0.0075,-0.0059,-0.0121
1730000114990,50707,0.0181,-1.0023,0.0849,0.0002,-0.0013,-0.011
1730000115000,50655,0.0087,-1.0166,0.0711,-0.0053,0.0041,-0.013
1730000115010,50651,0.0212,-0.9967,0.0971,0.0075,0.0334,0.0045
1730000115020,50678,0.0202,-1.0076,0.0805,0.0067,0.023,0.0091
1730000115030,50720,0.0218,-0.9822,0.0855,0.0028,-0.018,-0.0099
1730000115040,50768,0.0232,-0.9854,0.0791,0.0003,0.0071,0.0004
1730000115050,50812,0.0207,-1.025,0.0812,-0.0163,-0.0064,-0.0053
1730000115060,50847,0.007,-1.0085,0.0939,0.0019,0.0071,-0.0006
1730000115070,50867,0.0302,-0.995,0.0955,0.0107,-0.0126,0.0074
1730000115080,50870,0.0193,-1.0333,0.0739,0.024,0.0113,-0.0156
1730000115090,50854,0.0171,-0.9837,0.0712,0.0456,0.0149,-0.0091
1730000115100,50823,-0.0068,-0.9966,0.0896,0.0164,-0.0434,0.0021
1730000115110,50779,0.0182,-1.0023,0.0852,-0.0125,-0.0054,-0.0123
1730000115120,50730,0.0238,-1.0091,0.0797,0.0086,-0.0186,0.0217
1730000115130,50680,0.04,-1.0162,0.0724,0.0322,-0.005,-0.0012
1730000115140,50633,0.0165,-1.0123,0.0818,-0.0083,-0.003,-0.0015
1730000115150,50592,0.0251,-0.9976,0.0731,0.017,-0.0402,-0.0044
1730000115160,50560,0.0125,-0.9812,0.0821,-0.0081,-0.009,0.0169
1730000115170,50535,0.0046,-0.9767,0.0649,-0.007,0.0188,0.0208
1730000115180,50518,0.0079,-1.0201,0.0816,0.0081,-0.0025,-0.0096
1730000115190,50506,0.0332,-0.9935,0.0833,-0.0092,-0.0301,-0.0009
1730000115200,50498,0.0091,-0.9816,0.0709,0.029,-0.0493,0.0107
1730000115210,50492,0.013,-1.0352,0.0792,0.0194,0.0141,-0.0184
1730000115220,50488,0.0304,-1.02,0.0683,-0.0316,-0.0282,-0.0065
1730000115230,50486,0.0228,-1.0045,0.0958,-0.0244,-0.0166,0.0024
1730000115240,50484,0.0141,-0.9847,0.085,-0.0041,0.0093,-0.0082
1730000115250,50482,0.0442,-0.9628,0.0907,-0.0012,0.0208,-0.005
1730000115260,50480,0.0145,-1.0393,0.0751,0.0312,-0.008,0.0006
1730000115270,50478,0.0239,-1.0068,0.079,0.0566,-0.0177,-0.0062
1730000115280,50476,0.0168,-1.0069,0.0934,0.0036,-0.0328,-0.009
1730000115290,50474,0.0128,-0.9915,0.0772,-0.004,0.022,0.0087
1730000115300,50472,0.0406,-0.9601,0.0706,0.0438,-0.0359,0.0053
1730000115310,50469,0.0146,-0.9582,0.0807,0.0084,-0.0188,0.0087
1730000115320,50467,0.0061,-0.9358,0.0846,-0.0105,-0.0318,-0.0029
1730000115330,50464,0.0156,-0.9594,0.094,0.0273,0.0035,-0.0032
1730000115340,50462,0.039,-1.0011,0.0799,-0.008,0.0226,0.0196
1730000115350,50459,0.0292,-0.9883,0.0743,-0.026,0.0258,-0.0002
1730000115360,50456,0.0282,-1.0255,0.0771,0.0393,0.0182,0.003
1730000115370,50454,0.0041,-0.9845,0.0794,0.0017,-0.0035,-0.0182
1730000115380,50451,0.0045,-0.9946,0.0581,-0.0282,0.0246,0.0064
1730000115390,50448,0.0232,-0.9891,0.0889,0.0136,-0.0235,0.0043
1730000115400,50445,0.0136,-0.9909,0.0853,-0.0027,-0.0287,0.0012
1730000115410,50441,0.0133,-1.0031,0.0613,0.0021,0.0421,-0.0254
1730000115420,50438,0.0235,-0.9889,0.0695,-0.0047,-0.0378,0.0107
1730000115430,50435,0.0282,-0.9925,0.067,-0.037,0.0202,0.0075
1730000115440,50431,0.033,-0.9735,0.0741,-0.0003,-0.0133,-0.015
1730000115450,50428,0.0157,-1.0099,0.0617,0.0017,0.0164,0.0
1730000115460,50424,0.0171,-0.9822,0.076,0.0358,-0.0103,-0.0007
1730000115470,50420,0.0188,-1.002,0.0591,-0.0012,-0.0281,-0.0071
1730000115480,50416,0.0069,-1.0092,0.0828,0.0103,0.0044,-0.0009
1730000115490,50412,-0.0022,-0.9962,0.0865,-0.0516,-0.0276,0.0029
1730000115500,50408,0.0294,-0.9925,0.0693,-0.0008,0.0155,0.0008
1730000115510,50404,0.0224,-0.9921,0.0705,0.0459,0.0003,0.0101
1730000115520,50400,0.0422,-0.9883,0.0932,0.0193,0.0228,0.0014
1730000115530,50396,0.0285,-1.029,0.0969,-0.0143,0.0154,0.0176
1730000115540,50392,0.0226,-0.9859,0.0777,-0.0155,0.0077,0.0157
1730000115550,50387,0.0254,-0.9874,0.0721,0.0455,-0.0238,0.0045
1730000115560,50383,0.0128,-1.0056,0.0852,-0.0044,0.0077,-0.003
1730000115570,50381,0.0151,-0.9886,0.0832,0.0243,-0.0023,0.0052
1730000115580,50382,0.0369,-1.015,0.0731,0.0134,-0.0083,-0.0026
1730000115590,50392,0.0285,-0.9832,0.0799,-0.0106,0.0268,0.0066
1730000115600,50421,0.0322,-1.0292,0.0781,0.0313,0.004,0.0149
1730000115610,50487,0.017,-0.9956,0.1106,0.0017,0.0001,0.0106
1730000115620,50609,0.0195,-0.9622,0.0793,-0.0268,0.0028,0.0041
1730000115630,50802,0.0449,-1.0023,0.0832,0.0165,-0.0104,-0.0086
1730000115640,51063,0.0456,-0.9606,0.0996,0.0118,-0.0237,0.0059
1730000115650,51359,0.0093,-0.9791,0.0652,-0.021,0.0095,0.0093
1730000115660,51628,-0.0036,-1.0212,0.0707,-0.047,-0.0,-0.0191
1730000115670,51797,0.0021,-0.9802,0.0887,0.0255,0.0256,-0.0081
1730000115680,51812,0.0061,-1.0011,0.0958,-0.0025,-0.0046,-0.0042
1730000115690,51669,0.0098,-0.9887,0.0837,-0.0237,0.0065,0.0027
1730000115700,51411,0.0199,-0.9871,0.0714,-0.007,0.0018,-0.0007
1730000115710,51110,0.0296,-0.9838,0.095,-0.0051,-0.0149,0.0066
1730000115720,50835,0.0059,-0.9853,0.0807,-0.0049,-0.0111,0.0115
1730000115730,50629,0.0182,-0.9902,0.0775,0.0326,-0.0112,0.0099
1730000115740,50502,0.0076,-1.0178,0.0821,0.0023,-0.0357,-0.0097
1730000115750,50444,0.0041,-0.9906,0.0825,-0.0099,-0.0337,-0.0018
1730000115760,50435,0.0107,-0.9839,0.0862,0.0091,0.0118,0.0137
1730000115770,50456,0.0356,-0.9489,0.0916,-0.0045,0.0195,0.0152
1730000115780,50493,0.016,-1.0345,0.0768,0.022,0.0384,-0.0141
1730000115790,50534,0.0077,-0.9709,0.0838,0.0066,0.0245,-0.0082
1730000115800,50572,0.0081,-0.9693,0.066,0.0212,0.0114,0.0013
1730000115810,50600,0.0099,-0.9876,0.0747,-0.0228,-0.0016,0.0155
1730000115820,50613,0.0223,-0.9905,0.0656,-0.0139,-0.009,-0.004
1730000115830,50607,0.0349,-0.9664,0.0848,0.0029,0.0286,-0.0005
1730000115840,50584,0.0169,-0.9753,0.0861,-0.0091,0.0035,0.0014
1730000115850,50544,0.0257,-0.9869,0.1019,0.0176,-0.0515,-0.0076
1730000115860,50494,0.0232,-0.9684,0.0714,-0.0018,0.0154,-0.0047
1730000115870,50437,0.0189,-0.9817,0.0706,-0.0195,-0.0215,0.0085
1730000115880,50381,0.0053,-0.9642,0.0774,0.0375,0.0215,0.0075
1730000115890,50329,0.0293,-0.9398,0.0724,-0.0085,-0.0069,-0.0044
1730000115900,50283,0.0177,-0.9647,0.0852,0.0234,-0.0049,0.0124
1730000115910,50246,0.0277,-0.9638,0.0816,0.0247,-0.0136,0.0006
1730000115920,50216,0.0235,-0.9702,0.0874,-0.0123,0.013,-0.0075
1730000115930,50194,0.0143,-0.992,0.0764,0.0069,-0.0565,0.0
1730000115940,50177,0.0111,-0.9828,0.0804,-0.029,0.0165,-0.0015
1730000115950,50164,0.0253,-1.0119,0.0679,0.0149,-0.0212,0.005
1730000115960,50153,0.0071,-1.0119,0.0892,-0.0399,0.0142,0.0025
1730000115970,50144,0.0184,-0.9819,0.078,0.0272,0.0197,-0.0041
1730000115980,50136,0.0065,-0.9697,0.0801,0.0072,0.0287,0.0
1730000115990,50129,0.0357,-0.9752,0.0951,-0.0028,-0.0152,0.0028
1730000116000,50122,0.0302,-0.9685,0.0717,0.005,-0.0192,-0.0058
1730000116010,50115,0.0001,-0.9748,0.0767,-0.041,0.0317,0.0044
1730000116020,50107,0.0275,-0.9419,0.0677,0.0251,0.0441,0.0121
1730000116030,50100,0.0126,-0.9602,0.092,-0.0152,-0.0036,-0.0144
1730000116040,50093,0.013,-0.981,0.077,0.016,-0.0112,0.0104
1730000116050,50086,0.0237,-0.9641,0.0987,0.0492,0.0013,-0.0015
1730000116060,50079,0.022,-1.0058,0.0835,0.0483,0.019,0.0048
1730000116070,50072,0.0109,-0.9694,0.0715,-0.0066,-0.0171,-0.0034
1730000116080,50065,0.0081,-0.979,0.0764,-0.0313,0.0354,-0.0041
1730000116090,50058,0.0159,-0.9806,0.074,0.0026,0.0191,-0.002
1730000116100,50051,0.0344,-0.9891,0.0731,-0.005,-0.0168,0.0155
1730000116110,50044,0.0166,-0.9984,0.0567,0.0346,0.0119,-0.001
1730000116120,50037,0.0322,-1.0186,0.0933,-0.0114,0.027,0.0036
1730000116130,50030,0.0073,-0.9521,0.0716,-0.0036,0.0312,-0.0088
1730000116140,50022,0.0075,-0.9864,0.0763,-0.0264,-0.0039,0.0037
1730000116150,50015,0.0317,-0.9919,0.0694,-0.0093,-0.0005,-0.0024
1730000116160,50008,0.0106,-0.9786,0.0736,0.0166,0.0059,-0.0076
1730000116170,50001,0.0227,-0.966,0.0765,-0.0038,0.0155,0.0081
1730000116180,49994,0.03,-0.9711,0.0763,-0.013,-0.0012,-0.0022
1730000116190,49987,0.0235,-0.9647,0.0884,0.0517,-0.0068,0.0132
1730000116200,49980,0.0258,-0.9665,0.0898,-0.0314,-0.0245,0.0081
1730000116210,49972,0.0269,-0.9844,0.0681,-0.0109,0.0053,0.007
1730000116220,49965,0.0274,-0.9582,0.0842,0.0301,0.0094,-0.0005
1730000116230,49958,0.0235,-0.9719,0.0798,-0.0075,-0.0156,0.0168
1730000116240,49951,0.0076,-1.0002,0.0873,-0.0073,-0.0066,0.0099
1730000116250,49944,0.0143,-0.9666,0.0742,-0.0031,0.0029,-0.0024
1730000116260,49937,0.0205,-0.9689,0.0749,-0.0257,-0.0407,-0.009
1730000116270,49930,0.0247,-0.9834,0.0958,-0.0166,0.0093,-0.0066
1730000116280,49923,0.0156,-0.9428,0.0813,0.003,-0.0101,-0.004
1730000116290,49916,0.0169,-0.9727,0.0888,0.0039,-0.0094,-0.0225
1730000116300,49909,0.0241,-0.9907,0.0685,0.0004,-0.0279,0.0091
1730000116310,49902,0.0003,-0.9542,0.0841,0.0125,0.0148,-0.0051
1730000116320,49896,0.0151,-0.9624,0.0739,-0.0113,-0.0401,0.0143
1730000116330,49893,0.0073,-0.9736,0.0817,-0.0099,-0.0134,0.0023
1730000116340,49896,0.0271,-0.9568,0.0734,0.0283,-0.0265,0.0088
1730000116350,49912,0.0314,-0.9564,0.0887,-0.015,0.0392,0.0031
1730000116360,49953,0.0238,-0.9684,0.0851,-0.0391,0.0053,0.0086
1730000116370,50035,0.0098,-0.9674,0.0846,0.0505,0.0384,-0.0075
1730000116380,50175,0.0247,-0.9711,0.0701,0.0403,-0.0163,-0.0176
1730000116390,50380,0.0187,-0.972,0.0745,-0.0183,-0.0103,-0.0058
1730000116400,50640,0.0012,-0.9761,0.0797,-0.015,-0.0008,0.008
1730000116410,50919,0.0088,-0.9747,0.0815,-0.0256,-0.0397,0.0027
1730000116420,51158,0.0283,-0.9854,0.0801,-0.0001,-0.0252,-0.0204
1730000116430,51298,0.0153,-0.9686,0.0912,-0.0091,0.0107,-0.0127
1730000116440,51298,0.0113,-0.9874,0.0701,0.0163,-0.0061,0.0187
1730000116450,51157,0.009,-0.9686,0.1019,0.0043,0.0114,-0.0014
1730000116460,50912,0.034,-0.9692,0.1105,0.0106,-0.0143,0.013
1730000116470,50627,0.0216,-0.9862,0.0786,-0.0047,0.0132,-0.002
1730000116480,50359,0.0198,-0.9768,0.087,-0.0004,-0.0295,0.0122
1730000116490,50150,0.0443,-0.9345,0.0805,-0.0241,0.0233,-0.0287
1730000116500,50011,0.0103,-0.9336,0.0764,0.008,-0.0295,-0.0096
1730000116510,49938,0.0294,-1.0081,0.0944,-0.0108,0.0137,0.0102
1730000116520,49915,0.0336,-0.9606,0.0815,-0.0133,-0.0023,0.0279
1730000116530,49925,0.0302,-0.934,0.076,0.022,-0.0234,0.0154
1730000116540,49953,0.0212,-0.953,0.076,-0.0073,0.0192,-0.0047
1730000116550,49991,0.0277,-0.9955,0.0665,0.0063,0.0126,0.0102
1730000116560,50029,0.0178,-0.9513,0.0785,-0.0081,-0.0065,-0.0082
1730000116570,50062,0.0103,-0.9578,0.0878,-0.0157,-0.0015,0.0139
1730000116580,50084,0.023,-0.9387,0.0776,-0.0163,-0.0086,-0.0083
1730000116590,50091,0.0062,-0.9711,0.0652,0.0137,0.0102,-0.0063
1730000116600,50083,0.0339,-0.9393,0.0778,-0.0052,-0.0009,-0.0015
1730000116610,50058,0.0046,-0.9519,0.0749,-0.0307,-0.0166,-0.0067
1730000116620,50019,0.0249,-0.9701,0.0887,-0.0176,0.0183,-0.0026
1730000116630,49971,0.0301,-0.9466,0.092,-0.01,0.0226,-0.0003
1730000116640,49918,0.0333,-0.9631,0.0823,0.0294,0.0082,-0.0016
1730000116650,49865,0.0214,-0.9518,0.0893,-0.0098,-0.0191,-0.0113
1730000116660,49816,0.023,-0.9686,0.0668,0.0251,0.0078,-0.0074
1730000116670,49772,0.0216,-0.9844,0.0831,-0.0224,0.0266,-0.006
1730000116680,49736,0.0141,-0.9635,0.095,-0.0321,-0.0223,0.0108
1730000116690,49707,0.0186,-0.9498,0.0855,0.0049,-0.0126,0.0123
1730000116700,49685,0.0457,-0.9435,0.0559,-0.0113,-0.0044,0.0109
1730000116710,49668,0.0104,-0.9943,0.0768,0.0089,0.0279,-0.0117
1730000116720,49656,0.0056,-0.9848,0.0945,0.0219,-0.002,0.0064
1730000116730,49646,0.0269,-0.9598,0.0823,0.012,-0.0132,-0.0003
1730000116740,49638,0.0145,-0.9586,0.0806,0.0067,0.0234,0.0097
1730000116750,49632,0.014,-0.9952,0.0832,-0.0146,0.0244,0.0126
1730000116760,49626,0.0242,-0.9534,0.0759,0.002,0.0082,0.0028
1730000116770,49621,0.0264,-0.9971,0.0902,-0.0101,-0.027,-0.0031
1730000116780,49616,0.0192,-0.9857,0.0751,0.0224,0.0332,-0.0135
1730000116790,49611,0.0302,-0.9675,0.0885,-0.0046,-0.0187,0.0113
1730000116800,49607,0.0212,-0.9231,0.0817,-0.0,-0.0002,-0.0109
1730000116810,49602,0.0325,-0.9696,0.0913,0.0184,-0.0233,0.0046
1730000116820,49598,0.0173,-0.9984,0.0821,-0.0295,-0.0108,-0.0065
1730000116830,49594,0.0277,-0.9527,0.0731,-0.0006,0.028,-0.0097
1730000116840,49590,0.0338,-0.9848,0.0711,-0.0234,-0.0151,-0.0009
1730000116850,49585,0.024,-0.9788,0.0633,0.0065,-0.0062,-0.0114
1730000116860,49581,0.0181,-0.9745,0.0687,-0.0074,-0.0069,0.0082
1730000116870,49577,0.0161,-0.9421,0.0888,0.0254,0.0023,-0.0007
1730000116880,49574,0.0443,-0.9815,0.0894,0.0208,-0.0242,0.0
1730000116890,49570,0.0194,-0.9984,0.0895,0.0444,0.0095,-0.01
1730000116900,49566,0.0235,-0.9645,0.0959,-0.0048,0.0494,0.0004
1730000116910,49562,0.0225,-0.9571,0.0697,0.0032,0.008,0.0045
1730000116920,49559,0.0267,-0.982,0.0659,0.0248,-0.0017,0.0007
1730000116930,49556,0.0451,-0.9781,0.0747,0.006,-0.0237,0.0092
1730000116940,49552,0.0286,-0.912,0.0895,0.0131,-0.0132,0.0101
1730000116950,49549,0.0449,-0.9234,0.0965,-0.0006,-0.0037,0.0238
1730000116960,49546,0.0085,-1.0011,0.0894,-0.017,0.0068,0.0001
1730000116970,49543,0.0101,-0.9535,0.0684,-0.0083,-0.013,0.0004
1730000116980,49540,0.0102,-0.9541,0.0737,-0.0231,-0.0051,0.0174
1730000116990,49537,0.0051,-0.9473,0.0659,0.0339,0.0427,0.0019
1730000117000,49534,0.0096,-0.9618,0.0745,0.0128,0.0018,-0.0188
1730000117010,49531,0.0154,-0.9626,0.0805,0.0089,-0.0027,-0.0048
1730000117020,49529,0.021,-0.9484,0.0644,-0.0253,-0.019,-0.0048
1730000117030,49526,0.0231,-0.9927,0.0703,0.0368,-0.0342,0.0075
1730000117040,49524,0.0259,-0.9576,0.0809,0.0004,-0.0136,0.0188
1730000117050,49522,0.0167,-0.9686,0.0767,-0.0174,0.0074,0.0101
1730000117060,49519,0.0199,-0.9893,0.0772,-0.004,-0.0251,0.0026
1730000117070,49517,-0.0007,-0.9609,0.064,-0.001,0.0007,0.0184
1730000117080,49515,0.0165,-0.9771,0.0583,0.0076,-0.0403,0.0063
1730000117090,49514,0.0172,-0.9352,0.0816,0.0209,0.017,-0.0039
1730000117100,49513,0.0232,-0.959,0.0741,0.0045,-0.0164,0.0099
1730000117110,49514,0.0143,-0.9612,0.0739,-0.0108,0.0127,-0.0213
1730000117120,49521,0.0126,-0.9701,0.0845,0.0111,0.0241,0.0137
1730000117130,49541,0.0194,-0.9557,0.0803,0.0072,0.0132,0.0146
1730000117140,49587,0.0162,-0.9203,0.0818,0.0212,0.0158,-0.0069
1730000117150,49677,0.0223,-0.941,0.076,-0.016,-0.006,0.0088
1730000117160,49830,0.0097,-0.9662,0.0802,-0.0211,-0.0316,0.0125
1730000117170,50056,0.0023,-0.945,0.0757,0.0101,-0.0249,0.0074
1730000117180,50340,0.0223,-0.9474,0.0833,0.0321,-0.0113,-0.0061
1730000117190,50638,0.0199,-0.951,0.082,0.0248,-0.0165,-0.0119
1730000117200,50879,0.0125,-0.9536,0.0676,0.0021,-0.0337,-0.0014
1730000117210,50995,0.0255,-0.9926,0.0808,-0.0019,-0.014,-0.0052
1730000117220,50951,0.0334,-0.9519,0.0854,-0.0459,-0.0024,0.002
1730000117230,50760,0.0257,-0.9572,0.1003,0.0244,0.0112,-0.0094
1730000117240,50482,0.017,-0.9424,0.078,0.0105,0.0172,0.0074
1730000117250,50190,0.0184,-0.9725,0.0817,0.0092,-0.0093,0.0095
1730000117260,49945,0.0267,-0.9713,0.0848,-0.0237,0.0081,0.0002
1730000117270,49775,0.0291,-0.916,0.0751,0.0417,-0.021,-0.009
1730000117280,49683,0.009,-0.971,0.0883,0.0067,-0.0262,-0.0037
1730000117290,49652,0.0316,-0.9734,0.0857,-0.002,0.0089,0.0113
1730000117300,49662,0.0142,-0.976,0.0792,0.0105,-0.0195,0.0117
1730000117310,49696,0.0245,-0.9912,0.0856,-0.0038,0.0042,-0.0015
1730000117320,49742,0.0218,-0.9551,0.0876,-0.0057,-0.0344,-0.0008
1730000117330,49790,0.0225,-1.0036,0.0855,0.0051,-0.0065,0.0087
1730000117340,49832,0.0195,-0.9661,0.0965,0.0052,-0.0119,0.0059
1730000117350,49861,0.0243,-0.9702,0.102,-0.0195,-0.0126,-0.005
1730000117360,49875,0.0172,-0.962,0.0838,-0.0049,-0.0247,0.0105
1730000117370,49870,0.0229,-0.9391,0.0645,-0.0346,-0.0016,-0.008
1730000117380,49848,0.0361,-0.9735,0.077,-0.0178,-0.0161,-0.0026
1730000117390,49811,0.0149,-0.9634,0.0691,0.0727,-0.0013,0.0099
1730000117400,49766,0.0051,-0.9546,0.0772,-0.0144,-0.0029,-0.0188
1730000117410,49717,0.0211,-0.9866,0.0843,-0.0074,0.0039,-0.0071
1730000117420,49669,0.0255,-0.9726,0.077,-0.0154,0.0096,0.0023
1730000117430,49627,0.0481,-0.9378,0.0664,0.0001,-0.0032,-0.0069
1730000117440,49593,0.0097,-1.0094,0.0937,0.0418,0.029,-0.0005
1730000117450,49567,0.0352,-0.9723,0.0809,-0.0092,0.0277,0.0118
1730000117460,49548,0.0215,-0.9791,0.084,0.028,-0.0104,0.0025
1730000117470,49536,0.0106,-0.934,0.1,0.021,0.0058,-0.0058
1730000117480,49530,0.0216,-1.0042,0.0726,-0.0038,-0.0476,-0.0067
1730000117490,49526,0.0181,-0.9792,0.068,0.0199,0.0017,0.0027
1730000117500,49525,0.0074,-0.9625,0.0814,-0.0162,-0.0098,-0.0022
1730000117510,49526,0.0241,-0.9548,0.0839,-0.0145,-0.038,-0.0027
1730000117520,49528,0.0321,-1.007,0.0853,-0.0111,0.0076,-0.0055
1730000117530,49530,0.0048,-0.9689,0.0749,-0.001,0.0009,0.0062
1730000117540,49532,0.0112,-0.9611,0.0829,-0.0158,0.0094,0.0135
1730000117550,49535,0.0232,-0.945,0.0726,-0.0328,0.0236,0.0133
1730000117560,49538,0.0204,-0.9628,0.0922,0.0139,0.0053,-0.0035
1730000117570,49540,0.0284,-0.9691,0.0736,-0.0114,-0.0129,0.003
1730000117580,49543,0.0232,-0.9879,0.0901,0.0156,0.0108,-0.0008
1730000117590,49547,0.0086,-0.9453,0.0788,0.0112,0.0071,0.0054
1730000117600,49550,0.0106,-0.9423,0.0781,-0.0204,0.0314,0.0092
1730000117610,49553,0.0099,-0.9644,0.0797,0.0212,-0.0179,-0.0093
1730000117620,49556,0.0285,-0.9721,0.0839,0.0107,-0.0264,0.0131
1730000117630,49560,0.0159,-0.9658,0.0823,-0.0139,-0.0299,0.0035
1730000117640,49563,0.0118,-1.0067,0.0757,-0.0023,0.0125,0.0032
1730000117650,49567,0.0162,-0.9557,0.093,0.0209,-0.0248,-0.0161
1730000117660,49571,0.0161,-0.968,0.0839,-0.0242,0.0334,-0.0141
1730000117670,49574,0.0229,-0.9938,0.1026,0.0117,-0.0071,0.0073
1730000117680,49578,0.0249,-0.9814,0.0661,0.0099,-0.0085,0.0068
1730000117690,49582,0.0158,-0.9815,0.0642,0.0028,0.0064,-0.0261
1730000117700,49586,0.0256,-0.9965,0.0657,-0.0204,0.0369,0.007
1730000117710,49591,0.0088,-0.9829,0.0674,-0.0041,0.0324,-0.0006
1730000117720,49595,0.0047,-0.9492,0.087,-0.0145,0.0036,0.0007
1730000117730,49599,0.0131,-0.9904,0.0751,-0.0005,-0.006,0.002
1730000117740,49603,0.0295,-0.9988,0.1075,-0.0033,0.0134,-0.0186
1730000117750,49608,0.0296,-0.9807,0.0779,-0.007,0.029,0.0065
1730000117760,49612,0.0146,-0.9612,0.0845,-0.0056,0.012,-0.0169
1730000117770,49617,0.0212,-0.958,0.0879,0.0146,0.0102,0.0029
1730000117780,49622,0.04,-0.962,0.0802,0.0203,0.0046,0.0062
1730000117790,49627,0.0199,-0.9914,0.0695,-0.0174,-0.0086,0.013
1730000117800,49631,0.0376,-0.9688,0.1035,0.0263,0.0218,-0.0089
1730000117810,49636,0.03,-1.0203,0.0884,0.012,-0.006,-0.0116
1730000117820,49641,0.0177,-0.9327,0.0851,-0.0078,-0.0276,0.0099
1730000117830,49647,0.015,-0.9837,0.0854,0.0071,-0.0341,0.0078
1730000117840,49652,0.0068,-0.9921,0.099,0.0113,0.0088,-0.017
1730000117850,49659,0.0121,-0.9687,0.0637,-0.0101,-0.0348,-0.0061
1730000117860,49669,0.0147,-0.9895,0.0732,-0.0441,-0.0018,0.0024
1730000117870,49687,0.0234,-0.9728,0.0836,0.0079,-0.0005,0.012
1730000117880,49722,0.0234,-0.9644,0.0658,-0.0177,-0.0048,0.0097
1730000117890,49791,0.0231,-1.0019,0.0926,0.0101,-0.0153,0.0078
1730000117900,49913,0.0063,-0.9747,0.0784,-0.0028,-0.0167,-0.0124
1730000117910,50107,0.037,-0.9501,0.0681,-0.0158,0.0127,-0.0152
1730000117920,50373,0.01,-0.9952,0.0809,-0.0036,0.0002,-0.0134
1730000117930,50682,0.0216,-0.9802,0.0739,-0.0134,0.0445,-0.0012
1730000117940,50973,0.0336,-0.9993,0.0769,0.02,-0.0165,-0.0022
1730000117950,51170,0.0222,-0.9919,0.0851,-0.0062,-0.0166,-0.0022
1730000117960,51214,0.0192,-0.9646,0.0742,0.0165,-0.0083,0.0005
1730000117970,51093,0.0096,-0.9785,0.071,0.0413,0.0343,0.0147
1730000117980,50850,0.0144,-1.0019,0.085,-0.0097,-0.0104,-0.0015
1730000117990,50558,0.0286,-1.0202,0.0845,0.0223,-0.0182,-0.0222
1730000118000,50289,0.0182,-0.983,0.0767,0.035,-0.0136,0.0002
1730000118010,50089,0.0254,-0.9902,0.0952,0.0174,-0.0022,0.0223
1730000118020,49971,0.0142,-0.9719,0.0794,0.0324,0.0286,-0.0007
1730000118030,49923,0.032,-0.9861,0.0763,0.0207,0.0258,-0.0068
1730000118040,49926,0.0132,-0.9771,0.0788,-0.0186,0.0091,-0.0066
1730000118050,49960,0.0313,-1.0107,0.0729,0.0452,0.0593,0.0102
1730000118060,50010,0.0244,-0.9841,0.0896,-0.0421,0.033,-0.0095
1730000118070,50064,0.0181,-0.9912,0.0766,-0.0281,-0.0046,0.013
1730000118080,50115,0.0284,-1.0113,0.0859,0.0024,-0.0085,-0.0463
1730000118090,50155,0.0181,-0.9752,0.0764,0.0039,0.0041,-0.0086
1730000118100,50180,0.02,-0.9712,0.091,-0.0332,-0.0188,-0.008
1730000118110,50186,0.0339,-0.9539,0.0839,0.0151,-0.0001,-0.0095
1730000118120,50174,0.0121,-1.0244,0.0858,-0.0164,-0.006,-0.0007
1730000118130,50145,0.0255,-0.9381,0.0827,-0.0074,0.0072,0.0111
1730000118140,50107,0.0238,-0.9557,0.0568,0.0178,0.0056,-0.0061
1730000118150,50063,0.024,-0.96,0.0583,0.0259,0.0164,-0.0234
1730000118160,50019,-0.0052,-0.9579,0.0845,0.0128,0.0174,0.0055
1730000118170,49980,0.0304,-1.008,0.0924,0.0008,-0.0267,-0.0126
1730000118180,49949,0.0219,-0.9853,0.0997,-0.0119,-0.0017,0.0053
1730000118190,49927,0.009,-0.9612,0.087,0.008,0.008,0.0037
1730000118200,49912,0.0016,-1.001,0.0879,-0.0341,-0.002,-0.0099
1730000118210,49904,0.0108,-0.9952,0.0822,0.0174,0.0359,0.0265
1730000118220,49902,0.0405,-0.9897,0.0574,-0.0168,-0.0166,0.0049
1730000118230,49903,0.0092,-0.9736,0.0816,-0.0232,-0.0058,-0.0073
1730000118240,49907,0.015,-1.0037,0.0757,-0.0108,0.0043,-0.0062
1730000118250,49912,0.0406,-1.0145,0.0979,-0.016,-0.016,-0.006
1730000118260,49918,0.021,-1.0062,0.0753,0.0111,0.0221,-0.0086
1730000118270,49925,0.0162,-1.0168,0.0874,-0.0089,0.0157,0.0097
1730000118280,49931,0.0243,-1.0035,0.0902,0.002,0.0157,0.0134
1730000118290,49938,0.0191,-1.0019,0.0749,0.0136,0.0209,0.0052
1730000118300,49946,0.0148,-0.9405,0.056,0.0151,-0.0001,-0.0056
1730000118310,49953,0.0306,-0.9565,0.0724,-0.017,0.0184,0.0057
1730000118320,49960,0.0063,-1.0067,0.076,0.0073,0.0059,-0.0021
1730000118330,49967,0.0293,-0.9531,0.0898,-0.02,0.01,-0.0049
1730000118340,49974,0.0291,-1.008,0.062,0.0334,0.0247,-0.0091
1730000118350,49981,0.0228,-0.9897,0.0716,0.0025,-0.0056,-0.009
1730000118360,49988,0.0225,-1.0238,0.0976,0.0015,0.0683,0.0095
1730000118370,49996,0.0113,-0.9916,0.0912,-0.0133,-0.0227,0.0012
1730000118380,50003,0.0173,-0.9721,0.0826,0.0355,0.0151,-0.0009
1730000118390,50010,0.019,-0.9884,0.0773,0.0235,0.0012,0.0028
1730000118400,50017,0.0045,-1.0035,0.0791,-0.0273,0.0268,-0.0041
1730000118410,50024,0.0193,-0.9923,0.0714,-0.0226,-0.0015,0.0065
1730000118420,50031,0.0194,-0.9705,0.0607,-0.0009,0.02,0.0067
1730000118430,50038,0.0166,-0.9913,0.0763,0.0225,-0.0029,-0.0105
1730000118440,50046,0.024,-0.9857,0.0945,0.0146,-0.0308,0.0032
1730000118450,50053,0.0219,-1.0337,0.0791,-0.0144,-0.0156,0.0096
1730000118460,50060,0.0227,-0.9742,0.0937,0.0243,0.0135,0.0064
1730000118470,50067,0.0152,-0.9715,0.0761,0.0477,0.0061,0.0129
1730000118480,50074,0.0076,-0.99,0.0799,0.007,0.0015,0.0013
1730000118490,50081,0.0203,-0.9666,0.0828,0.0274,0.0387,-0.0024
1730000118500,50088,0.0141,-0.9809,0.0785,-0.0282,-0.0214,0.0064
1730000118510,50095,0.0089,-0.9661,0.0688,-0.0207,-0.0164,0.0017
1730000118520,50102,0.0143,-0.9788,0.0883,-0.0134,-0.0157,-0.0026
1730000118530,50109,0.0111,-0.993,0.0825,-0.0244,-0.0244,-0.0039
1730000118540,50116,0.0072,-0.9943,0.0854,-0.016,0.0217,0.0042
1730000118550,50123,0.0243,-0.9643,0.0764,0.0182,-0.0299,0.0183
1730000118560,50130,0.023,-0.9514,0.0657,0.0127,-0.0132,0.002
1730000118570,50137,0.0293,-0.9508,0.0702,-0.0395,-0.0024,0.0055
1730000118580,50144,0.0379,-0.9579,0.0844,-0.0351,0.0104,-0.0015
1730000118590,50153,0.024,-1.0287,0.0898,0.0095,0.0134,-0.0059
1730000118600,50164,0.0315,-1.0022,0.0937,0.012,-0.0254,0.0091
1730000118610,50184,0.0131,-0.9671,0.0868,-0.0185,-0.0245,-0.0142
1730000118620,50222,0.0277,-1.01,0.0803,-0.0116,-0.004,0.0056
1730000118630,50293,0.0116,-0.9884,0.077,0.0033,-0.0296,0.0083
1730000118640,50417,0.0168,-0.9843,0.0808,-0.0115,0.0391,0.0081
1730000118650,50610,0.0207,-0.984,0.0805,0.0284,-0.0039,-0.0128
1730000118660,50874,0.0235,-0.9689,0.0877,-0.0206,-0.0036,0.0045
1730000118670,51179,0.0224,-0.9764,0.0713,-0.0137,-0.0115,0.0102
1730000118680,51468,0.0223,-0.9862,0.0824,-0.0255,-0.021,-0.0031
1730000118690,51668,0.0017,-0.9968,0.0858,-0.0062,-0.0166,0.0062
1730000118700,51721,0.0272,-1.0196,0.0843,0.0212,0.0313,-0.0107
1730000118710,51613,0.029,-1.0304,0.069,-0.0094,-0.0132,-0.002
1730000118720,51380,0.0325,-0.9671,0.081,-0.0112,0.0249,-0.0068
1730000118730,51094,0.01,-0.9818,0.0669,0.0115,-0.0378,-0.0258
1730000118740,50823,0.006,-1.0016,0.0702,0.0237,-0.0015,-0.012
1730000118750,50617,0.0103,-0.983,0.0799,0.0043,-0.0088,-0.0114
1730000118760,50489,0.0169,-0.9766,0.1033,-0.0126,-0.008,0.0118
1730000118770,50433,-0.0063,-0.9815,0.0796,-0.0206,0.0174,-0.0006
1730000118780,50429,0.0118,-0.9909,0.0882,-0.024,-0.016,0.0091
1730000118790,50457,0.0207,-1.0022,0.0886,-0.0389,-0.0083,0.0081
1730000118800,50504,0.032,-0.9977,0.0928,-0.0326,0.0115,0.0128
1730000118810,50557,0.0183,-0.9754,0.0734,0.0268,-0.0337,0.0056
1730000118820,50608,0.0196,-1.0058,0.0801,0.0101,0.0157,0.023
1730000118830,50650,0.019,-1.0238,0.0944,-0.0248,0.0054,0.0173
1730000118840,50677,0.028,-0.9841,0.085,-0.0092,0.0248,0.0103
1730000118850,50687,0.0358,-0.9839,0.1071,-0.033,-0.0001,0.002
1730000118860,50679,0.0292,-1.0088,0.0807,0.0067,-0.0283,0.0053
1730000118870,50654,0.0273,-0.999,0.0721,-0.0162,-0.0212,0.0166
1730000118880,50617,0.0283,-0.9957,0.0896,-0.0205,0.0244,0.002
1730000118890,50573,0.0321,-1.0159,0.0868,0.0062,0.0012,-0.0084
1730000118900,50528,0.0222,-0.9859,0.0844,-0.0076,0.0018,-0.0106
1730000118910,50486,0.0182,-0.9558,0.0915,-0.0025,-0.0036,0.0068
1730000118920,50451,0.0403,-0.994,0.0947,0.0142,-0.0177,0.011
1730000118930,50424,0.018,-0.9856,0.0888,0.0193,0.0203,0.0037
1730000118940,50404,0.0079,-0.9727,0.0693,0.0424,-0.0027,-0.015
1730000118950,50392,0.0277,-0.9659,0.0835,0.0217,-0.0166,-0.0047
1730000118960,50386,0.0336,-1.0078,0.0869,-0.0348,-0.01,0.0151
1730000118970,50383,0.0272,-1.0104,0.0719,0.0118,-0.0027,0.0016
1730000118980,50384,0.018,-1.0044,0.0783,-0.0233,-0.0021,0.0049
1730000118990,50386,0.02,-1.0089,0.0665,0.0,0.0013,-0.0082
1730000119000,50389,0.0135,-1.018,0.0771,0.0037,-0.0347,-0.0127
1730000119010,50393,0.0163,-1.0016,0.0773,0.016,0.0431,0.007
1730000119020,50397,0.0275,-0.9698,0.105,-0.0211,-0.0074,0.0059
1730000119030,50401,0.0293,-0.9871,0.0986,-0.0085,-0.0178,0.0043
1730000119040,50405,0.0373,-0.9585,0.0988,-0.0022,-0.0537,0.0072
1730000119050,50409,0.0179,-0.9786,0.0788,0.0045,-0.0048,0.0007
1730000119060,50413,0.0183,-1.0032,0.0979,0.0091,-0.0163,-0.0064
1730000119070,50417,0.0175,-0.9761,0.0676,-0.0076,0.0108,0.0092
1730000119080,50421,0.0042,-1.014,0.0898,0.0217,-0.0194,0.011
1730000119090,50425,0.0131,-1.0194,0.0985,-0.0049,-0.0284,-0.0101
1730000119100,50428,0.0251,-0.9612,0.0897,0.0392,0.0238,-0.0121
1730000119110,50432,0.0031,-0.9814,0.0937,-0.0064,0.002,0.0064
1730000119120,50435,0.0229,-0.9947,0.0757,-0.0207,-0.0156,0.0028
1730000119130,50439,0.0251,-0.9883,0.0948,-0.0084,-0.0368,-0.005
1730000119140,50442,0.046,-1.0056,0.073,0.0445,-0.021,0.0063
1730000119150,50445,0.0283,-0.9951,0.0793,0.0139,-0.0169,-0.0103
1730000119160,50448,0.0177,-0.9512,0.0723,-0.0136,0.0094,-0.0082
1730000119170,50451,0.0052,-0.9897,0.0786,-0.0145,0.001,-0.0091
1730000119180,50454,0.0081,-1.0188,0.0697,0.0072,-0.0047,-0.0127
1730000119190,50457,0.0161,-0.9978,0.0839,-0.0021,-0.0325,0.0007
1730000119200,50460,0.0199,-0.9958,0.0866,0.0082,0.0042,0.0113
1730000119210,50462,0.039,-1.0074,0.0887,0.0517,-0.0112,0.0063
1730000119220,50465,0.0149,-1.0131,0.0868,-0.0134,0.0116,0.0108
1730000119230,50467,0.0217,-1.0084,0.0692,0.0012,0.0104,-0.0009
1730000119240,50470,0.0254,-0.9951,0.0812,-0.0321,-0.0073,0.0041
1730000119250,50472,0.02,-1.0029,0.0922,-0.0029,0.0305,0.0102
1730000119260,50474,0.003,-0.9695,0.0708,-0.0444,0.0233,-0.0053
1730000119270,50476,0.0256,-0.9856,0.0874,0.0066,0.0094,-0.0022
1730000119280,50478,0.02,-0.992,0.0857,0.026,0.0005,-0.0094
1730000119290,50480,0.0076,-0.9776,0.0778,-0.034,-0.0137,-0.0101
1730000119300,50482,0.0229,-0.9806,0.0673,-0.0352,0.0115,0.0152
1730000119310,50483,0.0127,-0.9885,0.0839,-0.0209,-0.0069,0.0028
1730000119320,50485,0.0168,-1.004,0.0676,0.0277,-0.046,0.006
1730000119330,50487,0.0197,-1.0409,0.0773,-0.0516,0.0264,0.0094
1730000119340,50488,0.0019,-1.0017,0.074,0.0293,-0.0015,0.0167
1730000119350,50491,0.0287,-1.015,0.074,0.0184,-0.0396,-0.0035
1730000119360,50496,0.0168,-1.0003,0.0814,-0.0253,-0.0033,0.0037
1730000119370,50506,0.0263,-0.9975,0.0709,0.0134,0.0127,0.0146
1730000119380,50528,0.0227,-1.029,0.0693,-0.0177,0.0122,0.0175
1730000119390,50570,0.0255,-0.9778,0.0772,-0.0126,-0.021,0.0054
1730000119400,50647,0.0302,-0.9544,0.0755,-0.007,-0.02,0.0162
1730000119410,50773,0.0243,-0.9739,0.0857,0.0179,-0.0105,0.0047
1730000119420,50956,0.0181,-0.9924,0.0763,-0.0046,-0.0444,-0.0011
1730000119430,51195,0.0296,-1.018,0.0837,0.0292,-0.027,-0.0081
1730000119440,51464,0.0011,-0.9855,0.0987,0.0091,0.0067,0.0177
1730000119450,51722,0.0222,-1.0111,0.0806,0.016,-0.002,-0.0004
1730000119460,51915,0.0243,-0.9959,0.0841,0.0132,0.0115,0.0201
1730000119470,51997,0.0088,-0.9963,0.0761,-0.0169,-0.0281,-0.0022
1730000119480,51947,0.0348,-0.9631,0.0899,0.0215,0.0101,-0.0083
1730000119490,51779,0.023,-0.9799,0.0764,-0.0213,-0.0246,-0.0047
1730000119500,51536,-0.0007,-0.9763,0.0796,-0.0087,-0.0282,-0.0085
1730000119510,51270,0.0121,-0.9737,0.0723,0.0054,0.0082,-0.0061
1730000119520,51031,0.0256,-0.9839,0.0775,-0.0096,0.0081,-0.0061
1730000119530,50846,0.0174,-0.9906,0.0879,-0.0173,-0.0146,-0.0162
1730000119540,50726,0.0165,-0.9525,0.0837,0.0005,-0.0131,0.0074
1730000119550,50664,0.0308,-0.9687,0.0787,-0.0192,0.0156,0.0121
1730000119560,50647,0.0156,-0.972,0.068,0.017,0.0019,0.015
1730000119570,50659,0.0125,-0.931,0.0887,-0.0333,0.0006,0.0014
1730000119580,50689,0.0403,-0.9932,0.0709,-0.006,-0.0192,-0.0009
1730000119590,50729,0.0025,-0.996,0.0842,-0.013,0.0001,0.0145
1730000119600,50770,0.0087,-0.9937,0.0861,-0.0102,0.0202,-0.0143
1730000119610,50807,0.0148,-0.9796,0.0842,0.0012,-0.0027,-0.0029
1730000119620,50836,0.0294,-0.9915,0.0732,-0.0242,-0.0022,-0.0144
1730000119630,50853,0.0132,-0.9875,0.0691,0.0363,0.0308,-0.0086
1730000119640,50856,0.0004,-0.9629,0.0765,0.0148,0.0082,-0.0118
1730000119650,50843,0.0358,-0.9832,0.0956,0.0112,0.0109,-0.0143
1730000119660,50817,0.0191,-0.9951,0.0515,0.003,-0.0371,-0.0052
1730000119670,50780,0.0204,-0.9975,0.0693,0.028,0.0211,-0.0062
1730000119680,50736,0.0258,-0.9679,0.0721,0.016,-0.0452,-0.0062
1730000119690,50688,0.0216,-0.9881,0.0907,0.0046,-0.0126,-0.0021
1730000119700,50642,0.0143,-0.957,0.0939,0.0151,-0.0068,-0.003
1730000119710,50598,0.0182,-1.0018,0.0865,0.0243,0.002,-0.0101
1730000119720,50561,0.0204,-0.9829,0.0818,0.0256,-0.0002,0.0065
1730000119730,50530,0.0176,-0.9817,0.0789,-0.0198,-0.0106,0.001
1730000119740,50505,0.0288,-1.0113,0.0752,0.0076,0.0157,0.0055
1730000119750,50486,0.0209,-0.9571,0.0754,0.0137,0.0209,-0.013
1730000119760,50472,0.0373,-0.9687,0.0843,-0.032,0.0018,0.0086
1730000119770,50461,0.0174,-0.9814,0.0731,-0.0323,0.0117,-0.0017
1730000119780,50454,0.0175,-1.0137,0.0914,-0.016,-0.0027,-0.0077
1730000119790,50448,0.0133,-0.9667,0.0956,-0.0129,-0.0012,0.0035
1730000119800,50443,0.0328,-1.0031,0.0744,-0.0481,0.0073,0.0009
1730000119810,50438,0.0231,-0.9747,0.0932,-0.011,0.0105,-0.0058
1730000119820,50434,0.0321,-1.0296,0.0729,-0.017,0.0016,0.011
1730000119830,50431,0.0349,-1.0255,0.0863,-0.0133,-0.0031,-0.0026
1730000119840,50427,0.014,-0.9815,0.0445,0.0221,-0.0191,-0.0009
1730000119850,50423,0.0183,-0.9836,0.0582,0.0268,0.0162,0.0009
1730000119860,50419,0.0342,-0.9361,0.1145,-0.0134,-0.0029,-0.0039
1730000119870,50416,0.0224,-0.9889,0.0647,0.0141,0.0175,-0.0018
1730000119880,50412,0.0271,-0.9766,0.0819,0.0236,0.0023,0.0139
1730000119890,50408,0.0346,-0.9922,0.0794,0.0107,0.0073,-0.0056
1730000119900,50403,0.0227,-1.0173,0.0744,0.0107,-0.0202,-0.0029
1730000119910,50399,0.0164,-1.0219,0.0744,0.0204,-0.0013,0.0081
1730000119920,50395,0.0265,-0.9704,0.089,0.002,0.0311,0.0096
1730000119930,50391,0.0364,-0.9648,0.0738,-0.035,-0.0056,0.0097
1730000119940,50386,0.0315,-0.9894,0.0592,-0.03,-0.0125,-0.0094
1730000119950,50382,0.0159,-1.0007,0.0887,-0.0119,-0.0063,0.0034
1730000119960,50377,0.0186,-0.9617,0.0949,-0.0085,-0.0447,0.0097
1730000119970,50372,0.0247,-0.9903,0.0715,0.0119,0.0509,0.0118
1730000119980,50368,0.0235,-0.9531,0.0946,0.0088,-0.0134,-0.0083
1730000119990,50363,0.0072,-0.9786,0.0844,0.0179,0.0192,0.0107
