t,ppg,ax,ay,az,gx,gy,gz
1791083410544,725,-0.9319,-0.3765,0.179,4.82,-5.48,4.72
1791083410554,723,-0.9539,-0.2935,0.1914,7.79,-5.21,7.51
1791083410564,724,-0.9392,-0.25,0.2605,4.49,-8.26,4.92
1791083410574,720,-0.9153,-0.2402,0.3057,-0.63,-5.04,0.23
1791083410584,723,-0.9048,-0.2393,0.2473,-5.08,2.61,-4.85
1791083410594,718,-0.8953,-0.2637,0.1597,-8.69,5.59,-9.33
1791083410604,721,-0.8552,-0.2637,0.1001,-9.33,3.88,-11.21
1791083410614,727,-0.8579,-0.282,0.1047,-8.34,1.73,-11.39
1791083410624,727,-0.8301,-0.2766,0.0889,-8.11,1.56,-9.91
1791083410634,725,-0.8552,-0.3145,0.0605,-3.47,-4.82,-7.74
1791083410644,722,-0.9119,-0.3379,0.2107,7.19,-20.43,-4.09
1791083410654,722,-0.929,-0.3123,0.4067,17.24,-27.22,-0.23
1791083410664,716,-0.9395,-0.2666,0.4409,22.09,-19.63,1.53
1791083410674,723,-0.9502,-0.207,0.4233,25.97,-12.12,-0.81
1791083410684,719,-0.9336,-0.21,0.4255,23.02,-9.3,-6.98
1791083410694,721,-0.8989,-0.2295,0.3796,14.41,-3.37,-13.98
1791083410704,720,-0.8774,-0.2317,0.3086,6.24,3.44,-19.89
1791083410714,725,-0.8601,-0.292,0.2346,-1.88,4.47,-24.7
1791083410724,723,-0.843,-0.4163,0.2212,-7.82,2.05,-25.62
1791083410734,719,-0.9067,-0.5015,0.2786,-2.21,-2.81,-18.79
1791083410744,721,-0.9211,-0.4792,0.3452,8.5,-6.34,-8.87
1791083410754,718,-0.8987,-0.3738,0.3804,16.21,-6.89,-1.71
1791083410764,726,-0.8669,-0.3298,0.3848,15.6,-4.38,-1.88
1791083410774,720,-0.8613,-0.3298,0.3735,8.84,-1.02,-5.53
1791083410784,720,-0.8586,-0.3403,0.3169,1.28,3.56,-8.98
1791083410794,726,-0.8586,-0.3254,0.2302,-2.61,5.27,-11.27
1791083410804,720,-0.8411,-0.2869,0.1877,-3.25,1.59,-13.28
1791083410814,722,-0.8093,-0.3005,0.2009,-3.33,-3.86,-15.13
1791083410824,720,-0.7769,-0.3337,0.2397,-5.21,-3.02,-15.94
1791083410834,721,-0.76,-0.3601,0.2249,-6.23,0.58,-14.02
1791083410844,723,-0.7351,-0.3689,0.1826,-3.91,0.32,-9.95
1791083410854,720,-0.7178,-0.3704,0.1821,2.75,-1.97,-5.5
1791083410864,720,-0.7463,-0.3704,0.2319,12.43,-8.41,-0.64
1791083410874,721,-0.7837,-0.3772,0.3286,22.08,-15.53,3.39
1791083410884,725,-0.7971,-0.3459,0.415,27.24,-15.36,6.89
1791083410894,716,-0.8079,-0.2832,0.4038,27.16,-6.35,7.71
1791083410904,717,-0.8628,-0.2703,0.3779,25.42,-0.34,4.21
1791083410914,720,-0.8865,-0.3606,0.4424,21.91,-4.11,-0.81
1791083410924,724,-0.8789,-0.4451,0.5376,21.62,-5.65,-3.01
1791083410934,727,-0.8572,-0.4883,0.5447,23.74,0.92,-1.21
1791083410944,720,-0.8564,-0.5085,0.4185,26.37,12.72,4.26
1791083410954,718,-0.8386,-0.4575,0.2554,27.8,19.88,9.92
1791083410964,720,-0.8179,-0.3696,0.1963,27.37,16.18,11.48
1791083410974,726,-0.7891,-0.356,0.188,22.27,9.5,9.25
1791083410984,727,-0.8103,-0.3469,0.2061,19.89,6.27,7.53
1791083410994,726,-0.8296,-0.3062,0.2068,16.52,7.44,7.71
1791083411004,724,-0.8677,-0.262,0.228,18.64,6.47,7.79
1791083411014,728,-0.8748,-0.248,0.2988,23.5,4.69,6.29
1791083411024,724,-0.8574,-0.1929,0.2495,24.29,9.54,3.07
1791083411034,720,-0.9053,-0.2021,0.1973,20.02,14.35,-4.03
1791083411044,722,-0.8928,-0.2646,0.0737,7.5,16.46,-10.49
1791083411054,725,-0.8987,-0.2563,0.0046,-0.87,9.89,-14.66
1791083411064,724,-0.9248,-0.2942,0.0542,-9.13,-4.69,-16.93
1791083411074,721,-0.9714,-0.3613,0.123,-14.49,-9.18,-15.91
1791083411084,725,-1.0356,-0.3877,0.1326,-8.27,-13.54,-8.61
1791083411094,721,-1.0742,-0.4192,0.2183,8.35,-28.02,0.75
1791083411104,723,-1.0583,-0.4075,0.3047,27.04,-40.41,9.82
1791083411114,724,-1.0325,-0.3748,0.3931,42.93,-43.97,16.05
1791083411124,727,-1.0315,-0.3792,0.4202,48.08,-40.06,18.09
1791083411134,723,-1.0129,-0.3633,0.4241,46.31,-32.84,16.08
1791083411144,721,-0.9604,-0.3826,0.438,35.42,-24.06,10.64
1791083411154,727,-0.9265,-0.4753,0.4541,17.47,-9.3,5.92
1791083411164,728,-0.9019,-0.4998,0.2832,1.51,12.93,7.11
1791083411174,726,-0.8665,-0.4226,0.0425,-13.92,23.45,12.0
1791083411184,726,-0.8955,-0.3542,0.0203,-20.37,11.56,15.68
1791083411194,727,-0.9507,-0.2756,0.2263,-10.56,-13.44,19.86
1791083411204,726,-0.8921,-0.2339,0.4231,5.59,-26.18,21.39
1791083411214,725,-0.927,-0.2063,0.4426,20.69,-22.06,20.78
1791083411224,725,-0.9375,-0.1941,0.4392,41.22,-18.21,14.96
1791083411234,724,-0.8992,-0.2227,0.4949,45.6,-18.11,7.15
1791083411244,721,-0.8589,-0.2532,0.4802,39.95,-4.63,-0.26
1791083411254,719,-0.8364,-0.2676,0.3022,33.15,13.97,-4.82
1791083411264,720,-0.8833,-0.292,0.093,23.02,23.68,-4.6
1791083411274,720,-0.9202,-0.2659,-0.0562,15.18,20.34,-0.41
1791083411284,720,-0.9744,-0.207,-0.0134,14.66,3.08,4.7
1791083411294,728,-0.98,-0.1318,0.1584,16.85,-14.32,5.01
1791083411304,722,-0.9771,-0.1514,0.3345,15.08,-20.38,-0.21
1791083411314,725,-1.0537,-0.2373,0.4292,15.16,-15.3,-5.33
1791083411324,723,-1.1543,-0.3435,0.4465,15.94,-6.98,-7.42
1791083411334,724,-1.5481,-0.2871,-0.0059,-5.85,34.08,5.11
1791083411344,726,-1.7275,-0.4043,-0.0999,0.27,32.44,-9.73
1791083411354,724,-1.0945,-0.2803,0.7263,15.63,-63.88,-6.11
1791083411364,723,-0.6665,-0.2747,1.0547,-6.9,-46.02,1.27
1791083411374,724,-0.7881,-0.2896,0.311,-6.49,66.99,5.08
1791083411384,725,-1.0977,-0.2573,-0.3289,-0.2,81.05,2.87
1791083411394,719,-1.0134,-0.4167,-0.0562,-19.56,-3.56,-3.04
1791083411404,716,-0.8972,-0.4861,0.4465,-21.47,-42.09,0.09
1791083411414,719,-0.9404,-0.4485,0.5999,-10.23,-21.27,12.06
1791083411424,722,-0.9487,-0.3982,0.4558,-0.29,3.05,21.04
1791083411434,721,-0.9316,-0.3086,0.3401,9.89,9.6,26.14
1791083411444,726,-0.8594,-0.2378,0.3374,6.89,3.08,26.81
1791083411454,725,-0.7817,-0.1775,0.2957,-1.76,5.59,24.98
1791083411464,717,-0.7532,-0.0979,0.2358,-8.41,9.07,21.42
1791083411474,720,-0.7434,-0.0784,0.2529,-13.88,3.89,16.14
1791083411484,719,-0.7161,-0.1191,0.3489,-14.9,-1.02,10.35
1791083411494,716,-0.751,-0.1702,0.3979,-12.63,0.34,8.18
1791083411504,721,-0.8025,-0.2393,0.4031,-4.78,4.23,8.47
1791083411514,719,-0.8403,-0.2327,0.4255,8.38,5.83,12.47
1791083411524,720,-0.8606,-0.2012,0.4446,18.46,7.28,15.6
1791083411534,725,-0.8398,-0.1372,0.4189,19.62,11.48,15.22
1791083411544,718,-0.8123,-0.0684,0.3438,14.06,19.24,9.89
1791083411554,724,-0.8242,-0.0234,0.2502,3.19,25.6,0.53
1791083411564,727,-0.8374,-0.0249,0.1685,-10.98,26.84,-10.6
1791083411574,721,-0.8174,-0.0242,0.1143,-21.54,23.8,-21.85
1791083411584,720,-0.8108,-0.0596,0.1113,-27.13,18.63,-32.85
1791083411594,725,-0.8652,-0.2476,0.2236,-30.98,11.56,-43.34
1791083411604,721,-0.9216,-0.4888,0.3196,-28.75,8.0,-44.76
1791083411614,721,-0.9453,-0.6152,0.3313,-16.31,9.57,-34.85
1791083411624,727,-0.95,-0.6501,0.2537,-1.3,6.63,-19.8
1791083411634,723,-0.8694,-0.4978,0.1511,6.47,1.76,-5.89
1791083411644,718,-0.8237,-0.3147,0.0889,1.37,-3.44,-0.24
1791083411654,721,-0.813,-0.2334,0.0439,-11.57,-8.37,-3.21
1791083411664,718,-0.821,-0.2097,0.0159,-22.44,-13.05,-9.79
1791083411674,722,-0.8484,-0.2263,0.0132,-29.25,-20.55,-14.38
1791083411684,723,-0.8845,-0.2883,0.0818,-28.02,-30.89,-15.15
1791083411694,725,-0.9519,-0.3623,0.2427,-17.76,-42.79,-10.93
1791083411704,718,-0.9607,-0.407,0.3772,-4.75,-45.42,-2.75
1791083411714,720,-0.9592,-0.3501,0.4055,5.4,-39.24,6.23
1791083411724,723,-0.978,-0.3403,0.4495,10.61,-32.14,12.46
1791083411734,724,-0.9685,-0.312,0.4524,11.97,-26.69,17.39
1791083411744,722,-0.9204,-0.231,0.4238,10.17,-20.7,19.19
1791083411754,723,-0.8501,-0.1492,0.354,4.37,-14.27,17.92
1791083411764,723,-0.8101,-0.1013,0.2957,-3.05,-10.09,13.27
1791083411774,721,-0.7834,-0.1096,0.2832,-7.24,-8.67,7.86
1791083411784,725,-0.8098,-0.1418,0.2969,-4.29,-11.18,4.11
1791083411794,721,-0.833,-0.1807,0.3889,2.78,-16.84,2.38
1791083411804,727,-0.8369,-0.2449,0.4675,10.11,-17.56,2.75
1791083411814,727,-0.8464,-0.2446,0.4534,18.99,-10.93,4.35
1791083411824,726,-0.8499,-0.2234,0.4075,24.53,-8.15,3.47
1791083411834,722,-0.8274,-0.2234,0.4131,21.74,-7.76,-0.18
1791083411844,724,-0.8213,-0.217,0.3525,14.75,-0.09,-3.88
1791083411854,727,-0.8333,-0.1643,0.2571,7.63,6.76,-9.37
1791083411864,719,-0.8472,-0.1516,0.2444,-1.3,4.26,-17.21
1791083411874,720,-0.8584,-0.2007,0.3196,-7.8,-0.93,-25.97
1791083411884,721,-0.8835,-0.313,0.387,-9.18,-3.33,-31.94
1791083411894,725,-0.927,-0.4478,0.4441,-4.6,-2.75,-30.81
1791083411904,721,-0.9475,-0.5156,0.4441,4.61,-1.76,-24.37
1791083411914,721,-0.8979,-0.4868,0.3457,9.48,2.66,-15.1
1791083411924,721,-0.876,-0.366,0.1875,8.49,7.18,-9.56
1791083411934,718,-0.8831,-0.2886,0.136,-0.53,-1.89,-10.78
1791083411944,718,-0.8767,-0.3071,0.1433,-9.59,-10.38,-15.34
1791083411954,719,-0.9377,-0.3831,0.1611,-14.47,-15.68,-18.76
1791083411964,725,-0.9824,-0.4719,0.2405,-13.59,-24.99,-17.36
1791083411974,724,-0.9849,-0.5154,0.365,-7.57,-33.91,-11.22
1791083411984,719,-0.9763,-0.541,0.4885,0.27,-32.67,-3.31
1791083411994,723,-0.9912,-0.5217,0.489,9.15,-25.53,5.16
1791083412004,728,-0.9609,-0.4604,0.4692,12.85,-21.42,10.06
1791083412014,723,-0.9221,-0.4077,0.4854,8.85,-19.13,10.99
1791083412024,725,-0.876,-0.3911,0.4912,1.27,-11.01,9.19
1791083412034,723,-0.8665,-0.3679,0.427,-4.73,-0.15,7.62
1791083412044,722,-0.855,-0.2937,0.3564,-7.51,2.38,6.9
1791083412054,726,-0.8062,-0.1663,0.3564,-8.38,0.61,4.89
1791083412064,726,-0.7749,-0.0754,0.3911,-12.7,3.16,-1.95
1791083412074,726,-0.8015,-0.0857,0.4392,-14.55,5.47,-9.88
1791083412084,726,-0.8088,-0.1157,0.4856,-9.94,5.83,-16.0
1791083412094,721,-0.833,-0.1309,0.5559,-0.56,5.11,-19.07
1791083412104,726,-0.8359,-0.1387,0.5674,8.96,7.25,-22.05
1791083412114,724,-0.8496,-0.1589,0.5955,15.85,8.05,-26.6
1791083412124,724,-0.8203,-0.2375,0.6067,11.21,12.63,-32.85
1791083412134,727,-0.8242,-0.3164,0.5002,5.79,24.38,-37.48
1791083412144,720,-0.8523,-0.3572,0.4041,2.08,28.02,-39.37
1791083412154,722,-0.8066,-0.366,0.3196,-0.56,23.19,-39.89
1791083412164,722,-0.7756,-0.3655,0.272,-5.66,19.82,-40.82
1791083412174,722,-0.7896,-0.446,0.2407,-10.08,18.53,-40.29
1791083412184,720,-0.7812,-0.449,0.2114,-11.65,14.49,-37.85
1791083412194,721,-0.7983,-0.4739,0.2144,-9.44,7.91,-35.66
1791083412204,724,-0.8237,-0.5154,0.2488,-5.21,0.17,-34.0
1791083412214,727,-0.8528,-0.574,0.3059,-1.24,-7.37,-31.33
1791083412224,725,-0.8594,-0.6194,0.3403,2.69,-11.18,-27.15
1791083412234,723,-0.8447,-0.6577,0.3271,8.46,-9.42,-19.69
1791083412244,730,-0.8191,-0.6155,0.271,17.08,-3.18,-10.87
1791083412254,729,-0.8174,-0.5518,0.196,20.32,2.6,-3.05
1791083412264,726,-0.8389,-0.5312,0.156,16.9,-1.86,1.33
1791083412274,721,-0.8694,-0.5154,0.2185,16.27,-15.15,6.23
1791083412284,721,-0.8223,-0.4136,0.2329,18.44,-24.18,8.63
1791083412294,724,-0.7974,-0.3962,0.2769,15.57,-26.09,5.31
1791083412304,724,-0.8235,-0.4663,0.3223,10.72,-24.38,1.07
1791083412314,725,-0.8313,-0.5415,0.3855,3.27,-18.73,-2.14
1791083412324,720,-0.824,-0.5715,0.3711,-3.73,-11.08,-0.21
1791083412334,731,-0.8274,-0.5662,0.3201,-6.27,-4.85,4.11
1791083412344,730,-0.8401,-0.5493,0.251,-7.15,-7.15,9.97
1791083412354,730,-0.8374,-0.4949,0.2283,-3.77,-14.66,16.72
1791083412364,723,-0.8394,-0.4453,0.2803,-0.95,-23.02,22.05
1791083412374,725,-0.8425,-0.3779,0.3391,3.22,-28.14,26.64
1791083412384,724,-0.8389,-0.2637,0.3879,15.34,-30.58,29.69
1791083412394,724,-0.8242,-0.1672,0.4788,26.69,-29.94,27.82
1791083412404,727,-0.8101,-0.1572,0.6035,31.42,-21.83,20.9
1791083412414,724,-0.8862,-0.1362,0.5342,35.45,-9.82,16.44
1791083412424,729,-0.9028,-0.1372,0.5432,39.39,-16.32,12.26
1791083412434,726,-0.9136,-0.1838,0.5986,45.3,-22.47,6.89
1791083412444,729,-0.8821,-0.2559,0.5713,50.31,-19.77,2.73
1791083412454,724,-0.8674,-0.3206,0.5022,53.85,-16.72,3.33
1791083412464,728,-0.8574,-0.3528,0.48,51.74,-14.37,4.69
1791083412474,722,-0.8005,-0.3586,0.4827,45.04,-10.93,9.66
1791083412484,730,-0.8672,-0.2744,0.512,37.8,-7.24,20.44
1791083412494,724,-0.8674,-0.2212,0.53,22.5,1.95,12.14
1791083412504,725,-0.8582,-0.2161,0.4707,8.93,4.95,2.37
1791083412514,730,-0.8606,-0.3186,0.4033,2.9,0.66,-6.03
1791083412524,728,-0.8999,-0.3374,0.3923,8.09,-9.71,-12.24
1791083412534,725,-0.9028,-0.2878,0.4268,6.73,-22.61,-22.14
1791083412544,720,-0.8564,-0.2888,0.4324,0.14,-36.14,-38.0
1791083412554,727,-0.8083,-0.4224,0.5339,-0.17,-37.25,-52.03
1791083412564,727,-0.8218,-0.5298,0.551,1.08,-29.07,-48.93
1791083412574,724,-0.7976,-0.5908,0.5457,4.6,-12.14,-39.8
1791083412584,727,-0.8228,-0.5325,0.4651,8.82,6.14,-30.06
1791083412594,726,-0.8052,-0.4287,0.3831,6.5,9.92,-22.79
1791083412604,725,-0.7585,-0.4131,0.3691,4.4,1.79,-19.21
1791083412614,726,-0.7444,-0.4148,0.428,5.37,-1.24,-16.98
1791083412624,725,-0.6987,-0.4221,0.4109,8.84,5.92,-14.73
1791083412634,730,-0.7534,-0.4763,0.4072,10.08,10.35,-9.37
1791083412644,726,-0.7407,-0.4612,0.4309,8.7,14.08,-1.51
1791083412654,723,-0.6826,-0.4011,0.4314,13.25,7.36,17.89
1791083412664,726,-0.7678,-0.2573,0.5447,10.81,4.53,33.51
1791083412674,723,-0.8064,-0.2476,0.4941,6.26,13.19,29.57
1791083412684,726,-0.8325,-0.2229,0.5078,12.0,15.57,20.9
1791083412694,731,-0.8943,-0.0654,0.3687,26.38,16.79,21.97
1791083412704,726,-0.7576,-0.3267,0.3806,15.66,-8.52,13.57
1791083412714,733,-0.7974,-0.4016,0.4971,24.85,-8.46,13.5
1791083412724,726,-0.7642,-0.4753,0.4543,28.4,3.42,20.06
1791083412734,727,-0.7817,-0.3057,0.4031,22.76,9.82,29.4
1791083412744,724,-0.8262,-0.2634,0.4043,13.44,7.16,29.02
1791083412754,732,-0.8162,-0.2605,0.4033,4.5,7.63,19.57
1791083412764,725,-0.8191,-0.3125,0.3779,1.77,4.29,13.54
1791083412774,723,-0.8516,-0.3596,0.3159,2.61,-5.76,13.56
1791083412784,729,-0.8467,-0.2561,0.3701,8.02,-27.74,18.35
1791083412794,726,-0.8723,-0.144,0.4055,13.19,-37.57,13.76
1791083412804,728,-0.7705,-0.1169,0.4731,2.56,-35.92,-6.66
1791083412814,726,-0.7324,-0.197,0.4187,-13.15,-26.11,-23.95
1791083412824,727,-0.7219,-0.3374,0.5046,-17.85,-17.77,-26.52
1791083412834,725,-0.7781,-0.2793,0.376,-17.05,-4.24,-29.37
1791083412844,731,-0.8606,-0.2974,0.3398,-18.93,-21.22,-28.14
1791083412854,728,-0.8313,-0.3328,0.4341,-17.3,-49.98,-26.31
1791083412864,727,-0.8132,-0.4033,0.6382,-0.69,-59.88,-18.44
1791083412874,723,-0.762,-0.3821,0.6812,14.29,-46.37,-10.44
1791083412884,725,-0.7817,-0.3381,0.5938,22.81,-22.52,-4.24
1791083412894,728,-0.8115,-0.3303,0.5447,20.09,-16.37,-4.78
1791083412904,725,-0.7932,-0.3503,0.5066,13.48,-20.67,-4.34
1791083412914,729,-0.8079,-0.3503,0.52,6.37,-21.69,-5.24
1791083412924,731,-0.7974,-0.3257,0.5,-4.95,-18.29,-7.94
1791083412934,729,-0.8062,-0.3127,0.5061,-9.69,-16.4,-10.43
1791083412944,729,-0.7844,-0.3132,0.5149,-11.48,-14.87,-12.58
1791083412954,726,-0.7864,-0.3962,0.5598,-10.31,-8.73,-11.89
1791083412964,729,-0.7844,-0.4185,0.5542,-5.39,5.16,-8.24
1791083412974,732,-0.78,-0.427,0.4937,-5.63,15.66,-3.57
1791083412984,729,-0.781,-0.4104,0.4458,-6.56,19.31,1.33
1791083412994,728,-0.7717,-0.3828,0.4104,-8.67,14.43,4.38
1791083413004,723,-0.7837,-0.3433,0.4282,-10.67,5.04,6.06
1791083413014,730,-0.8167,-0.5107,0.4756,-12.78,-2.44,6.46
1791083413024,733,-0.7632,-0.3401,0.5454,-1.21,0.2,10.61
1791083413034,731,-0.7498,-0.3379,0.5444,-10.6,5.92,8.53
1791083413044,731,-0.7849,-0.3853,0.5029,-10.84,15.82,7.98
1791083413054,730,-0.8145,-0.3525,0.4707,-6.7,14.89,8.17
1791083413064,729,-0.802,-0.3667,0.4636,-4.35,3.11,7.39
1791083413074,727,-0.7903,-0.3457,0.4756,-0.76,-5.62,8.0
1791083413084,726,-0.7922,-0.365,0.5308,-0.92,-11.31,8.29
1791083413094,729,-0.7649,-0.3525,0.5813,-1.97,-7.56,9.4
1791083413104,732,-0.7708,-0.2861,0.5247,-4.53,3.42,9.54
1791083413114,728,-0.7866,-0.2854,0.4912,-6.55,4.79,7.13
1791083413124,724,-0.7988,-0.291,0.5085,-7.25,-2.24,4.5
1791083413134,730,-0.7808,-0.3259,0.5078,-7.76,-5.02,1.74
1791083413144,728,-0.7859,-0.3464,0.4915,-5.13,-2.31,0.66
1791083413154,730,-0.7966,-0.3613,0.4661,-5.22,-1.3,1.3
1791083413164,727,-0.7988,-0.3501,0.4783,-2.52,-2.24,2.56
1791083413174,728,-0.8162,-0.3701,0.5056,-2.49,-0.52,3.65
1791083413184,725,-0.8352,-0.4155,0.4834,-2.67,0.23,5.77
1791083413194,731,-0.8354,-0.4102,0.4456,-1.15,-3.11,9.21
1791083413204,724,-0.8162,-0.4019,0.4385,-1.92,-10.79,12.5
1791083413214,728,-0.8281,-0.3772,0.4534,-2.9,-18.63,14.75
1791083413224,726,-0.7969,-0.3262,0.4875,-3.21,-22.93,15.18
1791083413234,734,-0.7949,-0.2358,0.5967,-2.58,-22.53,12.95
1791083413244,731,-0.7695,-0.2417,0.6455,-7.76,-6.84,7.51
1791083413254,729,-0.8164,-0.2878,0.5659,-0.81,2.72,4.96
1791083413264,730,-0.7722,-0.3054,0.5557,2.99,9.24,1.53
1791083413274,727,-0.7854,-0.3064,0.4287,3.47,14.81,0.78
1791083413284,729,-0.8147,-0.3696,0.3364,4.17,3.21,1.33
1791083413294,727,-0.7952,-0.4421,0.3662,2.21,-18.76,5.86
1791083413304,730,-0.8347,-0.4763,0.4609,2.53,-32.85,14.37
1791083413314,730,-0.8245,-0.4062,0.5327,5.3,-38.93,22.79
1791083413324,726,-0.8101,-0.3235,0.6926,-0.47,-35.25,24.44
1791083413334,727,-0.7578,-0.2483,0.772,-6.61,-16.03,21.59
1791083413344,726,-0.7625,-0.2021,0.7185,-4.92,16.11,15.74
1791083413354,729,-0.8088,-0.2224,0.5374,-0.44,35.85,7.02
1791083413364,726,-0.7952,-0.2209,0.4905,-0.44,30.64,2.44
1791083413374,733,-0.769,-0.2292,0.5032,-0.5,21.8,-2.63
1791083413384,728,-0.7561,-0.2725,0.4966,-7.13,20.99,-11.5
1791083413394,727,-0.812,-0.4507,0.5083,-11.56,26.27,-11.73
1791083413404,734,-0.7395,-0.4121,0.5015,-10.89,31.44,-7.1
1791083413414,730,-0.73,-0.3687,0.427,-15.4,44.15,-2.34
1791083413424,730,-0.8354,-0.3833,0.3005,-18.61,47.24,0.46
1791083413434,732,-0.8701,-0.3582,0.2427,-17.51,20.02,1.5
1791083413444,735,-0.8386,-0.3284,0.4329,-19.92,-12.05,0.72
1791083413454,740,-0.8069,-0.2974,0.582,-21.45,-16.35,-0.93
1791083413464,743,-0.8347,-0.3108,0.5789,-21.02,-0.38,-3.62
1791083413474,748,-0.845,-0.3027,0.498,-17.04,9.88,-5.1
1791083413484,755,-0.8604,-0.3115,0.4553,-10.37,7.97,-6.67
1791083413494,763,-1.0024,-0.436,0.3215,-3.44,-2.34,-6.58
1791083413504,767,-0.7864,-0.4187,0.6277,14.2,-64.78,-0.43
1791083413514,776,-0.7561,-0.3318,0.613,13.47,-47.02,0.47
1791083413524,802,-0.7705,-0.3198,0.5093,11.05,-21.07,1.6
1791083413534,836,-0.7329,-0.2837,0.5154,1.6,-9.02,1.4
1791083413544,880,-0.6714,-0.2939,0.5747,-14.49,0.73,-2.14
1791083413554,948,-0.9402,-0.2087,0.2361,-0.67,-30.98,2.27
1791083413564,1039,-0.6218,-0.3335,0.77,-8.43,-53.65,-2.99
1791083413574,1213,-0.7668,-0.2908,0.5625,-8.96,-3.6,-6.03
1791083413584,1383,-0.8181,-0.283,0.3782,0.52,-0.47,-5.85
1791083413594,1464,-0.7849,-0.3354,0.5054,-2.82,-18.24,-6.53
1791083413604,1518,-0.7317,-0.3232,0.5691,-3.6,-16.0,-6.08
1791083413614,1580,-0.7554,-0.3098,0.4805,3.47,-4.43,-4.67
1791083413624,1695,-0.7729,-0.3203,0.4329,5.69,-6.81,-2.58
1791083413634,1864,-0.7544,-0.3047,0.449,4.85,-13.47,-1.44
1791083413644,2143,-0.7439,-0.3052,0.501,0.34,-15.62,-0.84
1791083413654,2560,-0.7708,-0.3074,0.541,-4.52,-14.14,-0.35
1791083413664,3054,-0.7305,-0.3154,0.5508,-7.68,-4.6,-0.4
1791083413674,3449,-0.709,-0.3462,0.5459,-13.04,14.37,-1.05
1791083413684,3607,-0.8486,-0.3677,0.3435,-15.28,17.63,-0.46
1791083413694,3648,-0.7783,-0.3562,0.5667,-10.09,-9.76,1.97
1791083413704,3833,-0.7439,-0.324,0.6155,-10.06,-1.04,2.79
1791083413714,4012,-0.7825,-0.3137,0.5156,-8.37,11.45,1.31
1791083413724,3904,-0.7996,-0.3113,0.4622,-3.59,5.16,2.2
1791083413734,3737,-0.7537,-0.3975,0.605,6.43,-1.22,3.24
1791083413744,3846,-0.7961,-0.3755,0.4209,15.3,6.89,6.08
1791083413754,4003,-0.7776,-0.3418,0.519,13.19,-0.29,6.87
1791083413764,4029,-0.7529,-0.29,0.4814,9.59,2.35,4.99
1791083413774,3855,-0.7949,-0.3403,0.4343,0.63,2.06,0.41
1791083413784,3527,-0.7842,-0.3965,0.447,-5.53,-5.77,-0.34
1791083413794,3241,-0.7749,-0.405,0.4827,-9.24,-8.31,1.07
1791083413804,3073,-0.7937,-0.4175,0.6682,-9.76,-2.21,3.45
1791083413814,3002,-0.7251,-0.3096,0.5801,-3.68,16.03,3.22
1791083413824,2953,-0.7957,-0.2651,0.375,-4.08,23.25,-0.2
1791083413834,2949,-0.8411,-0.3218,0.4285,0.5,5.8,-2.27
1791083413844,3080,-0.8174,-0.3384,0.4727,7.33,-10.6,-1.21
1791083413854,3316,-0.7866,-0.3486,0.4626,8.47,-17.85,0.2
1791083413864,3585,-0.8062,-0.3728,0.4377,5.11,-22.0,1.02
1791083413874,3814,-0.7991,-0.3677,0.5068,-1.02,-28.66,2.92
1791083413884,3985,-0.7812,-0.3799,0.5615,-9.77,-24.72,2.93
1791083413894,4085,-0.7705,-0.3862,0.5688,-15.27,-15.4,3.15
1791083413904,4092,-0.7871,-0.3491,0.4365,-18.92,-4.06,2.06
1791083413914,4062,-0.7732,-0.3245,0.5208,-19.02,-7.8,0.6
1791083413924,4169,-0.7595,-0.3284,0.5249,-12.78,-2.06,0.5
1791083413934,4476,-0.8091,-0.3701,0.457,-5.4,2.05,1.54
1791083413944,4861,-0.7998,-0.3877,0.4851,4.05,-7.01,4.21
1791083413954,5285,-0.7871,-0.3481,0.5488,11.62,-10.03,7.11
1791083413964,5663,-0.7754,-0.3022,0.582,15.11,-6.5,7.89
1791083413974,5856,-0.8074,-0.2898,0.501,12.73,-4.78,6.9
1791083413984,5947,-0.8018,-0.2671,0.5317,9.39,-12.08,5.19
1791083413994,6165,-0.7646,-0.2815,0.6262,5.85,-13.07,2.96
1791083414004,6575,-0.7881,-0.2751,0.5745,3.6,-6.78,0.64
1791083414014,6906,-0.7898,-0.3125,0.5178,-1.8,-6.15,-1.63
1791083414024,7129,-0.7795,-0.3452,0.5195,-5.8,-6.08,-3.13
1791083414034,7437,-0.7903,-0.3438,0.5154,-5.83,-4.53,-2.93
1791083414044,7934,-0.7915,-0.3787,0.5713,-3.4,-10.52,-1.82
1791083414054,8632,-0.7793,-0.3818,0.5469,0.2,-3.74,-0.06
1791083414064,9390,-0.7681,-0.3145,0.4993,3.97,0.56,1.3
1791083414074,9972,-0.762,-0.3022,0.5081,4.72,-1.08,0.7
1791083414084,10590,-0.7581,-0.2947,0.5051,6.11,-0.21,0.41
1791083414094,11358,-0.7896,-0.2839,0.4829,7.28,-3.18,0.15
1791083414104,12150,-0.7588,-0.2825,0.5364,3.74,-8.9,-3.34
1791083414114,12688,-0.7529,-0.3054,0.5469,0.23,-10.5,-7.56
1791083414124,12716,-0.7722,-0.3762,0.5571,-2.4,-9.18,-8.76
1791083414134,12668,-0.7615,-0.4194,0.5142,-4.34,-5.95,-6.58
1791083414144,13060,-0.7595,-0.4214,0.5071,-5.6,-3.82,-2.55
1791083414154,14223,-0.7478,-0.3242,0.5188,-2.37,-1.73,0.35
1791083414164,15864,-0.761,-0.3035,0.5376,0.09,-2.66,0.41
1791083414174,17822,-0.7686,-0.324,0.5547,2.84,-3.42,-0.2
1791083414184,20254,-0.7522,-0.3145,0.5571,5.97,-0.6,0.12
1791083414194,22899,-0.7717,-0.3169,0.5022,8.63,3.63,0.06
1791083414204,25315,-0.7676,-0.321,0.4954,9.19,1.22,-0.93
1791083414214,26993,-0.7593,-0.3396,0.5293,5.02,-1.69,-2.85
1791083414224,27197,-0.7708,-0.3743,0.5073,0.41,-1.56,-3.1
1791083414234,26430,-0.7795,-0.4048,0.4871,-1.85,-3.8,-1.53
1791083414244,25869,-0.7686,-0.428,0.5049,-4.69,-5.27,0.96
1791083414254,26289,-0.7527,-0.4001,0.5269,-6.03,-4.34,3.36
1791083414264,27702,-0.7366,-0.3386,0.5063,-5.8,0.56,4.4
1791083414274,29894,-0.7803,-0.3315,0.5327,-5.21,0.11,3.51
1791083414284,34672,-0.7566,-0.2949,0.5884,-3.86,-0.76,2.23
1791083414294,44210,-0.7632,-0.2988,0.5911,0.89,3.21,0.78
1791083414304,58454,-0.7827,-0.311,0.5471,4.73,7.05,0.29
1791083414314,74043,-0.5991,-0.3899,0.9814,7.28,11.19,0.14
1791083414324,84573,-0.7795,-0.3181,0.502,9.34,46.49,1.08
1791083414334,86671,-0.7891,-0.3103,0.4858,5.95,37.36,0.32
1791083414344,88587,-0.7976,-0.3247,0.502,3.71,26.89,0.09
1791083414354,91238,-0.79,-0.3333,0.4944,1.98,19.24,-0.11
1791083414364,92690,-0.7993,-0.3538,0.4526,0.34,12.85,0.03
1791083414374,93479,-0.7983,-0.363,0.4851,-0.84,8.47,0.12
1791083414384,93998,-0.7681,-0.3726,0.5508,-3.01,9.05,0.15
1791083414394,94522,-0.7742,-0.356,0.6118,-5.1,22.89,-0.95
1791083414404,95541,-0.7751,-0.3513,0.5347,-5.16,39.53,-2.15
1791083414414,97146,-0.7751,-0.3386,0.5012,-2.27,46.05,-1.45
1791083414424,98445,-0.8154,-0.3296,0.4451,2.03,44.99,-0.08
1791083414434,99484,-0.8267,-0.3225,0.4158,3.15,33.4,0.81
1791083414444,100445,-0.8171,-0.2913,0.4697,4.76,17.95,0.61
1791083414454,101290,-0.7939,-0.2793,0.5188,3.74,9.94,-0.17
1791083414464,102087,-0.8159,-0.3159,0.4614,0.69,13.25,-2.55
1791083414474,102843,-0.8323,-0.3496,0.4192,-0.38,11.86,-3.18
1791083414484,103619,-0.8242,-0.3506,0.3762,-0.64,0.9,-1.39
1791083414494,104177,-0.7903,-0.334,0.4417,-1.83,-10.63,-0.26
1791083414504,104672,-0.7356,-0.3088,0.6216,-1.02,-4.9,-0.37
1791083414514,105176,-0.7258,-0.3096,0.604,-1.47,31.5,-3.21
1791083414524,105900,-0.7798,-0.3574,0.4106,-0.32,53.4,-3.45
1791083414534,106590,-0.8013,-0.3455,0.3909,3.21,52.34,-0.47
1791083414544,107213,-0.8262,-0.3267,0.3516,3.57,41.11,0.7
1791083414554,107677,-0.8208,-0.3149,0.4011,-1.74,27.47,-0.03
1791083414564,108040,-0.7549,-0.3254,0.3816,-7.91,20.5,-4.32
1791083414574,108331,-0.8069,-0.3904,0.3896,-11.66,18.06,-6.58
1791083414584,108589,-0.7869,-0.3682,0.3303,-12.09,15.42,-5.05
1791083414594,108793,-0.8503,-0.3477,0.3738,-9.94,12.49,-3.68
1791083414604,108962,-0.875,-0.3176,0.4019,-3.21,3.83,-0.46
1791083414614,109102,-0.9092,-0.3206,0.4277,2.29,-3.13,1.27
1791083414624,109211,-0.842,-0.3118,0.4619,6.5,-10.26,1.91
1791083414634,109301,-0.7544,-0.3411,0.458,9.59,-1.98,2.08
1791083414644,109386,-0.7654,-0.3076,0.4192,7.56,14.02,-1.45
1791083414654,109516,-0.8618,-0.3379,0.3513,1.98,20.56,-6.18
1791083414664,109662,-0.8384,-0.3977,0.3594,0.06,15.05,-5.6
1791083414674,109786,-0.8569,-0.3745,0.375,1.02,8.87,-1.92
1791083414684,109899,-0.823,-0.3501,0.3696,2.09,4.24,1.05
1791083414694,110016,-0.8589,-0.3181,0.3726,5.68,-1.73,1.82
1791083414704,110092,-0.8645,-0.3218,0.3948,8.24,-10.0,0.26
1791083414714,110162,-0.821,-0.3123,0.53,9.82,-12.99,-1.57
1791083414724,110187,-0.8435,-0.2996,0.5391,16.61,-11.97,-1.65
1791083414734,110252,-0.8213,-0.375,0.4277,16.67,-2.66,-2.18
1791083414744,110351,-0.824,-0.3906,0.3821,19.5,-6.17,-1.4
1791083414754,110465,-0.8086,-0.3691,0.4053,23.8,-14.6,1.5
1791083414764,110560,-0.8093,-0.353,0.4282,24.32,-22.29,2.76
1791083414774,110656,-0.79,-0.3342,0.4846,22.56,-22.63,1.62
1791083414784,110751,-0.7861,-0.3542,0.4199,21.01,-17.53,-0.79
1791083414794,110833,-0.7998,-0.3611,0.3818,19.85,-19.92,-1.4
1791083414804,110934,-0.8032,-0.3372,0.4146,17.48,-26.44,-0.9
1791083414814,111023,-0.8037,-0.3213,0.4565,12.53,-32.93,-0.99
1791083414824,111086,-0.7866,-0.3186,0.4993,9.94,-36.66,-2.96
1791083414834,111134,-0.7646,-0.3118,0.5569,9.4,-26.73,-6.46
1791083414844,111147,-0.803,-0.3188,0.5645,7.45,-12.29,-8.81
1791083414854,111139,-0.8311,-0.311,0.5237,1.4,-7.05,-13.36
1791083414864,111106,-0.8313,-0.3362,0.4934,-5.02,-9.69,-17.16
1791083414874,111022,-0.8379,-0.3542,0.4739,-8.52,-17.82,-18.63
1791083414884,110944,-0.8354,-0.3562,0.4524,-10.63,-25.59,-18.66
1791083414894,110862,-0.8198,-0.3669,0.4282,-12.15,-37.69,-17.71
1791083414904,110783,-0.8103,-0.3689,0.4409,-11.91,-50.75,-16.75
1791083414914,110708,-0.7654,-0.3608,0.4963,-12.84,-56.96,-14.43
1791083414924,110634,-0.7642,-0.3574,0.5496,-9.59,-52.64,-12.34
1791083414934,110568,-0.7324,-0.3481,0.6975,-7.59,-41.76,-13.05
1791083414944,110508,-0.7029,-0.3467,0.7002,-10.95,-10.6,-15.21
1791083414954,110470,-0.7563,-0.3933,0.5154,-10.84,11.44,-14.58
1791083414964,110498,-0.8135,-0.4387,0.4441,-6.64,6.5,-13.04
1791083414974,110541,-0.8022,-0.3845,0.4956,-4.79,-3.94,-9.25
1791083414984,110596,-0.8052,-0.3521,0.5032,-6.76,-7.8,-12.52
1791083414994,110637,-0.8066,-0.3503,0.4875,-10.84,-10.56,-18.32
1791083415004,110709,-0.8032,-0.3479,0.4763,-12.02,-17.92,-19.34
1791083415014,110790,-0.7639,-0.3469,0.5356,-12.38,-27.76,-17.34
1791083415024,110872,-0.7708,-0.3894,0.5569,-15.71,-27.51,-16.82
1791083415034,110903,-0.7129,-0.4138,0.5259,-19.66,-26.03,-14.43
1791083415044,110938,-0.5547,-0.4897,0.4089,-27.59,-35.89,4.99
1791083415054,110929,-0.9414,-0.2483,0.5176,-34.06,-52.82,24.78
1791083415064,110891,-0.8567,-0.439,0.5098,-24.72,-49.42,-5.74
1791083415074,110973,-0.718,-0.3928,0.6079,-15.73,-56.05,-10.98
1791083415084,111015,-0.719,-0.3596,0.6172,-12.93,-50.02,-6.81
1791083415094,111058,-0.6721,-0.4231,0.5933,-9.27,-35.88,-6.84
1791083415104,111093,-0.6963,-0.3931,0.5283,-5.51,-19.6,-5.92
1791083415114,111097,-0.7056,-0.3955,0.5984,-6.5,-7.37,-6.5
1791083415124,111089,-0.7476,-0.3816,0.5769,-8.0,-1.65,-7.34
1791083415134,111081,-0.729,-0.376,0.564,-10.56,-1.94,-7.39
1791083415144,111075,-0.7402,-0.3838,0.5586,-10.81,-0.64,-7.42
1791083415154,111062,-0.7554,-0.3594,0.5762,-14.53,2.37,-10.47
1791083415164,111049,-0.771,-0.3926,0.5906,-21.89,-0.32,-13.88
1791083415174,111050,-0.4792,-0.6658,0.5154,-35.37,-10.18,-16.64
1791083415184,111037,-0.4917,-0.5613,0.4495,-53.04,-38.24,31.13
1791083415194,110848,-0.7043,-0.5015,0.3501,-27.24,-41.66,57.79
1791083415204,110639,-0.863,-0.2971,0.6819,26.21,-23.57,45.04
1791083415214,110593,-0.8755,-0.2825,0.7939,21.21,-10.02,19.02
1791083415224,110602,-0.7454,-0.3496,0.6716,-12.46,-1.15,2.41
1791083415234,110569,-0.6965,-0.4104,0.5903,-23.5,8.38,0.64
1791083415244,110523,-0.7,-0.4509,0.5144,-19.05,15.37,4.35
1791083415254,110499,-0.7441,-0.4514,0.4355,-4.5,18.63,5.5
1791083415264,110481,-0.7256,-0.4189,0.4597,10.41,12.79,4.64
1791083415274,110506,-0.7048,-0.4028,0.5315,14.61,4.08,5.91
1791083415284,110550,-0.7725,-0.2817,0.7046,-5.59,2.18,2.14
1791083415294,110587,-0.7153,-0.4128,0.572,-16.52,13.54,-3.39
1791083415304,110658,-0.7231,-0.3755,0.5579,-16.47,15.19,-3.27
1791083415314,110719,-0.7576,-0.4109,0.4822,-21.13,10.52,-5.15
1791083415324,110818,-0.7383,-0.4116,0.5063,-26.69,-4.27,-1.13
1791083415334,110865,-0.7156,-0.4131,0.5032,-32.87,-14.98,2.37
1791083415344,110821,-0.7043,-0.4451,0.5149,-29.85,-14.47,5.24
1791083415354,110672,-0.7034,-0.447,0.5049,-20.31,-11.05,7.88
1791083415364,110472,-0.6875,-0.4668,0.5051,-7.1,-6.41,10.18
1791083415374,110302,-0.6819,-0.4453,0.4995,9.65,2.85,12.06
1791083415384,110169,-0.6926,-0.4172,0.5322,25.97,19.91,11.36
1791083415394,110175,-0.71,-0.4099,0.5308,32.82,30.29,10.87
1791083415404,110338,-0.7173,-0.4053,0.5676,27.6,29.18,9.27
1791083415414,110498,-0.7415,-0.3691,0.5815,14.27,24.43,12.44
1791083415424,110567,-0.8005,-0.3894,0.551,-0.49,17.5,10.2
1791083415434,110567,-0.7744,-0.4048,0.5608,-13.48,5.21,7.16
1791083415444,110520,-0.7395,-0.4043,0.5613,-24.66,4.67,3.94
1791083415454,110419,-0.7302,-0.4314,0.5225,-31.28,9.02,1.25
1791083415464,110303,-0.7222,-0.4128,0.5283,-33.28,14.0,-0.06
1791083415474,110093,-0.708,-0.4058,0.5344,-27.85,21.28,0.0
1791083415484,109787,-0.7278,-0.395,0.5547,-19.82,33.21,-1.44
1791083415494,109477,-0.6519,-0.4358,0.4731,-12.34,43.6,-0.99
1791083415504,109187,-0.6521,-0.5002,0.5078,1.21,50.82,13.88
1791083415514,109083,-0.8484,-0.4512,0.5247,12.93,72.02,23.77
1791083415524,109145,-0.8765,-0.4604,0.3271,13.73,65.44,17.69
1791083415534,109285,-0.8767,-0.3997,0.3254,4.12,34.5,13.04
1791083415544,109289,-0.8894,-0.3718,0.4458,-2.95,13.34,7.1
1791083415554,109215,-0.7546,-0.4324,0.5061,3.22,7.97,2.47
1791083415564,109218,-0.7644,-0.427,0.4919,19.86,20.5,4.82
1791083415574,109289,-0.8457,-0.3945,0.4526,21.11,18.7,5.3
1791083415584,109457,-0.8477,-0.3887,0.4126,10.92,-3.04,5.97
1791083415594,109678,-0.8359,-0.3347,0.4631,-5.36,-27.6,7.04
1791083415604,109869,-0.7615,-0.3369,0.5195,-30.69,-38.89,3.27
1791083415614,109936,-0.7139,-0.3542,0.5581,-38.46,-30.63,1.04
1791083415624,110014,-0.7214,-0.4797,0.5442,-32.26,-9.18,1.57
1791083415634,110258,-0.7622,-0.4729,0.4141,-18.63,2.44,4.21
1791083415644,110650,-0.7581,-0.4487,0.3699,-6.41,3.88,10.44
1791083415654,110959,-0.7983,-0.4202,0.4021,-0.58,-0.44,14.58
1791083415664,111183,-0.7922,-0.3716,0.4758,-4.38,-8.7,14.18
1791083415674,111321,-0.7698,-0.3801,0.5166,-11.13,-13.79,11.15
1791083415684,111395,-0.7478,-0.376,0.533,-7.51,-2.2,7.76
1791083415694,111486,-0.7747,-0.3838,0.4651,-5.54,10.55,5.21
1791083415704,111633,-0.7659,-0.3799,0.4133,-7.37,18.09,1.82
1791083415714,111798,-0.8108,-0.3674,0.4131,-12.93,16.27,0.0
1791083415724,111948,-0.8206,-0.3821,0.4583,-21.68,1.98,0.12
1791083415734,112052,-0.7981,-0.3596,0.5374,-29.24,-11.1,-0.06
1791083415744,112095,-0.7437,-0.311,0.52,-34.67,-17.02,-0.24
1791083415754,112120,-0.7175,-0.3481,0.4866,-36.72,-16.37,-1.65
1791083415764,112235,-0.7349,-0.3774,0.4614,-30.5,-8.2,-3.91
1791083415774,112405,-0.7725,-0.3696,0.4485,-23.95,-3.76,-4.41
1791083415784,112568,-0.7788,-0.3572,0.4248,-15.71,-8.98,-1.74
1791083415794,112664,-0.7727,-0.3796,0.4175,-7.48,-14.63,2.58
1791083415804,112694,-0.7644,-0.4551,0.5015,-5.37,-10.82,1.37
1791083415814,112682,-0.7371,-0.4641,0.522,7.86,17.63,-3.11
1791083415824,112706,-0.791,-0.4897,0.4653,21.31,44.09,-4.75
1791083415834,112791,-0.8767,-0.4622,0.4258,21.47,43.51,-5.53
1791083415844,112907,-0.8364,-0.4746,0.3987,9.95,25.16,-3.51
1791083415854,113015,-0.8218,-0.4431,0.4036,-2.21,3.63,-0.95
1791083415864,113094,-0.7517,-0.4463,0.4116,-11.27,-11.74,2.64
1791083415874,113159,-0.7366,-0.4402,0.3906,-19.11,-8.73,1.68
1791083415884,113220,-0.6921,-0.4082,0.4395,-23.82,12.24,-1.73
1791083415894,113251,-0.7188,-0.4587,0.377,-13.37,42.52,-2.55
1791083415904,113297,-0.7698,-0.4463,0.3438,1.66,60.76,-1.54
1791083415914,113361,-0.7705,-0.4644,0.335,14.5,68.43,0.47
1791083415924,113427,-0.8396,-0.4465,0.4192,36.76,59.82,2.85
1791083415934,113476,-0.7468,-0.4492,0.5889,48.14,61.18,9.3
1791083415944,113532,-0.8633,-0.376,0.4412,59.24,68.79,11.63
1791083415954,113582,-0.9236,-0.4106,0.3879,49.44,47.77,15.98
1791083415964,113650,-0.8447,-0.3921,0.3428,41.31,25.33,16.9
1791083415974,113680,-0.7759,-0.3877,0.3738,45.69,11.01,19.36
1791083415984,113710,-0.8225,-0.3921,0.4409,40.31,4.46,21.16
1791083415994,113745,-0.8367,-0.3521,0.4775,26.7,8.75,16.61
1791083416004,113813,-0.8438,-0.344,0.4705,9.54,13.16,9.39
1791083416014,113896,-0.8481,-0.3621,0.3594,-2.67,12.11,3.63
1791083416024,113968,-0.8474,-0.3635,0.3186,-8.5,-2.08,5.73
1791083416034,114029,-0.825,-0.325,0.3818,-14.79,-21.57,9.28
1791083416044,114057,-0.7659,-0.2864,0.4185,-11.25,-28.81,12.55
1791083416054,114084,-0.8142,-0.3311,0.4983,1.73,-24.78,18.02
1791083416064,114107,-0.8464,-0.3657,0.4617,20.21,-11.34,19.91
1791083416074,114143,-0.8521,-0.4062,0.4031,35.36,-0.64,20.81
1791083416084,114216,-0.8347,-0.3792,0.3513,41.13,-1.37,22.14
1791083416094,114285,-0.7766,-0.3757,0.3132,44.05,-4.27,23.01
1791083416104,114342,-0.8059,-0.4045,0.3982,47.34,-5.05,22.89
1791083416114,114329,-0.8328,-0.3801,0.4758,51.68,7.39,18.26
1791083416124,114266,-0.8367,-0.3354,0.4041,52.38,26.11,13.13
1791083416134,114182,-0.8193,-0.3308,0.3406,46.75,36.81,9.28
1791083416144,114117,-0.8313,-0.3464,0.3354,41.92,30.67,11.54
1791083416154,114070,-0.884,-0.2668,0.3809,41.89,19.45,16.11
1791083416164,114049,-0.9072,-0.2817,0.4524,25.89,5.53,15.85
1791083416174,114059,-0.8462,-0.2483,0.4692,11.34,-15.24,14.92
1791083416184,114066,-0.8584,-0.3145,0.4753,14.85,-18.27,13.5
1791083416194,114053,-0.8213,-0.3215,0.4609,14.78,-16.5,11.34
1791083416204,114049,-0.8376,-0.3308,0.375,8.99,-14.32,9.05
1791083416214,114054,-0.7886,-0.238,0.3691,-2.82,-18.58,8.69
1791083416224,114081,-0.822,-0.2939,0.3489,-9.02,-23.77,4.44
1791083416234,114114,-0.8225,-0.3362,0.2886,-9.24,-22.37,-1.01
1791083416244,114138,-0.8267,-0.3188,0.3665,-12.08,-22.79,-3.4
1791083416254,114144,-0.8237,-0.2854,0.4727,-15.07,-18.96,-7.6
1791083416264,114155,-0.824,-0.3044,0.4841,-17.66,-10.79,-13.88
1791083416274,114175,-0.8713,-0.2927,0.4771,-17.07,-8.24,-17.83
1791083416284,114183,-0.8892,-0.3103,0.5046,-15.6,-17.59,-14.32
1791083416294,114149,-0.865,-0.304,0.5254,-15.6,-26.92,-5.24
1791083416304,114109,-0.833,-0.3301,0.4739,-14.0,-32.95,2.21
1791083416314,114094,-0.835,-0.3298,0.4521,-12.29,-33.95,2.64
1791083416324,114094,-0.8167,-0.3252,0.4233,-10.66,-26.23,1.83
1791083416334,114114,-0.7451,-0.3645,0.4062,-9.74,-25.57,6.63
1791083416344,114136,-0.7783,-0.3145,0.4819,-3.8,-19.45,4.81
1791083416354,114112,-0.8433,-0.2705,0.4922,-1.62,-10.81,9.4
1791083416364,114109,-0.8447,-0.2673,0.5017,3.39,0.41,11.07
1791083416374,114103,-0.8799,-0.2139,0.4714,7.36,0.35,13.02
1791083416384,114097,-0.8843,-0.2656,0.479,8.85,-4.27,19.8
1791083416394,114081,-0.8267,-0.3367,0.5376,2.55,-16.44,22.61
1791083416404,114059,-0.8718,-0.2488,0.5198,-11.95,-26.24,17.01
1791083416414,114006,-0.8271,-0.2881,0.5876,-24.96,-35.59,12.82
1791083416424,113954,-0.802,-0.3706,0.4846,-21.31,-33.15,10.98
1791083416434,113903,-0.7581,-0.4128,0.3889,-9.56,-23.42,10.75
1791083416444,113858,-0.7402,-0.3127,0.4434,9.13,-9.16,9.91
1791083416454,113833,-0.8098,-0.3049,0.498,18.67,10.9,10.17
1791083416464,113820,-0.8477,-0.2739,0.4609,22.87,35.56,3.16
1791083416474,113827,-0.8674,-0.259,0.4448,22.78,38.24,3.85
1791083416484,113865,-0.8428,-0.2258,0.5029,21.05,36.89,5.85
1791083416494,113889,-0.8821,-0.2727,0.5022,11.68,26.75,9.39
1791083416504,113931,-0.9478,-0.301,0.5225,-0.31,12.02,9.44
1791083416514,113957,-0.8794,-0.2925,0.5588,-12.05,-1.11,8.98
1791083416524,113980,-0.8469,-0.2871,0.561,-10.47,0.35,4.37
1791083416534,114003,-0.8093,-0.3462,0.4636,-2.72,2.82,3.71
1791083416544,114021,-0.7688,-0.3293,0.4246,7.31,2.11,4.11
1791083416554,114036,-0.8086,-0.3103,0.3931,10.23,3.62,2.5
1791083416564,114076,-0.8384,-0.2974,0.3994,5.91,3.97,-0.52
1791083416574,114110,-0.8435,-0.2908,0.4441,-1.77,4.7,-3.18
1791083416584,114141,-0.8594,-0.2874,0.4539,-8.35,8.63,-5.91
1791083416594,114159,-0.8682,-0.2803,0.4749,-14.4,6.61,-8.21
1791083416604,114200,-0.8572,-0.2754,0.5085,-18.17,0.98,-8.26
1791083416614,114233,-0.8306,-0.2742,0.5339,-16.02,2.2,-7.24
1791083416624,114279,-0.8313,-0.2751,0.5151,-8.6,9.88,-7.62
1791083416634,114329,-0.8279,-0.2959,0.4512,-0.85,16.15,-7.24
1791083416644,114384,-0.8308,-0.2903,0.3992,6.4,13.69,-4.38
1791083416654,114438,-0.832,-0.2922,0.3848,9.33,5.33,-1.05
1791083416664,114487,-0.8303,-0.2908,0.3928,8.46,-3.39,1.63
1791083416674,114513,-0.8308,-0.3044,0.3843,3.74,-9.8,2.79
1791083416684,114540,-0.8145,-0.3308,0.407,-1.97,-14.78,4.47
1791083416694,114533,-0.8176,-0.3086,0.4709,-5.18,-7.6,4.06
1791083416704,114520,-0.8257,-0.3059,0.4775,-6.96,-0.2,1.56
1791083416714,114511,-0.8174,-0.3,0.4895,-4.82,2.31,0.67
1791083416724,114509,-0.8413,-0.2878,0.4771,0.56,4.61,0.72
1791083416734,114480,-0.8501,-0.2874,0.4639,0.31,0.58,0.75
1791083416744,114439,-0.8318,-0.2844,0.4429,-1.48,-3.25,0.66
1791083416754,114381,-0.8364,-0.2944,0.4304,-2.69,-7.07,1.19
1791083416764,114323,-0.8374,-0.2996,0.4368,-2.98,-11.21,2.18
1791083416774,114258,-0.821,-0.2915,0.4258,-1.97,-13.37,3.25
1791083416784,114204,-0.8203,-0.3071,0.4277,-2.72,-14.02,3.79
1791083416794,114145,-0.8132,-0.3123,0.4358,-2.82,-14.26,3.95
1791083416804,114118,-0.8118,-0.3069,0.4727,-1.6,-9.8,2.99
1791083416814,114088,-0.8096,-0.3074,0.4966,-0.67,-0.43,1.42
1791083416824,114073,-0.8252,-0.2939,0.4807,1.02,9.66,-1.37
1791083416834,114080,-0.8433,-0.2986,0.4619,1.63,12.66,-2.72
1791083416844,114101,-0.8496,-0.2974,0.4395,1.47,9.24,-1.79
1791083416854,114125,-0.8477,-0.3013,0.4336,1.21,1.3,0.6
1791083416864,114156,-0.8435,-0.2961,0.4424,0.55,-6.84,3.01
1791083416874,114163,-0.8311,-0.2986,0.4695,0.08,-13.16,5.08
1791083416884,114185,-0.8152,-0.3044,0.4941,1.63,-10.99,5.1
1791083416894,114201,-0.8191,-0.303,0.4863,5.08,-1.85,3.21
1791083416904,114225,-0.8342,-0.3015,0.4602,6.98,6.35,1.48
1791083416914,114259,-0.8323,-0.2939,0.4294,7.45,8.0,1.19
1791083416924,114309,-0.8342,-0.2859,0.4299,5.92,6.0,1.19
1791083416934,114355,-0.8271,-0.2834,0.4778,2.32,6.4,0.96
1791083416944,114381,-0.8293,-0.2805,0.4438,-0.55,9.54,-0.81
1791083416954,114404,-0.8384,-0.2896,0.4307,-1.15,7.28,-1.31
1791083416964,114450,-0.8425,-0.2944,0.4233,-1.47,3.05,-0.44
1791083416974,114471,-0.8452,-0.2917,0.4424,-2.78,-1.69,0.03
1791083416984,114492,-0.8271,-0.291,0.4546,-1.74,-4.6,1.01
1791083416994,114502,-0.822,-0.301,0.4502,0.17,-6.11,2.17
1791083417004,114512,-0.8325,-0.3054,0.4543,1.01,-5.94,2.58
1791083417014,114525,-0.8372,-0.2952,0.4521,-2.24,-4.49,0.73
1791083417024,114528,-0.832,-0.2949,0.4849,-6.72,-2.63,-0.93
1791083417034,114527,-0.8318,-0.2861,0.4771,-8.09,5.86,-3.74
1791083417044,114533,-0.8398,-0.292,0.4617,-7.68,7.91,-4.12
1791083417054,114541,-0.8389,-0.2883,0.4448,-5.57,5.22,-2.18
1791083417064,114554,-0.8572,-0.2812,0.4402,-4.95,-0.43,-0.43
1791083417074,114553,-0.8435,-0.301,0.4229,-7.33,-6.81,-0.26
1791083417084,114573,-0.8259,-0.3093,0.4253,-8.15,-9.19,-0.46
1791083417094,114584,-0.8188,-0.3096,0.4517,-7.27,-7.82,-0.18
1791083417104,114602,-0.8145,-0.3132,0.4507,-4.47,-5.88,-0.5
1791083417114,114619,-0.8237,-0.3059,0.4524,-1.22,-3.4,-0.08
1791083417124,114649,-0.8296,-0.3105,0.449,1.05,-1.82,-0.24
1791083417134,114628,-0.8206,-0.3096,0.4502,1.88,-1.37,0.02
1791083417144,114512,-0.8313,-0.3037,0.4663,2.76,-0.64,0.24
1791083417154,114524,-0.8279,-0.2952,0.4983,3.65,3.44,-0.23
1791083417164,114571,-0.8271,-0.303,0.4978,3.57,11.66,-1.74
1791083417174,114607,-0.8271,-0.302,0.468,5.25,16.7,-2.75
1791083417184,114661,-0.8406,-0.2949,0.4539,6.37,17.57,-2.79
1791083417194,114707,-0.8472,-0.2925,0.4368,5.19,13.89,-1.62
1791083417204,114747,-0.8472,-0.3071,0.4202,3.05,7.15,-0.53
1791083417214,114784,-0.8391,-0.301,0.4075,1.22,-0.93,1.76
1791083417224,114816,-0.8511,-0.3013,0.4011,-2.84,-9.74,3.51
1791083417234,114826,-0.8455,-0.3035,0.4333,-6.87,-16.47,4.15
1791083417244,114839,-0.8235,-0.2939,0.4727,-8.78,-15.44,3.11
1791083417254,114829,-0.8235,-0.2996,0.4888,-6.4,-9.66,2.29
1791083417264,114820,-0.8179,-0.304,0.4753,-1.47,-4.0,1.37
1791083417274,114823,-0.8293,-0.2949,0.4509,3.22,1.95,1.1
1791083417284,114831,-0.8269,-0.2957,0.4363,4.52,3.57,1.28
1791083417294,114848,-0.8254,-0.3013,0.4175,3.18,4.18,0.98
1791083417304,114867,-0.8259,-0.3037,0.4036,1.39,1.91,1.24
1791083417314,114881,-0.8264,-0.2981,0.4065,0.44,-3.01,2.21
1791083417324,114904,-0.8411,-0.2993,0.4084,-1.37,-10.47,3.44
1791083417334,114915,-0.8333,-0.2944,0.4346,-4.9,-18.84,4.56
1791083417344,114907,-0.8271,-0.3008,0.4714,-8.23,-22.05,4.49
1791083417354,114861,-0.8206,-0.2937,0.5098,-7.89,-19.24,3.48
1791083417364,114794,-0.8167,-0.3008,0.522,-5.62,-10.69,1.65
1791083417374,114706,-0.8335,-0.2979,0.5127,-2.52,0.52,-0.37
1791083417384,114621,-0.8523,-0.2976,0.5002,-1.48,5.79,-1.56
1791083417394,114530,-0.8425,-0.3035,0.4595,-0.96,4.79,-1.16
1791083417404,114458,-0.8438,-0.2996,0.4558,0.11,0.81,0.32
1791083417414,114395,-0.8296,-0.3049,0.436,0.6,-2.44,1.16
1791083417424,114339,-0.8247,-0.304,0.4385,0.69,-2.66,1.13
1791083417434,114283,-0.8318,-0.3044,0.428,0.27,-0.5,0.87
1791083417444,114248,-0.8398,-0.3086,0.4312,-0.32,-1.39,1.13
1791083417454,114228,-0.8376,-0.3008,0.4419,-0.34,-3.6,1.97
1791083417464,114214,-0.8345,-0.3074,0.4456,0.03,-6.4,3.02
1791083417474,114217,-0.8267,-0.3047,0.4602,0.37,-7.92,3.56
1791083417484,114231,-0.8208,-0.2996,0.4758,2.85,-6.4,3.44
1791083417494,114239,-0.8169,-0.2832,0.5002,5.79,-1.24,2.15
1791083417504,114249,-0.8347,-0.2952,0.4778,7.19,3.63,0.93
1791083417514,114266,-0.8306,-0.2905,0.4766,7.21,4.52,0.6
1791083417524,114277,-0.8323,-0.302,0.4595,6.9,4.37,1.16
1791083417534,114297,-0.8323,-0.3042,0.4622,7.07,0.92,2.66
1791083417544,114323,-0.8252,-0.3118,0.4553,5.56,-2.34,4.09
1791083417554,114341,-0.8247,-0.3096,0.4668,3.77,-1.74,3.82
1791083417564,114381,-0.8164,-0.3042,0.4954,3.83,5.4,2.37
1791083417574,114410,-0.8232,-0.2925,0.4614,5.07,13.36,0.93
1791083417584,114444,-0.8303,-0.2839,0.4651,5.51,14.14,0.81
1791083417594,114478,-0.8394,-0.2747,0.469,6.38,11.63,1.51
1791083417604,114500,-0.8381,-0.2754,0.4546,7.07,7.36,1.98
1791083417614,114518,-0.8372,-0.2737,0.4543,6.87,3.98,2.4
1791083417624,114515,-0.8308,-0.2776,0.459,4.32,1.39,1.74
1791083417634,114522,-0.8101,-0.2705,0.4683,3.07,5.6,0.38
1791083417644,114515,-0.8237,-0.2749,0.4387,2.84,10.99,-1.27
1791083417654,114517,-0.8335,-0.2781,0.418,2.61,8.96,-0.81
1791083417664,114536,-0.8491,-0.2686,0.4138,0.29,1.91,0.34
1791083417674,114549,-0.8396,-0.2798,0.4351,-5.95,-7.11,1.01
1791083417684,114561,-0.8176,-0.2795,0.4578,-8.98,-7.63,0.23
1791083417694,114565,-0.8247,-0.2932,0.4565,-8.99,-2.03,-1.16
1791083417704,114567,-0.8247,-0.2869,0.4565,-6.32,0.87,-0.79
1791083417714,114587,-0.8374,-0.2864,0.4604,-1.31,3.39,-0.29
1791083417724,114605,-0.8608,-0.2852,0.4678,2.79,2.6,0.96
1791083417734,114631,-0.8516,-0.29,0.4573,4.11,-0.81,2.53
1791083417744,114654,-0.8354,-0.2886,0.4485,5.66,-3.76,3.56
1791083417754,114688,-0.8318,-0.2815,0.4353,6.61,-2.47,3.33
1791083417764,114712,-0.8398,-0.281,0.4397,5.45,-3.02,3.04
1791083417774,114741,-0.8225,-0.2812,0.4883,3.37,-1.66,2.69
1791083417784,114766,-0.8308,-0.281,0.4763,3.51,6.85,0.55
1791083417794,114781,-0.8447,-0.2915,0.4548,3.45,8.46,-0.09
1791083417804,114807,-0.8501,-0.2891,0.4436,2.99,7.57,-0.2
1791083417814,114836,-0.8577,-0.2883,0.4348,1.16,3.92,-0.37
1791083417824,114877,-0.8552,-0.2961,0.4299,-1.8,-1.11,0.02
1791083417834,114905,-0.8452,-0.29,0.4453,-4.41,-4.72,0.56
1791083417844,114956,-0.8276,-0.2908,0.48,-5.15,-2.87,-0.26
1791083417854,114989,-0.8132,-0.2925,0.4751,-1.68,6.02,-0.98
1791083417864,115014,-0.8396,-0.2891,0.4543,3.88,10.49,-0.38
1791083417874,115032,-0.8521,-0.2771,0.4426,5.97,9.63,0.32
1791083417884,115071,-0.8579,-0.2834,0.4451,4.09,4.49,1.16
1791083417894,115087,-0.8389,-0.3037,0.4258,1.51,-0.37,1.79
1791083417904,115099,-0.8069,-0.3015,0.3967,-1.4,0.29,0.79
1791083417914,115115,-0.8289,-0.3193,0.4006,-4.98,3.34,-0.75
1791083417924,115126,-0.8286,-0.3115,0.4368,-6.12,5.69,-0.05
1791083417934,115129,-0.8352,-0.2861,0.4541,-6.92,4.52,1.02
1791083417944,115150,-0.8464,-0.2913,0.4324,-8.4,3.48,0.08
1791083417954,115160,-0.8665,-0.2932,0.4219,-6.79,-2.55,2.18
1791083417964,115138,-0.8591,-0.2822,0.4448,-5.6,-9.8,3.42
1791083417974,115094,-0.8418,-0.2898,0.4504,-5.3,-14.4,3.83
1791083417984,115023,-0.8196,-0.2837,0.4736,-5.47,-11.94,2.67
1791083417994,114938,-0.8374,-0.2793,0.4761,-6.72,-4.03,0.26
1791083418004,114853,-0.8552,-0.2925,0.4524,-9.13,0.72,-1.71
1791083418014,114785,-0.8545,-0.2864,0.4397,-10.11,1.71,-2.02
1791083418024,114746,-0.8452,-0.291,0.4346,-9.3,0.06,-1.39
1791083418034,114708,-0.8386,-0.2993,0.4316,-5.5,0.14,-0.52
1791083418044,114676,-0.8379,-0.2903,0.4385,-1.45,0.55,0.47
1791083418054,114641,-0.8213,-0.2876,0.4536,1.11,2.27,0.56
1791083418064,114617,-0.8477,-0.2864,0.4224,2.21,3.86,0.9
1791083418074,114607,-0.8367,-0.2942,0.4248,2.23,0.7,1.63
1791083418084,114601,-0.8408,-0.2871,0.4316,1.95,-0.82,2.6
1791083418094,114612,-0.8521,-0.2998,0.4255,0.35,-2.14,2.79
1791083418104,114629,-0.835,-0.3,0.425,-1.13,-4.69,3.22
1791083418114,114649,-0.8313,-0.2852,0.447,-1.27,-5.76,3.62
1791083418124,114681,-0.8289,-0.2847,0.4597,-1.07,-2.7,2.78
1791083418134,114713,-0.8423,-0.2822,0.4509,-0.18,0.41,1.62
1791083418144,114749,-0.8293,-0.291,0.437,0.84,-0.06,2.14
1791083418154,114763,-0.8337,-0.2861,0.4399,2.96,-1.31,3.13
1791083418164,114794,-0.8418,-0.2852,0.4509,2.75,-2.37,2.99
1791083418174,114826,-0.8293,-0.2812,0.4534,1.94,-1.31,1.8
1791083418184,114861,-0.853,-0.2878,0.4387,0.64,0.93,1.18
1791083418194,114896,-0.8418,-0.2947,0.4626,0.31,0.67,1.19
1791083418204,114926,-0.8376,-0.2881,0.4531,2.96,4.17,1.27
1791083418214,114949,-0.8384,-0.2822,0.4487,4.75,4.46,1.73
1791083418224,114975,-0.8396,-0.2803,0.4409,5.42,4.87,1.76
1791083418234,114983,-0.8496,-0.2773,0.4377,5.92,2.49,2.27
1791083418244,114986,-0.8467,-0.2712,0.439,5.98,-0.21,2.63
1791083418254,114986,-0.8552,-0.2786,0.4368,4.27,-1.89,2.2
1791083418264,114982,-0.8533,-0.2798,0.4504,1.66,-5.21,1.77
1791083418274,114969,-0.8398,-0.2793,0.4458,-1.08,-6.61,1.33
1791083418284,114966,-0.8464,-0.2866,0.4426,-2.52,-6.43,0.78
1791083418294,114960,-0.8369,-0.2886,0.4316,-4.12,-5.92,0.08
1791083418304,114956,-0.8384,-0.2822,0.4326,-5.3,-6.47,0.38
1791083418314,114961,-0.8374,-0.2932,0.46,-5.8,-6.49,0.56
1791083418324,114958,-0.8274,-0.2883,0.4727,-4.4,-1.66,-0.12
1791083418334,114975,-0.8369,-0.2971,0.4468,-2.18,2.55,-0.89
1791083418344,114974,-0.8503,-0.2908,0.4373,-0.18,3.42,-0.56
1791083418354,114979,-0.8496,-0.2859,0.4346,0.5,1.97,0.09
1791083418364,114986,-0.8369,-0.282,0.4368,1.04,0.49,1.05
1791083418374,115002,-0.8396,-0.2808,0.4358,2.5,0.38,1.25
1791083418384,115021,-0.8418,-0.2847,0.4224,2.53,-1.1,1.19
1791083418394,115045,-0.8452,-0.2795,0.4307,-0.27,-3.76,1.19
1791083418404,115068,-0.8452,-0.2769,0.4622,-2.56,-6.67,1.02
1791083418414,115096,-0.8018,-0.2856,0.4651,-3.82,-5.07,-0.08
1791083418424,115121,-0.8613,-0.2852,0.457,-5.82,-0.11,-1.47
1791083418434,115122,-0.8428,-0.2871,0.4495,-6.09,-2.99,-1.1
1791083418444,115137,-0.8354,-0.2749,0.45,-4.41,-4.08,0.0
1791083418454,115145,-0.8359,-0.2812,0.4458,-2.79,-3.98,0.26
1791083418464,115162,-0.8306,-0.2825,0.4343,-1.19,-2.99,1.01
1791083418474,115168,-0.8408,-0.2803,0.4275,0.12,-2.6,1.45
1791083418484,115180,-0.8335,-0.2822,0.4355,2.17,-2.44,2.26
1791083418494,115184,-0.8384,-0.2849,0.4434,3.37,-1.28,2.66
1791083418504,115188,-0.8425,-0.2908,0.4348,3.01,-0.81,2.49
1791083418514,115181,-0.8516,-0.2876,0.4441,0.89,-3.59,2.58
1791083418524,115193,-0.8523,-0.2854,0.4487,-2.27,-6.02,2.21
1791083418534,115203,-0.8496,-0.2927,0.4697,-4.67,-5.6,0.87
1791083418544,115220,-0.8423,-0.291,0.4595,-6.2,-4.02,-0.66
1791083418554,115237,-0.8269,-0.293,0.457,-5.91,-1.6,-2.06
1791083418564,115251,-0.8411,-0.2832,0.4639,-5.3,0.17,-2.43
1791083418574,115259,-0.8491,-0.2861,0.4651,-5.19,-1.3,-2.05
1791083418584,115262,-0.8494,-0.2883,0.4602,-4.26,-3.97,-1.1
1791083418594,115239,-0.8389,-0.2878,0.4651,-3.07,-5.89,-0.35
1791083418604,115204,-0.8279,-0.2942,0.4592,-1.68,-5.95,0.56
1791083418614,115142,-0.823,-0.2812,0.4656,1.57,0.6,0.31
1791083418624,115063,-0.8345,-0.2842,0.4392,3.37,5.5,-0.4
1791083418634,114980,-0.8428,-0.2871,0.4148,4.02,5.48,-0.38
1791083418644,114912,-0.8547,-0.2793,0.4226,3.13,4.55,-0.29
1791083418654,114841,-0.8486,-0.283,0.4331,0.85,1.94,-0.52
1791083418664,114786,-0.8511,-0.2861,0.4636,-1.63,0.49,-0.56
1791083418674,114723,-0.8494,-0.282,0.4707,-2.63,2.03,-0.98
1791083418684,114686,-0.8452,-0.2878,0.4736,-2.29,0.76,-0.6
1791083418694,114659,-0.8481,-0.2856,0.4778,-1.02,-1.05,-0.06
1791083418704,114647,-0.8474,-0.283,0.4741,0.12,-4.6,1.37
1791083418714,114651,-0.8406,-0.2859,0.4797,-0.08,-7.33,1.85
1791083418724,114667,-0.8262,-0.2881,0.4675,-0.67,-5.6,0.9
1791083418734,114683,-0.8206,-0.2944,0.4688,-1.63,1.22,-0.66
1791083418744,114701,-0.8254,-0.3013,0.4387,-2.35,8.15,-2.63
1791083418754,114711,-0.8311,-0.2866,0.4265,-2.2,11.31,-2.81
1791083418764,114738,-0.834,-0.2991,0.3997,-0.35,8.9,-1.44
1791083418774,114761,-0.8269,-0.2878,0.3958,3.22,1.98,1.97
1791083418784,114790,-0.8259,-0.2908,0.4182,4.06,-4.23,4.44
1791083418794,114810,-0.8215,-0.2883,0.4119,5.4,-6.38,5.15
1791083418804,114846,-0.822,-0.2939,0.4131,6.06,-7.76,5.04
1791083418814,114874,-0.833,-0.2942,0.4084,4.17,-7.57,3.4
1791083418824,114911,-0.856,-0.2844,0.4441,-0.4,-9.59,2.11
1791083418834,114926,-0.8413,-0.2842,0.4797,-4.08,-11.76,1.44
1791083418844,114946,-0.8401,-0.2825,0.5012,-6.58,-11.34,0.55
1791083418854,114950,-0.8318,-0.2893,0.5146,-7.11,-8.14,-0.47
1791083418864,114953,-0.8237,-0.2837,0.5115,-4.27,-0.6,-1.62
1791083418874,114948,-0.8445,-0.2896,0.4614,-1.02,4.41,-2.24
1791083418884,114946,-0.8416,-0.2876,0.4436,0.63,2.76,-1.48
1791083418894,114946,-0.8401,-0.2861,0.4387,0.17,-0.38,-0.35
1791083418904,114928,-0.8513,-0.2891,0.4326,-0.37,-4.64,0.5
1791083418914,114921,-0.8335,-0.2993,0.4268,-1.37,-7.47,1.34
1791083418924,114905,-0.8408,-0.2949,0.4343,-2.61,-6.75,1.31
1791083418934,114889,-0.8369,-0.3079,0.4529,-2.67,-6.18,1.21
1791083418944,114873,-0.8235,-0.2944,0.4585,-0.23,-2.55,0.41
1791083418954,114867,-0.8496,-0.2803,0.4558,0.29,-0.79,0.08
1791083418964,114872,-0.8445,-0.2881,0.4531,-1.62,-4.58,0.49
1791083418974,114883,-0.832,-0.2878,0.4565,-2.41,-6.72,0.64
1791083418984,114893,-0.822,-0.2927,0.4678,-1.74,-5.85,0.38
1791083418994,114890,-0.8203,-0.292,0.4636,0.02,0.17,-0.61
1791083419004,114899,-0.8435,-0.302,0.4468,0.26,4.35,-1.83
1791083419014,114916,-0.8499,-0.29,0.448,-1.45,3.82,-1.63
1791083419024,114927,-0.8438,-0.2893,0.4631,-3.56,1.28,-0.82
1791083419034,114944,-0.8303,-0.2942,0.4629,-3.33,0.32,0.14
1791083419044,114963,-0.8279,-0.2798,0.4734,-0.61,-0.06,1.33
1791083419054,114981,-0.8286,-0.2874,0.457,1.68,-0.4,1.98
1791083419064,114988,-0.8223,-0.2874,0.4485,3.54,1.11,1.37
1791083419074,114997,-0.833,-0.291,0.4517,3.42,2.58,1.01
1791083419084,115015,-0.8416,-0.2859,0.4478,2.76,3.1,0.55
1791083419094,115023,-0.8376,-0.2837,0.4285,1.59,2.53,0.2
1791083419104,115030,-0.8528,-0.2888,0.436,0.4,-0.63,0.6
1791083419114,115029,-0.8462,-0.2903,0.4399,-2.55,-4.76,0.35
1791083419124,115042,-0.8252,-0.3035,0.4602,-6.52,-5.6,-0.53
1791083419134,115042,-0.8213,-0.3057,0.4553,-7.69,-0.26,-1.86
1791083419144,115049,-0.8323,-0.2974,0.4685,-7.18,4.82,-2.73
1791083419154,115045,-0.8372,-0.3083,0.4568,-5.01,6.89,-2.43
1791083419164,115062,-0.8521,-0.2991,0.4524,-0.76,4.27,-0.64
1791083419174,115060,-0.8335,-0.2839,0.4539,2.26,-0.11,1.08
1791083419184,115080,-0.8281,-0.2812,0.4421,3.71,-2.14,1.83
1791083419194,115082,-0.8257,-0.2834,0.4287,3.86,-3.21,1.69
1791083419204,115088,-0.834,-0.2886,0.4351,1.08,-3.76,0.66
1791083419214,115081,-0.8284,-0.2893,0.4346,-2.9,-5.24,-0.27
1791083419224,115067,-0.823,-0.2986,0.4309,-6.38,-6.79,-0.73
1791083419234,115051,-0.8152,-0.3032,0.4529,-7.19,-5.37,-0.92
1791083419244,115011,-0.8093,-0.3103,0.4407,-5.92,1.73,-2.5
1791083419254,114954,-0.8254,-0.2947,0.4304,-3.88,3.44,-2.31
1791083419264,114888,-0.8235,-0.293,0.4414,-1.86,1.76,-1.45
1791083419274,114793,-0.8391,-0.2927,0.4485,-0.47,-0.7,-0.66
1791083419284,114690,-0.8325,-0.2881,0.4573,0.41,-3.98,-0.14
1791083419294,114573,-0.8335,-0.2888,0.467,-0.03,-5.16,0.18
1791083419304,114451,-0.8296,-0.293,0.4829,0.37,-3.77,0.17
1791083419314,114322,-0.8389,-0.3,0.4741,1.13,-0.24,-0.24
1791083419324,114199,-0.8423,-0.3022,0.4529,1.77,0.73,-0.03
1791083419334,114100,-0.844,-0.3,0.4504,-0.03,-1.56,0.63
1791083419344,114018,-0.835,-0.2927,0.4504,-1.97,-2.92,0.84
1791083419354,113952,-0.8313,-0.2976,0.4507,-2.6,-3.5,1.16
1791083419364,113902,-0.8328,-0.2908,0.4597,-2.29,-3.8,1.36
1791083419374,113857,-0.8406,-0.2903,0.458,-1.83,-4.08,1.56
1791083419384,113830,-0.8376,-0.2998,0.4661,-1.21,-4.5,1.74
1791083419394,113802,-0.8379,-0.2974,0.4683,-0.44,-4.76,1.97
1791083419404,113791,-0.825,-0.2966,0.4648,-0.09,-3.11,2.02
1791083419414,113788,-0.8279,-0.2986,0.4629,1.18,-0.18,1.47
1791083419424,113794,-0.8376,-0.3018,0.4377,1.91,1.18,1.21
1791083419434,113804,-0.8433,-0.3032,0.436,0.43,-0.41,1.25
1791083419444,113824,-0.833,-0.2986,0.4485,-1.48,-1.94,0.95
1791083419454,113850,-0.8289,-0.2952,0.4456,-3.54,-2.06,0.37
1791083419464,113864,-0.8433,-0.2878,0.4778,-4.96,-2.35,0.02
1791083419474,113880,-0.8362,-0.2898,0.4795,-4.73,-2.09,-0.08
1791083419484,113895,-0.8381,-0.2896,0.4646,-2.73,-1.68,0.41
1791083419494,113894,-0.8362,-0.2959,0.45,-1.16,-1.68,0.64
1791083419504,113894,-0.8335,-0.2927,0.4399,-0.29,-1.94,0.96
1791083419514,113885,-0.8293,-0.2942,0.4578,0.15,-1.83,1.45
1791083419524,113866,-0.8359,-0.301,0.4417,0.73,-0.2,1.3
1791083419534,113853,-0.833,-0.2979,0.4412,1.57,-0.38,1.37
1791083419544,113841,-0.832,-0.3008,0.46,1.34,-1.4,1.73
1791083419554,113827,-0.8262,-0.2974,0.4568,0.76,0.21,0.75
1791083419564,113810,-0.8291,-0.291,0.4658,0.23,3.66,-0.52
1791083419574,113793,-0.8328,-0.2891,0.4622,0.02,5.79,-1.19
1791083419584,113774,-0.8413,-0.2832,0.4521,0.81,5.92,-1.4
1791083419594,113772,-0.8547,-0.2854,0.4465,-0.69,3.16,-0.85
1791083419604,113771,-0.8494,-0.2891,0.4443,-2.93,-1.22,-0.35
1791083419614,113777,-0.8364,-0.2927,0.4514,-3.04,-3.85,0.41
1791083419624,113775,-0.8347,-0.2991,0.4495,-1.51,-4.38,1.19
1791083419634,113777,-0.8269,-0.2927,0.4541,0.37,-4.7,1.88
1791083419644,113785,-0.825,-0.2917,0.4651,0.81,-3.69,1.98
1791083419654,113800,-0.8293,-0.293,0.4739,0.64,-1.94,1.39
1791083419664,113816,-0.8367,-0.2966,0.4502,0.53,-0.58,1.07
1791083419674,113839,-0.8296,-0.2971,0.4304,-0.14,-1.48,1.08
1791083419684,113854,-0.8291,-0.2986,0.4373,-1.5,-1.57,0.89
1791083419694,113876,-0.8196,-0.2976,0.4399,-2.0,0.76,-0.26
1791083419704,113899,-0.8274,-0.2959,0.4456,-1.19,2.89,-0.79
1791083419714,113915,-0.8301,-0.2944,0.4497,0.12,2.78,-0.29
1791083419724,113939,-0.8342,-0.2908,0.457,1.15,1.5,0.41
1791083419734,113970,-0.8196,-0.2915,0.4631,2.87,1.21,0.7
1791083419744,114002,-0.8293,-0.2866,0.4512,4.29,2.84,0.49
1791083419754,114039,-0.8303,-0.2883,0.4426,2.73,2.17,0.29
1791083419764,114065,-0.8389,-0.2944,0.428,-0.9,-0.29,0.17
1791083419774,114094,-0.8345,-0.3071,0.4482,-5.31,-3.53,-0.09
1791083419784,114114,-0.8289,-0.303,0.4646,-9.08,-3.15,-0.82
1791083419794,114105,-0.8308,-0.3042,0.4641,-8.0,-1.77,-0.72
1791083419804,114119,-0.832,-0.3025,0.4702,-3.83,-1.76,0.84
1791083419814,114132,-0.8308,-0.3071,0.4517,0.44,-1.76,1.95
1791083419824,114152,-0.8242,-0.2993,0.4504,3.31,-0.05,2.03
1791083419834,114171,-0.8262,-0.2981,0.4304,4.92,1.5,1.88
1791083419844,114191,-0.8291,-0.2961,0.4321,5.83,0.82,2.27
1791083419854,114207,-0.8462,-0.3069,0.416,4.47,-2.06,2.66
1791083419864,114230,-0.8337,-0.3037,0.4333,2.49,-5.88,2.99
1791083419874,114247,-0.8347,-0.2986,0.4561,-0.78,-5.56,2.46
1791083419884,114264,-0.8394,-0.2996,0.4497,-3.15,-4.15,1.56
1791083419894,114258,-0.8406,-0.29,0.4602,-4.26,-4.18,0.76
1791083419904,114241,-0.8318,-0.2874,0.4595,-4.23,-3.4,0.06
1791083419914,114182,-0.8359,-0.2891,0.468,-3.86,-2.21,-0.35
1791083419924,114094,-0.8313,-0.2908,0.4626,-1.79,-0.32,-0.47
1791083419934,113971,-0.8398,-0.2937,0.4604,1.18,1.51,-0.2
1791083419944,113849,-0.8474,-0.2932,0.47,3.02,0.81,0.61
1791083419954,113714,-0.8435,-0.302,0.4836,2.11,-0.17,0.64
1791083419964,113593,-0.8254,-0.2966,0.4846,0.76,3.92,-0.46
1791083419974,113484,-0.8369,-0.303,0.4597,-0.09,7.54,-1.19
1791083419984,113410,-0.8433,-0.2935,0.4451,-0.46,7.57,-1.22
1791083419994,113353,-0.842,-0.2937,0.4221,-1.59,4.72,-0.46
1791083420004,113335,-0.8433,-0.3042,0.4165,-3.33,-0.14,0.47
1791083420014,113322,-0.822,-0.3027,0.4248,-2.6,-3.85,1.85
1791083420024,113325,-0.8237,-0.3032,0.4478,0.44,-1.82,1.97
1791083420034,113336,-0.8379,-0.2756,0.4849,4.37,2.38,1.36
1791083420044,113368,-0.8499,-0.2913,0.4321,5.8,0.92,2.26
1791083420054,113405,-0.8125,-0.2898,0.4636,3.94,-3.91,3.28
1791083420064,113445,-0.8247,-0.2886,0.4541,3.4,0.21,1.83
1791083420074,113490,-0.8306,-0.283,0.4553,1.89,0.99,0.99
1791083420084,113535,-0.8306,-0.2798,0.4619,-0.73,-0.99,0.61
1791083420094,113581,-0.825,-0.2927,0.4519,-4.14,-2.02,-0.2
1791083420104,113620,-0.8279,-0.3022,0.4402,-6.52,-1.94,-0.89
1791083420114,113661,-0.8279,-0.2981,0.4343,-8.2,-2.93,-0.93
1791083420124,113705,-0.8274,-0.2952,0.4302,-7.69,-2.29,-1.13
1791083420134,113742,-0.8293,-0.303,0.4231,-6.38,-2.95,-0.46
1791083420144,113763,-0.8193,-0.2961,0.4541,-2.61,-1.48,0.02
1791083420154,113776,-0.8293,-0.3005,0.4441,2.2,2.15,0.26
1791083420164,113797,-0.8289,-0.302,0.4407,5.05,2.27,0.53
1791083420174,113802,-0.8313,-0.2981,0.4541,5.34,3.6,0.87
1791083420184,113822,-0.8347,-0.2942,0.4607,3.83,5.01,0.49
1791083420194,113835,-0.8462,-0.2935,0.4543,2.73,3.34,0.79
1791083420204,113850,-0.8474,-0.2915,0.4543,1.05,0.24,1.08
1791083420214,113854,-0.8496,-0.2905,0.4624,-1.8,-4.56,1.45
1791083420224,113852,-0.8367,-0.291,0.4575,-4.27,-6.82,1.15
1791083420234,113847,-0.8374,-0.2976,0.4497,-4.96,-5.79,0.5
1791083420244,113837,-0.8357,-0.2959,0.4592,-4.41,-3.5,0.2
1791083420254,113834,-0.8367,-0.2961,0.4446,-3.07,-0.55,-0.24
1791083420264,113828,-0.8347,-0.3008,0.4417,-1.59,0.5,-0.14
1791083420274,113843,-0.8289,-0.3027,0.437,0.92,1.68,0.06
1791083420284,113862,-0.8298,-0.2988,0.4348,3.53,3.37,0.4
1791083420294,113904,-0.8362,-0.2988,0.4246,4.37,3.42,0.66
1791083420304,113948,-0.8354,-0.2925,0.4365,3.1,2.08,0.64
1791083420314,114001,-0.8374,-0.2876,0.4502,1.01,1.53,0.4
1791083420324,114043,-0.8401,-0.2883,0.4514,-1.62,-1.05,0.34
1791083420334,114097,-0.8376,-0.2908,0.4497,-2.87,-3.5,0.63
1791083420344,114131,-0.8362,-0.2883,0.4482,-4.08,-5.36,0.75
1791083420354,114161,-0.8303,-0.2893,0.4849,-3.74,-4.7,0.56
1791083420364,114190,-0.8269,-0.2922,0.4724,-1.4,-0.78,0.34
1791083420374,114213,-0.8386,-0.2954,0.449,1.02,0.15,0.84
1791083420384,114251,-0.8337,-0.3066,0.4399,1.42,-1.86,1.13
1791083420394,114282,-0.8225,-0.3003,0.4458,1.77,-1.21,0.96
1791083420404,114319,-0.8281,-0.2976,0.4424,2.23,1.07,0.29
1791083420414,114350,-0.8301,-0.2971,0.4238,1.04,1.31,-0.49
1791083420424,114397,-0.8369,-0.3018,0.4102,-2.2,-0.11,-1.1
1791083420434,114434,-0.8242,-0.291,0.4294,-5.8,-3.34,-1.27
1791083420444,114462,-0.8245,-0.2883,0.4404,-7.94,-5.01,-1.57
1791083420454,114489,-0.8352,-0.2974,0.4521,-7.77,-5.68,-1.08
1791083420464,114492,-0.8372,-0.302,0.4595,-6.23,-6.53,-0.21
1791083420474,114505,-0.8452,-0.2971,0.4692,-4.4,-7.89,1.02
1791083420484,114517,-0.8364,-0.3052,0.481,-2.61,-6.4,1.53
1791083420494,114523,-0.8323,-0.3083,0.4602,-1.59,-4.35,1.27
1791083420504,114543,-0.8367,-0.3079,0.4656,-0.85,-1.83,0.84
1791083420514,114561,-0.8325,-0.3171,0.46,-1.3,-0.46,0.31
1791083420524,114589,-0.8318,-0.3127,0.4529,-1.62,0.93,0.09
1791083420534,114604,-0.835,-0.3108,0.4458,-1.56,0.95,0.06
1791083420544,114611,-0.8347,-0.3137,0.4421,-0.99,0.64,0.44
1791083420554,114592,-0.8325,-0.3096,0.446,1.51,-0.15,1.74
1791083420564,114555,-0.8325,-0.2993,0.4482,4.18,0.95,2.73
1791083420574,114490,-0.8516,-0.3013,0.4517,4.7,0.76,3.05
1791083420584,114399,-0.8464,-0.2908,0.448,3.54,-0.79,3.1
1791083420594,114303,-0.8389,-0.2961,0.4744,0.87,-1.25,2.61
1791083420604,114216,-0.8416,-0.2869,0.4836,-0.5,2.38,1.59
1791083420614,114117,-0.8562,-0.2864,0.488,-0.95,4.09,1.11
1791083420624,114040,-0.8564,-0.2883,0.4707,-1.68,3.69,0.92
1791083420634,113982,-0.843,-0.2874,0.4749,-2.41,0.92,1.34
1791083420644,113941,-0.8301,-0.2922,0.4497,-1.71,1.33,1.19
1791083420654,113921,-0.8342,-0.2988,0.4329,-0.55,2.41,1.13
1791083420664,113916,-0.8237,-0.2932,0.4084,-0.02,2.55,1.19
1791083420674,113930,-0.8352,-0.2952,0.4067,0.23,-0.21,1.89
1791083420684,113952,-0.8298,-0.2947,0.4309,-0.03,-3.62,2.34
1791083420694,113983,-0.8206,-0.2947,0.4392,0.06,-3.89,2.17
1791083420704,114023,-0.8213,-0.2976,0.4431,0.37,-1.74,1.25
1791083420714,114057,-0.8232,-0.2905,0.4534,0.99,2.2,0.29
1791083420724,114101,-0.8301,-0.2886,0.4463,1.97,4.35,-0.02
1791083420734,114158,-0.8281,-0.28,0.4456,1.33,3.3,0.37
1791083420744,114222,-0.834,-0.2844,0.4734,-0.12,3.08,-0.2
1791083420754,114272,-0.8369,-0.292,0.4529,-1.05,3.37,-0.7
1791083420764,114333,-0.8359,-0.2917,0.4492,-2.08,-0.12,-0.27
1791083420774,114395,-0.834,-0.2898,0.4551,-2.47,-2.47,0.17
1791083420784,114452,-0.8271,-0.2991,0.4397,-2.43,-3.24,0.34
1791083420794,114486,-0.8284,-0.3044,0.4307,-1.77,-3.1,0.49
1791083420804,114502,-0.8357,-0.2976,0.4346,-1.39,-2.89,0.52
1791083420814,114529,-0.833,-0.2966,0.4304,-0.85,-3.1,0.7
1791083420824,114547,-0.8369,-0.3044,0.4336,0.09,-3.86,0.93
1791083420834,114532,-0.8325,-0.3035,0.4541,0.96,-2.32,0.49
1791083420844,114523,-0.8333,-0.2947,0.4487,0.9,0.17,-0.08
1791083420854,114514,-0.8369,-0.2935,0.4604,0.49,1.13,-0.06
1791083420864,114496,-0.8503,-0.2935,0.4565,0.64,1.56,0.11
1791083420874,114474,-0.8406,-0.2939,0.4619,0.05,-0.79,0.7
1791083420884,114466,-0.8328,-0.29,0.4583,-0.11,-1.85,1.16
1791083420894,114454,-0.834,-0.3015,0.4524,-0.03,-0.35,0.85
1791083420904,114458,-0.8394,-0.2957,0.4414,-0.46,0.92,0.17
1791083420914,114464,-0.8462,-0.3022,0.4395,-1.28,-1.33,0.61
1791083420924,114482,-0.8459,-0.304,0.4551,-2.87,-4.06,0.58
1791083420934,114499,-0.8359,-0.3086,0.4429,-3.24,-3.39,0.14
1791083420944,114510,-0.8303,-0.2942,0.4189,-2.93,-1.71,0.06
1791083420954,114518,-0.8325,-0.3015,0.439,-2.69,-1.05,0.49
1791083420964,114539,-0.8328,-0.2971,0.4551,-1.42,-0.2,0.76
1791083420974,114556,-0.8262,-0.2976,0.4478,-0.31,-0.6,1.39
1791083420984,114580,-0.8308,-0.2964,0.4487,1.98,0.56,1.51
1791083420994,114615,-0.8374,-0.2883,0.4529,3.28,3.18,0.92
1791083421004,114648,-0.8406,-0.2903,0.4375,2.81,4.87,0.5
1791083421014,114691,-0.8413,-0.281,0.4443,2.69,1.98,1.02
1791083421024,114725,-0.8501,-0.2839,0.4382,1.82,-1.97,1.68
1791083421034,114753,-0.8418,-0.2979,0.447,-0.43,-5.91,2.12
1791083421044,114787,-0.8281,-0.3054,0.4397,-2.32,-7.19,1.85
1791083421054,114808,-0.8357,-0.3059,0.4512,-3.37,-4.96,0.79
1791083421064,114836,-0.835,-0.2952,0.4421,-4.31,-1.98,-0.56
1791083421074,114839,-0.8396,-0.2839,0.4468,-4.29,0.43,-1.05
1791083421084,114859,-0.8384,-0.2917,0.4448,-2.05,0.58,-0.6
1791083421094,114874,-0.8352,-0.2834,0.4463,0.81,-1.15,0.27
1791083421104,114890,-0.8308,-0.2893,0.4377,2.9,-2.18,1.15
1791083421114,114907,-0.8254,-0.2993,0.4199,2.66,-1.28,0.31
1791083421124,114927,-0.8179,-0.2986,0.4304,0.12,0.87,-0.87
1791083421134,114940,-0.8298,-0.2935,0.4429,-1.18,1.97,-1.71
1791083421144,114958,-0.8467,-0.2905,0.4561,-2.0,0.03,-1.21
1791083421154,114966,-0.8586,-0.2942,0.4717,-3.54,-3.91,-0.14
1791083421164,114989,-0.8472,-0.303,0.4592,-4.82,-6.18,0.12
1791083421174,114995,-0.8376,-0.2981,0.4492,-4.72,-6.55,0.43
1791083421184,114996,-0.8267,-0.3013,0.4495,-3.33,-5.83,0.6
1791083421194,115005,-0.8171,-0.3008,0.4421,-0.95,-2.55,0.32
1791083421204,115000,-0.8296,-0.3044,0.4551,0.93,1.4,-0.44
1791083421214,114993,-0.8303,-0.2942,0.4392,2.95,2.7,-0.52
1791083421224,114994,-0.8301,-0.3025,0.4333,3.94,1.54,0.08
1791083421234,114973,-0.824,-0.3059,0.436,2.69,0.0,0.17
1791083421244,114933,-0.834,-0.3069,0.4341,-0.37,1.18,-0.52
1791083421254,114854,-0.8403,-0.2959,0.4358,-3.31,-0.84,-0.6
1791083421264,114758,-0.8447,-0.3,0.4592,-5.34,-4.87,0.09
1791083421274,114639,-0.8403,-0.3015,0.479,-6.35,-6.43,0.31
1791083421284,114510,-0.8359,-0.3,0.4858,-4.98,-3.71,0.26
1791083421294,114381,-0.8467,-0.302,0.4705,-2.41,-1.51,0.66
1791083421304,114255,-0.8337,-0.313,0.467,0.24,0.31,0.82
1791083421314,114165,-0.8394,-0.2961,0.4739,1.59,3.07,0.99
1791083421324,114081,-0.8418,-0.2915,0.4722,2.7,4.06,0.92
1791083421334,114032,-0.8418,-0.2969,0.4487,3.85,3.22,1.33
1791083421344,114002,-0.8342,-0.3018,0.4141,2.78,-0.05,1.91
1791083421354,114001,-0.822,-0.301,0.4229,0.41,-2.63,1.88
1791083421364,114003,-0.8167,-0.302,0.4216,-1.91,-2.98,1.13
1791083421374,114014,-0.8254,-0.2986,0.4141,-3.39,-1.44,0.09
1791083421384,114026,-0.8367,-0.2983,0.4399,-5.47,-2.18,-0.53
1791083421394,114023,-0.8269,-0.2969,0.4468,-6.11,-2.31,-0.35
1791083421404,114032,-0.8298,-0.2979,0.4568,-3.01,-2.31,0.23
1791083421414,114043,-0.8274,-0.2996,0.481,-0.06,-1.88,1.21
1791083421424,114056,-0.8325,-0.2988,0.4788,1.28,1.05,0.66
1791083421434,114093,-0.833,-0.3035,0.4546,2.53,3.57,0.06
1791083421444,114123,-0.832,-0.3035,0.4512,2.52,2.52,0.14
1791083421454,114171,-0.8401,-0.3057,0.4363,0.87,0.84,0.26
1791083421464,114214,-0.8367,-0.2991,0.438,-1.36,-1.57,0.44
1791083421474,114245,-0.8303,-0.3037,0.4353,-2.46,-3.76,0.81
1791083421484,114272,-0.832,-0.304,0.4314,-2.14,-3.54,0.78
1791083421494,114281,-0.8323,-0.3042,0.426,-1.01,-1.73,0.84
1791083421504,114288,-0.8291,-0.2952,0.4446,0.32,-0.82,0.82
1791083421514,114285,-0.8374,-0.2927,0.4565,2.23,2.23,0.26
1791083421524,114278,-0.8464,-0.2849,0.4551,3.56,3.4,0.12
1791083421534,114275,-0.8511,-0.2891,0.4509,3.25,1.56,0.32
1791083421544,114271,-0.8474,-0.293,0.4438,1.15,-1.21,0.72
1791083421554,114260,-0.8462,-0.2939,0.4524,-2.69,-3.65,0.38
1791083421564,114240,-0.8379,-0.3005,0.4504,-6.56,-4.53,-0.52
1791083421574,114222,-0.8386,-0.3049,0.449,-8.2,-5.51,-0.52
1791083421584,114199,-0.8372,-0.3032,0.4722,-7.47,-5.19,-0.21
1791083421594,114180,-0.8364,-0.3113,0.4624,-5.4,-3.74,0.09
1791083421604,114151,-0.8311,-0.3035,0.46,-1.6,-1.92,0.37
1791083421614,114149,-0.8257,-0.3096,0.4421,2.2,0.46,0.98
1791083421624,114163,-0.8291,-0.3081,0.4348,4.66,2.05,1.42
1791083421634,114186,-0.8293,-0.3057,0.4348,4.99,3.07,1.25
1791083421644,114221,-0.8284,-0.3069,0.4355,4.79,4.79,0.87
1791083421654,114257,-0.8394,-0.301,0.4377,3.74,4.67,0.9
1791083421664,114296,-0.8369,-0.2942,0.4375,1.65,2.64,0.92
1791083421674,114335,-0.834,-0.2939,0.4419,-0.24,0.63,0.66
1791083421684,114377,-0.8267,-0.2896,0.4419,-1.25,-1.11,1.04
1791083421694,114402,-0.8306,-0.2871,0.4541,-1.24,-2.09,0.99
1791083421704,114443,-0.8357,-0.2932,0.4507,-1.51,-2.18,0.95
1791083421714,114463,-0.8367,-0.2932,0.4375,-1.97,-3.62,0.82
1791083421724,114498,-0.8325,-0.3044,0.4465,-2.67,-6.06,1.4
1791083421734,114521,-0.8325,-0.3091,0.4507,-2.93,-5.31,0.84
1791083421744,114545,-0.8333,-0.3137,0.4495,-4.06,-3.24,0.0
1791083421754,114564,-0.8281,-0.3191,0.4438,-4.58,-1.51,-0.32
1791083421764,114582,-0.8298,-0.3188,0.4402,-3.1,-0.63,-0.37
1791083421774,114604,-0.8284,-0.3103,0.4558,-1.51,0.93,0.14
1791083421784,114621,-0.8259,-0.3049,0.4456,1.62,3.11,0.08
1791083421794,114645,-0.832,-0.2957,0.448,4.6,5.07,0.61
1791083421804,114673,-0.8367,-0.293,0.4336,5.34,4.43,0.99
1791083421814,114697,-0.8364,-0.2957,0.4431,3.94,2.03,1.28
1791083421824,114732,-0.8367,-0.2925,0.4465,1.39,-1.6,1.56
1791083421834,114755,-0.8293,-0.2957,0.4509,-0.82,-3.89,1.33
1791083421844,114775,-0.8303,-0.2905,0.4446,-2.46,-3.83,1.04
1791083421854,114786,-0.8357,-0.2971,0.4541,-4.06,-4.5,0.66
1791083421864,114799,-0.823,-0.2988,0.4619,-3.76,-4.55,0.69
1791083421874,114815,-0.8301,-0.2983,0.4443,-3.11,-0.75,-0.56
1791083421884,114823,-0.8357,-0.3057,0.4209,-3.1,1.02,-1.16
1791083421894,114843,-0.8367,-0.3054,0.415,-2.93,-0.87,-0.06
1791083421904,114863,-0.8284,-0.3052,0.4265,-2.31,-3.1,0.61
1791083421914,114871,-0.825,-0.3147,0.4358,-1.37,-3.53,0.96
1791083421924,114879,-0.8235,-0.3081,0.4465,0.61,-1.77,0.99
1791083421934,114876,-0.8359,-0.3032,0.4612,2.52,1.22,0.75
1791083421944,114855,-0.8384,-0.2964,0.468,3.44,3.11,0.56
1791083421954,114788,-0.8486,-0.2913,0.4641,3.73,2.75,0.95
1791083421964,114719,-0.8508,-0.29,0.4629,3.21,0.82,1.37
1791083421974,114631,-0.8569,-0.2898,0.4597,0.56,-2.89,1.53
1791083421984,114522,-0.844,-0.2954,0.4485,-2.76,-5.48,1.27
1791083421994,114403,-0.8372,-0.3022,0.4473,-4.92,-5.15,0.82
1791083422004,114292,-0.8401,-0.3003,0.4436,-5.4,-3.86,0.12
1791083422014,114175,-0.8379,-0.3086,0.4341,-5.11,-2.79,-0.03
1791083422024,114074,-0.8347,-0.3088,0.4412,-4.18,-2.08,0.12
1791083422034,113973,-0.8315,-0.3088,0.4404,-2.05,-1.28,0.69
1791083422044,113916,-0.8281,-0.3069,0.437,0.63,-0.73,1.59
1791083422054,113862,-0.8301,-0.3069,0.4336,2.55,-0.64,2.18
1791083422064,113841,-0.8325,-0.3057,0.4404,2.79,-0.89,2.08
1791083422074,113836,-0.8293,-0.2991,0.4492,1.63,-0.5,1.66
1791083422084,113867,-0.8342,-0.2971,0.4644,-0.15,-0.67,1.31
1791083422094,113890,-0.8418,-0.2969,0.469,-1.25,-1.56,1.34
1791083422104,113932,-0.8342,-0.2979,0.4705,-1.18,-2.18,1.11
1791083422114,113962,-0.8369,-0.2974,0.4714,-0.35,-1.31,1.02
1791083422124,113988,-0.8289,-0.2917,0.4541,0.64,0.34,0.55
1791083422134,114017,-0.8303,-0.2925,0.4414,0.76,1.31,0.52
1791083422144,114047,-0.8301,-0.2878,0.4355,-0.11,0.4,0.58
1791083422154,114076,-0.8274,-0.2949,0.4292,-1.42,-1.33,0.5
1791083422164,114105,-0.8271,-0.3008,0.4302,-2.47,-2.9,0.67
1791083422174,114143,-0.8264,-0.3052,0.4346,-2.43,-4.58,1.02
1791083422184,114170,-0.8171,-0.3081,0.429,-1.76,-2.93,0.41
1791083422194,114179,-0.8311,-0.3062,0.4277,-1.82,-1.39,0.09
1791083422204,114202,-0.8337,-0.3066,0.448,-1.91,-2.26,0.37
1791083422214,114207,-0.8262,-0.3057,0.4666,-0.67,-2.29,0.82
1791083422224,114200,-0.8359,-0.3071,0.4658,1.39,-0.49,0.76
1791083422234,114196,-0.8389,-0.3025,0.4563,3.16,2.15,0.56
1791083422244,114189,-0.8394,-0.2986,0.4565,3.19,1.85,0.73
1791083422254,114194,-0.8362,-0.293,0.4712,1.91,1.37,0.53
1791083422264,114191,-0.8394,-0.2964,0.4658,-0.32,-0.08,0.26
1791083422274,114190,-0.8374,-0.2976,0.4568,-2.15,-0.69,0.05
1791083422284,114189,-0.8374,-0.2988,0.4434,-3.47,-2.14,-0.06
1791083422294,114188,-0.8357,-0.3059,0.4365,-3.94,-2.95,0.43
1791083422304,114184,-0.8252,-0.3044,0.4275,-3.89,-3.83,1.15
1791083422314,114183,-0.8269,-0.3101,0.4539,-3.1,-2.64,1.18
1791083422324,114184,-0.8328,-0.3076,0.4292,-1.45,0.31,0.72
1791083422334,114194,-0.8291,-0.3064,0.4456,-0.56,0.61,0.92
1791083422344,114210,-0.8318,-0.2998,0.4534,0.35,1.05,1.08
1791083422354,114229,-0.8374,-0.3015,0.4529,1.57,0.87,1.47
1791083422364,114252,-0.8352,-0.2986,0.4531,2.55,-0.06,1.73
1791083422374,114272,-0.8298,-0.3,0.4578,1.94,0.26,1.34
1791083422384,114311,-0.8311,-0.293,0.4448,0.79,1.37,0.5
1791083422394,114348,-0.835,-0.2932,0.4409,-0.52,0.64,0.29
1791083422404,114388,-0.8408,-0.2932,0.4434,-1.71,-1.18,0.55
1791083422414,114440,-0.8406,-0.2988,0.4473,-3.05,-3.21,0.38
1791083422424,114487,-0.8342,-0.2988,0.4473,-3.97,-3.36,-0.06
1791083422434,114513,-0.822,-0.2974,0.4419,-3.19,-2.58,0.31
1791083422444,114533,-0.8271,-0.3027,0.4453,-1.48,-1.83,0.64
1791083422454,114556,-0.8301,-0.3057,0.4351,0.43,-1.27,1.01
1791083422464,114579,-0.8232,-0.2986,0.4485,1.56,-1.19,1.45
1791083422474,114594,-0.8306,-0.3015,0.4536,1.89,0.21,1.15
1791083422484,114625,-0.8289,-0.3049,0.447,1.24,1.02,0.73
1791083422494,114654,-0.8281,-0.3027,0.45,0.56,0.92,0.53
1791083422504,114689,-0.8376,-0.3049,0.4377,-0.6,-0.27,0.37
1791083422514,114727,-0.8418,-0.2993,0.4395,-1.44,-2.0,0.49
1791083422524,114749,-0.8345,-0.3003,0.4521,-1.62,-2.46,0.56
1791083422534,114776,-0.8328,-0.2971,0.4563,-0.55,-1.97,0.7
1791083422544,114798,-0.8413,-0.2932,0.4558,0.96,-0.06,0.84
1791083422554,114826,-0.842,-0.2932,0.4578,1.8,0.12,1.04
1791083422564,114849,-0.8335,-0.2917,0.4456,2.21,0.35,1.44
1791083422574,114871,-0.8325,-0.2952,0.447,1.4,-0.81,1.59
1791083422584,114897,-0.8333,-0.2922,0.4507,-0.09,-2.18,1.53
1791083422594,114929,-0.8311,-0.2959,0.4419,-1.71,-3.27,1.08
1791083422604,114943,-0.8193,-0.3008,0.4368,-3.16,-3.94,0.81
1791083422614,114963,-0.8501,-0.2974,0.437,-4.24,0.12,-0.03
1791083422624,114970,-0.8494,-0.3064,0.4426,-5.74,-4.14,0.11
1791083422634,114994,-0.8203,-0.2898,0.4373,-2.87,-4.73,0.67
1791083422644,115001,-0.8225,-0.3113,0.4482,-1.76,-3.16,0.72
1791083422654,115016,-0.8269,-0.3103,0.4399,-0.14,-0.06,0.12
1791083422664,115041,-0.8291,-0.2947,0.4546,-0.02,-0.02,-0.38
1791083422674,115053,-0.8281,-0.2952,0.4604,-0.03,-0.81,-0.38
1791083422684,115059,-0.8325,-0.2966,0.4604,0.14,-1.5,-0.41
1791083422694,115051,-0.8315,-0.2922,0.4626,0.7,-1.18,-0.34
1791083422704,115012,-0.8286,-0.2922,0.4612,0.02,-1.54,-0.46
1791083422714,114935,-0.8423,-0.2949,0.4453,-0.89,-1.21,-0.64
1791083422724,114845,-0.8452,-0.3049,0.4207,-1.8,-2.53,-0.31
1791083422734,114738,-0.8403,-0.3086,0.4368,-3.36,-5.94,0.44
1791083422744,114611,-0.8342,-0.3179,0.4465,-4.37,-7.59,0.92
1791083422754,114489,-0.8298,-0.3149,0.4583,-3.08,-6.78,1.34
1791083422764,114367,-0.8247,-0.3132,0.4534,-0.52,-4.49,1.62
1791083422774,114246,-0.8281,-0.3057,0.4644,2.44,-1.24,2.05
1791083422784,114159,-0.8347,-0.3062,0.4775,5.1,2.85,1.86
1791083422794,114086,-0.8372,-0.2939,0.45,6.79,5.44,1.65
1791083422804,114064,-0.845,-0.2942,0.436,6.93,4.38,2.15
1791083422814,114062,-0.844,-0.2905,0.4424,4.78,0.96,2.32
1791083422824,114081,-0.8423,-0.2905,0.4456,0.95,-1.59,1.53
1791083422834,114104,-0.8396,-0.2964,0.4292,-3.21,-2.73,0.34
1791083422844,114125,-0.8308,-0.2981,0.4402,-6.32,-4.05,-0.26
1791083422854,114150,-0.8298,-0.2957,0.4438,-8.08,-4.23,-0.81
1791083422864,114156,-0.8347,-0.3088,0.4661,-8.79,-4.23,-0.87
1791083422874,114159,-0.8337,-0.3052,0.4844,-5.39,-1.21,-0.81
1791083422884,114166,-0.8357,-0.3123,0.4854,-2.21,0.69,-0.29
1791083422894,114169,-0.8391,-0.3147,0.4873,-0.47,1.97,0.34
1791083422904,114175,-0.8413,-0.3149,0.48,1.44,2.98,0.79
1791083422914,114185,-0.8362,-0.3081,0.4651,2.35,2.87,1.51
1791083422924,114211,-0.8337,-0.3083,0.4451,2.09,1.59,2.14
1791083422934,114228,-0.8298,-0.3047,0.4351,0.9,-0.72,2.95
1791083422944,114250,-0.8269,-0.303,0.428,-0.96,-3.21,3.27
1791083422954,114261,-0.823,-0.3064,0.429,-2.61,-4.37,3.15
1791083422964,114261,-0.8157,-0.3047,0.4341,-2.84,-4.49,3.16
1791083422974,114260,-0.8232,-0.3074,0.4438,-1.59,-2.66,2.27
1791083422984,114257,-0.834,-0.3005,0.4575,-0.12,-0.64,1.79
1791083422994,114260,-0.8228,-0.2957,0.4573,1.68,1.33,1.19
1791083423004,114246,-0.8237,-0.2915,0.4456,3.01,2.84,1.27
1791083423014,114240,-0.8345,-0.2856,0.4561,3.83,2.72,1.66
1791083423024,114225,-0.8286,-0.2874,0.4592,4.66,1.07,2.52
1791083423034,114224,-0.8281,-0.2834,0.4514,4.72,-0.05,2.87
1791083423044,114220,-0.8369,-0.2871,0.4451,2.2,0.5,1.94
1791083423054,114228,-0.8362,-0.2871,0.4419,-1.18,0.02,0.92
1791083423064,114243,-0.8315,-0.2908,0.4309,-2.89,-0.58,0.38
1791083423074,114252,-0.8411,-0.2893,0.4543,-4.24,-0.56,-0.4
1791083423084,114274,-0.8455,-0.2927,0.4385,-5.24,-1.86,-0.98
1791083423094,114310,-0.8459,-0.2915,0.4536,-5.07,-4.09,-0.63
1791083423104,114336,-0.8369,-0.302,0.479,-4.93,-5.1,-0.11
1791083423114,114353,-0.8242,-0.2947,0.4839,-3.95,-1.51,-1.25
1791083423124,114380,-0.8416,-0.3088,0.4783,-0.02,3.16,-0.89
1791083423134,114393,-0.8396,-0.2935,0.469,3.07,4.92,-0.66
1791083423144,114420,-0.8379,-0.2881,0.4824,3.36,3.59,-0.05
1791083423154,114444,-0.8474,-0.29,0.4592,3.1,1.51,0.76
1791083423164,114473,-0.8347,-0.2917,0.4412,1.54,-1.63,1.11
1791083423174,114496,-0.8301,-0.3015,0.4187,-1.56,-3.74,1.37
1791083423184,114514,-0.825,-0.303,0.4075,-4.31,-5.28,1.15
1791083423194,114527,-0.8196,-0.3079,0.4028,-5.45,-6.03,0.85
1791083423204,114536,-0.821,-0.3127,0.4104,-4.82,-6.12,0.98
1791083423214,114555,-0.8208,-0.3057,0.4373,-3.01,-5.44,0.78
1791083423224,114562,-0.8196,-0.2969,0.4595,-1.11,-3.25,0.4
1791083423234,114584,-0.833,-0.291,0.4546,1.04,1.98,-0.87
1791083423244,114606,-0.844,-0.2944,0.4421,1.77,3.68,-1.47
1791083423254,114630,-0.8408,-0.2927,0.4504,0.75,0.5,-1.04
1791083423264,114661,-0.8401,-0.2998,0.4536,-2.41,-2.31,-0.96
1791083423274,114683,-0.8362,-0.3057,0.4558,-5.15,-4.34,-0.85
1791083423284,114706,-0.8218,-0.3135,0.4709,-6.29,-5.25,-0.61
1791083423294,114713,-0.8279,-0.3127,0.4644,-6.82,-3.6,-0.76
1791083423304,114720,-0.8362,-0.3093,0.4661,-6.44,-3.71,-0.21
1791083423314,114711,-0.8259,-0.312,0.469,-3.77,-4.47,0.98
1791083423324,114709,-0.8215,-0.3098,0.4631,0.69,-2.76,1.92
1791083423334,114698,-0.8564,-0.3105,0.4551,7.11,0.53,2.2
1791083423344,114705,-0.824,-0.313,0.4438,9.42,-1.36,3.16
1791083423354,114712,-0.8015,-0.3049,0.4229,9.77,1.34,2.98
1791083423364,114728,-0.8232,-0.2976,0.4053,7.05,3.48,2.2
1791083423374,114772,-0.8325,-0.2896,0.4255,2.52,2.6,1.11
1791083423384,114814,-0.8403,-0.2852,0.4277,-1.1,-1.07,1.15
1791083423394,114843,-0.8264,-0.2983,0.4626,-5.66,-6.46,1.08
1791083423404,114856,-0.8232,-0.3052,0.4717,-7.59,-4.72,-0.06
1791083423414,114863,-0.8347,-0.3035,0.4504,-6.92,-2.32,-0.61
1791083423424,114874,-0.832,-0.3,0.4775,-6.35,-2.34,-0.17
1791083423434,114886,-0.8416,-0.2991,0.467,-4.95,-2.64,0.38
1791083423444,114905,-0.8438,-0.3049,0.4473,-3.28,-3.74,0.79
1791083423454,114927,-0.8176,-0.3005,0.4343,-1.34,-3.95,0.96
1791083423464,114951,-0.8223,-0.3052,0.4236,0.31,-2.05,0.89
1791083423474,114979,-0.8203,-0.3096,0.418,0.56,-2.02,0.85
1791083423484,115010,-0.8108,-0.3022,0.4363,-0.58,-2.7,0.84
1791083423494,115024,-0.8223,-0.2966,0.459,-2.09,-2.7,0.44
1791083423504,115026,-0.8293,-0.3032,0.4539,-4.21,-2.43,-0.23
1791083423514,114987,-0.8311,-0.303,0.4717,-4.09,-1.25,-0.84
1791083423524,114915,-0.8462,-0.3,0.4775,-3.28,0.05,-1.22
1791083423534,114812,-0.8508,-0.3022,0.4812,-3.01,-0.78,-0.95
1791083423544,114690,-0.845,-0.3015,0.4875,-2.43,-2.98,0.24
1791083423554,114555,-0.8335,-0.2988,0.4866,-1.34,-3.27,0.96
1791083423564,114421,-0.8315,-0.2979,0.478,1.1,-1.59,1.18
1791083423574,114292,-0.8286,-0.3005,0.4534,3.91,0.82,1.28
1791083423584,114189,-0.8352,-0.3013,0.4417,5.11,1.98,1.04
1791083423594,114107,-0.8264,-0.2988,0.4282,5.44,1.98,0.87
1791083423604,114055,-0.8228,-0.2988,0.4077,5.71,0.78,1.11
1791083423614,114037,-0.834,-0.2878,0.4504,5.89,-1.42,1.54
1791083423624,114031,-0.845,-0.3044,0.4309,5.28,-4.24,2.08
1791083423634,114032,-0.8076,-0.303,0.4485,4.14,-6.06,2.08
1791083423644,114043,-0.8264,-0.2986,0.4609,1.68,-3.34,0.49
1791083423654,114081,-0.8269,-0.2917,0.4607,-1.1,-3.02,-0.37
1791083423664,114105,-0.8252,-0.2893,0.4792,-2.66,-4.34,-0.27
1791083423674,114139,-0.8228,-0.2886,0.4924,-3.47,-3.34,-0.61
1791083423684,114164,-0.8389,-0.3035,0.4746,-2.47,-1.48,-0.41
1791083423694,114188,-0.8271,-0.3022,0.4541,-0.12,-1.97,0.12
1791083423704,114210,-0.8225,-0.3071,0.4519,1.71,-1.39,0.55
1791083423714,114229,-0.8157,-0.3044,0.4365,3.24,-0.27,0.9
1791083423724,114262,-0.8245,-0.3079,0.4231,3.48,-0.34,1.05
1791083423734,114291,-0.8313,-0.3188,0.4417,1.44,-1.24,1.19
1791083423744,114322,-0.8247,-0.3169,0.4512,-0.37,-1.77,1.45
1791083423754,114345,-0.8274,-0.3152,0.4565,1.59,-1.62,2.29
1791083423764,114362,-0.8276,-0.3081,0.4565,4.26,-2.11,3.28
1791083423774,114387,-0.8284,-0.3083,0.4666,4.47,-1.51,3.15
1791083423784,114405,-0.8291,-0.3022,0.468,4.23,-0.61,2.75
1791083423794,114416,-0.832,-0.2861,0.4744,3.63,-0.9,2.47
1791083423804,114419,-0.8372,-0.2859,0.4822,2.49,-2.47,2.5
1791083423814,114410,-0.8347,-0.2861,0.4917,1.1,-3.79,2.38
1791083423824,114387,-0.8357,-0.2905,0.4753,-0.78,-3.44,1.94
1791083423834,114369,-0.8071,-0.2925,0.4487,-1.36,-2.27,0.43
1791083423844,114353,-0.8193,-0.3,0.429,-1.07,-2.17,1.22
1791083423854,114332,-0.8101,-0.2964,0.4236,-1.44,-2.56,1.21
1791083423864,114319,-0.8079,-0.2849,0.4324,-3.3,-3.86,1.07
1791083423874,114318,-0.8176,-0.2839,0.4348,-4.44,-5.6,0.93
1791083423884,114302,-0.8276,-0.2842,0.4658,-5.53,-7.48,0.69
1791083423894,114298,-0.8247,-0.2849,0.4766,-6.46,-9.6,0.69
1791083423904,114301,-0.8201,-0.2876,0.5034,-7.36,-9.74,0.69
1791083423914,114305,-0.8247,-0.2927,0.5034,-6.69,-8.02,0.41
1791083423924,114326,-0.8196,-0.2976,0.5022,-4.64,-5.83,-0.18
1791083423934,114351,-0.8235,-0.3025,0.4607,-3.08,-4.14,-0.06
1791083423944,114382,-0.8213,-0.304,0.4673,-2.99,-5.63,0.12
1791083423954,114401,-0.8223,-0.3081,0.448,-2.37,-9.19,0.99
1791083423964,114443,-0.8125,-0.2881,0.4714,-2.24,-10.29,0.96
1791083423974,114488,-0.8425,-0.2959,0.4534,-3.45,-9.47,0.14
1791083423984,114522,-0.8342,-0.3008,0.4885,-4.31,-12.66,0.76
1791083423994,114546,-0.8411,-0.3054,0.4673,-4.2,-13.48,0.52
1791083424004,114575,-0.8203,-0.3188,0.4753,-4.58,-10.52,0.58
1791083424014,114598,-0.8267,-0.3167,0.478,-3.51,-6.44,0.08
1791083424024,114628,-0.8208,-0.3096,0.4648,-1.37,-4.79,0.84
1791083424034,114659,-0.8337,-0.3101,0.4753,-1.66,-4.64,1.08
1791083424044,114686,-0.8364,-0.3003,0.4834,-3.73,-6.02,1.07
1791083424054,114721,-0.8291,-0.2998,0.4792,-5.08,-7.36,1.18
1791083424064,114752,-0.8323,-0.2983,0.4863,-5.79,-7.85,1.34
1791083424074,114775,-0.832,-0.2991,0.48,-5.47,-9.24,2.14
1791083424084,114797,-0.8274,-0.3025,0.4854,-5.53,-9.56,2.58
1791083424094,114820,-0.8123,-0.3142,0.4841,-4.92,-7.95,2.93
1791083424104,114836,-0.824,-0.2988,0.4788,-4.0,-5.16,3.16
1791083424114,114855,-0.8311,-0.3103,0.4788,-4.02,-5.3,2.87
1791083424124,114872,-0.8347,-0.2998,0.4734,-4.5,-6.89,3.22
1791083424134,114881,-0.8213,-0.2988,0.4949,-4.72,-9.73,4.18
1791083424144,114891,-0.8152,-0.293,0.4995,-3.56,-9.19,4.38
1791083424154,114888,-0.8157,-0.2952,0.4907,-2.08,-6.03,3.6
1791083424164,114890,-0.8171,-0.2976,0.4812,-1.37,-3.6,2.89
1791083424174,114886,-0.8167,-0.2947,0.4878,-0.5,-5.04,3.77
1791083424184,114884,-0.8074,-0.2859,0.5081,-0.08,-5.02,3.82
1791083424194,114897,-0.8108,-0.291,0.4829,-1.01,-2.98,2.63
1791083424204,114908,-0.8208,-0.2886,0.4746,-3.25,-3.63,2.15
1791083424214,114933,-0.8062,-0.2886,0.4783,-5.82,-5.86,2.23
1791083424224,114950,-0.8103,-0.2915,0.481,-7.33,-6.69,2.03
1791083424234,114972,-0.8015,-0.2959,0.467,-6.52,-6.61,2.21
1791083424244,114984,-0.8035,-0.3032,0.4685,-5.88,-5.5,1.66
1791083424254,115008,-0.8086,-0.2935,0.4734,-3.79,-5.16,1.69
1791083424264,115028,-0.8123,-0.2917,0.4807,-2.23,-5.77,1.5
1791083424274,115041,-0.8137,-0.2937,0.4834,-1.04,-5.8,1.59
1791083424284,115069,-0.8118,-0.2971,0.4795,-0.14,-6.98,2.05
1791083424294,115091,-0.7964,-0.2908,0.4878,0.26,-8.17,2.78
1791083424304,115111,-0.7979,-0.293,0.4976,0.24,-8.02,2.82
1791083424314,115119,-0.8018,-0.2817,0.4971,-0.67,-8.26,2.5
1791083424324,115119,-0.8035,-0.3008,0.5332,-3.73,-8.69,2.21
1791083424334,115084,-0.7866,-0.2798,0.5449,-2.46,-5.16,0.87
1791083424344,115012,-0.8071,-0.3037,0.5098,-0.12,-2.12,-0.2
1791083424354,114912,-0.7742,-0.2859,0.5308,-0.08,0.34,-1.16
1791083424364,114805,-0.8042,-0.3062,0.4934,1.15,5.19,-2.27
1791083424374,114689,-0.8064,-0.2971,0.4805,0.47,4.95,-1.97
1791083424384,114566,-0.7771,-0.3022,0.6194,0.87,3.02,-1.36
1791083424394,114447,-0.8123,-0.3013,0.4512,2.99,-1.16,0.75
1791083424404,114326,-0.8115,-0.3,0.4714,2.82,-6.06,2.67
1791083424414,114219,-0.8186,-0.3005,0.4907,2.0,-7.51,2.52
1791083424424,114123,-0.811,-0.3008,0.4932,0.17,-8.06,2.46
1791083424434,114042,-0.8069,-0.3008,0.5068,-1.31,-9.47,2.76
1791083424444,113992,-0.8025,-0.2964,0.5364,-1.86,-10.79,3.16
1791083424454,113964,-0.7917,-0.3005,0.5376,-0.96,-6.64,1.91
1791083424464,113936,-0.8047,-0.3032,0.5093,-0.73,0.32,0.31
1791083424474,113922,-0.8066,-0.3115,0.4849,-0.76,2.61,-0.75
1791083424484,113926,-0.8013,-0.3032,0.491,-1.3,1.07,-0.32
1791083424494,113929,-0.8079,-0.3081,0.4807,-2.11,-1.05,0.21
1791083424504,113930,-0.8037,-0.3032,0.4861,-1.73,-2.24,0.79
1791083424514,113926,-0.7954,-0.3005,0.478,-0.18,-1.6,1.13
1791083424524,113921,-0.7969,-0.3037,0.4836,1.71,-1.11,1.92
1791083424534,113928,-0.8018,-0.2986,0.4812,3.22,-0.52,2.61
1791083424544,113938,-0.8237,-0.3113,0.5005,2.53,-1.37,2.93
1791083424554,113956,-0.821,-0.2922,0.5042,0.03,-2.24,2.85
1791083424564,113981,-0.8113,-0.3018,0.5251,-2.0,-5.4,2.72
1791083424574,114012,-0.8032,-0.3018,0.5327,-3.89,-1.6,0.99
1791083424584,114033,-0.8049,-0.3081,0.5146,-3.51,1.37,0.09
1791083424594,114032,-0.8027,-0.3003,0.5015,-1.44,2.08,-0.05
1791083424604,114027,-0.8071,-0.3032,0.509,-0.27,0.72,0.53
1791083424614,114019,-0.8042,-0.3022,0.5024,1.01,-0.35,1.18
1791083424624,114003,-0.8047,-0.2961,0.4885,1.82,-1.15,1.3
1791083424634,113973,-0.812,-0.3,0.4707,1.98,-2.37,1.76
1791083424644,113952,-0.8035,-0.2942,0.468,2.72,-4.08,2.18
1791083424654,113922,-0.8052,-0.2935,0.4712,2.26,-5.62,2.72
1791083424664,113888,-0.802,-0.2937,0.4954,1.79,-4.76,2.32
1791083424674,113865,-0.7981,-0.2939,0.5129,0.87,-1.91,1.62
1791083424684,113837,-0.8054,-0.2971,0.5117,1.08,1.19,0.4
1791083424694,113831,-0.8132,-0.2981,0.5066,1.01,1.71,0.05
1791083424704,113817,-0.8176,-0.2952,0.5066,-0.27,1.16,-0.09
1791083424714,113805,-0.8096,-0.3018,0.5049,-2.08,-0.58,-0.03
1791083424724,113810,-0.8042,-0.2976,0.5059,-3.05,-2.06,0.7
1791083424734,113809,-0.8064,-0.2979,0.5205,-3.69,-2.37,0.75
1791083424744,113809,-0.8069,-0.3008,0.5149,-4.37,-2.79,0.61
1791083424754,113816,-0.8044,-0.3003,0.5085,-2.87,-1.69,0.6
1791083424764,113815,-0.7947,-0.2927,0.5125,-0.26,1.89,0.38
1791083424774,113821,-0.8057,-0.2954,0.4971,2.72,5.37,0.32
1791083424784,113842,-0.8086,-0.2905,0.4805,4.75,6.2,0.44
1791083424794,113870,-0.8074,-0.2878,0.4795,4.85,4.38,1.02
1791083424804,113908,-0.8079,-0.2886,0.4854,3.27,1.15,1.71
1791083424814,113960,-0.8152,-0.2913,0.4995,0.64,-0.08,1.42
1791083424824,113994,-0.8135,-0.2932,0.4937,-1.92,0.41,0.55
1791083424834,114019,-0.8018,-0.2893,0.5024,-2.61,0.4,0.23
1791083424844,114051,-0.8074,-0.2913,0.5181,-1.69,-0.09,0.34
1791083424854,114079,-0.8071,-0.2952,0.5054,-0.98,0.05,0.23
1791083424864,114108,-0.8018,-0.2935,0.4939,0.27,-0.14,0.11
1791083424874,114130,-0.8081,-0.2927,0.4968,0.95,-1.33,0.4
1791083424884,114153,-0.8015,-0.2913,0.4888,-0.41,-1.82,0.03
1791083424894,114174,-0.8037,-0.2971,0.4924,-1.53,-1.57,-0.26
1791083424904,114192,-0.8147,-0.3003,0.4998,-2.21,-1.3,-0.44
1791083424914,114200,-0.8079,-0.2983,0.4968,-2.69,-1.15,-0.11
1791083424924,114219,-0.8064,-0.2983,0.4968,-2.06,0.14,-0.09
1791083424934,114224,-0.8081,-0.3022,0.5051,-0.5,1.53,0.21
1791083424944,114242,-0.8096,-0.2983,0.5039,1.51,2.02,0.26
1791083424954,114254,-0.8101,-0.2935,0.5051,2.6,3.22,0.26
1791083424964,114274,-0.8137,-0.2834,0.5271,3.16,3.19,0.43
1791083424974,114273,-0.8083,-0.2874,0.5042,3.3,2.93,0.53
1791083424984,114279,-0.7935,-0.2939,0.4976,2.41,3.3,0.02
1791083424994,114291,-0.8164,-0.2915,0.4885,0.29,5.05,-0.79
1791083425004,114306,-0.8247,-0.2927,0.4717,-2.69,2.53,-0.67
1791083425014,114335,-0.8071,-0.3027,0.4827,-4.7,-1.91,-0.53
1791083425024,114357,-0.7979,-0.2952,0.4873,-5.11,-1.39,-0.53
1791083425034,114379,-0.7917,-0.2947,0.4839,-4.52,1.45,-0.93
1791083425044,114408,-0.7976,-0.3003,0.4634,-3.65,3.48,-1.27
1791083425054,114439,-0.8013,-0.2983,0.4656,-2.49,2.9,-0.93
1791083425064,114475,-0.793,-0.2957,0.4888,0.05,1.19,-0.6
1791083425074,114490,-0.7756,-0.2883,0.4946,2.53,1.18,-0.27
1791083425084,114495,-0.8132,-0.2864,0.4958,1.65,3.25,-0.37
1791083425094,114475,-0.814,-0.2917,0.4966,0.75,1.85,-1.18
1791083425104,114419,-0.8203,-0.2961,0.5022,-1.28,-1.4,0.06
1791083425114,114317,-0.8147,-0.3069,0.5156,-3.21,-2.93,-0.24
1791083425124,114193,-0.8086,-0.3022,0.511,-3.94,-1.57,-0.11
1791083425134,114050,-0.8208,-0.3047,0.5022,-3.63,-0.06,-0.27
1791083425144,113900,-0.813,-0.3044,0.5095,-3.71,-0.17,-0.08
1791083425154,113759,-0.814,-0.3098,0.499,-2.08,0.92,0.06
1791083425164,113631,-0.8174,-0.3098,0.4932,0.18,1.83,0.64
1791083425174,113507,-0.8105,-0.3059,0.4929,2.35,1.45,1.07
1791083425184,113419,-0.8169,-0.2988,0.4927,2.69,-0.24,1.56
1791083425194,113349,-0.8142,-0.3025,0.4888,1.02,-1.42,1.53
1791083425204,113316,-0.8098,-0.2944,0.4839,0.23,-0.38,0.92
1791083425214,113303,-0.8069,-0.3057,0.4817,-0.81,0.44,0.81
1791083425224,113312,-0.8081,-0.304,0.5049,-1.85,2.37,0.81
1791083425234,113341,-0.8069,-0.3059,0.5059,-0.82,8.41,0.18
1791083425244,113401,-0.8223,-0.3008,0.489,1.37,9.24,0.21
1791083425254,113487,-0.8179,-0.2952,0.4854,2.96,6.18,1.13
1791083425264,113586,-0.813,-0.2939,0.48,2.02,3.42,1.5
1791083425274,113669,-0.8042,-0.2952,0.478,1.18,0.17,1.71
1791083425284,113758,-0.8101,-0.2915,0.4719,-0.84,-2.47,1.73
1791083425294,113827,-0.7979,-0.2961,0.4856,-2.32,-3.98,1.42
1791083425304,113887,-0.8044,-0.3054,0.4602,-2.34,-3.85,1.15
1791083425314,113936,-0.8083,-0.3037,0.4824,-2.61,-5.33,1.33
1791083425324,113992,-0.8101,-0.302,0.4849,-1.31,-5.4,1.48
1791083425334,114035,-0.8079,-0.3027,0.501,-0.56,-3.07,1.34
1791083425344,114065,-0.8035,-0.3008,0.5002,0.61,0.61,0.44
1791083425354,114087,-0.8076,-0.2966,0.4983,2.53,4.32,-0.17
1791083425364,114120,-0.8188,-0.2915,0.4897,3.5,5.22,-0.14
1791083425374,114135,-0.8164,-0.29,0.4895,3.45,3.11,0.66
1791083425384,114151,-0.8196,-0.2839,0.4849,2.03,2.15,0.79
1791083425394,114165,-0.8193,-0.2932,0.4871,-0.06,1.68,0.41
1791083425404,114183,-0.8184,-0.2905,0.4893,-1.95,0.08,0.61
1791083425414,114193,-0.823,-0.2983,0.4893,-3.13,-1.79,1.05
1791083425424,114205,-0.825,-0.2976,0.5007,-3.53,-2.34,0.75
1791083425434,114215,-0.8213,-0.3025,0.4919,-4.21,-2.24,0.52
1791083425444,114220,-0.8179,-0.3059,0.4844,-3.79,-2.02,0.4
1791083425454,114229,-0.8108,-0.304,0.4902,-0.9,-0.55,0.67
1791083425464,114243,-0.8208,-0.3018,0.479,2.23,2.08,-0.14
1791083425474,114254,-0.8167,-0.2979,0.4888,3.28,3.98,-0.53
1791083425484,114278,-0.8215,-0.2903,0.4929,2.35,4.93,-0.58
1791083425494,114304,-0.8191,-0.2913,0.4712,1.53,4.11,-0.24
1791083425504,114345,-0.8208,-0.2908,0.4724,0.75,1.24,0.72
1791083425514,114377,-0.8213,-0.2883,0.4763,-1.18,-2.4,1.56
1791083425524,114423,-0.8215,-0.2925,0.479,-3.15,-2.43,1.21
1791083425534,114464,-0.8157,-0.2922,0.4866,-3.89,-2.5,1.07
1791083425544,114512,-0.8101,-0.2961,0.488,-2.69,-1.48,0.69
1791083425554,114536,-0.8118,-0.303,0.4771,-1.22,-0.21,0.66
1791083425564,114585,-0.8083,-0.3047,0.4695,1.1,0.63,0.52
1791083425574,114639,-0.8086,-0.2991,0.4668,2.12,1.65,0.32
1791083425584,114684,-0.8096,-0.3032,0.4609,1.4,1.5,0.31
1791083425594,114720,-0.8135,-0.2974,0.4893,0.18,-0.14,0.64
1791083425604,114765,-0.8162,-0.2959,0.4971,-1.18,-1.15,0.84
1791083425614,114799,-0.8076,-0.2964,0.4966,-0.72,-1.89,1.16
1791083425624,114830,-0.8088,-0.2993,0.5098,0.05,-1.39,1.04
1791083425634,114863,-0.8127,-0.3013,0.4893,0.98,0.81,0.55
1791083425644,114900,-0.8196,-0.3027,0.4736,1.28,2.15,0.05
1791083425654,114939,-0.822,-0.2986,0.458,1.18,0.84,0.41
1791083425664,114969,-0.8147,-0.2891,0.4783,1.37,-0.73,0.99
1791083425674,114989,-0.8101,-0.2869,0.4788,1.39,-1.44,1.34
1791083425684,115019,-0.8064,-0.2908,0.4822,1.65,-2.02,1.25
1791083425694,115040,-0.8103,-0.2888,0.4827,0.82,-1.79,0.99
1791083425704,115049,-0.8081,-0.2935,0.4849,-0.31,-0.95,0.41
1791083425714,115058,-0.8135,-0.2964,0.4771,-1.47,0.58,-0.29
1791083425724,115089,-0.8159,-0.3035,0.4597,-2.93,0.29,-0.82
1791083425734,115120,-0.8218,-0.3008,0.4641,-4.31,-2.69,-0.08
1791083425744,115152,-0.8228,-0.3088,0.5,-5.1,-5.54,0.31
1791083425754,115172,-0.8132,-0.3132,0.4988,-4.35,-4.67,0.17
1791083425764,115195,-0.8181,-0.3101,0.5071,-0.92,-2.7,0.44
1791083425774,115205,-0.8191,-0.304,0.5142,2.5,-1.59,1.22
1791083425784,115190,-0.8157,-0.2964,0.5066,5.01,0.55,1.08
1791083425794,115153,-0.8108,-0.2861,0.5007,5.92,4.53,0.58
1791083425804,115075,-0.8281,-0.2866,0.4685,5.01,5.5,0.37
1791083425814,114978,-0.8242,-0.2849,0.4661,2.7,2.41,1.08
1791083425824,114867,-0.8237,-0.2881,0.4802,-1.68,-1.28,1.5
1791083425834,114746,-0.8196,-0.2949,0.4888,-5.16,-2.15,1.07
1791083425844,114625,-0.8218,-0.3003,0.4912,-6.4,-1.95,0.64
1791083425854,114523,-0.8218,-0.3008,0.4966,-5.01,-1.85,1.07
1791083425864,114443,-0.812,-0.3076,0.4927,-2.05,-0.75,1.18
1791083425874,114378,-0.8105,-0.3103,0.4883,0.72,1.36,1.04
1791083425884,114350,-0.8054,-0.301,0.4648,3.4,3.85,0.43
1791083425894,114353,-0.8154,-0.3005,0.4397,4.44,4.43,0.49
1791083425904,114364,-0.8086,-0.2993,0.4375,4.17,1.62,0.99
1791083425914,114388,-0.8132,-0.2817,0.469,1.89,-1.91,1.42
1791083425924,114422,-0.8059,-0.2935,0.4817,-0.89,-3.21,0.9
1791083425934,114464,-0.8113,-0.2896,0.4885,-3.18,-2.43,0.17
1791083425944,114504,-0.8096,-0.29,0.5012,-5.19,-1.57,-0.38
1791083425954,114537,-0.8132,-0.2856,0.5071,-5.83,-0.84,-0.87
1791083425964,114581,-0.8152,-0.2974,0.5103,-5.01,-0.2,-1.05
1791083425974,114621,-0.8147,-0.2983,0.4922,-3.6,0.46,-0.4
1791083425984,114665,-0.8179,-0.3047,0.4778,-1.94,0.29,0.31
1791083425994,114697,-0.8196,-0.3022,0.4744,-0.31,-0.17,1.11
1791083426004,114738,-0.8132,-0.3081,0.4666,1.48,-1.34,1.85
1791083426014,114784,-0.811,-0.3088,0.4707,3.53,-2.38,2.47
1791083426024,114831,-0.8157,-0.2971,0.4683,5.05,-1.5,2.52
1791083426034,114852,-0.8145,-0.2954,0.469,4.4,-0.95,1.94
1791083426044,114890,-0.823,-0.2864,0.4734,2.67,-1.5,1.63
1791083426054,114914,-0.8247,-0.291,0.478,0.4,-2.14,0.79
1791083426064,114928,-0.8269,-0.2834,0.4932,-1.01,-0.93,-0.15
1791083426074,114934,-0.8313,-0.2866,0.4958,-2.4,0.44,-0.66
1791083426084,114932,-0.8293,-0.2876,0.4915,-3.65,-0.46,-0.85
1791083426094,114921,-0.8223,-0.2888,0.4895,-3.5,-1.57,-0.7
1791083426104,114899,-0.8164,-0.2981,0.4846,-3.92,-2.21,-0.6
1791083426114,114877,-0.8179,-0.2983,0.4783,-3.48,-2.14,-0.46
1791083426124,114849,-0.8191,-0.2949,0.478,-2.89,-2.09,-0.49
1791083426134,114828,-0.8181,-0.3069,0.4639,-3.4,-2.55,-0.18
1791083426144,114814,-0.821,-0.3037,0.47,-3.76,-3.18,-0.12
1791083426154,114807,-0.8088,-0.3052,0.4634,-3.8,-3.8,0.23
1791083426164,114802,-0.8059,-0.3081,0.4797,-2.78,-2.93,0.6
1791083426174,114808,-0.8081,-0.303,0.4951,-0.6,-0.37,0.23
1791083426184,114817,-0.814,-0.2998,0.4963,1.62,2.63,-0.15
1791083426194,114821,-0.8152,-0.2935,0.4973,3.48,3.34,0.34
1791083426204,114832,-0.8137,-0.2915,0.4922,4.35,2.32,1.05
1791083426214,114858,-0.8164,-0.2876,0.4802,3.82,0.53,1.13
1791083426224,114886,-0.8271,-0.293,0.47,0.15,-1.47,1.13
1791083426234,114912,-0.8147,-0.2893,0.4695,-3.25,-2.85,0.56
1791083426244,114943,-0.8096,-0.292,0.4773,-4.84,-4.43,0.56
1791083426254,114968,-0.8135,-0.2939,0.4851,-4.81,-5.18,0.81
1791083426264,114996,-0.8113,-0.2976,0.4924,-3.66,-4.24,1.01
1791083426274,115001,-0.8103,-0.3076,0.4861,-1.05,-1.13,0.58
1791083426284,115020,-0.8169,-0.3,0.4775,1.45,1.19,0.6
1791083426294,115043,-0.814,-0.3025,0.4763,2.09,2.15,0.7
1791083426304,115073,-0.8174,-0.3054,0.467,1.98,1.62,0.72
1791083426314,115105,-0.8201,-0.301,0.4758,1.63,0.05,1.08
1791083426324,115133,-0.8098,-0.3013,0.4724,0.5,-0.64,0.78
1791083426334,115159,-0.8159,-0.2966,0.4709,-0.7,-1.33,0.64
1791083426344,115185,-0.8157,-0.2986,0.4817,-2.6,-2.37,0.44
1791083426354,115191,-0.8105,-0.2922,0.5125,-3.02,-2.11,0.56
1791083426364,115214,-0.8079,-0.2905,0.5071,-1.62,0.78,-0.15
1791083426374,115229,-0.8252,-0.2903,0.4919,-0.09,1.98,-0.17
1791083426384,115240,-0.8252,-0.2988,0.4841,0.52,0.11,0.21
1791083426394,115265,-0.814,-0.2998,0.4749,0.32,-1.6,1.04
1791083426404,115290,-0.8057,-0.3042,0.4622,-0.08,-1.77,1.21
1791083426414,115315,-0.8062,-0.3062,0.4475,-0.93,-2.38,0.9
1791083426424,115336,-0.8069,-0.3074,0.4656,-2.38,-3.54,0.78
1791083426434,115348,-0.8057,-0.3086,0.4768,-3.62,-3.5,0.32
1791083426444,115364,-0.8081,-0.3054,0.4951,-2.98,-3.05,0.14
1791083426454,115361,-0.8171,-0.3047,0.4907,-1.59,-3.47,0.29
1791083426464,115339,-0.8145,-0.3022,0.4883,-0.7,-3.1,0.23
1791083426474,115288,-0.8201,-0.3005,0.4875,-0.24,-1.59,0.23
1791083426484,115197,-0.8276,-0.3005,0.4832,-0.37,-0.61,0.21
1791083426494,115079,-0.8279,-0.3037,0.4858,-0.89,-2.05,0.78
1791083426504,114947,-0.822,-0.302,0.5027,-1.21,-3.01,1.28
1791083426514,114803,-0.822,-0.3008,0.5066,-0.96,-2.89,1.57
1791083426524,114658,-0.8184,-0.3,0.5081,-0.63,-2.14,1.68
1791083426534,114542,-0.8203,-0.3066,0.4985,-1.62,-0.82,1.13
1791083426544,114432,-0.8188,-0.3025,0.4854,-2.32,-0.12,0.87
1791083426554,114358,-0.8149,-0.2976,0.4832,-1.59,-0.32,1.08
1791083426564,114291,-0.8203,-0.3083,0.4626,-0.98,0.29,1.01
1791083426574,114264,-0.813,-0.3044,0.4595,-1.22,-1.1,1.05
1791083426584,114248,-0.8069,-0.3037,0.4673,-1.4,-0.95,0.81
1791083426594,114240,-0.8057,-0.304,0.4863,-1.56,0.05,0.58
1791083426604,114260,-0.8108,-0.3013,0.4976,-0.99,1.42,0.4
1791083426614,114280,-0.8159,-0.2979,0.49,-0.81,0.05,0.5
1791083426624,114319,-0.8135,-0.2976,0.4885,-0.61,-1.88,0.78
1791083426634,114358,-0.8088,-0.2935,0.4861,-0.92,-2.34,0.69
1791083426644,114391,-0.813,-0.2969,0.48,-1.74,-1.88,0.55
1791083426654,114430,-0.8127,-0.3032,0.4729,-2.81,-3.18,0.84
1791083426664,114460,-0.812,-0.3037,0.488,-3.39,-3.89,1.3
1791083426674,114489,-0.8008,-0.3079,0.5015,-3.3,-2.81,1.08
1791083426684,114520,-0.8108,-0.3062,0.5042,-1.82,0.61,0.61
1791083426694,114551,-0.8191,-0.3035,0.4839,-0.02,2.31,0.23
1791083426704,114586,-0.8154,-0.3035,0.4658,1.85,0.7,0.87
1791083426714,114610,-0.8154,-0.3,0.4709,3.04,-1.24,1.66
1791083426724,114636,-0.8184,-0.2971,0.4641,2.49,-1.79,1.19
1791083426734,114638,-0.8125,-0.3042,0.4663,0.58,-1.3,0.56
1791083426744,114648,-0.8184,-0.302,0.4697,-0.84,-1.56,0.38
1791083426754,114640,-0.8093,-0.2957,0.4929,-1.54,-1.36,0.18
1791083426764,114623,-0.8145,-0.2932,0.4963,-1.6,0.6,-0.47
1791083426774,114595,-0.821,-0.2913,0.4941,-1.63,2.7,-0.9
1791083426784,114571,-0.8298,-0.2993,0.4744,-2.35,1.98,-0.56
1791083426794,114533,-0.8235,-0.3042,0.4878,-2.67,-0.49,0.38
1791083426804,114505,-0.8127,-0.3064,0.4871,-2.11,-1.02,0.98
1791083426814,114477,-0.8159,-0.3044,0.4763,-0.87,-1.07,1.4
1791083426824,114451,-0.8181,-0.304,0.4866,0.02,-1.86,1.71
1791083426834,114437,-0.8196,-0.3069,0.4856,-0.23,-2.58,1.83
1791083426844,114433,-0.8054,-0.3079,0.4768,-0.03,-1.36,1.3
1791083426854,114441,-0.8074,-0.3049,0.4753,0.5,0.03,0.96
1791083426864,114447,-0.8149,-0.2996,0.4839,0.15,0.53,0.73
1791083426874,114458,-0.8193,-0.2964,0.4883,-0.37,0.46,0.37
1791083426884,114476,-0.8113,-0.2949,0.4761,-0.7,2.55,-0.58
1791083426894,114485,-0.8118,-0.2966,0.4749,-0.84,2.96,-0.47
1791083426904,114519,-0.8135,-0.2888,0.4727,-0.49,0.9,0.03
1791083426914,114540,-0.8132,-0.2959,0.4771,-0.05,-1.83,0.89
1791083426924,114580,-0.8113,-0.2976,0.4839,-0.12,-2.99,0.96
1791083426934,114598,-0.8118,-0.3037,0.4722,-0.84,-2.09,0.63
1791083426944,114632,-0.8123,-0.3032,0.4729,-2.24,-2.0,0.32
1791083426954,114664,-0.8147,-0.3101,0.4661,-3.97,-3.22,0.08
1791083426964,114685,-0.8171,-0.3101,0.4805,-4.63,-4.44,0.14
1791083426974,114704,-0.8108,-0.3123,0.4893,-4.64,-4.46,0.6
1791083426984,114712,-0.8049,-0.3088,0.4832,-3.05,-1.65,0.21
1791083426994,114715,-0.8169,-0.3052,0.49,-1.02,0.37,0.24
1791083427004,114726,-0.8171,-0.302,0.4805,0.69,0.34,0.47
1791083427014,114738,-0.813,-0.3037,0.4858,2.43,0.92,0.58
1791083427024,114755,-0.8171,-0.302,0.4751,3.5,1.65,0.9
1791083427034,114763,-0.822,-0.304,0.4573,3.42,0.76,1.37
1791083427044,114778,-0.8169,-0.2986,0.4819,2.63,-1.51,1.89
1791083427054,114792,-0.8057,-0.2996,0.4912,1.31,-0.82,1.6
1791083427064,114798,-0.8127,-0.2939,0.4829,0.14,0.02,1.11
1791083427074,114811,-0.8188,-0.2942,0.4792,-0.67,-1.63,1.45
1791083427084,114831,-0.8142,-0.2969,0.4871,-0.87,-3.28,1.69
1791083427094,114843,-0.8079,-0.2969,0.4785,-0.73,-3.92,1.39
1791083427104,114858,-0.8042,-0.302,0.4707,-1.25,-2.11,1.1
1791083427114,114872,-0.8147,-0.302,0.4624,-2.17,-0.43,0.24
1791083427124,114890,-0.8179,-0.303,0.4824,-4.12,-2.08,0.0
1791083427134,114906,-0.8105,-0.2993,0.4927,-4.46,-3.71,-0.12
1791083427144,114923,-0.8108,-0.3079,0.4885,-3.59,-3.47,0.0
1791083427154,114909,-0.812,-0.3062,0.4963,-1.95,-2.08,-0.11
1791083427164,114881,-0.8191,-0.3027,0.4976,-0.21,-0.66,-0.14
1791083427174,114818,-0.8235,-0.3076,0.4763,0.44,-1.24,0.67
1791083427184,114713,-0.821,-0.3032,0.4851,1.04,-2.78,1.8
1791083427194,114577,-0.8154,-0.3042,0.4878,1.42,-1.37,1.77
1791083427204,114426,-0.8274,-0.3022,0.49,0.56,-0.49,1.6
1791083427214,114268,-0.8276,-0.304,0.4912,-1.05,-0.95,1.19
1791083427224,114125,-0.8267,-0.3059,0.4919,-2.47,-1.77,0.93
1791083427234,113977,-0.823,-0.3064,0.4873,-3.19,-1.31,0.52
1791083427244,113864,-0.8162,-0.304,0.4888,-3.05,-0.98,0.35
1791083427254,113753,-0.8193,-0.3015,0.488,-2.21,-0.35,0.52
1791083427264,113672,-0.8186,-0.3008,0.49,-1.42,-1.36,0.98
1791083427274,113616,-0.8103,-0.2993,0.4856,-0.72,-1.74,1.37
1791083427284,113596,-0.8059,-0.3003,0.4844,-0.41,-1.54,1.59
1791083427294,113596,-0.8081,-0.2961,0.4839,-0.46,1.37,0.98
1791083427304,113608,-0.8123,-0.301,0.4688,-1.02,2.61,0.56
1791083427314,113628,-0.8098,-0.292,0.4897,-1.73,0.73,0.75
1791083427324,113666,-0.8057,-0.2983,0.4836,-2.0,0.47,0.73
1791083427334,113694,-0.8125,-0.3008,0.4707,-1.59,-0.5,1.04
1791083427344,113725,-0.8098,-0.3018,0.4883,-2.38,-2.32,1.07
1791083427354,113750,-0.8066,-0.3008,0.4863,-3.36,-1.01,0.5
1791083427364,113782,-0.814,-0.304,0.4819,-2.64,-1.18,0.35
1791083427374,113815,-0.8088,-0.3074,0.4832,-1.53,-2.61,0.66
1791083427384,113853,-0.8086,-0.302,0.4944,-1.4,-3.08,0.73
1791083427394,113885,-0.8059,-0.3025,0.4885,-0.64,-2.4,0.53
1791083427404,113925,-0.8047,-0.3018,0.4929,1.85,-0.69,0.26
1791083427414,113961,-0.8135,-0.3,0.479,2.89,2.44,-0.12
1791083427424,113982,-0.8264,-0.3,0.4639,2.24,1.63,0.09
1791083427434,113994,-0.8191,-0.3015,0.4714,0.12,-1.74,0.79
1791083427444,113998,-0.8186,-0.3013,0.4841,-2.09,-3.62,1.1
1791083427454,113991,-0.8164,-0.2993,0.4902,-2.85,-1.66,0.6
1791083427464,113978,-0.8198,-0.3059,0.4919,-1.85,-0.72,0.26
1791083427474,113946,-0.8264,-0.3018,0.4897,-0.93,-1.66,0.89
1791083427484,113917,-0.8149,-0.3018,0.4949,-0.41,-2.0,1.02
1791083427494,113894,-0.8132,-0.3032,0.4856,-0.52,-1.59,0.61
1791083427504,113858,-0.8181,-0.3074,0.4714,-0.75,0.35,0.08
1791083427514,113838,-0.8167,-0.3108,0.4607,-0.73,-0.23,0.35
1791083427524,113813,-0.8162,-0.3059,0.4731,-1.07,-2.24,0.66
1791083427534,113806,-0.8125,-0.2991,0.4888,-2.11,-3.66,1.07
1791083427544,113810,-0.8091,-0.3035,0.4868,-2.78,-2.66,0.79
1791083427554,113836,-0.814,-0.3047,0.4822,-2.63,-1.47,0.72
1791083427564,113862,-0.8154,-0.3054,0.4731,-1.39,-0.92,1.13
1791083427574,113896,-0.8149,-0.3025,0.4851,0.18,-0.7,1.51
1791083427584,113925,-0.8171,-0.3101,0.4783,2.17,-0.98,2.09
1791083427594,113968,-0.8164,-0.3032,0.4802,3.48,-1.63,2.7
1791083427604,114018,-0.8159,-0.2954,0.4971,2.18,-3.77,2.92
1791083427614,114078,-0.8169,-0.2954,0.5005,-1.73,-4.14,2.09
1791083427624,114139,-0.8154,-0.3035,0.4832,-4.69,-3.88,1.07
1791083427634,114195,-0.8005,-0.3025,0.4985,-6.08,-4.32,0.85
1791083427644,114255,-0.8174,-0.3074,0.4932,-6.09,-2.67,-0.14
1791083427654,114312,-0.8184,-0.3074,0.4883,-6.55,-3.62,-0.31
1791083427664,114364,-0.8147,-0.3049,0.4812,-5.94,-4.9,0.31
1791083427674,114403,-0.8115,-0.3052,0.4802,-6.52,-5.98,0.75
1791083427684,114447,-0.8296,-0.3047,0.4937,-6.87,-7.68,1.25
1791083427694,114481,-0.8228,-0.3091,0.4717,-6.37,-10.43,1.54
1791083427704,114502,-0.8206,-0.313,0.5244,-5.6,-6.66,1.07
1791083427714,114518,-0.8328,-0.3289,0.4851,-7.4,-2.72,-0.23
1791083427724,114539,-0.7871,-0.3054,0.4761,-4.4,-1.82,-0.55
1791083427734,114564,-0.8105,-0.2986,0.4727,-0.41,1.73,-0.27
1791083427744,114584,-0.8101,-0.3096,0.4402,0.69,-1.18,0.64
1791083427754,114592,-0.7971,-0.3135,0.4631,-1.62,-4.67,1.08
1791083427764,114606,-0.8027,-0.303,0.4507,-4.2,-4.63,0.53
1791083427774,114617,-0.7922,-0.3005,0.4812,-6.02,-4.87,0.03
1791083427784,114625,-0.802,-0.303,0.4788,-6.81,-4.08,-0.31
1791083427794,114628,-0.8152,-0.3083,0.478,-7.19,-6.05,-0.31
1791083427804,114630,-0.804,-0.3049,0.4812,-5.08,-8.24,0.46
1791083427814,114634,-0.7944,-0.301,0.5078,-2.84,-9.54,0.79
1791083427824,114637,-0.7991,-0.3123,0.4902,-3.24,-10.14,0.56
1791083427834,114650,-0.8208,-0.3123,0.4839,-3.73,-9.42,0.31
1791083427844,114670,-0.8062,-0.3171,0.5083,-4.89,-10.89,0.27
1791083427854,114678,-0.7886,-0.3088,0.4932,-2.66,-7.8,-0.46
1791083427864,114683,-0.8157,-0.2947,0.5146,-4.46,-7.27,-1.11
1791083427874,114651,-0.8083,-0.3208,0.5271,-5.69,-9.4,-0.11
1791083427884,114619,-0.8169,-0.3059,0.551,-3.89,-3.97,-0.2
1791083427894,114539,-0.8081,-0.3225,0.5664,-3.08,2.82,0.63
1791083427904,114453,-0.8113,-0.3142,0.5759,-2.29,7.07,-1.08
1791083427914,114369,-0.8303,-0.3394,0.5452,0.47,10.84,-1.71
1791083427924,114291,-0.8486,-0.3206,0.5166,3.21,9.3,-0.96
1791083427934,114229,-0.8352,-0.3083,0.5098,3.42,2.63,1.37
1791083427944,114169,-0.8235,-0.3103,0.5103,3.97,-2.6,3.1
1791083427954,114107,-0.8301,-0.3057,0.5107,3.68,-4.05,3.53
1791083427964,114064,-0.8137,-0.3064,0.4902,0.53,-1.21,2.2
1791083427974,114040,-0.8135,-0.3027,0.4758,-3.18,2.05,0.78
1791083427984,114035,-0.8103,-0.3169,0.46,-6.81,0.79,-0.55
1791083427994,114053,-0.7927,-0.324,0.4932,-9.25,-0.55,-0.73
1791083428004,114080,-0.7842,-0.3311,0.5659,-8.93,4.23,-0.6
1791083428014,114108,-0.7961,-0.3203,0.613,0.29,14.37,-1.6
1791083428024,114163,-0.8284,-0.3191,0.5896,9.91,22.29,-2.08
1791083428034,114236,-0.8418,-0.3191,0.551,18.52,22.47,-0.43
1791083428044,114322,-0.8423,-0.3225,0.5286,26.17,16.2,2.44
1791083428054,114414,-0.8169,-0.3242,0.5254,32.03,12.79,4.85
1791083428064,114510,-0.7969,-0.3015,0.5322,35.66,18.02,5.02
1791083428074,114624,-0.783,-0.2959,0.4858,36.81,28.44,2.29
1791083428084,114753,-0.8,-0.2817,0.4331,33.19,32.6,0.6
1791083428094,114916,-0.8225,-0.2847,0.4167,26.66,29.66,-0.15
1791083428104,115075,-0.8066,-0.2849,0.3965,17.53,23.36,-0.37
1791083428114,115205,-0.8113,-0.2964,0.4568,6.6,16.29,-0.18
1791083428124,115327,-0.8254,-0.272,0.5002,1.44,16.92,-0.6
1791083428134,115413,-0.8403,-0.2722,0.5061,0.84,17.5,-1.47
1791083428144,115498,-0.8489,-0.2788,0.4727,1.91,14.98,-0.58
1791083428154,115560,-0.8518,-0.2744,0.4219,5.02,10.17,0.61
1791083428164,115598,-0.8398,-0.2993,0.4419,7.89,7.62,1.68
1791083428174,115611,-0.8118,-0.2954,0.4353,9.68,11.44,1.59
1791083428184,115613,-0.8152,-0.2876,0.4258,10.09,14.15,0.35
1791083428194,115635,-0.8213,-0.2781,0.4404,8.12,16.2,-0.87
1791083428204,115657,-0.8252,-0.2805,0.4182,5.18,17.19,-2.46
1791083428214,115678,-0.8164,-0.2878,0.4255,3.63,17.92,-3.89
1791083428224,115698,-0.834,-0.2866,0.4116,4.0,17.83,-3.91
1791083428234,115733,-0.8521,-0.2937,0.4055,1.63,12.7,-2.79
1791083428244,115758,-0.8555,-0.3064,0.4016,-2.03,8.29,-1.28
1791083428254,115783,-0.8633,-0.3167,0.375,-5.27,4.5,-0.14
1791083428264,115804,-0.8496,-0.3091,0.3804,-7.89,-0.66,1.47
1791083428274,115822,-0.8408,-0.3113,0.3857,-7.37,-4.11,2.98
1791083428284,115841,-0.8401,-0.2996,0.4353,-4.82,-6.15,4.03
1791083428294,115845,-0.8291,-0.2961,0.4822,-1.89,-2.49,4.41
1791083428304,115859,-0.8252,-0.2927,0.5146,2.31,9.24,1.82
1791083428314,115859,-0.8381,-0.2922,0.4751,6.87,21.94,-1.16
1791083428324,115892,-0.8572,-0.283,0.4375,11.01,24.12,-1.53
1791083428334,115943,-0.8635,-0.2817,0.4197,11.71,20.05,-0.69
1791083428344,116001,-0.8633,-0.2739,0.4307,11.33,15.33,0.38
1791083428354,116050,-0.856,-0.2769,0.4219,12.03,12.53,0.92
1791083428364,116097,-0.8569,-0.2808,0.4082,13.07,8.98,2.15
1791083428374,116135,-0.8494,-0.28,0.4001,10.61,4.75,2.34
1791083428384,116177,-0.8589,-0.2842,0.3909,5.19,0.31,2.02
1791083428394,116224,-0.8647,-0.291,0.3843,-1.89,-4.81,0.95
1791083428404,116244,-0.8574,-0.2871,0.4023,-9.68,-8.26,-0.21
1791083428414,116255,-0.8464,-0.2891,0.428,-16.98,-9.79,-1.54
1791083428424,116253,-0.8428,-0.2913,0.4468,-20.69,-7.8,-2.61
1791083428434,116256,-0.8398,-0.3027,0.4446,-19.5,-1.33,-4.53
1791083428444,116260,-0.8462,-0.3059,0.446,-14.41,4.26,-5.16
1791083428454,116283,-0.8618,-0.3013,0.4458,-7.56,5.89,-4.35
1791083428464,116300,-0.8894,-0.3049,0.447,-3.05,3.5,-2.35
1791083428474,116317,-0.8728,-0.3069,0.4487,-0.75,0.78,-0.93
1791083428484,116320,-0.8687,-0.3096,0.4282,0.17,-1.97,0.5
1791083428494,116326,-0.8591,-0.2957,0.4248,-1.24,-2.5,0.58
1791083428504,116334,-0.8486,-0.3037,0.4104,-4.06,-2.03,0.2
1791083428514,116332,-0.8398,-0.304,0.4092,-6.06,0.61,-0.12
1791083428524,116339,-0.8491,-0.2998,0.4126,-8.02,2.5,-2.12
1791083428534,116355,-0.876,-0.3198,0.3914,-10.29,4.63,-4.11
1791083428544,116377,-0.8813,-0.3057,0.373,-11.91,-0.12,-2.82
1791083428554,116394,-0.8806,-0.3237,0.3433,-11.94,-5.92,-2.21
1791083428564,116422,-0.8711,-0.3298,0.3323,-9.39,-8.76,0.09
1791083428574,116441,-0.8784,-0.2849,0.4021,-8.06,-11.63,2.67
1791083428584,116474,-0.8496,-0.2715,0.4568,-9.1,-12.72,2.27
1791083428594,116492,-0.8469,-0.281,0.4485,-9.39,-9.59,1.22
1791083428604,116507,-0.8562,-0.2886,0.4641,-11.18,-8.75,0.46
1791083428614,116499,-0.8499,-0.3103,0.45,-13.65,-8.12,-0.02
1791083428624,116476,-0.8452,-0.3125,0.4243,-13.25,-8.84,0.69
1791083428634,116426,-0.8352,-0.3047,0.426,-11.76,-12.64,1.42
1791083428644,116327,-0.8149,-0.3027,0.4419,-13.37,-15.3,2.23
1791083428654,116193,-0.7886,-0.2986,0.4783,-16.2,-9.1,0.38
1791083428664,116030,-0.8049,-0.3083,0.4548,-17.1,4.85,-3.65
1791083428674,115857,-0.8054,-0.3035,0.4092,-15.79,9.53,-4.66
1791083428684,115693,-0.7905,-0.3044,0.4231,-14.34,9.89,-4.15
1791083428694,115564,-0.8198,-0.3027,0.4233,-10.81,10.85,-4.08
1791083428704,115462,-0.8245,-0.3015,0.4072,-5.25,8.2,-3.22
1791083428714,115372,-0.8018,-0.2903,0.4065,-1.01,2.73,-1.21
1791083428724,115296,-0.7974,-0.3032,0.3948,0.27,0.84,-0.23
1791083428734,115230,-0.8076,-0.2969,0.3765,0.69,0.11,0.02
1791083428744,115183,-0.7993,-0.2979,0.3496,1.63,-1.02,0.96
1791083428754,115146,-0.8035,-0.2812,0.345,1.24,-4.56,1.57
1791083428764,115128,-0.8013,-0.2773,0.4036,-1.8,-7.47,1.53
1791083428774,115110,-0.8171,-0.2979,0.4075,-5.08,-5.71,-0.05
1791083428784,115083,-0.8086,-0.3027,0.4104,-6.26,-5.54,-0.81
1791083428794,115050,-0.8044,-0.3096,0.4275,-5.48,-4.79,-1.95
1791083428804,115025,-0.8184,-0.3118,0.4502,-4.09,-2.03,-1.68
1791083428814,115013,-0.8147,-0.3259,0.467,-0.29,0.78,-1.56
1791083428824,115009,-0.8225,-0.3269,0.4502,5.13,3.92,-0.93
1791083428834,115028,-0.8235,-0.3237,0.4316,10.31,6.55,-0.58
1791083428844,115061,-0.8257,-0.3201,0.3931,10.99,7.27,-0.76
1791083428854,115111,-0.8196,-0.3257,0.385,8.78,5.98,-0.98
1791083428864,115156,-0.8213,-0.3181,0.3723,7.36,4.24,-0.72
1791083428874,115204,-0.832,-0.3054,0.3762,4.72,1.1,-0.72
1791083428884,115236,-0.8369,-0.3052,0.3865,0.69,-2.75,-0.76
1791083428894,115264,-0.8401,-0.3088,0.3911,-4.53,-6.92,-0.52
1791083428904,115273,-0.8306,-0.3145,0.4146,-8.89,-8.6,-0.61
1791083428914,115261,-0.8433,-0.3245,0.4465,-9.62,-4.41,-1.33
1791083428924,115250,-0.8438,-0.3262,0.4656,-5.48,0.38,-1.63
1791083428934,115243,-0.8489,-0.3379,0.4678,0.11,3.45,-1.16
1791083428944,115226,-0.8525,-0.3206,0.4468,3.92,4.66,-1.01
1791083428954,115219,-0.8604,-0.325,0.4199,4.67,2.5,-1.05
1791083428964,115206,-0.8438,-0.3188,0.4097,2.89,-2.0,-0.76
1791083428974,115184,-0.8826,-0.3289,0.375,-0.37,-8.75,-0.9
1791083428984,115165,-0.9639,-0.2234,0.0486,-1.33,-13.24,-1.57
1791083428994,115095,-0.8562,-0.342,0.427,-4.09,-13.07,-0.6
1791083429004,115022,-0.8518,-0.3125,0.4016,-0.46,-9.16,1.05
1791083429014,114963,-0.8628,-0.3269,0.4031,0.69,-5.19,0.02
1791083429024,114926,-0.8489,-0.3313,0.408,2.73,-3.63,0.9
1791083429034,114889,-0.8442,-0.3103,0.4282,4.2,-5.27,1.85
1791083429044,114876,-0.6414,0.0117,0.6133,1.4,-6.6,1.5
1791083429054,114855,-0.9246,-0.394,0.3809,2.41,1.74,2.32
1791083429064,114839,-0.8552,-0.3376,0.4116,3.15,0.0,0.0
1791083429074,114866,-0.8425,-0.2871,0.4636,1.48,-1.51,0.24
1791083429084,114887,-0.8411,-0.3081,0.4521,0.75,-6.09,1.07
1791083429094,114911,-0.8447,-0.3323,0.4485,6.15,-6.84,1.76
1791083429104,114919,-0.8538,-0.3474,0.4282,9.82,-3.86,2.72
1791083429114,114914,-0.8135,-0.333,0.4226,12.32,1.82,1.85
1791083429124,114929,-0.8389,-0.3274,0.3628,13.44,7.3,0.4
1791083429134,114940,-0.8208,-0.3142,0.3721,8.58,5.56,-1.05
1791083429144,114976,-0.8162,-0.3164,0.3901,5.5,2.31,-1.21
1791083429154,115010,-0.8276,-0.3018,0.4229,4.26,-0.85,-1.08
1791083429164,115042,-0.8323,-0.3032,0.4465,0.49,-5.21,-0.75
1791083429174,115059,-0.834,-0.3169,0.4395,-1.02,-6.29,-0.18
1791083429184,115075,-0.8193,-0.3137,0.4319,0.92,-7.39,1.11
1791083429194,115078,-0.8335,-0.3149,0.3997,2.78,-9.92,2.53
1791083429204,115085,-0.8169,-0.3037,0.4209,3.51,-13.33,3.36
1791083429214,115074,-0.8044,-0.3035,0.4351,2.47,-13.92,3.91
1791083429224,115057,-0.7991,-0.3118,0.4438,2.32,-11.33,3.42
1791083429234,115046,-0.8047,-0.2964,0.4504,3.63,-7.85,2.17
1791083429244,115047,-0.8223,-0.3093,0.4434,2.41,-1.89,0.09
1791083429254,115051,-0.822,-0.3062,0.405,1.08,1.11,-0.72
1791083429264,115067,-0.8079,-0.3079,0.3943,0.56,-2.26,-0.32
1791083429274,115090,-0.7969,-0.2954,0.4033,1.42,-5.71,0.14
1791083429284,115119,-0.78,-0.2942,0.3914,0.6,-4.73,-0.96
1791083429294,115148,-0.7783,-0.2986,0.4326,-1.89,-0.66,-1.79
1791083429304,115181,-0.7847,-0.3047,0.4651,-2.87,2.75,-2.64
1791083429314,115217,-0.8081,-0.3,0.4563,-1.07,8.53,-4.29
1791083429324,115268,-0.8079,-0.2991,0.4255,0.41,7.83,-4.84
1791083429334,115324,-0.8225,-0.314,0.4004,2.5,1.34,-4.32
1791083429344,115350,-0.8113,-0.3223,0.4087,4.98,-4.14,-2.52
1791083429354,115328,-0.7832,-0.3264,0.418,7.01,-4.72,-0.78
1791083429364,115267,-0.7786,-0.3201,0.4216,10.92,-0.12,-0.26
1791083429374,115187,-0.7908,-0.3174,0.3877,16.15,4.15,0.43
1791083429384,115119,-0.7822,-0.3115,0.3765,18.7,2.95,2.18
1791083429394,115040,-0.7598,-0.2871,0.4065,19.24,3.91,3.21
1791083429404,114964,-0.7649,-0.3105,0.3792,16.98,4.21,4.44
1791083429414,114903,-0.7505,-0.3035,0.3965,13.79,3.83,5.24
1791083429424,114882,-0.7598,-0.3257,0.4761,13.91,9.79,5.37
1791083429434,114896,-0.7927,-0.3027,0.4949,18.75,18.58,3.69
1791083429444,114950,-0.8269,-0.2952,0.4719,22.47,20.29,3.39
1791083429454,115019,-0.8315,-0.3027,0.4216,25.27,11.74,6.02
1791083429464,115098,-0.8318,-0.2981,0.3933,26.5,-2.31,9.83
1791083429474,115171,-0.822,-0.311,0.3489,26.17,-13.07,12.21
1791083429484,115239,-0.8267,-0.2825,0.3481,24.21,-23.94,14.03
1791083429494,115316,-0.8235,-0.2776,0.3667,17.47,-34.6,15.07
1791083429504,115379,-0.8074,-0.2698,0.3887,9.59,-41.27,14.63
1791083429514,115421,-0.8174,-0.2698,0.4031,3.04,-45.53,14.29
1791083429524,115423,-0.8259,-0.2673,0.4426,-2.98,-47.13,13.4
1791083429534,115416,-0.8328,-0.2666,0.4907,-7.24,-48.15,12.21
1791083429544,115387,-0.8367,-0.2593,0.5249,-9.1,-48.37,11.08
1791083429554,115351,-0.8364,-0.2651,0.5293,-10.4,-48.24,9.92
1791083429564,115317,-0.8469,-0.2595,0.5227,-10.89,-49.94,9.34
1791083429574,115269,-0.8252,-0.2598,0.5217,-11.36,-51.19,8.35
1791083429584,115186,-0.7942,-0.2598,0.5359,-12.58,-47.85,6.95
1791083429594,115081,-0.8059,-0.2852,0.5193,-13.19,-41.07,4.7
1791083429604,114945,-0.8071,-0.2852,0.5312,-15.4,-37.69,3.6
1791083429614,114813,-0.812,-0.3015,0.5618,-15.85,-35.1,2.87
1791083429624,114684,-0.8181,-0.2993,0.6055,-14.55,-33.22,2.82
1791083429634,114572,-0.8391,-0.2925,0.6262,-15.45,-31.94,1.8
1791083429644,114476,-0.8613,-0.3123,0.6204,-19.51,-31.86,-0.41
1791083429654,114372,-0.8398,-0.313,0.6726,-22.32,-30.82,0.24
1791083429664,114255,-0.8376,-0.303,0.6919,-21.34,-23.48,-0.26
1791083429674,114162,-0.8467,-0.312,0.6587,-15.95,-13.95,-0.17
1791083429684,114071,-0.8635,-0.3081,0.6208,-9.19,-11.8,1.51
1791083429694,114011,-0.8528,-0.3003,0.6443,-1.77,-13.92,4.55
1791083429704,113958,-0.8403,-0.3022,0.6487,4.06,-10.5,6.61
1791083429714,113909,-0.8464,-0.2976,0.6243,4.96,-3.4,6.29
1791083429724,113881,-0.8403,-0.3027,0.604,3.44,0.5,5.27
1791083429734,113871,-0.844,-0.2986,0.5896,1.11,2.12,3.91
1791083429744,113843,-0.8306,-0.2944,0.5767,-4.06,3.65,2.73
1791083429754,113817,-0.8074,-0.2896,0.5679,-6.78,4.9,1.28
1791083429764,113795,-0.8081,-0.2871,0.5398,-6.47,4.85,0.78
1791083429774,113782,-0.8303,-0.2808,0.5144,-6.2,2.34,0.93
1791083429784,113767,-0.8274,-0.2837,0.5115,-8.05,-2.38,1.04
1791083429794,113739,-0.813,-0.2849,0.5388,-10.09,-2.7,0.9
1791083429804,113692,-0.7976,-0.2842,0.5408,-11.18,1.21,0.26
1791083429814,113652,-0.7925,-0.2878,0.5505,-10.56,6.2,-0.55
1791083429824,113635,-0.8059,-0.2773,0.5381,-8.05,10.06,-1.28
1791083429834,113642,-0.8059,-0.2837,0.5269,-5.08,9.73,-1.59
1791083429844,113653,-0.8015,-0.2874,0.5513,-1.22,7.44,-0.75
1791083429854,113671,-0.7812,-0.2769,0.5955,2.18,6.67,-0.61
1791083429864,113683,-0.7996,-0.2654,0.5508,3.04,7.33,-1.1
1791083429874,113687,-0.792,-0.2668,0.5327,1.05,6.61,-1.53
1791083429884,113681,-0.7842,-0.2668,0.5305,-0.93,7.5,-2.18
1791083429894,113668,-0.7876,-0.2808,0.5068,-1.08,8.32,-2.34
1791083429904,113639,-0.78,-0.2747,0.5239,-0.44,5.77,-1.19
1791083429914,113618,-0.7903,-0.2781,0.5425,0.99,5.42,-0.52
1791083429924,113620,-0.7903,-0.281,0.5464,2.31,5.62,-0.23
1791083429934,113630,-0.7866,-0.2859,0.541,4.11,6.73,-0.03
1791083429944,113647,-0.7817,-0.2874,0.5103,5.76,7.68,0.09
1791083429954,113665,-0.7732,-0.2825,0.5029,6.92,6.82,0.17
1791083429964,113676,-0.7727,-0.2803,0.4932,7.44,5.83,1.05
1791083429974,113692,-0.7566,-0.2805,0.5083,7.53,4.84,1.62
1791083429984,113685,-0.76,-0.2788,0.5222,7.79,7.89,1.48
1791083429994,113665,-0.7732,-0.2661,0.5247,7.21,11.8,0.79
1791083430004,113643,-0.7917,-0.2754,0.5059,5.97,11.16,0.61
1791083430014,113592,-0.7859,-0.2693,0.5139,5.13,5.31,2.05
1791083430024,113492,-0.7866,-0.2749,0.5229,5.47,3.11,2.03
1791083430034,113356,-0.781,-0.28,0.5042,5.34,2.11,2.37
1791083430044,113216,-0.772,-0.28,0.4897,5.15,2.31,2.34
1791083430054,113076,-0.7715,-0.2793,0.4832,4.76,1.98,2.67
1791083430064,112940,-0.7832,-0.2766,0.5002,2.85,-1.37,3.21
1791083430074,112826,-0.7798,-0.2729,0.531,-0.93,-3.63,3.3
1791083430084,112728,-0.7878,-0.2798,0.5452,-2.87,-2.66,2.38
1791083430094,112651,-0.7742,-0.2766,0.5232,-0.98,-1.92,1.94
1791083430104,112601,-0.7834,-0.2905,0.5205,1.53,-1.27,2.12
1791083430114,112576,-0.7837,-0.2827,0.5142,3.54,0.76,1.76
1791083430124,112578,-0.7822,-0.2827,0.501,4.79,2.43,1.39
1791083430134,112597,-0.7949,-0.2805,0.5037,4.2,2.56,1.45
1791083430144,112646,-0.8044,-0.2834,0.4961,2.69,-0.09,1.76
1791083430154,112707,-0.7908,-0.2915,0.519,1.6,-3.65,2.72
1791083430164,112766,-0.7971,-0.2837,0.5569,1.48,-4.53,2.78
1791083430174,112837,-0.7932,-0.2866,0.552,1.39,-3.19,1.74
1791083430184,112915,-0.7988,-0.2896,0.5295,2.08,-1.94,0.7
1791083430194,112984,-0.7966,-0.2839,0.5215,2.55,-1.8,0.23
1791083430204,113055,-0.7947,-0.283,0.5183,2.21,-2.7,0.32
1791083430214,113117,-0.7964,-0.2769,0.5249,1.3,-3.02,0.24
1791083430224,113171,-0.8079,-0.2771,0.522,-0.61,-3.39,0.03
1791083430234,113209,-0.8027,-0.2742,0.522,-2.5,-2.96,-0.11
1791083430244,113233,-0.8022,-0.2771,0.5354,-4.06,-2.31,-0.24
1791083430254,113234,-0.7983,-0.2754,0.5205,-4.43,-0.66,-0.4
1791083430264,113231,-0.7998,-0.29,0.501,-3.4,-0.89,0.31
1791083430274,113207,-0.8083,-0.2688,0.5308,-1.24,-1.47,1.15
1791083430284,113188,-0.7898,-0.2729,0.5364,0.7,-2.35,1.6
1791083430294,113160,-0.8008,-0.2712,0.5564,4.29,0.58,1.57
1791083430304,113119,-0.8086,-0.2717,0.543,7.11,2.21,1.28
1791083430314,113091,-0.8069,-0.2681,0.541,6.31,0.37,1.8
1791083430324,113062,-0.8066,-0.2766,0.5481,3.98,-1.3,2.09
1791083430334,113039,-0.8093,-0.2729,0.5381,0.99,-1.89,1.3
1791083430344,113033,-0.8071,-0.2761,0.5347,-2.29,-2.5,0.81
1791083430354,113012,-0.8047,-0.2778,0.5371,-5.42,-2.4,0.47
1791083430364,113003,-0.8066,-0.2761,0.5425,-7.66,-2.24,0.03
1791083430374,113011,-0.7952,-0.2751,0.5571,-7.4,-1.48,0.14
1791083430384,113031,-0.7949,-0.2761,0.5552,-4.12,2.24,0.05
1791083430394,113059,-0.793,-0.2788,0.512,1.1,6.03,-0.05
1791083430404,113094,-0.7983,-0.2693,0.5176,5.74,4.99,1.19
1791083430414,113139,-0.7939,-0.2649,0.5203,8.64,5.68,1.71
1791083430424,113200,-0.7959,-0.2578,0.5027,9.19,7.47,1.47
1791083430434,113262,-0.8086,-0.2617,0.5051,6.76,4.85,1.53
1791083430444,113337,-0.8035,-0.2656,0.5208,2.4,1.08,2.08
1791083430454,113398,-0.8013,-0.2705,0.5293,-1.59,-1.4,1.83
1791083430464,113448,-0.8062,-0.2722,0.5356,-3.89,-2.99,1.56
1791083430474,113486,-0.7964,-0.2729,0.5522,-4.93,-3.36,1.51
1791083430484,113524,-0.7866,-0.2688,0.5554,-3.92,0.49,0.79
1791083430494,113557,-0.7913,-0.2676,0.5369,-1.01,4.44,-0.27
1791083430504,113604,-0.7969,-0.2651,0.5144,1.39,5.3,-0.37
1791083430514,113652,-0.8022,-0.2703,0.5039,2.92,3.24,0.17
1791083430524,113711,-0.8022,-0.2664,0.5066,2.92,2.23,0.32
1791083430534,113766,-0.8,-0.2695,0.491,2.12,1.53,0.2
1791083430544,113807,-0.8145,-0.2791,0.4746,0.31,-1.02,0.56
1791083430554,113838,-0.8066,-0.2815,0.467,-2.18,-3.44,1.13
1791083430564,113854,-0.8025,-0.2839,0.5125,-4.5,-4.35,1.19
1791083430574,113856,-0.7944,-0.2812,0.5312,-4.76,-2.76,0.99
1791083430584,113860,-0.7937,-0.2727,0.5454,-3.4,-1.83,0.63
1791083430594,113858,-0.7979,-0.272,0.5408,-1.6,-0.37,0.15
1791083430604,113877,-0.7993,-0.2659,0.533,-1.07,0.0,-0.41
1791083430614,113884,-0.8054,-0.2683,0.5171,-1.51,-1.6,-0.46
1791083430624,113895,-0.7998,-0.2666,0.5286,-3.05,-3.11,-0.47
1791083430634,113910,-0.8032,-0.2678,0.5281,-5.68,-4.03,-0.64
1791083430644,113932,-0.8049,-0.2695,0.5303,-7.97,-4.73,-0.82
1791083430654,113938,-0.8076,-0.2805,0.5183,-9.3,-5.44,-0.82
1791083430664,113944,-0.801,-0.2856,0.5237,-7.57,-6.92,0.24
1791083430674,113937,-0.7991,-0.2908,0.5161,-3.85,-4.85,0.43
1791083430684,113948,-0.7981,-0.2966,0.4995,-0.08,-2.23,1.05
1791083430694,113944,-0.803,-0.2876,0.5083,3.21,-2.67,2.09
1791083430704,113950,-0.7996,-0.2842,0.5222,3.68,-3.24,2.73
1791083430714,113965,-0.7971,-0.282,0.5334,3.47,-0.89,2.63
1791083430724,113960,-0.8022,-0.2776,0.5322,3.59,2.47,1.94
1791083430734,113946,-0.8059,-0.2708,0.532,3.24,3.48,1.63
1791083430744,113893,-0.8008,-0.2673,0.519,1.89,1.95,1.6
1791083430754,113793,-0.7969,-0.2671,0.5232,-0.53,-0.63,1.77
1791083430764,113652,-0.8015,-0.2585,0.5361,-2.35,-2.18,1.6
1791083430774,113478,-0.8015,-0.2598,0.5376,-4.43,-1.98,1.08
1791083430784,113295,-0.8127,-0.2722,0.5251,-5.5,-2.2,0.79
1791083430794,113092,-0.8098,-0.2737,0.5176,-5.85,-2.9,0.66
1791083430804,112900,-0.8105,-0.2773,0.5244,-4.63,-3.89,0.98
1791083430814,112738,-0.8025,-0.2786,0.5232,-1.91,-2.92,1.71
1791083430824,112589,-0.8049,-0.2817,0.5051,1.48,-1.74,1.91
1791083430834,112470,-0.8005,-0.2756,0.5144,2.58,-1.62,2.14
1791083430844,112379,-0.8013,-0.27,0.5134,1.54,-1.11,2.08
1791083430854,112314,-0.7981,-0.272,0.5249,0.7,-0.79,1.76
1791083430864,112284,-0.7957,-0.2656,0.533,0.85,-0.27,1.28
1791083430874,112274,-0.7979,-0.2727,0.53,1.05,0.6,0.76
1791083430884,112292,-0.7986,-0.2678,0.5027,0.38,0.08,0.14
1791083430894,112314,-0.791,-0.2866,0.481,-3.33,-1.71,0.52
1791083430904,112346,-0.7915,-0.2805,0.5088,-7.76,-0.38,-0.31
1791083430914,112384,-0.7864,-0.2896,0.4839,-9.56,0.14,-0.05
1791083430924,112406,-0.801,-0.2869,0.5425,-9.85,-1.66,0.87
1791083430934,112435,-0.824,-0.2815,0.5671,-6.64,-1.76,2.03
1791083430944,112463,-0.8008,-0.28,0.5933,-2.5,-2.78,2.76
1791083430954,112486,-0.8179,-0.2825,0.5947,4.21,-0.64,3.51
1791083430964,112509,-0.8193,-0.2739,0.5891,11.37,4.38,3.65
1791083430974,112516,-0.8027,-0.2454,0.5574,15.22,8.43,3.02
1791083430984,112516,-0.8096,-0.2766,0.5063,15.73,6.49,3.19
1791083430994,112490,-0.7805,-0.2463,0.4487,12.14,3.25,3.91
1791083431004,112454,-0.7983,-0.2715,0.437,3.57,-1.92,3.94
1791083431014,112425,-0.77,-0.2676,0.4336,-4.56,-4.14,2.78
1791083431024,112388,-0.7939,-0.2708,0.4553,-12.47,-1.1,0.32
1791083431034,112333,-0.8147,-0.2825,0.5125,-16.78,2.55,-1.4
1791083431044,112269,-0.7966,-0.2717,0.5422,-15.22,3.08,-1.62
1791083431054,112217,-0.7944,-0.2683,0.5791,-10.5,4.14,-1.56
1791083431064,112190,-0.811,-0.2979,0.6021,-0.24,6.23,-1.15
1791083431074,112152,-0.7905,-0.2095,0.6619,13.04,7.45,3.31
1791083431084,112108,-0.8125,-0.2703,0.5671,22.99,7.65,5.97
1791083431094,112082,-0.823,-0.2661,0.5164,26.09,11.16,6.12
1791083431104,112094,-0.8311,-0.2339,0.5149,22.64,10.98,5.6
1791083431114,112129,-0.7903,-0.209,0.5095,14.44,4.58,5.95
1791083431124,112162,-0.7805,-0.2146,0.4519,9.86,-0.89,5.62
1791083431134,112167,-0.782,-0.2253,0.4019,2.4,-7.1,4.24
1791083431144,112143,-0.7419,-0.2041,0.4487,-6.69,-9.65,0.75
1791083431154,112082,-0.7744,-0.2314,0.3845,-14.67,-2.61,-4.5
1791083431164,111965,-0.8494,-0.3135,0.4673,-22.44,5.39,-5.42
1791083431174,111921,-0.8723,-0.3181,0.5088,-19.25,2.99,-3.63
1791083431184,111911,-0.8477,-0.2717,0.6199,-12.85,-3.82,-0.55
1791083431194,111910,-0.7944,-0.2654,0.6787,2.43,-6.89,2.89
1791083431204,111834,-0.7795,-0.22,0.6357,18.95,-4.27,3.71
1791083431214,111758,-0.7642,-0.1887,0.542,29.02,-0.5,3.1
1791083431224,111653,-0.8203,-0.2319,0.489,25.71,3.07,2.63
1791083431234,111548,-0.7964,-0.2385,0.4565,17.25,2.6,1.16
1791083431244,111443,-0.813,-0.248,0.4612,8.08,1.22,0.75
1791083431254,111320,-0.825,-0.2642,0.4373,1.1,-4.84,0.72
1791083431264,111129,-0.7954,-0.2517,0.416,-7.34,-14.02,0.87
1791083431274,110746,-0.7605,-0.2812,0.448,-17.53,-14.81,-0.49
1791083431284,110261,-0.7815,-0.3296,0.4438,-26.29,0.26,-3.08
1791083431294,109912,-0.8311,-0.3259,0.5164,-32.69,18.98,-6.9
1791083431304,109976,-0.8467,-0.3213,0.5735,-28.38,24.81,-7.86
1791083431314,110217,-0.8206,-0.2998,0.5723,-14.4,19.83,-4.21
1791083431324,110415,-0.8215,-0.2971,0.5388,-0.41,13.11,-0.92
1791083431334,110517,-0.8274,-0.2732,0.5059,7.45,3.71,0.58
1791083431344,110557,-0.8169,-0.2566,0.4614,6.64,-6.41,1.76
1791083431354,110508,-0.8,-0.2537,0.4604,1.16,-15.89,2.4
1791083431364,110387,-0.8054,-0.2512,0.4824,-5.4,-17.5,1.91
1791083431374,110205,-0.8088,-0.2649,0.5032,-12.12,-14.43,0.09
1791083431384,110013,-0.8262,-0.2808,0.5127,-16.34,-11.71,0.05
1791083431394,109872,-0.8362,-0.2913,0.5225,-20.27,-8.7,0.12
1791083431404,109815,-0.8052,-0.2805,0.5293,-20.84,-8.73,-0.82
1791083431414,109802,-0.8157,-0.2678,0.5139,-21.31,-7.77,0.29
1791083431424,109789,-0.8079,-0.2681,0.5056,-20.2,-12.23,-0.27
1791083431434,109758,-0.7881,-0.2734,0.519,-18.79,-15.89,-0.44
1791083431444,109604,-0.7861,-0.2749,0.5273,-16.53,-14.64,-1.45
1791083431454,109379,-0.8137,-0.302,0.5823,-13.97,-12.79,-1.66
1791083431464,109118,-0.7949,-0.2883,0.5208,-15.79,-8.2,-3.08
1791083431474,108810,-0.7947,-0.311,0.5105,-12.34,-6.27,-2.4
1791083431484,108547,-0.8091,-0.2444,0.5229,-11.62,0.9,-2.85
1791083431494,108322,-0.7881,-0.3025,0.543,-15.11,-0.32,-2.41
1791083431504,108153,-0.7944,-0.3015,0.5532,-12.35,1.95,0.12
1791083431514,108041,-0.8467,-0.2832,0.5249,-11.68,0.2,0.64
1791083431524,108013,-0.8091,-0.2969,0.5247,-11.97,-9.94,3.21
1791083431534,107980,-0.7915,-0.2937,0.5288,-11.56,-13.71,5.22
1791083431544,107923,-0.7854,-0.3008,0.4783,-15.08,-11.57,3.44
1791083431554,107817,-0.791,-0.2969,0.4783,-15.68,-9.4,4.17
1791083431564,107676,-0.8291,-0.2969,0.4946,-15.27,-14.12,5.44
1791083431574,107545,-0.8091,-0.2952,0.5508,-15.68,-14.17,5.33
1791083431584,107433,-0.7866,-0.3081,0.5649,-14.79,-6.09,3.83
1791083431594,107416,-0.7815,-0.3035,0.5513,-13.59,0.17,3.21
1791083431604,107478,-0.7964,-0.3054,0.5186,-12.29,4.6,4.08
1791083431614,107602,-0.8066,-0.2622,0.5117,-11.45,0.27,5.56
1791083431624,107678,-0.7949,-0.3018,0.5168,-15.89,-3.08,8.08
1791083431634,107625,-0.7756,-0.3369,0.5251,-18.69,-3.63,4.09
1791083431644,107525,-0.7568,-0.3345,0.5227,-19.11,-3.3,-1.48
1791083431654,107390,-0.7632,-0.335,0.5344,-18.41,-6.43,-6.4
1791083431664,107280,-0.7732,-0.3118,0.5435,-16.0,-5.15,-5.57
1791083431674,107201,-0.8032,-0.3113,0.5186,-12.66,-1.76,-3.68
1791083431684,107215,-0.7808,-0.3013,0.5215,-11.47,-1.47,-1.91
1791083431694,107236,-0.7708,-0.3049,0.511,-8.9,0.87,-0.23
1791083431704,107285,-0.781,-0.3176,0.499,-5.94,2.73,-0.12
1791083431714,107366,-0.7764,-0.3159,0.479,-2.46,8.43,-2.43
1791083431724,107460,-0.7444,-0.3259,0.4788,-0.49,12.67,-3.48
1791083431734,107577,-0.7468,-0.3289,0.5044,3.01,17.44,-2.15
1791083431744,107700,-0.7844,-0.3125,0.5347,8.09,18.53,-2.06
1791083431754,107889,-0.8291,-0.302,0.5396,9.95,13.79,-1.91
1791083431764,108117,-0.8364,-0.2942,0.5212,10.46,9.13,-0.93
1791083431774,108324,-0.8154,-0.2886,0.5068,7.33,5.19,0.9
1791083431784,108458,-0.8508,-0.3059,0.4714,6.66,7.37,2.34
1791083431794,108441,-0.8323,-0.2913,0.4648,2.9,7.54,2.23
1791083431804,108309,-0.7854,-0.3064,0.4534,-1.92,9.8,3.73
1791083431814,108098,-0.7688,-0.314,0.4822,-3.69,16.96,5.1
1791083431824,107890,-0.7668,-0.3047,0.5403,-4.75,29.77,5.11
1791083431834,107809,-0.8127,-0.342,0.5532,0.35,47.18,0.61
1791083431844,108080,-0.8022,-0.3269,0.5574,-6.31,51.68,2.18
1791083431854,108551,-0.8098,-0.3384,0.5066,-9.18,44.92,5.34
1791083431864,108963,-0.8218,-0.3379,0.4795,-0.24,35.27,5.62
1791083431874,109303,-0.7881,-0.3293,0.4507,5.05,22.35,5.15
1791083431884,109633,-0.8157,-0.3269,0.4482,7.65,9.69,7.68
1791083431894,109933,-0.8831,-0.2844,0.416,12.98,7.42,5.66
1791083431904,110164,-0.9189,-0.2881,0.417,7.31,7.34,-1.4
1791083431914,110360,-0.8569,-0.2847,0.4214,3.51,7.59,-8.27
1791083431924,110591,-0.8054,-0.2754,0.5093,0.35,7.18,-8.55
1791083431934,110812,-0.7856,-0.2761,0.4995,-6.66,17.57,-3.68
1791083431944,111047,-0.8103,-0.312,0.4717,-5.24,23.82,0.72
1791083431954,111274,-0.8357,-0.3174,0.4807,3.69,27.66,0.89
1791083431964,111541,-0.8557,-0.3071,0.4607,8.38,26.21,-3.74
1791083431974,111801,-0.865,-0.3152,0.4194,5.19,18.06,-5.8
1791083431984,111962,-0.8823,-0.2971,0.4009,1.62,8.05,-4.23
1791083431994,112068,-0.8562,-0.2603,0.4224,-3.51,0.03,-1.94
1791083432004,112124,-0.8711,-0.314,0.3809,-10.47,0.26,-5.54
1791083432014,112146,-0.7935,-0.3352,0.3811,-12.98,-7.16,-5.94
1791083432024,112133,-0.762,-0.3352,0.4221,-6.47,-8.61,-1.34
1791083432034,112066,-0.7573,-0.3481,0.4453,-1.19,8.05,-1.05
1791083432044,112007,-0.77,-0.3765,0.4526,6.08,24.52,-2.02
1791083432054,112047,-0.7957,-0.3018,0.45,9.88,34.96,-1.59
1791083432064,112181,-0.8567,-0.3037,0.4094,5.97,32.14,-1.13
1791083432074,112369,-0.8782,-0.2876,0.4128,4.02,22.49,0.09
1791083432084,112541,-0.8979,-0.2856,0.3857,3.83,8.58,0.27
1791083432094,112680,-0.9099,-0.2808,0.3679,2.55,-8.17,-0.35
1791083432104,112740,-0.8831,-0.2998,0.3823,-0.2,-26.03,0.38
1791083432114,112733,-0.7939,-0.3274,0.3855,-3.24,-36.69,2.11
1791083432124,112706,-0.769,-0.3245,0.3845,-3.65,-29.21,2.87
1791083432134,112698,-0.813,-0.3411,0.4531,-6.05,-18.38,3.01
1791083432144,112732,-0.7874,-0.3223,0.4668,-5.11,-2.5,1.8
1791083432154,112825,-0.8306,-0.3245,0.4673,-0.87,10.14,0.96
1791083432164,112966,-0.8528,-0.3367,0.4709,5.8,15.89,1.1
1791083432174,113096,-0.8525,-0.3262,0.4526,10.99,16.17,0.31
1791083432184,113219,-0.8643,-0.3091,0.4375,14.31,12.96,-0.12
1791083432194,113281,-0.8748,-0.2942,0.4072,12.75,3.45,2.49
1791083432204,113277,-0.8591,-0.2854,0.4038,7.18,-8.29,3.15
1791083432214,113232,-0.8347,-0.3093,0.426,-1.45,-14.11,3.51
1791083432224,113149,-0.8325,-0.3088,0.4382,-7.15,-14.0,2.92
1791083432234,113068,-0.8147,-0.3218,0.4224,-8.21,-13.76,2.34
1791083432244,112999,-0.8499,-0.304,0.4412,-6.99,-10.4,2.17
1791083432254,112958,-0.8298,-0.3057,0.4314,-2.18,-9.82,0.87
1791083432264,112952,-0.8218,-0.2896,0.4287,-0.47,-2.63,-0.96
1791083432274,112955,-0.8333,-0.3303,0.4739,-3.34,14.17,-0.78
1791083432284,112987,-0.8264,-0.3479,0.4451,-2.2,25.8,-1.27
1791083432294,113045,-0.8594,-0.2905,0.4485,3.83,24.37,-0.81
1791083432304,113135,-0.8484,-0.3015,0.4417,8.52,17.69,-0.49
1791083432314,113254,-0.864,-0.2817,0.3701,7.94,9.97,0.67
1791083432324,113397,-0.8467,-0.2988,0.3579,3.11,-2.47,1.54
1791083432334,113548,-0.8411,-0.302,0.3457,-0.08,-14.85,3.48
1791083432344,113690,-0.8359,-0.2852,0.4055,-0.38,-27.79,5.05
1791083432354,113808,-0.833,-0.2971,0.4307,-4.67,-30.09,4.87
1791083432364,113931,-0.8435,-0.2979,0.4294,-10.15,-23.73,1.69
1791083432374,114023,-0.8242,-0.2952,0.4214,-14.37,-19.91,-0.93
1791083432384,114104,-0.8254,-0.3113,0.4602,-15.88,-13.97,-1.62
1791083432394,114168,-0.8213,-0.3286,0.4734,-14.56,-8.0,-3.39
1791083432404,114218,-0.8313,-0.3301,0.4604,-11.37,-3.66,-3.85
1791083432414,114269,-0.7671,-0.3884,0.499,-7.08,-3.56,-2.78
1791083432424,114308,-0.834,-0.2786,0.3994,-0.11,2.79,-3.21
1791083432434,114339,-0.8662,-0.3384,0.3962,-1.02,0.47,-2.61
1791083432444,114395,-0.8147,-0.3394,0.4568,-1.48,-9.07,-0.73
1791083432454,114427,-0.8149,-0.3296,0.468,-0.61,-9.69,0.21
1791083432464,114451,-0.8259,-0.3313,0.4526,-0.35,-7.94,0.02
1791083432474,114485,-0.8425,-0.311,0.4702,1.54,-8.08,0.0
1791083432484,114513,-0.8584,-0.3083,0.4736,4.7,-11.07,1.48
1791083432494,114538,-0.8264,-0.3105,0.4902,5.4,-13.74,2.78
1791083432504,114566,-0.834,-0.3142,0.4705,3.62,-6.0,2.35
1791083432514,114575,-0.8267,-0.3096,0.4495,2.34,0.21,2.11
1791083432524,114604,-0.8313,-0.2988,0.4387,2.98,2.23,2.81
1791083432534,114640,-0.8376,-0.3091,0.4238,2.69,-1.11,3.59
1791083432544,114675,-0.8323,-0.3069,0.4207,3.31,-2.67,3.18
1791083432554,114698,-0.8335,-0.312,0.4189,0.84,-8.92,2.89
1791083432564,114732,-0.8167,-0.3093,0.4526,0.44,-11.48,2.64
1791083432574,114740,-0.8213,-0.3081,0.4692,1.57,-10.69,2.52
1791083432584,114751,-0.8186,-0.3086,0.4744,3.31,-9.62,2.43
1791083432594,114758,-0.8152,-0.311,0.4827,2.72,-7.88,2.82
1791083432604,114787,-0.8237,-0.3047,0.4688,1.94,-4.06,1.73
1791083432614,114810,-0.8215,-0.3081,0.4812,1.24,-2.12,0.53
1791083432624,114857,-0.823,-0.2988,0.4705,2.84,-1.18,0.7
1791083432634,114895,-0.8328,-0.2991,0.4509,5.1,-1.57,1.33
1791083432644,114957,-0.835,-0.2969,0.437,5.19,-4.44,2.14
1791083432654,115002,-0.814,-0.303,0.4551,4.18,-5.11,2.29
1791083432664,115026,-0.8135,-0.3032,0.4426,3.68,0.26,1.27
1791083432674,115042,-0.8284,-0.3064,0.4333,4.93,0.93,0.5
1791083432684,115074,-0.8147,-0.3105,0.4487,6.03,-2.14,0.5
1791083432694,115094,-0.8193,-0.3044,0.4578,5.62,-2.81,0.38
1791083432704,115105,-0.8252,-0.3047,0.4531,4.32,-2.53,0.08
1791083432714,115121,-0.823,-0.3022,0.4446,2.4,-2.9,-0.26
1791083432724,115143,-0.8225,-0.3054,0.4473,1.28,-4.55,-0.06
1791083432734,115159,-0.8254,-0.2964,0.4575,-1.95,-5.28,-0.24
1791083432744,115185,-0.8347,-0.2964,0.4561,-3.79,-3.21,-0.82
1791083432754,115197,-0.8262,-0.3025,0.4644,-3.36,-2.7,-0.5
1791083432764,115190,-0.8271,-0.2971,0.4878,-2.08,0.21,0.7
1791083432774,115195,-0.8301,-0.3059,0.4829,0.47,4.5,0.29
1791083432784,115227,-0.8235,-0.3132,0.469,2.69,4.96,0.98
1791083432794,115260,-0.8254,-0.3049,0.4663,5.86,3.3,1.4
1791083432804,115293,-0.8394,-0.3101,0.4773,6.73,1.24,1.6
1791083432814,115321,-0.8281,-0.3081,0.4802,5.44,-0.63,1.8
1791083432824,115341,-0.8254,-0.3074,0.4688,3.95,-3.1,1.04
1791083432834,115349,-0.8203,-0.303,0.4761,2.34,-5.65,0.72
1791083432844,115357,-0.8147,-0.3103,0.4824,1.47,-7.8,0.35
1791083432854,115352,-0.812,-0.3101,0.4797,1.27,-8.9,0.53
1791083432864,115327,-0.8076,-0.3088,0.4724,1.24,-6.75,-0.12
1791083432874,115284,-0.8105,-0.3025,0.4556,2.02,-4.29,0.02
1791083432884,115231,-0.8062,-0.3162,0.459,4.12,-4.89,1.13
1791083432894,115168,-0.8079,-0.302,0.4839,5.76,-0.52,1.79
1791083432904,115105,-0.8167,-0.3083,0.4617,6.27,4.79,0.27
1791083432914,115039,-0.8232,-0.3088,0.4656,4.67,4.75,0.34
1791083432924,115004,-0.8074,-0.3113,0.4609,3.21,4.63,0.31
1791083432934,114993,-0.8201,-0.3071,0.4692,3.1,4.49,0.27
1791083432944,114978,-0.8274,-0.3015,0.4802,2.85,0.98,1.08
1791083432954,114985,-0.824,-0.2976,0.491,1.28,-0.56,0.76
1791083432964,115003,-0.8274,-0.3008,0.4766,-0.76,-0.89,-0.17
1791083432974,115017,-0.8262,-0.2981,0.4822,-1.65,-3.18,0.0
1791083432984,115035,-0.824,-0.2993,0.4661,-1.18,-4.37,0.56
1791083432994,115042,-0.8291,-0.3042,0.4741,-0.99,-5.97,1.22
1791083433004,115056,-0.8291,-0.3022,0.4856,-1.8,-7.79,1.22
1791083433014,115065,-0.8201,-0.3047,0.5027,-3.39,-5.74,1.63
1791083433024,115068,-0.8174,-0.3164,0.4807,-2.4,-1.66,0.7
1791083433034,115077,-0.8132,-0.3042,0.4612,-1.07,1.66,0.69
1791083433044,115087,-0.8169,-0.2974,0.4395,-0.99,2.12,0.47
1791083433054,115112,-0.8232,-0.3005,0.4387,-2.11,0.41,0.27
1791083433064,115136,-0.8289,-0.2986,0.4417,-3.42,0.26,0.0
1791083433074,115161,-0.8215,-0.3022,0.4399,-3.47,-1.92,-0.52
1791083433084,115188,-0.8201,-0.3015,0.4512,-3.63,-4.61,-0.08
1791083433094,115208,-0.8479,-0.3135,0.4766,-3.48,-7.34,0.53
1791083433104,115232,-0.8254,-0.3,0.4939,-0.93,-9.6,1.39
1791083433114,115251,-0.8206,-0.3047,0.5005,2.06,-9.79,2.15
1791083433124,115251,-0.8252,-0.2949,0.4873,4.41,-8.53,2.58
1791083433134,115247,-0.8225,-0.2891,0.4961,3.62,-8.15,2.47
1791083433144,115232,-0.822,-0.29,0.4893,1.25,-5.3,1.54
1791083433154,115212,-0.8271,-0.2905,0.47,-0.96,-4.21,0.37
1791083433164,115188,-0.8147,-0.2969,0.4592,-3.27,-5.53,0.31
1791083433174,115154,-0.8164,-0.3059,0.4534,-4.99,-3.97,-0.21
1791083433184,115128,-0.8225,-0.3088,0.4517,-6.35,-2.79,-0.84
1791083433194,115105,-0.8232,-0.3127,0.4739,-6.87,-2.43,-0.29
1791083433204,115084,-0.8306,-0.3115,0.479,-4.2,-1.22,0.11
1791083433214,115088,-0.8301,-0.3125,0.4917,0.15,-0.41,0.98
1791083433224,115100,-0.8252,-0.3125,0.4934,5.68,0.87,1.89
1791083433234,115105,-0.8354,-0.3066,0.4844,10.14,2.78,2.08
1791083433244,115116,-0.8403,-0.3049,0.4719,12.06,3.34,2.5
1791083433254,115132,-0.8271,-0.2886,0.4805,10.67,0.4,3.73
1791083433264,115168,-0.8264,-0.2905,0.4656,5.8,-1.65,3.44
1791083433274,115189,-0.8262,-0.2935,0.4541,0.99,-5.88,3.22
1791083433284,115231,-0.832,-0.2852,0.4587,-4.0,-12.89,3.42
1791083433294,115256,-0.8047,-0.2849,0.4758,-6.76,-18.17,3.95
1791083433304,115258,-0.8037,-0.2905,0.5017,-7.28,-17.4,2.96
1791083433314,115254,-0.804,-0.2886,0.5251,-5.22,-10.87,1.85
1791083433324,115266,-0.8162,-0.303,0.5173,-4.81,-2.82,1.27
1791083433334,115264,-0.8032,-0.2993,0.4924,-0.95,1.56,1.16
1791083433344,115269,-0.821,-0.2966,0.481,3.08,2.98,2.18
1791083433354,115277,-0.8201,-0.301,0.469,4.64,0.38,2.7
1791083433364,115277,-0.8145,-0.3059,0.4727,4.58,-3.69,3.15
1791083433374,115266,-0.7952,-0.2922,0.4817,5.05,-3.86,3.51
1791083433384,115259,-0.8032,-0.2927,0.4697,4.24,-0.53,3.39
1791083433394,115250,-0.8115,-0.2908,0.4653,2.23,1.51,2.64
1791083433404,115255,-0.8132,-0.2874,0.4771,-0.02,0.73,2.21
1791083433414,115258,-0.8225,-0.2842,0.4875,-2.46,0.72,1.5
1791083433424,115272,-0.8247,-0.281,0.4893,-3.77,-0.26,1.34
1791083433434,115289,-0.8169,-0.2935,0.5017,-3.15,-1.44,1.4
1791083433444,115308,-0.8186,-0.2954,0.4949,-1.53,-1.02,1.71
1791083433454,115318,-0.811,-0.2979,0.5095,-0.89,0.09,1.71
1791083433464,115342,-0.8213,-0.3,0.5127,-1.18,2.24,1.31
1791083433474,115364,-0.8208,-0.2979,0.5205,-1.37,4.09,0.78
1791083433484,115391,-0.8276,-0.301,0.5015,-1.16,4.37,0.58
1791083433494,115420,-0.8201,-0.3081,0.4734,-0.55,4.2,-0.08
1791083433504,115461,-0.8154,-0.2991,0.4624,0.05,3.56,0.03
1791083433514,115498,-0.8242,-0.3064,0.4346,-0.6,1.25,0.82
1791083433524,115530,-0.8108,-0.2939,0.4368,-1.68,-1.56,1.34
1791083433534,115553,-0.8057,-0.2964,0.4583,-2.18,-2.24,1.74
1791083433544,115578,-0.8025,-0.2957,0.4797,-1.63,-0.18,1.45
1791083433554,115590,-0.8147,-0.2935,0.4819,-0.23,2.14,1.07
1791083433564,115600,-0.8152,-0.2979,0.4805,0.87,0.38,1.31
1791083433574,115601,-0.8132,-0.2903,0.4854,1.02,-0.06,2.02
1791083433584,115575,-0.8098,-0.2932,0.4885,1.65,0.4,1.25
1791083433594,115515,-0.8186,-0.2876,0.4912,1.39,0.79,1.4
1791083433604,115474,-0.8213,-0.29,0.4788,1.69,-0.17,1.1
1791083433614,115408,-0.8191,-0.2883,0.4761,1.88,-0.95,1.62
1791083433624,115350,-0.8201,-0.2922,0.4819,1.89,-0.6,1.77
1791083433634,115296,-0.8208,-0.2849,0.467,1.63,-1.82,2.17
1791083433644,115252,-0.8215,-0.2786,0.4683,0.89,-5.1,3.21
1791083433654,115217,-0.8081,-0.2874,0.4839,-0.47,-7.68,3.62
1791083433664,115174,-0.8098,-0.2861,0.4766,-3.45,-4.64,3.27
1791083433674,115149,-0.8123,-0.2964,0.4597,-5.02,-2.73,1.98
1791083433684,115135,-0.8118,-0.2947,0.4778,-6.81,-2.72,1.69
1791083433694,115139,-0.8296,-0.2935,0.4619,-7.56,-4.43,1.48
1791083433704,115139,-0.8296,-0.3044,0.4834,-7.39,-7.97,1.63
1791083433714,115128,-0.811,-0.3003,0.5122,-5.66,-8.64,1.85
1791083433724,115134,-0.8137,-0.2986,0.5186,-4.0,-5.33,1.45
1791083433734,115137,-0.8181,-0.2986,0.5071,-2.2,-2.05,1.19
1791083433744,115158,-0.8269,-0.2908,0.4934,0.06,-1.82,1.76
1791083433754,115185,-0.8181,-0.2935,0.491,0.9,-3.63,1.91
1791083433764,115187,-0.8145,-0.283,0.4871,0.23,-3.8,1.97
1791083433774,115191,-0.8145,-0.2837,0.4915,-1.31,-4.75,1.94
1791083433784,115193,-0.8125,-0.2949,0.4785,-3.97,-4.89,1.85
1791083433794,115180,-0.8142,-0.3005,0.4866,-4.47,-5.45,1.65
1791083433804,115180,-0.8066,-0.2988,0.4873,-4.85,-6.89,1.88
1791083433814,115180,-0.8118,-0.3076,0.4929,-5.02,-6.05,1.66
1791083433824,115174,-0.8123,-0.3052,0.4924,-4.53,-3.6,0.96
1791083433834,115167,-0.8176,-0.2983,0.4988,-4.14,-2.24,0.79
1791083433844,115161,-0.812,-0.3005,0.4941,-3.31,-2.72,1.08
1791083433854,115145,-0.8086,-0.3013,0.5071,-0.66,-1.92,1.34
1791083433864,115118,-0.8083,-0.2937,0.5051,3.07,1.11,1.62
1791083433874,115090,-0.8071,-0.2871,0.4761,5.53,2.95,2.11
1791083433884,115077,-0.812,-0.2825,0.4946,4.44,2.26,2.76
1791083433894,115053,-0.8191,-0.272,0.4827,2.89,2.81,2.7
1791083433904,115045,-0.8318,-0.2732,0.4927,2.14,2.46,2.26
1791083433914,115029,-0.8206,-0.2808,0.4763,3.28,0.12,1.89
1791083433924,115020,-0.8245,-0.2734,0.4863,4.11,-0.52,1.24
1791083433934,115011,-0.8196,-0.2732,0.4839,2.63,-2.85,0.5
1791083433944,115011,-0.8193,-0.2776,0.4751,-0.82,-4.61,-0.63
1791083433954,115000,-0.8108,-0.2854,0.4766,-3.13,-6.52,-0.89
1791083433964,115004,-0.8025,-0.2917,0.4746,-4.5,-5.31,-1.37
1791083433974,115017,-0.8132,-0.2979,0.4697,-5.15,-3.24,-1.76
1791083433984,115030,-0.8108,-0.2961,0.4753,-5.22,-3.69,-1.62
1791083433994,115050,-0.8027,-0.2976,0.4788,-4.92,-3.22,-1.44
1791083434004,115071,-0.8054,-0.3047,0.4873,-4.69,-1.8,-1.6
1791083434014,115096,-0.8191,-0.3005,0.4998,-4.73,-0.55,-1.6
1791083434024,115116,-0.812,-0.3086,0.5051,-4.5,-1.22,-1.37
1791083434034,115136,-0.8115,-0.3103,0.5288,-2.93,-1.25,-0.7
1791083434044,115156,-0.8201,-0.3113,0.5271,-0.23,-0.11,0.17
1791083434054,115170,-0.8152,-0.311,0.5208,2.38,-0.29,1.16
1791083434064,115176,-0.8145,-0.303,0.5078,3.37,-0.02,2.02
1791083434074,115179,-0.8149,-0.3081,0.5054,2.55,-0.78,2.98
1791083434084,115183,-0.8157,-0.2942,0.4905,1.21,-2.17,4.11
1791083434094,115196,-0.8127,-0.29,0.4792,-0.81,-4.73,3.92
1791083434104,115210,-0.8071,-0.2859,0.4822,-4.9,-5.6,3.05
1791083434114,115210,-0.801,-0.2871,0.4983,-7.79,-2.98,1.27
1791083434124,115221,-0.7988,-0.2888,0.4998,-7.98,-0.26,0.35
1791083434134,115232,-0.8118,-0.2903,0.5007,-7.07,1.4,-0.29
1791083434144,115249,-0.8167,-0.2961,0.4807,-5.54,1.05,-0.52
1791083434154,115265,-0.8118,-0.2915,0.4741,-3.6,-0.23,0.15
1791083434164,115281,-0.8069,-0.2939,0.48,-1.8,-1.63,0.99
1791083434174,115299,-0.8149,-0.2876,0.48,0.11,-2.24,1.65
1791083434184,115321,-0.8132,-0.2913,0.4714,0.9,-4.02,1.86
1791083434194,115326,-0.8064,-0.293,0.4905,0.24,-6.49,2.17
1791083434204,115327,-0.7986,-0.2849,0.489,-1.36,-5.89,1.97
1791083434214,115316,-0.8042,-0.2876,0.4893,-2.64,-3.22,1.24
1791083434224,115322,-0.8101,-0.2844,0.5007,-3.07,-2.93,1.1
1791083434234,115306,-0.8147,-0.2896,0.51,-3.51,-3.5,1.18
1791083434244,115250,-0.8105,-0.291,0.5151,-3.07,-3.11,0.98
1791083434254,115200,-0.8047,-0.2842,0.5159,-0.93,-1.51,0.44
1791083434264,115134,-0.8145,-0.292,0.5,0.2,2.29,0.03
1791083434274,115071,-0.8135,-0.2883,0.4871,0.4,3.07,-0.02
1791083434284,115017,-0.8123,-0.2878,0.4761,-0.55,3.13,0.08
1791083434294,114976,-0.7915,-0.3013,0.4507,-0.64,1.57,-0.84
1791083434304,114951,-0.8157,-0.2891,0.4648,0.35,-0.44,1.36
1791083434314,114932,-0.8113,-0.2888,0.4758,-0.17,-2.46,1.02
1791083434324,114915,-0.8032,-0.2893,0.4968,-0.78,-2.58,0.56
1791083434334,114910,-0.8088,-0.2991,0.4917,-0.43,-2.23,0.31
1791083434344,114906,-0.8137,-0.2869,0.4951,-0.09,-3.45,0.61
1791083434354,114903,-0.8132,-0.2964,0.5078,-0.6,-3.76,0.37
1791083434364,114907,-0.8191,-0.2983,0.5022,-1.5,-2.44,0.35
1791083434374,114908,-0.814,-0.2988,0.5076,-1.85,-2.87,0.84
1791083434384,114908,-0.814,-0.3042,0.511,-0.96,-1.82,1.54
1791083434394,114909,-0.8203,-0.3013,0.5078,0.49,-0.49,1.54
1791083434404,114915,-0.8152,-0.2959,0.5085,1.8,0.76,2.2
1791083434414,114924,-0.8108,-0.2915,0.4871,3.21,1.15,2.37
1791083434424,114941,-0.8025,-0.2935,0.4749,3.33,0.82,2.29
1791083434434,114959,-0.8105,-0.2976,0.4683,2.69,1.83,2.17
1791083434444,114981,-0.8054,-0.291,0.4763,2.41,1.42,2.05
1791083434454,115003,-0.8071,-0.291,0.4609,1.21,1.44,1.56
1791083434464,115029,-0.804,-0.2976,0.4688,-0.52,0.12,1.13
1791083434474,115051,-0.813,-0.2852,0.4709,-2.09,-1.45,0.67
1791083434484,115073,-0.8149,-0.2871,0.4851,-3.73,-2.82,0.58
1791083434494,115084,-0.8188,-0.2908,0.4929,-4.92,-3.57,0.2
1791083434504,115084,-0.8213,-0.2883,0.5085,-5.73,-3.71,0.18
1791083434514,115072,-0.8188,-0.2954,0.509,-5.33,-4.08,0.26
1791083434524,115061,-0.8215,-0.2961,0.5159,-3.8,-2.93,0.44
1791083434534,115039,-0.8203,-0.3037,0.5107,-2.34,-1.15,0.43
1791083434544,115025,-0.8103,-0.3022,0.4961,-0.66,-0.38,0.99
1791083434554,115009,-0.8196,-0.3018,0.49,-0.02,0.38,1.44
1791083434564,114995,-0.814,-0.2991,0.4836,0.41,-0.46,1.65
1791083434574,114991,-0.8076,-0.2974,0.4807,0.79,-0.27,1.44
1791083434584,114982,-0.8049,-0.2869,0.4688,1.34,-0.15,1.62
1791083434594,114982,-0.8064,-0.2883,0.4702,0.46,-0.69,1.63
1791083434604,114996,-0.802,-0.29,0.4702,-1.31,-1.21,1.18
1791083434614,115012,-0.8044,-0.29,0.4702,-2.84,-2.37,1.15
1791083434624,115016,-0.8096,-0.2856,0.4849,-4.29,-4.15,1.19
1791083434634,115026,-0.8088,-0.2854,0.4917,-5.79,-5.68,1.33
1791083434644,115026,-0.8098,-0.2944,0.5027,-6.55,-6.31,1.19
1791083434654,115019,-0.8032,-0.2942,0.512,-5.59,-6.78,1.21
1791083434664,115013,-0.8062,-0.2908,0.5276,-3.98,-6.23,1.11
1791083434674,115011,-0.8191,-0.2974,0.5149,-2.29,-6.17,1.01
1791083434684,115002,-0.7959,-0.2937,0.5393,-0.05,-5.95,1.08
1791083434694,114984,-0.8054,-0.3079,0.4927,0.92,-2.58,1.44
1791083434704,114984,-0.804,-0.3,0.4954,2.23,-0.93,1.37
1791083434714,114974,-0.8088,-0.2971,0.4875,2.27,0.9,1.3
1791083434724,114977,-0.8054,-0.2976,0.4692,1.19,0.84,1.04
1791083434734,114977,-0.8044,-0.2905,0.4836,0.02,1.15,0.76
1791083434744,114975,-0.8083,-0.2915,0.4854,-1.74,2.06,0.47
1791083434754,114981,-0.8091,-0.2949,0.489,-2.73,1.56,0.66
1791083434764,114999,-0.8118,-0.2925,0.5024,-3.73,0.99,0.79
1791083434774,115024,-0.8201,-0.2966,0.5042,-4.37,0.03,0.56
1791083434784,115051,-0.811,-0.2949,0.5007,-3.04,-0.93,0.53
1791083434794,115085,-0.813,-0.2964,0.5137,-0.67,-1.13,0.9
1791083434804,115109,-0.8105,-0.2932,0.5088,1.22,-0.02,0.6
1791083434814,115128,-0.812,-0.2891,0.5054,2.15,1.57,0.46
1791083434824,115148,-0.8101,-0.2927,0.488,3.27,2.69,0.47
1791083434834,115154,-0.8057,-0.2888,0.4819,3.98,2.64,1.15
1791083434844,115165,-0.8142,-0.2866,0.4805,3.15,2.09,1.63
1791083434854,115199,-0.8145,-0.2886,0.4612,0.93,0.55,1.19
1791083434864,115225,-0.8086,-0.2878,0.4695,-1.24,-0.98,1.18
1791083434874,115263,-0.7886,-0.2842,0.4758,-2.64,-0.89,0.76
1791083434884,115288,-0.8105,-0.2935,0.4944,-4.03,2.43,0.09
1791083434894,115319,-0.8159,-0.2942,0.5125,-5.27,3.48,0.0
1791083434904,115366,-0.8208,-0.2969,0.4971,-4.66,3.69,-0.08
1791083434914,115402,-0.8154,-0.2979,0.5017,-1.74,2.31,0.08
1791083434924,115444,-0.8164,-0.2952,0.4971,0.46,1.19,0.38
1791083434934,115483,-0.8132,-0.3003,0.4978,1.85,0.5,0.53
1791083434944,115509,-0.8088,-0.2983,0.4897,2.56,-0.09,0.61
1791083434954,115529,-0.8113,-0.3005,0.4885,2.11,-0.58,0.72
1791083434964,115554,-0.8042,-0.3008,0.4868,0.55,-1.24,0.89
1791083434974,115557,-0.811,-0.2903,0.4768,-1.3,-0.92,0.53
1791083434984,115547,-0.8154,-0.2891,0.4822,-4.05,-1.57,0.2
1791083434994,115498,-0.8076,-0.2993,0.4812,-5.86,0.26,-0.21
1791083435004,115434,-0.8022,-0.3013,0.4832,-5.3,2.2,-0.43
1791083435014,115362,-0.8137,-0.2993,0.4785,-3.28,3.79,-0.27
1791083435024,115300,-0.8215,-0.2954,0.467,-2.24,2.26,0.26
1791083435034,115254,-0.8127,-0.2932,0.4712,-1.8,-0.89,0.6
1791083435044,115223,-0.8123,-0.2937,0.4778,-2.02,-3.92,1.18
1791083435054,115214,-0.8147,-0.2937,0.4917,-2.66,-6.0,1.63
1791083435064,115207,-0.8103,-0.2996,0.501,-4.02,-7.47,1.65
1791083435074,115201,-0.8115,-0.3025,0.5049,-4.12,-7.65,1.63
1791083435084,115205,-0.8125,-0.3008,0.5229,-4.02,-7.28,1.91
1791083435094,115207,-0.8213,-0.3015,0.501,-4.34,-6.05,1.95
1791083435104,115212,-0.8135,-0.3003,0.49,-4.6,-6.56,2.02
1791083435114,115204,-0.8003,-0.3005,0.5146,-5.73,-3.6,1.68
1791083435124,115204,-0.8088,-0.3086,0.4814,-5.48,1.65,0.85
1791083435134,115207,-0.804,-0.3022,0.4736,-3.13,1.48,1.48
1791083435144,115214,-0.801,-0.2944,0.4822,-1.65,1.18,2.18
1791083435154,115222,-0.8105,-0.2935,0.4609,-0.52,0.2,2.09
1791083435164,115242,-0.7971,-0.2888,0.4736,-0.89,-2.18,1.65
1791083435174,115261,-0.8076,-0.2927,0.4758,-1.92,-2.69,1.33
1791083435184,115263,-0.812,-0.2881,0.479,-2.85,-4.52,0.84
1791083435194,115253,-0.8115,-0.2888,0.5105,-5.04,-5.89,0.87
1791083435204,115248,-0.8152,-0.2979,0.5208,-6.31,-4.43,0.31
1791083435214,115244,-0.8079,-0.2983,0.5239,-5.04,-2.75,0.17
1791083435224,115243,-0.8149,-0.2966,0.5217,-3.16,-1.79,0.93
1791083435234,115245,-0.8088,-0.3013,0.5054,-1.34,-1.62,0.87
1791083435244,115257,-0.8032,-0.3022,0.4983,0.4,-0.81,0.93
1791083435254,115261,-0.8171,-0.3018,0.488,1.85,0.64,0.69
1791083435264,115270,-0.8115,-0.3,0.4746,3.19,0.98,0.7
1791083435274,115278,-0.8086,-0.303,0.4771,3.95,1.48,1.1
1791083435284,115288,-0.8169,-0.2998,0.4702,2.81,1.92,1.4
1791083435294,115305,-0.8201,-0.2947,0.4592,1.34,-0.76,1.6
1791083435304,115318,-0.8262,-0.2942,0.491,-1.54,-3.25,1.63
1791083435314,115321,-0.8164,-0.2939,0.4941,-3.92,-3.01,1.42
1791083435324,115309,-0.8281,-0.3047,0.5168,-4.4,-1.68,1.51
1791083435334,115304,-0.8235,-0.2981,0.5132,-2.18,-0.46,1.57
1791083435344,115295,-0.8167,-0.2991,0.5137,-1.25,0.49,0.78
1791083435354,115288,-0.8149,-0.2969,0.499,-1.6,1.16,0.35
1791083435364,115278,-0.8127,-0.2996,0.498,-0.84,1.1,0.69
1791083435374,115269,-0.8105,-0.2991,0.4939,-0.24,-0.21,0.89
1791083435384,115266,-0.8135,-0.2981,0.4756,-1.3,-0.73,0.89
1791083435394,115274,-0.8064,-0.2966,0.4724,-1.59,-1.01,0.95
1791083435404,115286,-0.7993,-0.2986,0.4675,-1.36,-1.21,1.25
1791083435414,115305,-0.7949,-0.2974,0.4722,-1.13,0.41,1.71
1791083435424,115334,-0.7998,-0.2949,0.4839,0.24,2.61,1.63
1791083435434,115357,-0.8093,-0.2969,0.4756,2.73,3.89,1.92
1791083435444,115393,-0.8149,-0.2952,0.488,4.34,4.7,2.53
1791083435454,115423,-0.8237,-0.2971,0.4836,3.91,4.58,2.37
1791083435464,115459,-0.8198,-0.2927,0.4771,2.17,0.61,2.99
1791083435474,115478,-0.8088,-0.2939,0.5083,1.34,-2.6,3.42
1791083435484,115486,-0.8015,-0.29,0.521,1.13,-0.84,3.31
1791083435494,115489,-0.8079,-0.2876,0.5029,1.04,1.97,2.7
1791083435504,115489,-0.8149,-0.2966,0.4907,0.75,2.23,1.76
1791083435514,115508,-0.8159,-0.2932,0.4817,0.76,1.15,1.53
1791083435524,115514,-0.8188,-0.292,0.4734,1.04,-1.22,1.63
1791083435534,115530,-0.804,-0.2983,0.4695,1.57,-2.18,1.74
1791083435544,115544,-0.8076,-0.2917,0.4712,2.84,-0.96,2.21
1791083435554,115558,-0.812,-0.2915,0.4604,3.65,-0.24,1.97
1791083435564,115579,-0.8176,-0.2866,0.4727,3.77,-2.43,2.12
1791083435574,115593,-0.8167,-0.2886,0.498,0.79,-3.28,1.79
1791083435584,115605,-0.8228,-0.2842,0.5024,-1.79,-3.98,1.56
1791083435594,115595,-0.814,-0.2925,0.5271,-2.67,-5.44,1.3
1791083435604,115590,-0.8345,-0.2781,0.5081,-2.44,-5.91,0.78
1791083435614,115583,-0.813,-0.2976,0.5129,-3.82,-6.03,1.48
1791083435624,115578,-0.8103,-0.2866,0.4912,-1.92,-3.5,1.8
1791083435634,115582,-0.8059,-0.3013,0.4707,0.32,-1.95,1.71
1791083435644,115599,-0.8076,-0.2959,0.4531,1.39,-1.24,1.66
1791083435654,115616,-0.8037,-0.2947,0.4539,2.56,-0.85,1.42
1791083435664,115636,-0.8103,-0.3049,0.4465,3.73,-1.63,1.88
1791083435674,115653,-0.8081,-0.2869,0.4675,4.81,-3.71,2.72
1791083435684,115673,-0.8188,-0.2991,0.4998,3.16,-3.37,2.7
1791083435694,115687,-0.8013,-0.282,0.5159,2.64,-2.61,1.04
1791083435704,115703,-0.8225,-0.2871,0.5261,0.17,2.37,0.98
1791083435714,115709,-0.8281,-0.2812,0.5327,0.21,4.03,0.37
1791083435724,115723,-0.8179,-0.2776,0.5107,0.15,3.92,0.43
1791083435734,115739,-0.8291,-0.2871,0.5037,-0.64,2.27,0.95
1791083435744,115758,-0.8206,-0.2856,0.4958,-0.44,-0.26,1.68
1791083435754,115783,-0.8152,-0.2864,0.4846,0.43,-0.93,1.88
1791083435764,115811,-0.8137,-0.2937,0.4724,0.08,-1.44,1.83
1791083435774,115838,-0.811,-0.2952,0.4658,0.63,-1.27,1.68
1791083435784,115873,-0.8108,-0.2927,0.4509,1.07,-2.43,1.48
1791083435794,115884,-0.8101,-0.2927,0.4683,-0.21,-4.2,1.1
1791083435804,115892,-0.821,-0.2827,0.5032,-1.92,-5.19,0.58
1791083435814,115883,-0.8057,-0.293,0.4944,-2.18,-6.2,0.24
1791083435824,115850,-0.8008,-0.291,0.5283,-0.69,-4.44,0.56
1791083435834,115799,-0.8181,-0.2803,0.5251,2.11,0.9,0.09
1791083435844,115742,-0.8179,-0.2817,0.509,4.23,0.76,1.04
1791083435854,115677,-0.8184,-0.2812,0.4976,6.63,0.02,1.98
1791083435864,115599,-0.814,-0.2852,0.4868,6.6,-0.73,3.1
1791083435874,115530,-0.8079,-0.2825,0.4758,4.27,-0.67,3.22
1791083435884,115467,-0.8103,-0.2822,0.4536,1.5,-0.93,2.66
1791083435894,115416,-0.8071,-0.2808,0.4653,-1.82,-3.89,2.81
1791083435904,115376,-0.8159,-0.2844,0.4773,-4.14,-5.42,2.18
1791083435914,115339,-0.8074,-0.2783,0.4856,-5.79,-7.86,1.4
1791083435924,115303,-0.8042,-0.2759,0.4919,-7.63,-7.6,0.7
1791083435934,115262,-0.8015,-0.2856,0.4976,-7.77,-5.88,0.02
1791083435944,115229,-0.8049,-0.2903,0.5051,-6.9,-4.11,-0.2
1791083435954,115195,-0.8215,-0.2883,0.5105,-6.47,-3.1,-0.75
1791083435964,115178,-0.8123,-0.2859,0.512,-6.96,-1.66,-1.33
1791083435974,115171,-0.8125,-0.2935,0.5215,-5.71,-0.99,-1.22
1791083435984,115170,-0.801,-0.2976,0.5151,-4.12,0.31,-1.13
1791083435994,115182,-0.8049,-0.2896,0.4998,-3.31,0.84,-0.58
1791083436004,115192,-0.8159,-0.2903,0.4993,-2.89,-1.5,0.52
1791083436014,115203,-0.8015,-0.2886,0.5046,-2.05,-3.79,1.48
1791083436024,115210,-0.8091,-0.2903,0.501,-1.51,-2.99,1.51
1791083436034,115215,-0.8123,-0.2883,0.4795,-1.66,-3.79,1.71
1791083436044,115228,-0.811,-0.2856,0.4802,-1.92,-6.06,2.15
1791083436054,115241,-0.8083,-0.2781,0.4749,-2.34,-6.72,1.97
1791083436064,115256,-0.8035,-0.2834,0.4827,-2.6,-7.1,1.74
1791083436074,115266,-0.8086,-0.2805,0.4861,-2.47,-6.89,1.5
1791083436084,115261,-0.8091,-0.2827,0.5032,-2.12,-6.09,1.15
1791083436094,115253,-0.814,-0.2832,0.5132,-1.82,-5.56,0.81
1791083436104,115242,-0.802,-0.292,0.5161,-0.92,-5.13,0.58
1791083436114,115218,-0.8215,-0.292,0.5325,0.41,-4.11,0.99
1791083436124,115186,-0.8291,-0.291,0.5315,0.79,-4.17,1.21
1791083436134,115172,-0.821,-0.2878,0.5234,0.58,-5.83,1.77
1791083436144,115160,-0.8176,-0.2847,0.512,0.55,-8.32,2.37
1791083436154,115144,-0.8101,-0.28,0.5154,-0.03,-9.57,2.81
1791083436164,115125,-0.8169,-0.2856,0.511,-1.65,-9.62,2.66
1791083436174,115103,-0.8042,-0.2815,0.5059,-3.3,-8.02,1.45
1791083436184,115079,-0.8076,-0.2888,0.5078,-4.09,-6.47,0.7
1791083436194,115052,-0.8071,-0.2917,0.5081,-2.92,-5.77,0.76
1791083436204,115037,-0.8003,-0.2886,0.5059,-1.63,-3.34,0.43
1791083436214,115022,-0.8035,-0.2935,0.5022,-1.44,-1.45,0.2
1791083436224,115005,-0.7971,-0.2949,0.5081,-1.27,-0.73,0.35
1791083436234,114985,-0.8062,-0.2866,0.5076,-0.12,-0.52,0.46
1791083436244,114978,-0.8096,-0.2856,0.5212,0.69,-0.55,0.81
1791083436254,114974,-0.8035,-0.2834,0.5181,0.85,-1.91,0.96
1791083436264,114971,-0.8044,-0.2866,0.5132,0.9,-2.9,1.39
1791083436274,114963,-0.801,-0.2856,0.51,0.24,-3.97,1.73
1791083436284,114968,-0.802,-0.2791,0.5159,-0.6,-4.61,1.73
1791083436294,114967,-0.8069,-0.2854,0.5156,-1.16,-5.53,1.51
1791083436304,114969,-0.7981,-0.2883,0.5134,-1.04,-5.79,1.19
1791083436314,114968,-0.8003,-0.2878,0.5078,-1.02,-5.69,1.31
1791083436324,114973,-0.7998,-0.2925,0.511,-0.93,-5.63,1.39
1791083436334,114968,-0.7971,-0.28,0.5161,-0.2,-4.7,1.25
1791083436344,114969,-0.7986,-0.293,0.5081,-1.6,-2.31,0.5
1791083436354,114959,-0.8,-0.2893,0.5081,-1.95,-0.67,0.09
1791083436364,114965,-0.7937,-0.291,0.501,-1.57,-0.64,0.08
1791083436374,114967,-0.8005,-0.2913,0.509,-1.28,-2.49,0.87
1791083436384,114965,-0.7939,-0.2932,0.51,-0.72,-4.31,1.37
1791083436394,114964,-0.7925,-0.2925,0.5269,-0.17,-4.61,1.56
1791083436404,114964,-0.7998,-0.2905,0.5195,0.2,-4.55,1.66
1791083436414,114961,-0.7964,-0.2944,0.5242,-0.53,-3.65,1.16
1791083436424,114971,-0.8047,-0.2954,0.5137,-1.15,-3.07,1.22
1791083436434,114967,-0.7981,-0.2905,0.5288,-0.4,-4.37,1.45
1791083436444,114973,-0.7959,-0.2893,0.5278,-0.09,-3.27,1.82
1791083436454,114981,-0.7881,-0.2949,0.5232,0.76,-0.96,1.76
1791083436464,114992,-0.7964,-0.291,0.5085,2.02,1.76,1.44
1791083436474,115012,-0.7981,-0.2886,0.5146,3.68,0.99,1.82
1791083436484,115028,-0.8047,-0.2832,0.5098,4.69,-0.93,2.32
1791083436494,115054,-0.7988,-0.28,0.5071,4.32,-3.07,2.18
1791083436504,115076,-0.7971,-0.2803,0.5078,2.2,-3.69,2.38
1791083436514,115093,-0.8005,-0.2849,0.5251,0.15,-2.6,1.85
1791083436524,115116,-0.801,-0.2886,0.531,-1.15,0.18,1.63
1791083436534,115140,-0.7969,-0.2874,0.5288,-0.58,0.81,1.94
1791083436544,115158,-0.8018,-0.2891,0.532,1.11,0.93,2.31
1791083436554,115191,-0.8008,-0.2856,0.5229,4.05,2.08,2.11
1791083436564,115225,-0.7952,-0.2832,0.5237,6.93,3.37,2.43
1791083436574,115258,-0.79,-0.2808,0.5286,7.42,6.09,2.05
1791083436584,115296,-0.812,-0.2676,0.5276,7.8,11.76,0.78
1791083436594,115332,-0.8149,-0.269,0.4824,7.02,8.31,0.82
1791083436604,115384,-0.7996,-0.2695,0.4912,4.38,4.06,1.07
1791083436614,115426,-0.8005,-0.2578,0.4854,1.05,1.15,0.38
1791083436624,115468,-0.7881,-0.2607,0.4983,-3.44,-2.15,0.06
1791083436634,115509,-0.7886,-0.27,0.5227,-7.94,1.39,-0.95
1791083436644,115536,-0.7842,-0.2588,0.5134,-9.08,4.87,-2.55
1791083436654,115576,-0.8054,-0.2825,0.4824,-9.63,5.68,-3.39
1791083436664,115613,-0.7976,-0.29,0.4851,-8.73,1.98,-2.61
1791083436674,115640,-0.8032,-0.2944,0.5066,-6.26,-1.79,-1.63
1791083436684,115676,-0.8035,-0.2971,0.5112,-3.65,-3.47,-1.4
1791083436694,115704,-0.7944,-0.2952,0.5095,-0.35,-4.02,-1.08
1791083436704,115739,-0.7961,-0.2947,0.5122,1.65,-3.85,-0.47
1791083436714,115774,-0.7998,-0.2944,0.5024,1.57,-2.61,-0.73
1791083436724,115790,-0.8062,-0.2991,0.5042,0.2,-3.28,-0.6
1791083436734,115801,-0.7954,-0.2954,0.512,-0.31,-5.18,-0.37
1791083436744,115799,-0.7949,-0.293,0.5347,-0.96,-2.93,-0.41
1791083436754,115759,-0.8037,-0.2864,0.5239,-0.4,-0.27,-0.69
1791083436764,115678,-0.8049,-0.2859,0.5366,0.7,0.05,-0.41
1791083436774,115594,-0.8127,-0.2844,0.5376,1.85,0.92,0.56
1791083436784,115497,-0.8105,-0.291,0.5332,2.09,3.54,0.15
1791083436794,115403,-0.8101,-0.2888,0.509,2.18,5.37,-0.64
1791083436804,115329,-0.8171,-0.2881,0.5007,1.89,5.47,-0.63
1791083436814,115273,-0.8169,-0.291,0.4875,0.18,1.85,-0.12
1791083436824,115214,-0.8066,-0.2908,0.4905,-1.57,-2.14,0.67
1791083436834,115180,-0.8032,-0.291,0.4983,-2.0,-4.34,1.33
1791083436844,115154,-0.8013,-0.2896,0.4961,-2.14,-5.33,1.6
1791083436854,115134,-0.8054,-0.2856,0.5044,-2.11,-6.79,2.27
1791083436864,115128,-0.8096,-0.2783,0.5562,-1.59,-6.26,1.94
1791083436874,115130,-0.811,-0.2849,0.5273,0.09,-6.69,1.86
1791083436884,115129,-0.8042,-0.2847,0.5229,-0.14,-6.87,2.03
1791083436894,115132,-0.7996,-0.2822,0.5205,-1.92,-6.56,1.63
1791083436904,115141,-0.7905,-0.2788,0.5315,-3.63,-6.12,1.18
1791083436914,115138,-0.7886,-0.2832,0.5315,-4.17,-5.04,0.72
1791083436924,115147,-0.781,-0.2834,0.5156,-4.15,-3.01,0.21
1791083436934,115160,-0.7844,-0.2893,0.4946,-4.58,-0.38,-0.18
1791083436944,115171,-0.783,-0.2935,0.4846,-6.17,3.21,-1.24
1791083436954,115192,-0.792,-0.2947,0.4775,-7.07,4.23,-1.56
1791083436964,115216,-0.792,-0.3,0.4614,-6.81,2.7,-1.1
1791083436974,115254,-0.7878,-0.2971,0.4692,-6.67,-1.37,-0.41
1791083436984,115284,-0.79,-0.2983,0.5044,-5.69,-3.31,0.21
1791083436994,115316,-0.7937,-0.2764,0.5188,-4.46,-3.94,-0.02
1791083437004,115344,-0.8005,-0.2959,0.5491,-3.63,-4.15,0.2
1791083437014,115356,-0.7988,-0.2964,0.5635,-0.85,-1.47,0.55
1791083437024,115355,-0.8047,-0.2874,0.5542,2.49,2.95,0.03
1791083437034,115347,-0.8064,-0.293,0.5344,4.38,5.42,0.23
1791083437044,115346,-0.8027,-0.29,0.5344,6.26,5.98,1.02
1791083437054,115356,-0.8149,-0.2854,0.5051,6.14,7.21,0.46
1791083437064,115370,-0.8035,-0.29,0.5005,4.47,5.04,0.26
1791083437074,115370,-0.8181,-0.2891,0.4983,3.6,2.69,0.92
1791083437084,115377,-0.8145,-0.2876,0.4971,2.47,0.58,0.73
1791083437094,115401,-0.813,-0.2871,0.4895,0.37,-1.22,0.58
1791083437104,115411,-0.8042,-0.2864,0.4749,-2.73,-2.24,0.26
1791083437114,115420,-0.8071,-0.2861,0.4949,-4.76,-2.78,-0.05
1791083437124,115449,-0.8059,-0.2935,0.5247,-5.19,-3.51,0.32
1791083437134,115455,-0.8047,-0.2942,0.542,-2.49,0.69,0.44
1791083437144,115458,-0.7959,-0.2935,0.5376,1.86,4.79,-0.14
1791083437154,115466,-0.804,-0.2942,0.5627,6.18,9.19,-0.03
1791083437164,115495,-0.8145,-0.2849,0.5513,10.69,12.53,-0.09
1791083437174,115520,-0.6116,-0.165,0.4492,11.11,12.78,-0.44
1791083437184,115567,-0.876,-0.3269,0.5161,1.89,19.07,-3.4
1791083437194,115574,-0.9026,-0.3252,0.5007,1.47,7.56,-0.34
1791083437204,115570,-0.7634,-0.2788,0.4941,0.0,-7.88,1.86
1791083437214,115592,-0.7983,-0.2678,0.4819,-7.62,-3.66,-0.81
1791083437224,115633,-0.8083,-0.2837,0.47,-8.02,-2.93,-2.32
1791083437234,115648,-0.7693,-0.2656,0.5122,-4.37,-4.82,-1.51
1791083437244,115656,-0.7979,-0.4355,0.3755,-1.45,-1.01,-2.53
1791083437254,115654,-0.8074,-0.3052,0.4727,-2.55,0.32,-4.43
1791083437264,115656,-0.7615,-0.3264,0.512,-3.18,-5.63,-6.53
1791083437274,115656,-0.7937,-0.2922,0.4949,-7.28,-6.32,-3.74
1791083437284,115641,-0.791,-0.3137,0.4768,-8.27,-7.21,-4.43
1791083437294,115646,-0.7927,-0.2815,0.5623,-10.46,-4.31,-3.92
1791083437304,115636,-0.8076,-0.2866,0.5195,-8.64,-4.35,-3.24
1791083437314,115642,-0.8098,-0.3,0.4785,-6.81,-9.07,-1.56
1791083437324,115646,-0.7988,-0.2952,0.4739,-9.68,-12.53,-1.02
1791083437334,115638,-0.7964,-0.2949,0.4895,-11.56,-13.97,-0.6
1791083437344,115630,-0.7993,-0.29,0.5,-10.66,-15.22,0.49
1791083437354,115622,-0.7834,-0.2996,0.5156,-7.98,-14.46,1.53
1791083437364,115607,-0.8093,-0.2954,0.5361,-5.91,-11.82,2.34
1791083437374,115594,-0.8118,-0.3059,0.5359,-7.69,-9.83,3.1
1791083437384,115579,-0.7998,-0.3076,0.5244,-8.31,-8.93,1.89
1791083437394,115563,-0.7952,-0.2981,0.5479,-9.22,-8.05,1.47
1791083437404,115543,-0.7954,-0.3042,0.5488,-12.0,-7.37,0.98
1791083437414,115535,-0.7939,-0.3167,0.571,-12.02,-3.02,-1.02
1791083437424,115526,-0.8108,-0.3318,0.5757,-8.61,0.08,-0.82
1791083437434,115543,-0.8108,-0.2954,0.5449,-3.19,-1.1,0.43
1791083437444,115544,-0.7729,-0.2712,0.5791,2.89,-3.27,1.19
1791083437454,115546,-0.7283,-0.2993,0.3938,9.68,-2.93,-0.09
1791083437464,115551,-0.7766,-0.3318,0.4688,-4.27,-6.08,3.11
1791083437474,115543,-0.8774,-0.3076,0.4963,2.29,-1.79,1.3
1791083437484,115548,-0.8167,-0.2976,0.5015,-1.4,-4.63,1.27
1791083437494,115571,-0.8108,-0.3359,0.5442,-2.66,-10.15,1.3
1791083437504,115565,-0.7927,-0.2986,0.583,3.24,-6.43,1.88
1791083437514,115555,0.0,0.0,0.0,0.0,0.0,0.0
1791083437524,110315,-1.6016,-0.646,1.0234,0.0,0.0,0.0
1791083437534,115587,-1.6162,-0.625,1.0229,-11.37,24.14,-34.9
1791083437544,115561,-1.6553,-0.6235,0.9248,6.47,8.5,5.74
1791083437554,115544,-1.6143,-0.6724,1.0654,12.47,8.81,6.31
1791083437564,115534,-1.6235,-0.5605,1.0654,18.95,13.57,7.37
1791083437574,115568,-1.6411,-0.5444,0.9731,14.09,5.4,5.34
1791083437584,115614,-1.5879,-0.5957,0.8525,-2.32,-6.82,2.99
1791083437594,115662,-1.5977,-0.5791,0.8672,-21.97,-7.44,2.4
1791083437604,115685,-1.6431,-0.6284,0.6953,-44.61,-10.55,2.84
1791083437614,115698,-1.6147,-0.6421,0.6011,-94.98,-31.22,-0.29
1791083437624,115700,-1.4951,-0.6938,1.2197,-107.13,-28.9,-5.19
1791083437634,115626,-1.4951,-0.6396,1.5391,-51.91,11.57,-6.7
1791083437644,115521,-1.5728,-0.6533,1.3267,5.88,28.06,-4.49
1791083437654,115466,-1.623,-0.624,1.0103,20.09,11.83,-1.08
1791083437664,115416,-1.5542,-0.6182,1.0845,12.47,11.82,-3.19
1791083437674,115343,-1.5728,-0.6821,1.062,7.74,36.92,-2.61
1791083437684,115248,-1.6328,-0.6587,0.9907,-4.41,47.69,-0.99
1791083437694,115156,-1.6094,-0.6284,1.0879,-4.61,41.25,4.12
1791083437704,115078,-1.6304,-0.623,1.0049,-2.37,18.38,3.97
1791083437714,115021,-1.7026,-0.5742,1.4053,30.29,-18.64,12.9
1791083437724,114970,-1.5239,-0.5742,1.0181,50.15,-15.69,21.33
1791083437734,114960,-1.5854,-0.626,0.96,29.5,13.34,20.23
1791083437744,114961,-1.6343,-0.6025,0.9048,25.16,8.69,12.78
1791083437754,114966,-1.5649,-0.5503,0.9004,8.0,0.26,14.49
1791083437764,114982,-1.582,-0.5859,0.8716,8.14,-6.5,11.71
1791083437774,114971,-1.5854,-0.5962,0.8594,2.41,-14.52,10.27
1791083437784,114952,-1.5864,-0.5962,0.9082,-4.09,-20.61,7.8
1791083437794,114938,-1.5752,-0.6104,0.979,5.19,-9.16,6.14
1791083437804,114922,-1.5742,-0.5981,1.0063,-2.64,-6.35,3.56
1791083437814,114909,-1.5903,-0.6104,1.0337,-5.86,-0.38,0.7
1791083437824,114890,-1.5918,-0.5962,0.9961,-8.93,-6.44,-0.47
1791083437834,114864,-1.5557,-0.5879,1.0303,-6.92,-11.36,-0.03
1791083437844,114847,-1.582,-0.5762,1.0654,-3.97,-9.08,-0.64
1791083437854,114823,-1.5928,-0.6006,1.0537,-1.01,-4.06,-2.67
1791083437864,114810,-1.6182,-0.6104,0.978,0.18,-5.66,-2.85
1791083437874,114788,-1.6187,-0.6313,0.9443,-7.21,-14.56,-1.47
1791083437884,114765,-1.5801,-0.6265,1.0059,-12.5,-11.02,-1.33
1791083437894,114754,-1.6001,-0.6455,1.0195,-12.99,-0.41,-3.15
1791083437904,114733,-1.5996,-0.6475,1.0117,-6.9,6.29,-3.56
1791083437914,114720,-1.5884,-0.6411,1.0098,2.73,9.33,-3.66
1791083437924,114694,-1.6157,-0.6211,1.0166,10.58,11.59,-3.92
1791083437934,114655,-1.6377,-0.6045,0.9771,16.6,3.05,-2.61
1791083437944,114628,-1.603,-0.5913,1.0166,15.44,-3.62,-2.15
1791083437954,114589,-1.6221,-0.6025,1.0103,8.11,-10.43,-1.48
1791083437964,114504,-1.6055,-0.5835,1.0127,-0.66,-13.59,-1.04
1791083437974,114404,-1.6143,-0.5767,1.0234,-9.47,-17.92,-1.04
1791083437984,114269,-1.6157,-0.5967,1.0493,-11.69,-24.6,-0.08
1791083437994,114017,-1.5947,-0.603,1.0791,-13.77,-20.47,0.12
1791083438004,113597,-1.5928,-0.6084,1.0713,-13.08,-11.51,-0.99
1791083438014,113008,-1.5806,-0.6035,1.0332,-8.55,-7.83,0.76
1791083438024,112442,-1.584,-0.6108,1.0151,-6.89,-7.02,1.21
1791083438034,111990,-1.5845,-0.6021,0.999,-6.85,-10.84,0.6
1791083438044,111651,-1.583,-0.606,0.9839,-10.9,-19.5,-0.52
1791083438054,111314,-1.5518,-0.5977,1.0146,-13.18,-22.85,-1.86
1791083438064,110914,-1.5381,-0.6006,1.0186,-9.48,-16.89,-3.27
1791083438074,110489,-1.5415,-0.6055,1.0532,-3.05,-11.86,-4.69
1791083438084,110137,-1.5679,-0.6035,1.0005,-1.21,-13.21,-5.44
1791083438094,109697,-1.5776,-0.6045,0.9868,-7.54,-25.33,-3.3
1791083438104,109007,-1.5635,-0.6133,1.0303,-11.88,-33.92,-2.09
1791083438114,108230,-1.5347,-0.6172,1.0684,-9.39,-31.28,-2.34
1791083438124,107378,-1.3037,-0.9443,1.2793,-13.21,-10.56,6.24
1791083438134,106514,-1.8032,-0.4316,0.9683,-0.44,-26.31,6.89
1791083438144,108914,-1.5371,-0.6694,0.9829,-2.61,-60.37,9.91
1791083438154,112771,-1.4941,-0.5723,1.1401,-2.89,-32.03,10.76
1791083438164,110025,-1.5063,-0.604,1.064,-2.24,-18.47,0.78
1791083438174,104294,-1.5386,-0.6177,1.0835,-1.07,-2.64,0.82
1791083438184,101257,-1.4761,-0.6016,1.3086,2.75,14.34,-0.92
1791083438194,100106,-1.6079,-0.6597,1.1431,11.39,22.34,-2.67
1791083438204,101771,-1.582,-0.6416,1.1045,12.96,21.07,-3.04
1791083438214,102753,-1.5801,-0.6299,1.063,8.53,17.15,-3.53
1791083438224,103886,-1.5933,-0.6348,1.0195,3.74,8.55,-2.02
1791083438234,104982,-1.5742,-0.605,1.0273,0.11,2.69,-1.22
1791083438244,106028,-1.5625,-0.6226,1.0332,1.02,4.11,-1.31
1791083438254,107003,-1.5659,-0.6245,1.0688,2.63,11.27,-1.08
1791083438264,108102,-1.5605,-0.6465,1.0747,6.35,20.43,-2.63
1791083438274,109442,-1.5332,-0.6221,1.0815,8.27,30.14,-4.06
1791083438284,110835,-1.584,-0.6602,1.0767,16.15,35.54,-2.26
1791083438294,112052,-1.5625,-0.5796,1.0142,22.52,31.53,-2.9
1791083438304,112853,-1.582,-0.6445,1.0059,20.17,30.82,-2.14
1791083438314,113299,-1.585,-0.6187,0.9814,12.75,25.45,-2.96
1791083438324,113428,-1.6021,-0.6255,0.9697,3.66,20.89,-2.89
1791083438334,113361,-1.584,-0.6221,0.958,-4.58,13.21,-3.25
1791083438344,113237,-1.5884,-0.6079,0.9731,-7.95,5.4,-2.6
1791083438354,113077,-1.5806,-0.6113,1.0347,-4.12,2.2,0.09
1791083438364,112930,-1.5396,-0.6152,1.0947,6.34,11.31,1.86
1791083438374,112800,-1.5791,-0.6104,1.0825,8.21,17.56,2.53
1791083438384,112682,-1.6099,-0.6064,1.041,15.04,19.02,1.54
1791083438394,112605,-1.6416,-0.6123,1.0356,17.71,10.84,1.27
1791083438404,112538,-1.564,-0.6045,1.0049,14.09,7.73,2.29
1791083438414,112492,-1.5703,-0.6104,0.9946,9.04,12.44,1.57
1791083438424,112461,-1.6001,-0.6211,0.9805,1.54,18.35,1.3
1791083438434,112426,-1.5752,-0.6162,0.9731,-2.56,17.69,-1.94
1791083438444,112390,-1.5781,-0.5991,1.0039,-3.98,18.06,-2.89
1791083438454,112379,-1.5977,-0.6094,0.9873,-3.62,17.44,-4.35
1791083438464,112381,-1.6021,-0.6143,0.958,-3.42,10.4,-4.76
1791083438474,112384,-1.5869,-0.627,0.9839,-1.36,3.08,-3.1
1791083438484,112370,-1.5742,-0.6201,0.9771,-0.14,0.41,-2.09
1791083438494,112356,-1.5513,-0.6191,0.9878,-1.21,4.41,-3.74
1791083438504,112330,-1.5732,-0.6187,0.9985,-6.09,5.83,-5.69
1791083438514,112305,-1.5732,-0.6367,1.0093,-10.82,6.72,-6.06
1791083438524,112226,-1.5981,-0.6377,1.0029,-11.98,4.15,-5.92
1791083438534,112102,-1.5801,-0.6304,0.9805,-11.1,-4.32,-4.29
1791083438544,111907,-1.6445,-0.6504,1.0303,-8.24,-8.03,-0.14
1791083438554,111684,-1.5898,-0.6431,1.0225,0.99,-5.1,-1.73
1791083438564,111486,-1.5825,-0.6362,1.0078,4.41,1.28,0.44
1791083438574,111330,-1.604,-0.6411,1.0161,11.24,4.87,0.87
1791083438584,111223,-1.5806,-0.6211,1.0059,17.6,8.99,2.31
1791083438594,111155,-1.5811,-0.6191,1.0161,17.79,14.96,4.06
1791083438604,111102,-1.6084,-0.6069,1.0103,15.89,17.11,3.11
1791083438614,111085,-1.6396,-0.623,0.9814,12.23,10.41,2.34
1791083438624,111095,-1.6221,-0.6118,0.9834,3.74,3.34,2.63
1791083438634,111118,-1.6094,-0.6094,0.9951,-1.11,0.69,2.5
1791083438644,111148,-1.6226,-0.6069,1.0039,-4.17,0.29,2.03
1791083438654,111196,-1.6084,-0.6021,1.0332,-0.93,-0.41,3.33
1791083438664,111256,-1.6079,-0.582,1.0312,3.33,2.46,2.96
1791083438674,111311,-1.6045,-0.6274,1.0044,6.89,7.77,0.29
1791083438684,111402,-1.6343,-0.6143,0.9697,11.92,6.66,1.19
1791083438694,111476,-1.6157,-0.5928,0.9663,13.77,6.23,1.51
1791083438704,111530,-1.6206,-0.5933,0.9355,10.67,5.65,0.82
1791083438714,111574,-1.6123,-0.6011,0.9331,6.0,-2.55,1.44
1791083438724,111609,-1.6172,-0.6196,0.9458,0.92,-10.31,1.66
1791083438734,111631,-1.5894,-0.6157,0.9829,-1.94,-6.12,0.9
1791083438744,111648,-1.6035,-0.606,0.9673,-7.71,-5.08,-0.99
1791083438754,111652,-1.6016,-0.6206,0.9985,-11.66,-3.62,-2.35
1791083438764,111671,-1.605,-0.6172,1.0347,-10.2,-0.82,-3.37
1791083438774,111681,-1.6099,-0.6138,1.0273,-6.2,1.28,-3.11
1791083438784,111694,-1.623,-0.6128,1.0405,1.15,2.41,-3.42
1791083438794,111687,-1.6187,-0.6113,1.0137,4.58,0.32,-2.9
1791083438804,111669,-1.5996,-0.6108,1.0083,7.45,-1.04,-3.04
1791083438814,111623,-1.5991,-0.6094,0.9775,7.05,-2.43,-1.97
1791083438824,111562,-1.5962,-0.6123,1.0107,6.64,-3.69,0.84
1791083438834,111494,-1.6123,-0.606,0.9766,4.87,-3.05,1.83
1791083438844,111441,-1.5962,-0.6191,0.9751,-0.93,-5.02,2.69
1791083438854,111407,-1.6021,-0.6187,0.9648,-1.51,-5.69,2.95
1791083438864,111389,-1.5942,-0.5908,0.9561,-2.26,-8.27,2.92
1791083438874,111374,-1.6099,-0.6201,0.9688,-5.53,-11.01,4.69
1791083438884,111386,-1.5986,-0.6255,0.9766,-4.03,-9.19,3.28
1791083438894,111393,-1.6152,-0.6333,1.0171,-4.67,-4.95,1.89
1791083438904,111414,-1.604,-0.6436,1.0264,-5.04,-1.86,0.43
1791083438914,111437,-1.5967,-0.6274,1.022,-3.42,3.27,-0.64
1791083438924,111459,-1.605,-0.6377,1.0132,-2.03,3.79,-1.34
1791083438934,111485,-1.6152,-0.6191,0.999,-0.89,-1.3,0.56
1791083438944,111519,-1.6079,-0.6123,0.998,-0.15,-3.82,1.11
1791083438954,111548,-1.6089,-0.6172,0.9844,0.24,-4.69,1.4
1791083438964,111573,-1.5942,-0.6167,0.9629,1.24,-6.53,1.45
1791083438974,111600,-1.5981,-0.6113,0.9897,-1.07,-4.26,1.6
1791083438984,111629,-1.5894,-0.6167,0.9746,-2.92,-0.63,0.0
1791083438994,111644,-1.6021,-0.5972,0.9897,-3.95,2.78,-0.72
1791083439004,111673,-1.5957,-0.6128,1.0059,-2.9,2.23,0.03
1791083439014,111695,-1.6001,-0.5952,1.0142,-1.65,5.16,-0.17
1791083439024,111733,-1.6147,-0.6123,0.9844,-0.95,1.88,-0.43
1791083439034,111754,-1.603,-0.6094,0.9946,-2.78,-3.25,-0.12
1791083439044,111775,-1.6064,-0.6152,0.9922,-5.18,-3.59,-0.6
1791083439054,111790,-1.5835,-0.6118,1.0244,-4.02,0.12,-0.56
1791083439064,111803,-1.5996,-0.6191,1.0312,0.61,4.12,-1.56
1791083439074,111815,-1.6172,-0.624,0.9873,2.64,4.21,-0.64
1791083439084,111842,-1.6064,-0.6167,0.9604,1.11,-1.53,0.67
1791083439094,111868,-1.5889,-0.6191,0.9663,-0.2,-5.01,0.89
1791083439104,111896,-1.5894,-0.6182,0.9766,0.41,-2.95,0.67
1791083439114,111907,-1.5981,-0.6099,0.981,1.69,-1.02,-0.02
1791083439124,111911,-1.6006,-0.605,0.9688,-0.46,-3.37,-1.45
1791083439134,111901,-1.5967,-0.605,0.9878,-3.66,-7.08,-1.27
1791083439144,111896,-1.6001,-0.6187,1.0234,-7.89,-6.38,-1.8
1791083439154,111885,-1.5996,-0.6143,1.0239,-9.34,0.05,-4.75
1791083439164,111890,-1.6128,-0.6362,0.9912,-9.13,-0.53,-3.31
1791083439174,111898,-1.6167,-0.6206,1.0005,-9.53,-4.92,-1.63
1791083439184,111892,-1.6055,-0.6416,1.0195,-7.15,-2.72,-1.24
1791083439194,111905,-1.5947,-0.6436,1.0234,-0.98,3.6,-1.3
1791083439204,111907,-1.5962,-0.6406,1.0005,6.06,5.95,0.41
1791083439214,111913,-1.6001,-0.6348,0.9922,10.64,5.57,2.09
1791083439224,111931,-1.5913,-0.6226,1.0103,13.24,4.06,2.75
1791083439234,111949,-1.6069,-0.6191,0.9771,9.92,4.5,2.58
1791083439244,111975,-1.5977,-0.6001,0.9648,7.76,3.86,2.4
1791083439254,112016,-1.6021,-0.6045,0.9478,3.69,-1.31,1.57
1791083439264,112039,-1.5933,-0.585,0.9678,-1.68,-6.14,1.19
1791083439274,112064,-1.5981,-0.6089,0.9707,-4.76,-6.14,-0.2
1791083439284,112094,-1.6055,-0.6094,0.9761,-5.62,-7.28,-0.95
1791083439294,112110,-1.5879,-0.6157,0.9683,-4.37,-8.18,-0.72
1791083439304,112126,-1.5952,-0.6235,0.9844,-4.96,-6.23,-0.03
1791083439314,112131,-1.6089,-0.6416,0.9834,-3.53,-6.24,-0.21
1791083439324,112136,-1.5889,-0.6348,1.0205,-0.27,-2.84,-1.3
1791083439334,112144,-1.5972,-0.646,1.0205,2.92,0.0,-1.77
1791083439344,112141,-1.5938,-0.6392,1.0068,1.94,0.5,-2.21
1791083439354,112123,-1.606,-0.6299,0.9976,-3.42,-0.34,-3.07
1791083439364,112066,-1.6006,-0.6353,0.9907,-6.12,-1.04,-3.83
1791083439374,111949,-1.5952,-0.6284,1.001,-7.56,-1.19,-3.3
1791083439384,111788,-1.6006,-0.6436,0.9771,-7.73,3.94,-3.3
1791083439394,111610,-1.6108,-0.6343,0.9946,-3.86,3.24,-1.42
1791083439404,111465,-1.6123,-0.6372,1.0054,1.08,0.5,1.86
1791083439414,111323,-1.6196,-0.6367,0.9922,5.6,-1.69,3.88
1791083439424,111206,-1.6113,-0.6323,1.0073,9.42,-2.35,4.37
1791083439434,111119,-1.6172,-0.6201,1.0068,7.62,-2.03,3.57
1791083439444,111051,-1.606,-0.6387,0.9883,6.87,-0.96,3.39
1791083439454,111001,-1.6084,-0.6201,1.084,10.17,1.62,-0.7
1791083439464,110966,-1.6138,-0.623,0.9932,5.39,-6.69,2.21
1791083439474,110917,-1.5752,-0.6255,0.9902,0.0,-4.61,1.24
1791083439484,110905,-1.5957,-0.6177,0.9771,-3.92,0.72,-0.2
1791083439494,110916,-1.5864,-0.6177,0.9556,-7.91,-0.85,-0.47
1791083439504,110934,-1.5986,-0.6289,0.9766,-10.31,-2.84,-0.92
1791083439514,110967,-1.6108,-0.6411,1.0,-10.43,-4.41,-0.38
1791083439524,111014,-1.6001,-0.6353,1.0142,-8.09,-5.68,0.23
1791083439534,111052,-1.584,-0.6597,0.9863,-3.65,-5.28,1.63
1791083439544,111083,-1.5913,-0.645,0.9785,-2.02,-2.67,1.95
1791083439554,111111,-1.5908,-0.6343,0.9756,-1.54,-2.93,2.17
1791083439564,111135,-1.585,-0.6333,0.9922,-0.05,-2.32,2.37
1791083439574,111169,-1.5674,-0.625,0.9976,-1.19,-0.11,1.37
1791083439584,111212,-1.5957,-0.6333,0.999,-0.32,0.47,0.46
1791083439594,111254,-1.5986,-0.6313,0.9888,-0.15,-2.08,0.78
1791083439604,111296,-1.604,-0.6299,0.981,-1.04,-7.74,0.89
1791083439614,111320,-1.5889,-0.6294,0.9956,-2.82,-8.0,-0.64
1791083439624,111331,-1.6001,-0.6279,0.9634,-4.05,-6.44,-0.34
1791083439634,111303,-1.5928,-0.6172,0.9795,-5.6,-9.73,0.0
1791083439644,111268,-1.5879,-0.6372,1.0117,-3.76,-11.56,0.44
1791083439654,111218,-1.6016,-0.6357,1.0015,-1.51,-7.01,0.09
1791083439664,111171,-1.6001,-0.6299,0.998,-0.89,-2.03,0.84
1791083439674,111123,-1.5942,-0.6328,0.9932,-0.82,0.43,0.0
1791083439684,111077,-1.6143,-0.6348,1.0229,-4.06,5.54,-1.77
1791083439694,111049,-1.6123,-0.6343,1.0186,-3.66,4.46,-1.54
1791083439704,111034,-1.6001,-0.6362,1.0029,-1.44,2.02,0.2
1791083439714,111023,-1.5977,-0.6465,1.0,-0.02,1.88,0.84
1791083439724,111012,-1.6025,-0.6499,1.0024,-0.63,2.34,-0.18
1791083439734,111028,-1.6011,-0.6431,0.9995,-0.82,0.64,0.58
1791083439744,111044,-1.6006,-0.6499,0.9702,-0.53,-2.87,1.65
1791083439754,111063,-1.5986,-0.6382,0.9619,2.17,-4.03,1.4
1791083439764,111094,-1.5981,-0.644,0.9819,2.72,-2.95,1.48
1791083439774,111116,-1.5913,-0.6304,0.9697,2.79,-4.44,3.24
1791083439784,111139,-1.5752,-0.625,0.9507,-1.11,-3.07,3.15
1791083439794,111157,-1.5879,-0.6318,0.959,-5.51,-1.42,1.33
1791083439804,111184,-1.5913,-0.6182,0.9595,-9.56,-6.35,1.02
1791083439814,111215,-1.5981,-0.6235,0.9697,-11.11,-9.98,1.48
1791083439824,111253,-1.6001,-0.6274,1.0352,-9.47,-6.43,1.8
1791083439834,111282,-1.5981,-0.6475,1.0479,-4.92,-1.73,0.99
1791083439844,111319,-1.5991,-0.647,1.0571,0.05,1.5,1.42
1791083439854,111352,-1.5845,-0.644,1.0508,3.18,6.99,1.25
1791083439864,111390,-1.6035,-0.6436,1.021,3.77,7.19,1.47
1791083439874,111425,-1.5933,-0.6382,1.0059,2.66,3.86,2.44
1791083439884,111466,-1.5845,-0.6245,0.9746,2.18,1.51,1.59
1791083439894,111506,-1.5981,-0.6318,0.9614,0.78,0.81,0.87
1791083439904,111542,-1.5913,-0.6309,0.9282,-3.34,-3.77,0.96
1791083439914,111555,-1.5962,-0.6313,0.9395,-6.72,-6.2,1.24
1791083439924,111575,-1.5947,-0.6372,0.9541,-7.39,-7.31,0.76
1791083439934,111587,-1.5972,-0.6309,0.9595,-6.24,-8.43,1.19
1791083439944,111586,-1.584,-0.6436,0.9819,-5.18,-6.98,2.96
1791083439954,111570,-1.5728,-0.6382,1.0186,-2.72,1.82,2.21
1791083439964,111576,-1.5811,-0.6475,1.0347,0.95,8.53,1.39
1791083439974,111583,-1.6025,-0.6294,1.0537,6.14,7.36,2.4
1791083439984,111603,-1.6069,-0.6396,1.0415,8.66,5.66,4.08
1791083439994,111629,-1.6064,-0.646,1.0249,8.64,2.81,4.24
1791083440004,111648,-1.6113,-0.6421,0.98,5.69,0.41,4.02
1791083440014,111663,-1.6001,-0.6416,0.9712,0.6,-0.29,2.64
1791083440024,111674,-1.5898,-0.644,0.9795,-3.73,-0.75,1.45
1791083440034,111679,-1.5933,-0.6431,0.9844,-5.63,-0.03,1.94
1791083440044,111678,-1.5967,-0.6279,1.0044,-3.57,2.78,1.34
1791083440054,111693,-1.5996,-0.627,0.9839,0.02,5.45,0.81
1791083440064,111719,-1.5947,-0.6221,0.9746,4.82,1.63,2.05
1791083440074,111743,-1.5996,-0.6201,0.9741,5.73,-0.29,2.81
1791083440084,111769,-1.5967,-0.6235,0.9458,3.85,-0.75,2.55
1791083440094,111801,-1.5967,-0.6372,0.9565,1.39,-4.37,3.28
1791083440104,111824,-1.5776,-0.6338,0.9712,-1.05,-4.9,3.47
1791083440114,111850,-1.5869,-0.6367,0.9751,-4.35,-4.03,2.05
1791083440124,111890,-1.5986,-0.647,0.9878,-7.95,-3.73,0.32
1791083440134,111919,-1.5913,-0.6362,1.0259,-6.93,-5.34,-0.29
1791083440144,111916,-1.5908,-0.6318,1.0132,-3.25,-5.24,-0.08
1791083440154,111851,-1.5977,-0.6377,1.0156,-0.46,-0.26,-0.5
1791083440164,111724,-1.5942,-0.647,0.98,1.04,0.11,0.08
1791083440174,111560,-1.606,-0.6299,0.9668,3.25,-0.35,1.66
1791083440184,111389,-1.6084,-0.645,0.9922,3.22,0.32,2.81
1791083440194,111220,-1.6045,-0.6284,1.0034,2.73,2.47,3.68
1791083440204,111075,-1.6084,-0.625,1.0088,1.86,3.66,3.37
1791083440214,110948,-1.6172,-0.6191,0.9966,0.78,2.89,3.82
1791083440224,110849,-1.5981,-0.6216,0.9878,0.27,0.29,3.33
1791083440234,110765,-1.5977,-0.6162,0.9907,-0.32,-0.29,3.37
1791083440244,110712,-1.6025,-0.6265,0.9805,-1.42,0.49,3.07
1791083440254,110673,-1.6133,-0.6328,0.9536,-3.45,-3.92,3.05
1791083440264,110660,-1.6143,-0.6255,0.9722,-3.36,-6.55,3.97
1791083440274,110659,-1.5913,-0.6265,0.9912,-4.75,-4.43,4.05
1791083440284,110680,-1.5884,-0.6274,0.9824,-5.02,-1.22,3.79
1791083440294,110715,-1.5986,-0.6455,0.9941,-2.72,-2.35,3.69
1791083440304,110760,-1.5869,-0.6206,1.0381,0.41,2.6,2.53
1791083440314,110807,-1.5977,-0.6196,1.0132,4.15,6.64,2.21
1791083440324,110851,-1.6069,-0.6216,0.981,7.27,6.43,2.18
1791083440334,110895,-1.6152,-0.6123,0.9849,8.79,5.16,2.0
1791083440344,110935,-1.6108,-0.6289,0.9863,6.27,4.44,1.47
1791083440354,110973,-1.6128,-0.6309,0.9639,4.24,1.82,1.3
1791083440364,111019,-1.604,-0.6084,0.9639,0.24,-1.39,1.91
1791083440374,111058,-1.6177,-0.6167,0.9409,-2.82,-4.26,1.88
1791083440384,111095,-1.6094,-0.6162,0.979,-5.37,-6.66,2.37
1791083440394,111131,-1.5928,-0.6235,0.9639,-5.92,-3.51,1.5
1791083440404,111157,-1.5928,-0.6177,0.9761,-4.37,0.98,0.34
1791083440414,111167,-1.6045,-0.6221,0.9878,-2.82,3.91,0.37
1791083440424,111170,-1.6235,-0.6235,1.0029,-0.66,2.49,0.64
1791083440434,111154,-1.6094,-0.6348,1.001,0.52,3.53,3.31
1791083440444,111143,-1.6396,-0.603,0.9995,0.12,-0.43,1.22
1791083440454,111134,-1.6147,-0.6211,0.9927,-1.65,-3.45,1.54
1791083440464,111114,-1.6167,-0.6182,0.9839,-4.41,-3.1,1.6
1791083440474,111080,-1.6152,-0.6245,0.9448,-6.89,-2.79,0.46
1791083440484,111047,-1.6069,-0.624,0.9575,-8.82,-3.8,0.43
1791083440494,111019,-1.5962,-0.6265,0.9756,-7.91,-2.15,0.67
1791083440504,110994,-1.6099,-0.6382,0.9717,-2.05,-1.85,1.83
1791083440514,110959,-1.6045,-0.6206,0.9912,1.77,-3.01,3.27
1791083440524,110948,-1.5967,-0.6196,1.0015,4.37,-1.47,2.55
1791083440534,110947,-1.6118,-0.6182,1.0132,4.44,-2.05,3.02
1791083440544,110951,-1.5874,-0.6025,1.0,-1.01,-3.24,1.65
1791083440554,110968,-1.5879,-0.6304,0.9795,-4.11,-0.58,1.13
1791083440564,111004,-1.605,-0.6313,1.0039,-6.18,1.47,0.41
1791083440574,111051,-1.5986,-0.6436,1.0215,-2.82,3.08,-0.23
1791083440584,111108,-1.6011,-0.6255,1.0083,-0.31,4.0,-0.6
1791083440594,111160,-1.6162,-0.6167,0.9893,2.21,1.34,-0.11
1791083440604,111213,-1.5747,-0.6113,0.9722,5.1,0.12,1.48
1791083440614,111268,-1.5771,-0.6118,0.96,5.68,3.08,0.56
1791083440624,111321,-1.604,-0.6055,0.9326,7.07,2.41,0.61
1791083440634,111360,-1.604,-0.6084,0.9282,2.41,-0.76,-0.17
1791083440644,111396,-1.6001,-0.6245,0.9424,-3.25,-3.33,0.21
1791083440654,111434,-1.5991,-0.6265,0.958,-3.95,-4.32,0.66
1791083440664,111467,-1.6143,-0.6235,0.9883,-3.97,-6.14,1.57
1791083440674,111511,-1.6235,-0.6401,0.9619,-5.21,-8.99,1.1
1791083440684,111544,-1.603,-0.6479,0.9844,-4.47,-9.74,1.42
1791083440694,111571,-1.5869,-0.6426,1.0073,-3.37,-4.63,0.12
1791083440704,111589,-1.5938,-0.6362,0.9985,-1.8,1.21,-1.21
1791083440714,111599,-1.627,-0.6416,0.9971,-0.84,1.74,-0.75
1791083440724,111628,-1.6274,-0.6411,0.9868,-1.05,0.78,-0.87
1791083440734,111647,-1.6108,-0.6279,0.9897,-1.68,0.98,-1.27
1791083440744,111670,-1.605,-0.624,0.9912,1.4,1.11,-0.43
1791083440754,111690,-1.6172,-0.6348,0.9648,4.47,0.92,0.92
1791083440764,111700,-1.6025,-0.6172,0.9634,5.97,-0.02,1.48
1791083440774,111723,-1.6035,-0.6235,0.9805,4.24,0.66,1.4
1791083440784,111741,-1.6099,-0.6133,0.9712,1.73,-1.05,0.43
1791083440794,111769,-1.6069,-0.6094,0.9551,-2.32,-2.66,0.14
1791083440804,111786,-1.6006,-0.6191,0.9492,-6.29,-3.71,0.03
1791083440814,111814,-1.604,-0.605,0.9688,-9.21,-8.41,0.58
1791083440824,111831,-1.6064,-0.6201,0.9668,-9.56,-10.79,2.11
1791083440834,111841,-1.6108,-0.6411,0.9902,-6.96,-7.92,1.33
1791083440844,111865,-1.606,-0.6396,0.9741,-6.58,-6.06,1.22
1791083440854,111885,-1.6104,-0.6382,0.9751,-6.09,-6.9,1.16
1791083440864,111905,-1.5908,-0.6475,0.9966,-4.35,-6.35,0.23
1791083440874,111935,-1.5874,-0.6436,1.002,-1.36,-3.05,-0.24
1791083440884,111961,-1.6099,-0.647,0.9707,-1.24,-1.92,-0.41
1791083440894,111991,-1.5928,-0.6401,1.0005,0.08,-1.82,-1.07
1791083440904,112017,-1.6084,-0.6396,1.0049,1.97,-1.74,-1.34
1791083440914,111994,-1.6143,-0.6562,0.9688,3.02,-1.4,0.21
1791083440924,111924,-1.5898,-0.6396,0.9971,4.61,2.09,0.02
1791083440934,111779,-1.6011,-0.6348,0.9692,5.42,2.73,0.31
1791083440944,111619,-1.6162,-0.6304,0.9712,2.5,-0.84,2.08
1791083440954,111447,-1.6118,-0.6353,0.9624,-1.79,-3.73,2.31
1791083440964,111294,-1.6108,-0.6265,0.9521,-4.89,-4.87,2.23
1791083440974,111159,-1.606,-0.6426,0.9751,-6.0,-6.7,2.02
1791083440984,111036,-1.5986,-0.6416,0.9937,-5.28,-5.4,2.38
1791083440994,110937,-1.6064,-0.646,1.0063,-4.78,-4.11,2.21
1791083441004,110866,-1.6113,-0.6465,1.001,-4.4,-4.47,2.35
1791083441014,110828,-1.6025,-0.6387,1.0005,-0.24,-4.0,2.55
1791083441024,110818,-1.5859,-0.6372,1.0088,1.76,0.14,1.71
1791083441034,110814,-1.6138,-0.6406,0.9692,1.44,0.84,1.44
1791083441044,110848,-1.5933,-0.6353,0.9629,-0.34,-0.29,-0.06
1791083441054,110879,-1.5781,-0.6357,0.9707,-0.49,-1.66,0.66
1791083441064,110922,-1.5967,-0.6396,0.9966,-0.32,-0.98,0.21
1791083441074,110966,-1.6055,-0.6294,0.9653,-2.99,-3.01,0.03
1791083441084,111002,-1.5928,-0.6289,0.9976,-3.56,-2.0,0.92
1791083441094,111047,-1.6006,-0.6377,1.0137,-1.53,0.29,0.73
1791083441104,111092,-1.6025,-0.6299,0.9795,-1.13,1.3,1.3
1791083441114,111138,-1.6025,-0.6396,0.9668,-2.08,-3.68,1.83
1791083441124,111186,-1.5981,-0.6343,0.9712,-2.44,-6.53,2.67
1791083441134,111218,-1.5913,-0.6489,0.9956,-2.85,-4.85,2.44
1791083441144,111261,-1.6016,-0.6631,0.9995,-1.8,-1.27,1.39
1791083441154,111307,-1.6055,-0.6445,0.9873,0.03,-1.1,1.05
1791083441164,111350,-1.5952,-0.6514,0.9834,3.22,-2.99,1.77
1791083441174,111384,-1.603,-0.6357,0.9932,4.84,-1.79,0.46
1791083441184,111400,-1.6021,-0.6343,0.9736,2.85,2.12,-0.92
1791083441194,111387,-1.5933,-0.6274,0.9702,5.19,5.15,-1.22
1791083441204,111360,-1.5986,-0.6284,0.9731,4.14,6.34,0.0
1791083441214,111327,-1.6279,-0.6167,0.9575,1.48,1.21,1.16
1791083441224,111299,-1.6099,-0.6138,0.9556,-4.11,-4.49,2.66
1791083441234,111259,-1.6143,-0.6157,0.9888,-7.21,-8.31,2.98
1791083441244,111221,-1.6108,-0.6279,1.002,-7.62,-9.4,4.05
1791083441254,111198,-1.6118,-0.6362,1.0161,-7.63,-6.75,3.73
1791083441264,111182,-1.5962,-0.6421,1.0088,-7.28,-4.56,2.7
1791083441274,111171,-1.6001,-0.6377,0.9971,-3.82,-4.75,3.04
1791083441284,111168,-1.5889,-0.6328,1.002,-1.8,-4.5,2.5
1791083441294,111183,-1.5811,-0.6548,0.9663,-1.37,-0.78,1.01
1791083441304,111207,-1.5928,-0.6445,0.9741,-2.27,1.28,-0.81
1791083441314,111235,-1.5962,-0.645,0.9746,-2.53,0.92,-1.63
1791083441324,111286,-1.5918,-0.6528,0.9497,-1.24,2.09,-2.66
1791083441334,111333,-1.6118,-0.6265,0.9741,-0.96,0.64,-1.83
1791083441344,111377,-1.6011,-0.6309,1.0024,-0.23,-0.08,0.21
1791083441354,111417,-1.6001,-0.6274,0.9902,2.23,-1.01,1.74
1791083441364,111466,-1.5933,-0.6333,0.9756,4.46,-0.5,1.53
1791083441374,111511,-1.5908,-0.6279,0.9956,5.33,1.82,3.36
1791083441384,111563,-1.5957,-0.6299,0.9834,3.42,2.72,3.07
1791083441394,111613,-1.5942,-0.6333,0.9609,1.25,0.66,1.68
1791083441404,111668,-1.603,-0.6411,0.9717,-0.78,-1.36,1.21
1791083441414,111720,-1.604,-0.6431,0.9741,-4.41,-3.73,0.47
1791083441424,111769,-1.5889,-0.6504,0.9629,-5.97,-5.56,-0.49
1791083441434,111809,-1.6011,-0.6401,0.9854,-6.52,-5.48,0.35
1791083441444,111831,-1.6001,-0.6392,0.9829,-4.9,-3.88,-0.31
1791083441454,111864,-1.6021,-0.6396,0.9863,-2.35,-0.24,0.17
1791083441464,111881,-1.6069,-0.6309,0.9932,2.69,0.05,1.33
1791083441474,111890,-1.6021,-0.6318,0.9902,4.99,-0.38,1.66
1791083441484,111901,-1.605,-0.6396,0.9697,6.24,0.11,2.87
1791083441494,111912,-1.6128,-0.6235,0.9893,4.79,0.12,4.14
1791083441504,111921,-1.6006,-0.6372,0.9712,2.35,-2.18,4.26
1791083441514,111926,-1.5952,-0.6348,0.9785,-1.89,-3.94,5.07
1791083441524,111939,-1.5923,-0.6343,0.9878,-3.74,-3.88,3.51
1791083441534,111951,-1.5908,-0.6255,0.9805,-4.81,-2.55,2.21
1791083441544,111972,-1.6069,-0.6304,0.9844,-4.05,-1.69,0.82
1791083441554,111989,-1.5962,-0.6357,0.9658,-3.83,-2.66,-0.58
1791083441564,112015,-1.5957,-0.626,0.9468,-5.56,-2.53,-2.29
1791083441574,112037,-1.5967,-0.6479,0.9258,-7.69,-3.88,-2.43
1791083441584,112044,-1.5918,-0.6567,0.9438,-7.82,-4.76,-2.12
1791083441594,112061,-1.6001,-0.6562,0.96,-8.66,-7.92,-0.63
1791083441604,112074,-1.6001,-0.6592,0.98,-7.39,-9.57,-0.98
1791083441614,112085,-1.6055,-0.6562,1.0132,-3.88,-7.44,-0.53
1791083441624,112067,-1.5991,-0.6514,1.0156,-0.35,-4.24,0.52
1791083441634,112012,-1.5962,-0.6499,1.019,3.66,1.08,-0.02
1791083441644,111915,-1.6021,-0.6392,1.0278,5.34,5.66,-0.34
1791083441654,111754,-1.6216,-0.6465,1.0044,5.59,4.64,-0.81
1791083441664,111585,-1.6172,-0.6538,0.9912,5.13,0.9,2.02
1791083441674,111410,-1.6191,-0.6377,0.9658,2.31,-3.37,2.46
1791083441684,111248,-1.6162,-0.645,0.9673,-1.59,-6.18,3.13
1791083441694,111110,-1.6055,-0.6455,0.9854,-3.88,-5.8,3.31
1791083441704,110994,-1.6025,-0.6343,0.9824,-4.87,-5.94,3.5
1791083441714,110897,-1.5874,-0.6421,1.0059,-3.39,-2.99,2.4
1791083441724,110837,-1.6021,-0.6377,0.9849,-1.59,-1.24,2.76
1791083441734,110798,-1.5908,-0.6406,0.9858,0.9,-2.73,2.43
1791083441744,110795,-1.5737,-0.6479,0.9873,2.72,-2.61,3.5
1791083441754,110806,-1.5933,-0.6353,0.9795,1.42,-2.82,2.85
1791083441764,110836,-1.6001,-0.646,0.9736,-0.92,-4.96,2.58
1791083441774,110879,-1.5796,-0.6465,0.9829,-3.13,-6.44,3.3
1791083441784,110924,-1.5757,-0.645,0.9917,-3.39,-4.38,2.38
1791083441794,110972,-1.5864,-0.6396,0.9961,-3.28,-2.5,2.47
1791083441804,111014,-1.5986,-0.6465,0.9844,-0.52,-2.95,3.5
1791083441814,111049,-1.5811,-0.6406,0.9878,1.88,-3.63,4.76
1791083441824,111081,-1.5898,-0.6421,0.9888,3.76,-0.18,4.52
1791083441834,111108,-1.6016,-0.6392,0.9727,3.33,-1.76,4.64
1791083441844,111150,-1.5908,-0.6465,0.9883,3.88,-2.34,4.31
1791083441854,111200,-1.6016,-0.644,0.9893,2.78,-3.15,4.06
1791083441864,111252,-1.6118,-0.6338,0.981,4.75,-4.52,4.7
1791083441874,111306,-1.5977,-0.6265,1.0254,5.73,-4.27,3.44
1791083441884,111345,-1.5933,-0.6304,0.9951,6.15,-0.84,1.53
1791083441894,111356,-1.5923,-0.6147,0.9897,7.45,1.59,1.15
1791083441904,111347,-1.5913,-0.6104,0.9824,6.38,1.48,1.47
1791083441914,111333,-1.6138,-0.6138,0.9707,0.95,1.05,0.73
1791083441924,111304,-1.6182,-0.6113,0.9658,-4.37,-3.76,1.22
1791083441934,111269,-1.6113,-0.6128,0.978,-7.39,-4.56,0.55
1791083441944,111230,-1.6152,-0.6328,0.9829,-8.46,-3.85,0.23
1791083441954,111195,-1.6157,-0.6226,0.9966,-7.68,-3.68,1.11
1791083441964,111145,-1.6128,-0.6299,1.0039,-5.05,-3.56,2.05
1791083441974,111105,-1.6016,-0.623,1.0015,-1.15,-1.8,2.9
1791083441984,111086,-1.6045,-0.6138,0.9824,-0.7,-1.1,2.61
1791083441994,111068,-1.6099,-0.6382,0.9697,-1.3,-3.82,1.48
1791083442004,111068,-1.6069,-0.645,0.979,-2.95,-3.92,2.89
1791083442014,111086,-1.5952,-0.6411,0.9941,-2.21,-1.54,1.95
1791083442024,111111,-1.6157,-0.6338,1.0098,-1.74,1.51,0.63
1791083442034,111142,-1.6035,-0.6382,1.0039,-0.12,-0.37,1.15
1791083442044,111175,-1.606,-0.625,1.001,-0.82,0.27,0.46
1791083442054,111208,-1.5947,-0.6216,0.98,-1.56,0.64,-0.81
1791083442064,111240,-1.6025,-0.6172,0.96,-1.37,-0.05,-0.34
1791083442074,111267,-1.6069,-0.6245,0.9844,-0.56,-2.03,0.31
1791083442084,111301,-1.6045,-0.6255,0.9697,-1.27,-3.71,-0.06
1791083442094,111329,-1.5923,-0.6367,0.9834,-1.62,-4.99,1.22
1791083442104,111342,-1.5967,-0.6353,0.978,-1.8,-6.09,2.05
1791083442114,111350,-1.5869,-0.6328,0.9878,-2.63,-7.18,2.6
1791083442124,111376,-1.5757,-0.6357,0.9844,-4.27,-4.58,0.81
1791083442134,111381,-1.5923,-0.6377,1.002,-5.1,-1.53,0.4
1791083442144,111393,-1.6006,-0.6494,0.9917,-4.43,-3.37,-0.69
1791083442154,111405,-1.5928,-0.6484,0.9707,-5.66,-5.68,0.43
1791083442164,111428,-1.5815,-0.6514,1.0156,-6.66,-0.21,-0.44
1791083442174,111439,-1.5977,-0.646,1.0093,-5.02,2.89,-0.24
1791083442184,111454,-1.6089,-0.6489,0.9844,0.78,-0.11,2.53
1791083442194,111457,-1.6055,-0.6396,1.0005,3.82,-1.91,4.38
1791083442204,111467,-1.603,-0.6353,1.0176,5.15,0.95,5.57
1791083442214,111477,-1.6069,-0.6377,1.0103,4.75,4.2,5.02
1791083442224,111503,-1.6064,-0.6367,0.9761,6.08,1.39,5.56
1791083442234,111514,-1.5957,-0.627,0.9712,5.62,-1.63,5.74
1791083442244,111536,-1.5786,-0.6372,0.9854,2.87,1.34,3.73
1791083442254,111547,-1.5898,-0.6118,0.978,0.47,4.47,1.1
1791083442264,111555,-1.5972,-0.6084,0.96,-0.15,1.56,1.33
1791083442274,111572,-1.605,-0.6113,0.9805,-2.34,-3.31,0.66
1791083442284,111596,-1.6016,-0.6221,0.9727,-6.05,-4.81,-0.37
1791083442294,111611,-1.5962,-0.6333,0.9629,-8.08,-5.47,-0.18
1791083442304,111623,-1.5864,-0.6299,0.9834,-10.58,-4.27,-0.34
1791083442314,111635,-1.5933,-0.6411,0.9873,-11.63,-3.77,0.26
1791083442324,111645,-1.6143,-0.6455,0.9868,-10.46,-7.66,2.35
1791083442334,111668,-1.6035,-0.6357,0.999,-8.02,-10.6,3.4
1791083442344,111692,-1.5938,-0.6509,1.0054,-0.99,-7.27,3.37
1791083442354,111694,-1.5933,-0.646,1.0029,5.04,-1.79,3.6
1791083442364,111674,-1.582,-0.6353,0.9878,6.2,6.37,2.06
1791083442374,111627,-1.6079,-0.6323,0.9897,4.47,8.9,0.08
1791083442384,111534,-1.624,-0.6299,0.9966,5.4,3.86,1.24
1791083442394,111398,-1.6016,-0.6255,1.0,4.4,1.8,1.44
1791083442404,111242,-1.6128,-0.6274,0.9966,2.29,1.54,0.84
1791083442414,111081,-1.6172,-0.6216,0.9751,-2.64,-2.5,1.48
1791083442424,110928,-1.6021,-0.6221,0.9736,-5.83,-2.89,2.53
1791083442434,110788,-1.5894,-0.6196,0.9985,-8.7,-5.82,3.47
1791083442444,110672,-1.6006,-0.6113,1.0122,-8.31,-6.05,3.51
1791083442454,110590,-1.6084,-0.6206,1.0259,-1.51,-5.85,4.58
1791083442464,110526,-1.5952,-0.6167,0.9688,5.19,-1.92,4.11
1791083442474,110474,-1.5981,-0.6201,0.9639,5.98,1.24,4.03
1791083442484,110459,-1.5874,-0.6108,0.9482,8.78,3.82,4.79
1791083442494,110459,-1.5654,-0.5737,1.0024,17.86,9.82,3.88
1791083442504,110496,-1.624,-0.5947,0.9155,24.64,7.69,3.1
1791083442514,110544,-1.5996,-0.5737,0.9272,21.53,0.89,3.34
1791083442524,110605,-1.5874,-0.5674,0.9658,15.65,1.68,1.48
1791083442534,110654,-1.6113,-0.5796,0.9888,8.12,-1.6,-0.63
1791083442544,110706,-1.6216,-0.5835,0.9883,0.46,-10.6,-1.05
1791083442554,110751,-1.604,-0.5981,1.0059,-6.87,-16.55,-2.31
1791083442564,110782,-1.5869,-0.6143,1.019,-10.5,-15.1,-2.6
1791083442574,110814,-1.5898,-0.6284,1.0024,-14.18,-11.71,-4.73
1791083442584,110845,-1.6045,-0.6392,0.9658,-16.93,-10.96,-5.21
1791083442594,110895,-1.5991,-0.6636,0.9634,-14.98,-11.63,-5.07
1791083442604,110950,-1.5947,-0.6685,0.981,-11.16,-9.28,-5.31
1791083442614,110997,-1.5928,-0.6831,0.9927,-7.97,-4.66,-4.17
1791083442624,111020,-1.5972,-0.6895,0.9956,-3.11,-1.33,-2.81
1791083442634,111020,-1.6074,-0.6943,1.0171,1.19,-1.45,-0.41
1791083442644,111021,-1.6162,-0.6821,1.043,2.52,-3.57,2.66
1791083442654,111009,-1.6133,-0.6763,1.0615,0.63,-3.1,3.07
1791083442664,110984,-1.604,-0.6572,1.0537,0.15,-1.44,3.24
1791083442674,110958,-1.6021,-0.6372,1.0171,-2.0,-4.84,3.89
1791083442684,110930,-1.583,-0.6528,1.0166,-6.15,-7.39,3.85
1791083442694,110899,-1.5796,-0.6523,0.9917,-10.75,-5.94,3.08
1791083442704,110872,-1.5898,-0.6548,0.9858,-15.42,-8.47,2.29
1791083442714,110847,-1.583,-0.668,0.9912,-16.76,-8.24,1.83
1791083442724,110837,-1.562,-0.6768,0.9834,-14.64,-4.82,1.62
1791083442734,110835,-1.5698,-0.6807,0.9746,-7.48,-1.36,2.03
1791083442744,110840,-1.5693,-0.6665,0.9873,1.89,1.28,3.53
1791083442754,110847,-1.583,-0.6499,1.0112,7.42,5.37,3.76
1791083442764,110892,-1.6011,-0.644,0.9995,9.83,7.48,2.4
1791083442774,110936,-1.6177,-0.6255,1.0039,9.89,7.05,1.92
1791083442784,110995,-1.6055,-0.6216,1.0249,3.53,1.95,2.84
1791083442794,111052,-1.5933,-0.6279,0.9878,-2.29,0.75,2.32
1791083442804,111102,-1.5913,-0.624,1.0049,-5.95,-0.64,2.84
1791083442814,111154,-1.6001,-0.6118,0.9995,-6.93,-4.24,2.52
1791083442824,111206,-1.5898,-0.6162,0.9824,-8.18,-5.19,2.08
1791083442834,111246,-1.582,-0.627,0.9487,-10.0,-3.59,-0.11
1791083442844,111293,-1.5654,-0.6304,0.9458,-9.4,-0.32,-1.82
1791083442854,111330,-1.582,-0.6284,0.9487,-7.51,1.05,-0.78
1791083442864,111379,-1.5659,-0.6489,0.9341,-4.27,2.29,-1.83
1791083442874,111428,-1.5864,-0.6367,0.9575,-2.44,-0.67,-0.7
1791083442884,111462,-1.5874,-0.6338,0.9844,-1.95,-3.59,0.0
1791083442894,111493,-1.5898,-0.6489,1.0029,-0.75,-1.94,-0.09
1791083442904,111518,-1.606,-0.6489,1.0317,-0.08,-2.29,0.93
1791083442914,111530,-1.6177,-0.6465,1.064,0.53,0.35,1.91
1791083442924,111541,-1.6021,-0.6455,1.0132,1.37,0.32,2.47
1791083442934,111552,-1.5869,-0.6475,0.9917,-0.58,-1.31,3.28
1791083442944,111560,-1.6035,-0.6436,0.9873,-2.43,-1.13,3.37
1791083442954,111570,-1.6367,-0.6157,1.0757,2.64,3.74,3.27
1791083442964,111578,-1.605,-0.646,0.9429,9.85,-6.99,3.16
1791083442974,111561,-1.5454,-0.6406,0.9805,9.98,-0.73,3.08
1791083442984,111528,-1.5801,-0.6191,0.9331,4.95,6.38,0.49
1791083442994,111506,-1.5737,-0.6499,0.8521,1.16,-0.67,0.92
1791083443004,111498,-1.5542,-0.6421,0.9165,-4.89,-1.69,1.31
1791083443014,111518,-1.604,-0.6484,0.9902,-7.92,0.08,0.26
1791083443024,111541,-1.6074,-0.6494,0.9829,-10.61,-6.56,0.52
1791083443034,111562,-1.5913,-0.6543,0.9995,-12.27,-9.74,1.83
1791083443044,111584,-1.5889,-0.6533,1.0127,-14.0,-9.98,1.82
1791083443054,111589,-1.5771,-0.6519,1.0142,-14.49,-8.09,1.3
1791083443064,111593,-1.584,-0.6499,1.0249,-13.51,-7.37,1.98
1791083443074,111586,-1.5981,-0.6543,1.0312,-9.69,-6.75,2.78
1791083443084,111577,-1.5991,-0.6558,1.02,-6.46,-3.01,2.43
1791083443094,111533,-1.5908,-0.6548,1.001,0.52,-2.24,4.73
1791083443104,111438,-1.5767,-0.665,0.98,5.95,2.55,5.13
1791083443114,111300,-1.5894,-0.6348,0.9653,8.92,6.73,5.74
1791083443124,111151,-1.5972,-0.6377,0.9551,8.76,2.44,6.55
1791083443134,110985,-1.6074,-0.6255,0.9648,6.96,-1.79,7.07
1791083443144,110820,-1.5942,-0.6196,0.979,3.07,-1.83,4.87
1791083443154,110680,-1.6045,-0.6147,0.9834,0.09,-1.95,4.24
1791083443164,110543,-1.5996,-0.6147,0.9937,-3.16,-2.09,3.42
1791083443174,110426,-1.6108,-0.6074,1.0186,-5.05,-1.69,1.62
1791083443184,110347,-1.6104,-0.6333,1.0469,-5.56,-1.22,0.84
1791083443194,110285,-1.6099,-0.6377,1.0469,-3.4,1.45,0.63
1791083443204,110253,-1.6055,-0.6284,1.0386,0.56,4.41,0.09
1791083443214,110243,-1.6079,-0.626,0.9897,3.54,7.56,-0.34
1791083443224,110244,-1.6104,-0.6313,0.9546,4.23,8.89,-0.89
1791083443234,110261,-1.605,-0.6484,0.918,6.44,8.85,0.52
1791083443244,110285,-1.6084,-0.6387,0.8877,7.94,9.21,1.57
1791083443254,110335,-1.6279,-0.6572,0.8623,8.2,4.53,3.48
1791083443264,110381,-1.627,-0.6587,0.8569,2.96,-3.98,5.45
1791083443274,110427,-1.626,-0.6641,0.8882,-9.89,-14.95,7.63
1791083443284,110474,-1.6436,-0.6826,0.9434,-26.98,-25.54,7.89
1791083443294,110521,-1.6172,-0.709,0.9922,-37.56,-35.5,7.74
1791083443304,110549,-1.5786,-0.7046,1.0884,-40.38,-40.64,8.5
1791083443314,110567,-1.5669,-0.709,1.1973,-45.04,-29.18,4.27
1791083443324,110595,-1.5708,-0.7168,1.2158,-42.41,-18.4,-0.96
1791083443334,110606,-1.5659,-0.7124,1.2363,-30.12,-11.04,-3.47
1791083443344,110592,-1.5552,-0.7163,1.2241,-13.18,4.2,-3.82
1791083443354,110537,-1.563,-0.7188,1.1318,6.82,20.2,-4.2
1791083443364,110447,-1.5493,-0.6885,1.0151,23.65,33.74,-1.25
1791083443374,110332,-1.5552,-0.6768,0.8701,34.82,37.73,3.71
1791083443384,110204,-1.5625,-0.6406,0.8237,38.61,30.63,10.75
1791083443394,110071,-1.585,-0.6001,0.8091,27.62,18.06,15.77
1791083443404,109948,-1.5942,-0.5918,0.8628,9.6,6.02,15.48
1791083443414,109835,-1.5972,-0.5713,0.9336,-6.73,-3.92,14.82
1791083443424,109746,-1.6011,-0.5742,0.9731,-18.18,-10.9,12.31
1791083443434,109674,-1.6099,-0.5732,1.0171,-24.58,-13.28,8.89
1791083443444,109620,-1.6055,-0.5952,1.0464,-25.08,-12.72,7.08
1791083443454,109581,-1.6216,-0.5957,1.0327,-19.98,-9.47,4.78
1791083443464,109567,-1.623,-0.6104,1.0176,-12.52,-6.93,5.1
1791083443474,109571,-1.624,-0.6226,1.0054,-1.95,-0.61,6.55
1791083443484,109582,-1.6328,-0.6235,0.9771,7.51,4.24,8.03
1791083443494,109617,-1.6187,-0.6216,0.9644,15.45,6.53,9.73
1791083443504,109669,-1.6216,-0.6133,0.937,17.76,8.5,9.45
1791083443514,109730,-1.6348,-0.603,0.9521,10.11,4.0,7.73
1791083443524,109794,-1.6211,-0.582,0.9937,-2.09,-2.52,6.61
1791083443534,109858,-1.6094,-0.5913,1.0181,-12.14,-5.33,3.69
1791083443544,109902,-1.627,-0.5957,1.0684,-18.32,-6.15,-0.14
1791083443554,109933,-1.5981,-0.6069,1.0767,-16.87,-1.44,-2.11
1791083443564,109962,-1.5908,-0.605,1.0576,-8.05,2.35,-2.27
1791083443574,109991,-1.5771,-0.6206,1.0122,0.18,7.31,-2.32
1791083443584,110010,-1.5859,-0.6328,0.9375,7.04,12.32,-1.53
1791083443594,110020,-1.5762,-0.6289,0.8862,13.44,10.56,0.21
1791083443604,110036,-1.5679,-0.625,0.8525,18.89,10.17,2.14
1791083443614,110041,-1.6025,-0.627,0.8179,16.26,6.56,2.69
1791083443624,110050,-1.5806,-0.6284,0.856,13.39,0.79,3.22
1791083443634,110069,-1.583,-0.6089,0.897,7.71,1.08,2.64
1791083443644,110082,-1.605,-0.6191,0.9438,3.1,-1.65,0.27
1791083443654,110098,-1.5981,-0.6211,1.0034,2.29,-3.88,-0.03
1791083443664,110109,-1.605,-0.6118,1.0342,2.44,0.41,-1.98
1791083443674,110117,-1.6138,-0.6128,1.0288,0.79,0.9,-2.98
1791083443684,110125,-1.6138,-0.6206,1.0132,1.15,-1.79,-1.63
1791083443694,110130,-1.6016,-0.6196,0.9985,3.76,-3.44,-0.27
1791083443704,110142,-1.606,-0.6328,0.96,5.07,-4.76,0.66
1791083443714,110147,-1.6211,-0.6343,0.9248,1.56,-6.49,1.74
1791083443724,110164,-1.6362,-0.6431,0.9331,-7.02,-12.63,1.45
1791083443734,110189,-1.6211,-0.6538,0.9565,-12.79,-17.54,0.95
1791083443744,110203,-1.6089,-0.6763,1.0229,-11.54,-12.03,-0.87
1791083443754,110204,-1.6094,-0.6865,1.0371,-6.46,-3.62,-1.59
1791083443764,110198,-1.6157,-0.6616,1.0317,-0.53,0.46,0.18
1791083443774,110172,-1.6221,-0.6577,1.0239,4.67,1.31,1.77
1791083443784,110113,-1.6108,-0.6445,1.0088,8.17,2.99,3.07
1791083443794,109994,-1.6152,-0.6406,1.0073,8.15,6.15,4.47
1791083443804,109871,-1.6143,-0.6411,1.001,5.1,6.11,4.47
1791083443814,109714,-1.6338,-0.6284,0.9692,-0.23,2.24,5.54
1791083443824,109550,-1.6323,-0.6284,0.9399,-6.12,-3.07,6.43
1791083443834,109383,-1.6094,-0.627,0.939,-9.04,-5.92,7.62
1791083443844,109227,-1.6094,-0.6294,0.9341,-8.55,-5.44,8.27
1791083443854,109098,-1.6001,-0.623,0.9565,-7.51,-6.6,9.8
1791083443864,109000,-1.5952,-0.605,0.9688,-7.54,-7.42,9.36
1791083443874,108922,-1.5933,-0.6108,0.9663,-7.25,-6.08,6.49
1791083443884,108879,-1.562,-0.6113,1.0005,-7.57,-4.02,3.44
1791083443894,108869,-1.584,-0.6206,0.9829,-7.79,1.15,-0.05
1791083443904,108870,-1.5732,-0.6445,0.9639,-5.08,1.69,-1.22
1791083443914,108883,-1.6157,-0.6021,0.9277,1.27,3.19,-1.07
1791083443924,108907,-1.6001,-0.6191,0.9121,4.46,1.31,1.56
1791083443934,108935,-1.5879,-0.5908,0.9272,2.02,3.73,1.83
1791083443944,108959,-1.6074,-0.5889,0.9282,-2.0,-0.99,2.44
1791083443954,108984,-1.6274,-0.5996,0.936,-9.68,-10.98,1.77
1791083443964,109018,-1.6353,-0.6123,0.9829,-18.96,-19.57,0.12
1791083443974,109026,-1.604,-0.6431,0.9971,-24.41,-19.39,-1.05
1791083443984,109028,-1.6157,-0.6416,1.0361,-24.7,-14.03,-2.63
1791083443994,109041,-1.6221,-0.6626,1.0308,-21.25,-10.52,-2.6
1791083444004,109040,-1.604,-0.6738,1.0205,-15.56,-8.4,-1.62
1791083444014,109050,-1.5918,-0.6772,1.0146,-4.73,-2.56,1.08
1791083444024,109057,-1.5928,-0.6753,0.9878,6.47,4.21,1.94
1791083444034,109054,-1.6074,-0.6699,0.9189,14.24,9.24,1.27
1791083444044,109044,-1.5991,-0.6406,0.8892,17.65,9.54,2.43
1791083444054,109029,-1.6113,-0.6357,0.8916,16.09,6.6,4.14
1791083444064,108993,-1.624,-0.6113,0.9453,9.05,2.34,3.57
1791083444074,108957,-1.6216,-0.6113,0.9814,1.15,-0.49,1.86
1791083444084,108915,-1.6196,-0.6035,1.02,-4.43,-3.34,1.53
1791083444094,108883,-1.6362,-0.6143,1.021,-11.16,-6.95,1.86
1791083444104,108845,-1.6187,-0.6172,1.0537,-13.5,-6.03,1.66
1791083444114,108803,-1.625,-0.6274,1.0317,-11.01,-1.18,1.13
1791083444124,108772,-1.6182,-0.6206,1.0078,-2.63,3.1,2.55
1791083444134,108744,-1.6206,-0.6177,0.9614,7.24,6.75,3.88
1791083444144,108745,-1.6045,-0.6128,0.9321,15.89,9.08,5.18
1791083444154,108753,-1.5981,-0.6016,0.9131,21.98,9.82,6.21
1791083444164,108779,-1.5898,-0.605,0.9033,22.29,6.05,6.9
1791083444174,108828,-1.5996,-0.6094,0.916,12.14,-0.47,6.14
1791083444184,108885,-1.5884,-0.6118,0.9795,-2.06,-5.08,2.34
1791083444194,108937,-1.5913,-0.6265,1.0322,-12.6,-10.27,-0.21
1791083444204,108994,-1.5825,-0.6479,1.0938,-18.9,-13.45,-1.18
1791083444214,109038,-1.5771,-0.665,1.0894,-19.36,-10.09,-1.85
1791083444224,109084,-1.5649,-0.6665,1.0898,-14.7,-3.91,-0.87
1791083444234,109124,-1.5825,-0.6768,1.0259,-6.76,1.69,0.03
1791083444244,109170,-1.5776,-0.6807,0.9497,2.52,6.76,2.61
1791083444254,109211,-1.5825,-0.6768,0.8555,10.81,11.21,6.58
1791083444264,109265,-1.6255,-0.6772,0.8027,13.16,6.95,10.47
1791083444274,109304,-1.6631,-0.6562,0.855,7.86,-2.7,14.06
1791083444284,109370,-1.6592,-0.6533,0.9336,6.5,-0.81,14.43
1791083444294,109424,-1.6646,-0.6479,0.9805,9.31,-0.2,15.33
1791083444304,109465,-1.6665,-0.623,1.0298,12.44,0.49,17.36
1791083444314,109504,-1.6592,-0.5928,1.0732,15.8,4.32,16.24
1791083444324,109533,-1.6362,-0.5713,1.0771,19.13,10.05,14.21
1791083444334,109553,-1.6196,-0.5698,1.0342,20.9,14.79,12.2
1791083444344,109582,-1.6162,-0.5298,0.9565,18.72,11.76,10.82
1791083444354,109609,-1.6089,-0.5259,0.8809,11.83,6.93,9.86
1791083444364,109638,-1.5967,-0.5371,0.8325,3.45,1.34,7.69
1791083444374,109667,-1.5854,-0.5439,0.7842,-2.82,-6.34,7.53
1791083444384,109691,-1.5737,-0.5581,0.8291,-7.65,-13.25,6.93
1791083444394,109708,-1.5762,-0.5664,0.873,-11.65,-15.07,6.55
1791083444404,109739,-1.6133,-0.5781,0.8618,-10.67,-19.69,3.95
1791083444414,109764,-1.582,-0.6025,0.9712,-3.28,-21.13,3.88
1791083444424,109786,-1.5796,-0.5972,1.0708,2.61,-10.14,0.82
1791083444434,109802,-1.6226,-0.6006,1.0869,10.31,-1.04,-2.21
1791083444444,109829,-1.6138,-0.6069,1.0723,15.65,0.26,-3.79
1791083444454,109857,-1.6045,-0.5898,1.043,18.67,1.83,-6.6
1791083444464,109872,-1.5811,-0.5923,1.0244,19.76,6.73,-8.75
1791083444474,109896,-1.5957,-0.5791,0.978,18.66,11.47,-10.95
1791083444484,109910,-1.6123,-0.5781,0.897,15.25,7.11,-10.46
1791083444494,109926,-1.627,-0.5854,0.875,8.44,0.03,-9.37
1791083444504,109935,-1.6431,-0.5874,0.9038,0.87,-9.16,-9.05
1791083444514,109945,-1.645,-0.5874,0.9619,-4.69,-14.75,-7.76
1791083444524,109964,-1.6499,-0.6021,1.0518,-7.79,-12.9,-6.87
1791083444534,109973,-1.6553,-0.604,1.1074,-6.34,-8.44,-7.04
1791083444544,109995,-1.6543,-0.6226,1.1069,-1.73,-2.18,-7.34
1791083444554,110022,-1.6616,-0.6372,1.0576,1.68,-1.36,-5.24
1791083444564,110038,-1.6411,-0.6255,1.0259,2.32,0.66,-2.5
1791083444574,110069,-1.6455,-0.6279,0.9849,1.24,1.22,-2.11
1791083444584,110088,-1.6362,-0.6162,0.9761,1.11,0.53,0.69
1791083444594,110108,-1.6274,-0.623,0.9365,0.66,-0.41,3.1
1791083444604,110125,-1.6187,-0.6211,0.9639,1.36,-1.08,6.06
1791083444614,110143,-1.6357,-0.6235,0.9678,2.09,3.39,7.05
1791083444624,110154,-1.6094,-0.625,0.9702,6.6,7.31,8.03
1791083444634,110169,-1.6113,-0.6157,0.9731,10.6,7.71,10.24
1791083444644,110195,-1.5908,-0.5957,0.9673,13.3,8.73,10.89
1791083444654,110244,-1.6304,-0.5938,1.0347,16.4,8.12,9.13
1791083444664,110311,-1.6255,-0.5908,1.0029,17.39,11.07,8.52
1791083444674,110380,-1.6133,-0.5938,0.9932,18.05,15.04,7.57
1791083444684,110451,-1.6016,-0.5654,0.979,17.79,22.7,4.5
1791083444694,110531,-1.6006,-0.5571,0.9365,13.16,19.94,3.88
1791083444704,110638,-1.6143,-0.585,0.894,5.18,9.1,4.44
1791083444714,110728,-1.605,-0.5659,0.9126,-1.57,-0.05,3.54
1791083444724,110821,-1.5908,-0.5728,0.9438,-8.85,-6.92,3.76
1791083444734,110860,-1.5908,-0.5669,0.9473,-7.63,-8.98,1.88
1791083444744,110795,-1.5864,-0.5649,0.9775,-1.66,-4.06,1.13
1791083444754,110613,-1.6025,-0.5664,0.9775,4.84,2.0,-1.05
1791083444764,110383,-1.6279,-0.5576,1.0205,13.71,9.8,-4.5
1791083444774,110142,-1.6484,-0.5664,0.9722,26.23,6.5,-7.56
1791083444784,109893,-1.6157,-0.5454,0.9526,22.63,-1.47,-6.02
1791083444794,109634,-1.5918,-0.5732,0.9204,18.38,-0.87,-5.85
1791083444804,109383,-1.6382,-0.5591,0.918,7.83,-3.16,-6.32
1791083444814,109158,-1.6431,-0.5723,0.9219,-3.3,-11.45,-5.08
1791083444824,108962,-1.6167,-0.5869,0.9517,-12.92,-17.85,-2.49
1791083444834,108783,-1.6113,-0.5972,0.9419,-15.08,-18.09,-2.27
1791083444844,108651,-1.5981,-0.5874,0.9722,-14.69,-9.69,-2.99
1791083444854,108564,-1.6279,-0.6025,0.9082,-13.88,-10.06,-3.6
1791083444864,108516,-1.6113,-0.5981,0.9663,-7.48,-5.56,-5.07
1791083444874,108512,-1.6445,-0.6191,0.9473,-2.66,-4.58,-4.27
1791083444884,108511,-1.6411,-0.6162,0.9619,0.08,-10.46,-3.62
1791083444894,108523,-1.6475,-0.6309,1.0093,-1.88,-10.14,-3.59
1791083444904,108525,-1.6338,-0.6392,1.0259,-2.44,-7.69,-3.25
1791083444914,108511,-1.6104,-0.6265,1.0771,-2.38,-1.82,-2.08
1791083444924,108503,-1.6431,-0.6167,1.1108,-0.12,2.49,-0.72
1791083444934,108486,-1.6655,-0.606,1.0928,4.78,2.56,0.06
1791083444944,108469,-1.6465,-0.5942,1.0376,9.45,2.14,3.04
1791083444954,108445,-1.6084,-0.584,1.0,13.85,5.22,4.32
1791083444964,108426,-1.5947,-0.5771,0.9424,15.92,7.74,5.5
1791083444974,108409,-1.5977,-0.5752,0.8857,14.14,6.82,5.36
1791083444984,108406,-1.5923,-0.5854,0.875,8.78,4.43,2.84
1791083444994,108422,-1.5815,-0.5874,0.8799,2.09,1.95,-0.67
1791083445004,108434,-1.6001,-0.582,0.9189,-5.11,-3.11,-4.64
1791083445014,108449,-1.6045,-0.5835,0.9326,-9.68,-7.05,-7.62
1791083445024,108458,-1.6128,-0.5884,0.9624,-12.95,-10.53,-10.81
1791083445034,108444,-1.6118,-0.5957,0.9839,-11.79,-10.58,-13.3
1791083445044,108418,-1.6284,-0.5918,1.0156,-10.75,-12.76,-12.09
1791083445054,108375,-1.6519,-0.6011,1.0317,-11.28,-14.56,-9.91
1791083445064,108338,-1.6523,-0.6108,1.0269,-15.33,-16.43,-8.11
1791083445074,108295,-1.6304,-0.6128,1.0479,-18.66,-21.07,-3.63
1791083445084,108273,-1.6245,-0.6221,1.0767,-22.92,-21.82,-0.06
1791083445094,108262,-1.6216,-0.6333,1.0718,-25.45,-20.92,2.43
1791083445104,108271,-1.5898,-0.6436,1.0742,-19.34,-16.99,3.8
1791083445114,108305,-1.606,-0.6528,1.0635,-10.08,-8.55,2.5
1791083445124,108351,-1.6074,-0.6582,1.0117,-0.46,-1.88,3.15
1791083445134,108404,-1.6206,-0.6704,0.9688,5.31,3.62,3.28
1791083445144,108468,-1.6226,-0.6631,0.9438,10.5,6.55,4.46
1791083445154,108536,-1.6372,-0.6543,0.9507,10.49,4.14,6.79
1791083445164,108623,-1.6475,-0.6382,0.9824,8.02,-0.66,7.89
1791083445174,108719,-1.6484,-0.6191,1.0132,2.05,-6.12,7.73
1791083445184,108819,-1.6245,-0.5903,1.0386,-3.28,-9.57,7.74
1791083445194,108927,-1.6123,-0.5737,1.0469,-6.47,-10.52,5.42
1791083445204,109032,-1.5762,-0.5547,1.0371,-8.31,-7.31,1.92
1791083445214,109121,-1.605,-0.5713,0.998,-8.44,-3.34,-1.85
1791083445224,109198,-1.5869,-0.5669,0.9648,-9.33,-3.83,-3.98
1791083445234,109265,-1.585,-0.5713,0.9233,-8.98,-3.59,-5.01
1791083445244,109316,-1.5737,-0.6011,0.9204,-6.79,-2.03,-6.26
1791083445254,109360,-1.5645,-0.606,0.9287,-4.14,-0.93,-6.35
1791083445264,109405,-1.5815,-0.6172,0.9697,-3.91,-2.98,-4.75
1791083445274,109441,-1.5986,-0.6216,0.9648,-3.08,-3.44,-4.84
1791083445284,109484,-1.6064,-0.623,0.9873,-1.11,-3.66,-4.73
1791083445294,109521,-1.605,-0.6191,0.9741,2.14,-3.73,-3.57
1791083445304,109560,-1.6152,-0.6108,1.0195,4.56,-3.3,-2.5
1791083445314,109590,-1.6333,-0.6069,1.0474,4.52,-1.97,-1.68
1791083445324,109615,-1.6328,-0.6001,1.0708,4.64,-1.1,-1.59
1791083445334,109638,-1.6255,-0.6118,1.0625,5.22,0.53,0.4
1791083445344,109647,-1.625,-0.6045,1.0576,5.71,1.65,0.93
1791083445354,109656,-1.6089,-0.6182,1.0449,4.63,2.21,3.95
1791083445364,109653,-1.623,-0.6104,1.0269,3.82,3.21,3.85
1791083445374,109656,-1.6167,-0.6187,0.9771,4.29,-0.03,5.65
1791083445384,109665,-1.6064,-0.624,0.9443,5.02,-2.56,7.98
1791083445394,109670,-1.5986,-0.6235,0.936,3.42,-0.4,8.26
1791083445404,109689,-1.5898,-0.6099,0.9248,1.66,3.92,6.47
1791083445414,109707,-1.606,-0.6089,0.96,3.37,4.96,6.56
1791083445424,109742,-1.6162,-0.606,0.9604,4.79,2.53,6.41
1791083445434,109773,-1.6362,-0.6128,0.9668,3.4,-0.14,5.66
1791083445444,109808,-1.6167,-0.6104,0.9795,1.4,0.23,6.41
1791083445454,109831,-1.624,-0.5938,1.0117,-1.07,0.56,7.36
1791083445464,109857,-1.6382,-0.5923,1.0225,0.14,-0.58,8.23
1791083445474,109886,-1.6274,-0.5977,1.0361,1.56,-2.96,9.16
1791083445484,109907,-1.6094,-0.603,1.0181,1.92,-3.01,9.11
1791083445494,109922,-1.5972,-0.603,0.9951,2.92,-1.69,8.89
1791083445504,109934,-1.5791,-0.6021,1.0122,2.82,-0.44,6.66
1791083445514,109941,-1.5728,-0.5942,1.0078,-1.39,1.1,4.21
1791083445524,109956,-1.5654,-0.6021,1.0103,-4.38,4.41,0.52
1791083445534,109951,-1.5454,-0.5947,0.9751,-2.76,4.66,-1.37
1791083445544,109950,-1.5474,-0.5864,0.9404,-5.08,2.0,-4.09
1791083445554,109933,-1.5508,-0.5796,0.9116,-9.18,-0.2,-6.53
1791083445564,109927,-1.5581,-0.5859,0.9004,-10.27,-3.73,-7.97
1791083445574,109911,-1.5605,-0.5898,0.9209,-7.59,-6.93,-6.21
1791083445584,109890,-1.5601,-0.603,0.9619,-4.11,-2.6,-4.37
1791083445594,109863,-1.5947,-0.6045,1.0122,0.17,-2.37,-2.89
1791083445604,109845,-1.6108,-0.6284,1.0552,-0.41,-8.11,-1.74
1791083445614,109840,-1.6108,-0.6338,1.082,-2.63,-7.22,-2.18
1791083445624,109834,-1.6001,-0.6416,1.1104,-4.87,-4.29,-4.05
1791083445634,109821,-1.5981,-0.6519,1.1211,-7.76,-0.81,-5.57
1791083445644,109822,-1.6152,-0.6509,1.0796,-6.95,5.4,-7.25
1791083445654,109822,-1.6099,-0.6533,1.0215,-3.86,9.5,-7.54
1791083445664,109810,-1.6108,-0.6284,0.9521,2.67,13.94,-5.57
1791083445674,109784,-1.6011,-0.6152,0.8706,10.43,19.11,-2.49
1791083445684,109716,-1.6089,-0.5898,0.7949,18.17,14.9,0.87
1791083445694,109613,-1.6118,-0.5723,0.7915,22.14,6.24,4.73
1791083445704,109480,-1.6162,-0.5581,0.8467,15.19,-2.58,4.61
1791083445714,109335,-1.6406,-0.5542,0.937,2.03,-9.8,1.51
1791083445724,109195,-1.626,-0.564,1.0391,-12.73,-18.87,-1.36
1791083445734,109057,-1.6157,-0.5908,1.1357,-23.73,-24.55,-4.34
1791083445744,108923,-1.6387,-0.604,1.2173,-28.72,-21.07,-9.4
1791083445754,108810,-1.6333,-0.6318,1.23,-28.64,-15.21,-12.44
1791083445764,108723,-1.6294,-0.6406,1.1733,-23.79,-9.07,-11.91
1791083445774,108662,-1.6177,-0.6572,1.0903,-17.11,-5.15,-8.35
1791083445784,108636,-1.5918,-0.6626,0.9868,-5.95,-1.04,-3.34
1791083445794,108639,-1.5732,-0.6455,0.8867,6.0,5.31,1.57
1791083445804,108659,-1.5942,-0.6479,0.8066,12.52,8.4,6.34
1791083445814,108712,-1.6113,-0.647,0.7808,14.24,8.32,8.4
1791083445824,108788,-1.6201,-0.6353,0.8208,12.78,7.45,10.55
1791083445834,108872,-1.6318,-0.6372,0.8726,12.21,6.56,11.5
1791083445844,108957,-1.6318,-0.6353,0.9194,14.53,6.52,10.21
1791083445854,109044,-1.6274,-0.6372,0.9507,15.92,7.34,7.3
1791083445864,109141,-1.6284,-0.6304,0.979,15.15,5.83,5.88
1791083445874,109235,-1.6362,-0.6157,1.0288,10.34,-1.22,3.71
1791083445884,109334,-1.6475,-0.6118,1.0957,-1.8,-8.0,0.84
1791083445894,109422,-1.6157,-0.6328,1.1221,-5.19,-7.21,-0.9
1791083445904,109500,-1.6099,-0.6372,1.1284,-9.1,-7.66,-1.77
1791083445914,109540,-1.6221,-0.6353,1.1152,-14.41,-7.56,-1.34
1791083445924,109549,-1.5938,-0.6328,1.1035,-12.2,-4.24,-1.01
1791083445934,109539,-1.5771,-0.625,1.0703,-4.26,1.74,2.24
1791083445944,109514,-1.5635,-0.6382,1.0171,2.56,10.35,3.22
1791083445954,109471,-1.5708,-0.6353,0.9263,5.28,15.6,3.98
1791083445964,109433,-1.5938,-0.6323,0.8628,6.34,13.01,4.03
1791083445974,109385,-1.6089,-0.624,0.8071,4.92,8.26,5.34
1791083445984,109338,-1.6001,-0.627,0.7739,2.49,2.79,6.7
1791083445994,109295,-1.6162,-0.626,0.8057,1.88,0.08,7.65
1791083446004,109257,-1.6069,-0.6284,0.8721,3.4,-2.56,7.76
1791083446014,109217,-1.6055,-0.6128,0.981,1.21,-5.22,5.66
1791083446024,109194,-1.6167,-0.6152,1.105,-4.69,-5.5,1.98
1791083446034,109145,-1.627,-0.624,1.1807,-9.33,-3.27,-2.56
1791083446044,109114,-1.6099,-0.6274,1.2144,-10.44,-0.08,-5.21
1791083446054,109086,-1.6147,-0.6226,1.1812,-9.82,1.74,-5.66
1791083446064,109054,-1.5923,-0.6201,1.1172,-8.89,4.35,-3.77
1791083446074,109019,-1.5801,-0.6426,0.9961,-4.73,8.29,-1.63
1791083446084,109001,-1.5527,-0.6313,0.9053,-0.84,11.11,2.41
1791083446094,108980,-1.5679,-0.6299,0.8545,3.51,12.4,6.38
1791083446104,108977,-1.5728,-0.627,0.8271,6.93,9.62,8.84
1791083446114,108974,-1.5815,-0.6123,0.8306,8.5,9.16,9.54
1791083446124,108975,-1.5845,-0.5947,0.8569,9.37,8.24,9.15
1791083446134,108989,-1.5864,-0.582,0.8926,8.89,9.56,6.76
1791083446144,109012,-1.6016,-0.5684,0.9009,12.52,12.58,4.41
1791083446154,109033,-1.6177,-0.5718,0.9287,15.94,9.89,2.44
1791083446164,109080,-1.6411,-0.5645,0.9712,13.45,5.37,1.62
1791083446174,109143,-1.6655,-0.5679,0.978,5.91,-2.9,1.92
1791083446184,109200,-1.6733,-0.583,1.0215,-3.05,-12.58,4.05
1791083446194,109247,-1.6636,-0.6025,1.0459,-13.95,-19.24,5.83
1791083446204,109297,-1.6548,-0.603,1.0786,-21.13,-21.85,7.24
1791083446214,109314,-1.6313,-0.5967,1.0894,-22.44,-23.13,8.2
1791083446224,109341,-1.6094,-0.6328,1.0923,-20.79,-18.32,10.0
1791083446234,109353,-1.5981,-0.6191,1.0557,-11.68,-8.44,8.9
1791083446244,109366,-1.5781,-0.6147,1.0112,1.11,3.69,7.73
1791083446254,109376,-1.5723,-0.5815,0.9478,13.65,15.6,4.12
1791083446264,109388,-1.5864,-0.5698,0.8486,22.47,19.24,3.28
1791083446274,109409,-1.5957,-0.5635,0.7964,26.67,17.19,3.6
1791083446284,109441,-1.6162,-0.5537,0.793,26.78,12.55,3.86
1791083446294,109470,-1.644,-0.5269,0.8369,25.16,12.99,3.59
1791083446304,109518,-1.6753,-0.5483,0.7749,17.11,-2.82,4.21
1791083446314,109560,-1.6714,-0.5352,0.8594,5.4,-19.18,5.94
1791083446324,109600,-1.6567,-0.5674,0.9976,-7.25,-24.58,3.33
1791083446334,109636,-1.6567,-0.5869,1.0942,-16.99,-23.16,1.57
1791083446344,109664,-1.6445,-0.5913,1.1309,-20.56,-21.59,-1.36
1791083446354,109681,-1.6245,-0.5981,1.1396,-18.44,-17.05,-3.91
1791083446364,109710,-1.6084,-0.6143,1.104,-14.0,-11.4,-5.45
1791083446374,109731,-1.5889,-0.6182,1.0425,-7.57,-6.23,-7.01
1791083446384,109751,-1.5923,-0.6196,0.9785,-0.09,1.44,-7.76
1791083446394,109761,-1.5811,-0.6343,0.9136,7.83,7.59,-7.02
1791083446404,109779,-1.5835,-0.6279,0.8862,17.01,12.47,-4.72
1791083446414,109778,-1.5947,-0.605,0.8745,27.02,19.65,-1.36
1791083446424,109780,-1.6216,-0.5806,0.8862,33.42,19.62,2.61
1791083446434,109739,-1.6479,-0.562,0.9009,33.5,16.12,4.31
1791083446444,109665,-1.6694,-0.5503,0.8931,24.32,7.88,7.05
1791083446454,109560,-1.6714,-0.5527,0.9326,12.46,-3.79,8.4
1791083446464,109423,-1.6689,-0.5601,0.9595,-3.19,-15.44,6.26
1791083446474,109264,-1.6748,-0.5884,1.0488,-20.4,-26.4,4.67
1791083446484,109128,-1.6509,-0.6069,1.1411,-32.15,-30.93,1.8
1791083446494,108985,-1.6484,-0.6377,1.1821,-40.06,-31.37,-1.11
1791083446504,108857,-1.6143,-0.6616,1.1802,-40.44,-28.7,-3.91
1791083446514,108745,-1.5713,-0.6714,1.1304,-32.9,-18.14,-4.27
1791083446524,108650,-1.5596,-0.6719,1.0894,-18.2,-2.67,-4.85
1791083446534,108587,-1.5444,-0.666,0.9922,0.05,12.06,-3.88
1791083446544,108552,-1.5493,-0.6353,0.9131,17.19,21.79,-1.77
1791083446554,108531,-1.5693,-0.6162,0.8652,25.24,24.14,0.93
1791083446564,108550,-1.5835,-0.5972,0.8149,28.79,22.99,1.83
1791083446574,108579,-1.5801,-0.5664,0.813,28.98,18.4,4.56
1791083446584,108631,-1.6064,-0.5518,0.8145,26.67,9.79,6.02
1791083446594,108673,-1.6196,-0.5474,0.8491,18.89,-0.75,8.55
1791083446604,108741,-1.6416,-0.5591,0.9097,9.34,-10.67,8.21
1791083446614,108801,-1.645,-0.5703,0.9697,-2.99,-18.12,7.01
1791083446624,108858,-1.646,-0.5708,1.0342,-13.68,-26.99,6.87
1791083446634,108904,-1.6313,-0.6128,1.1035,-19.56,-29.82,5.4
1791083446644,108937,-1.6392,-0.6104,1.1611,-24.29,-30.21,1.74
1791083446654,108959,-1.6357,-0.626,1.1885,-26.99,-25.6,-1.11
1791083446664,108976,-1.6045,-0.6465,1.186,-21.28,-14.49,-4.46
1791083446674,108978,-1.5801,-0.6362,1.1294,-10.35,1.01,-4.7
1791083446684,108986,-1.5952,-0.6235,1.0352,4.55,14.66,-4.84
1791083446694,108983,-1.5898,-0.6235,0.9512,16.46,19.95,-2.69
1791083446704,108978,-1.5874,-0.6108,0.8638,26.03,22.63,0.61
1791083446714,108967,-1.5962,-0.5898,0.833,28.87,19.59,4.43
1791083446724,108954,-1.6201,-0.564,0.8398,26.44,16.08,6.41
1791083446734,108952,-1.6328,-0.5498,0.8647,22.6,13.15,5.76
1791083446744,108944,-1.6348,-0.5308,0.8799,17.48,10.72,5.1
1791083446754,108937,-1.6514,-0.5278,0.9067,12.08,0.78,6.87
1791083446764,108922,-1.6499,-0.5264,0.9336,2.26,-8.58,6.37
1791083446774,108924,-1.6582,-0.5303,1.0078,-11.83,-14.43,3.66
1791083446784,108921,-1.6616,-0.5503,1.0391,-25.66,-22.34,2.2
1791083446794,108931,-1.6675,-0.5854,1.085,-38.21,-30.15,0.66
1791083446804,108931,-1.6548,-0.6113,1.1445,-44.92,-33.1,0.7
1791083446814,108932,-1.6479,-0.644,1.1548,-41.97,-30.73,0.27
1791083446824,108933,-1.6128,-0.6665,1.1421,-30.66,-21.48,1.6
1791083446834,108925,-1.605,-0.6631,1.1074,-11.83,-6.06,2.35
1791083446844,108941,-1.5737,-0.6543,1.062,9.18,10.2,4.12
1791083446854,108959,-1.5601,-0.6245,0.9731,28.53,24.76,5.94
1791083446864,108991,-1.5723,-0.584,0.8853,40.11,31.62,6.03
1791083446874,109052,-1.5996,-0.5767,0.8208,43.54,31.21,6.73
1791083446884,109121,-1.6128,-0.54,0.812,40.93,25.79,5.88
1791083446894,109194,-1.6265,-0.5386,0.8032,31.25,15.6,6.93
1791083446904,109281,-1.6255,-0.5142,0.9331,17.8,-1.54,7.77
1791083446914,109364,-1.6582,-0.5376,0.9238,-1.85,-7.21,3.73
1791083446924,109437,-1.6719,-0.5771,0.9697,-20.26,-21.94,2.75
1791083446934,109499,-1.6494,-0.5835,1.1011,-32.32,-28.82,2.44
1791083446944,109542,-1.6494,-0.6011,1.1426,-38.85,-28.32,-0.14
1791083446954,109572,-1.6274,-0.6089,1.1841,-40.32,-26.76,-1.56
1791083446964,109594,-1.6079,-0.6309,1.1797,-36.56,-20.76,-2.76
1791083446974,109607,-1.5732,-0.6235,1.1362,-24.24,-7.51,-3.97
1791083446984,109610,-1.564,-0.6104,1.0576,-7.56,5.51,-3.88
1791083446994,109614,-1.5532,-0.605,0.9731,8.26,14.23,-2.17
1791083447004,109619,-1.5454,-0.6084,0.8823,21.5,18.92,0.46
1791083447014,109627,-1.5728,-0.5952,0.8413,26.63,19.22,2.03
1791083447024,109650,-1.5708,-0.5879,0.8052,26.26,18.55,2.79
1791083447034,109672,-1.5918,-0.561,0.8247,22.26,15.08,3.1
1791083447044,109701,-1.6157,-0.5469,0.8647,15.01,8.38,2.93
1791083447054,109737,-1.6206,-0.5381,0.9062,3.1,-0.52,1.15
1791083447064,109769,-1.6304,-0.5479,0.9443,-8.0,-10.02,-1.02
1791083447074,109789,-1.6284,-0.5625,0.9937,-17.92,-19.28,-1.15
1791083447084,109804,-1.6348,-0.5869,1.0713,-25.71,-22.41,-3.15
1791083447094,109828,-1.6392,-0.6006,1.1255,-30.69,-23.86,-2.93
1791083447104,109840,-1.6299,-0.6162,1.1172,-30.5,-24.64,-2.82
1791083447114,109846,-1.6079,-0.6313,1.1309,-23.56,-19.1,-1.01
1791083447124,109852,-1.5781,-0.6304,1.1045,-12.56,-8.98,-0.18
1791083447134,109858,-1.5469,-0.6191,1.0571,1.85,4.66,0.26
1791083447144,109885,-1.5669,-0.5894,0.9854,12.27,13.71,0.11
1791083447154,109889,-1.5913,-0.5947,0.9424,13.19,12.95,-0.46
1791083447164,109900,-1.5869,-0.5767,0.9048,13.85,11.59,-1.91
1791083447174,109903,-1.5898,-0.5771,0.8916,14.67,12.15,-1.62
1791083447184,109860,-1.6094,-0.5771,0.8604,13.47,11.79,-1.54
1791083447194,109770,-1.6514,-0.5659,0.8545,10.29,6.82,-0.9
1791083447204,109641,-1.6626,-0.563,0.8701,2.87,-3.51,0.85
1791083447214,109501,-1.6519,-0.5767,0.9141,-3.86,-12.78,2.89
1791083447224,109325,-1.6484,-0.5806,0.9995,-8.9,-17.01,3.31
1791083447234,109159,-1.646,-0.5879,1.0527,-11.22,-18.38,3.6
1791083447244,108999,-1.6465,-0.6104,1.1113,-13.1,-17.31,3.19
1791083447254,108847,-1.6553,-0.6123,1.1523,-16.75,-14.96,1.16
1791083447264,108728,-1.6421,-0.6123,1.1479,-16.46,-12.26,-0.44
1791083447274,108631,-1.6138,-0.6372,1.1162,-13.54,-5.33,-1.69
1791083447284,108551,-1.5908,-0.6274,1.0679,-5.79,3.25,-1.28
1791083447294,108503,-1.603,-0.6279,0.9917,2.24,9.13,0.08
1791083447304,108472,-1.5864,-0.6294,0.9287,9.83,13.37,2.17
1791083447314,108473,-1.5879,-0.6187,0.897,14.98,15.91,4.2
1791083447324,108491,-1.6089,-0.605,0.8667,17.07,14.64,6.31
1791083447334,108535,-1.6196,-0.5996,0.8745,17.4,11.79,7.88
1791083447344,108583,-1.6211,-0.5835,0.8945,14.34,7.97,8.18
1791083447354,108630,-1.627,-0.5669,0.9385,9.18,5.68,7.98
1791083447364,108680,-1.6294,-0.5698,0.958,4.12,1.42,6.17
1791083447374,108721,-1.627,-0.5869,0.9849,-0.75,-4.05,5.97
1791083447384,108753,-1.6328,-0.5493,1.0234,-8.96,-7.74,2.29
1791083447394,108775,-1.6313,-0.5854,1.0723,-18.66,-14.5,-0.81
1791083447404,108799,-1.6274,-0.6045,1.0669,-26.7,-19.04,-1.85
1791083447414,108812,-1.6177,-0.6313,1.0781,-32.4,-21.21,-3.33
1791083447424,108821,-1.606,-0.6499,1.0947,-30.89,-15.79,-4.14
1791083447434,108828,-1.5703,-0.647,1.0938,-19.53,-3.5,-5.37
1791083447444,108836,-1.5449,-0.6274,1.0527,-2.27,11.19,-4.18
1791083447454,108837,-1.5542,-0.625,1.001,15.85,21.42,-3.76
1791083447464,108833,-1.5718,-0.5991,0.9287,29.57,31.98,-5.45
1791083447474,108824,-1.5679,-0.5957,0.8657,34.85,34.98,-5.28
1791083447484,108830,-1.5894,-0.5713,0.8174,32.9,29.45,-5.62
1791083447494,108821,-1.6284,-0.5972,0.8311,22.5,21.02,-4.7
1791083447504,108817,-1.6064,-0.5078,0.8594,9.28,11.8,-5.85
1791083447514,108794,-1.644,-0.5337,0.8701,-2.52,-0.08,-4.7
1791083447524,108768,-1.6494,-0.5493,0.9185,-14.56,-13.33,-2.32
1791083447534,108739,-1.6597,-0.5728,0.9829,-26.18,-21.16,-2.32
1791083447544,108719,-1.6494,-0.5938,1.063,-30.56,-27.05,-1.65
1791083447554,108686,-1.6421,-0.6289,1.1338,-28.73,-24.32,-0.09
1791083447564,108676,-1.6465,-0.6406,1.1455,-22.17,-17.92,-1.18
1791083447574,108676,-1.6299,-0.6528,1.1553,-13.01,-10.21,-1.34
1791083447584,108686,-1.605,-0.6475,1.0615,-5.08,-7.21,-0.67
1791083447594,108707,-1.5737,-0.6353,1.0503,2.61,1.66,0.75
1791083447604,108722,-1.5879,-0.6201,0.9702,7.05,10.87,-0.06
1791083447614,108754,-1.5996,-0.5933,0.9546,4.95,10.76,1.91
1791083447624,108789,-1.6128,-0.6099,0.8867,3.65,6.52,3.62
1791083447634,108828,-1.5923,-0.6011,0.8691,5.16,5.1,4.56
1791083447644,108867,-1.6064,-0.5806,0.9067,6.18,4.96,6.05
1791083447654,108917,-1.5933,-0.5747,0.9121,9.24,10.43,5.86
1791083447664,108973,-1.6235,-0.5786,0.9014,13.68,14.43,4.14
1791083447674,109019,-1.626,-0.5601,0.876,16.67,9.56,2.15
1791083447684,109089,-1.6348,-0.5415,0.8931,15.79,3.86,-0.17
1791083447694,109144,-1.6411,-0.5488,0.8804,10.2,-5.16,-0.29
1791083447704,109188,-1.6392,-0.5615,0.8721,1.39,-16.92,-0.72
1791083447714,109221,-1.6436,-0.5986,0.9199,-12.61,-27.05,-0.92
1791083447724,109242,-1.6309,-0.6279,1.0195,-26.17,-31.37,-1.66
1791083447734,109243,-1.6172,-0.646,1.1143,-33.21,-30.96,-3.45
1791083447744,109243,-1.6045,-0.6475,1.1616,-26.95,-24.87,-2.89
1791083447754,109250,-1.6074,-0.6553,1.1631,-16.49,-16.12,-2.06
1791083447764,109240,-1.5815,-0.6616,1.1411,-3.07,-3.01,-1.73
1791083447774,109253,-1.5732,-0.6538,1.0854,10.4,10.9,-2.14
1791083447784,109262,-1.563,-0.6294,0.9771,21.51,20.35,-2.96
1791083447794,109284,-1.5732,-0.6177,0.8926,29.15,24.69,-1.5
1791083447804,109330,-1.5933,-0.5991,0.8335,30.21,21.16,0.31
1791083447814,109371,-1.5942,-0.5845,0.8159,26.29,18.53,2.67
1791083447824,109412,-1.6309,-0.5654,0.8164,17.39,11.34,5.73
1791083447834,109458,-1.6626,-0.5757,0.8594,6.87,-1.18,8.4
1791083447844,109512,-1.6631,-0.5674,0.9194,-3.86,-11.4,7.54
1791083447854,109573,-1.6548,-0.5767,0.9834,-12.52,-20.85,5.48
1791083447864,109624,-1.6494,-0.5796,1.0967,-19.39,-23.01,2.02
1791083447874,109665,-1.6318,-0.5962,1.126,-24.89,-21.36,-2.47
1791083447884,109715,-1.6421,-0.623,1.1523,-27.48,-18.32,-6.34
1791083447894,109736,-1.6138,-0.6548,1.0874,-25.76,-16.08,-7.19
1791083447904,109763,-1.5913,-0.666,1.0522,-21.83,-10.81,-6.85
1791083447914,109775,-1.5669,-0.6743,0.9995,-15.13,-4.72,-4.93
1791083447924,109789,-1.5625,-0.6699,0.9556,-7.31,0.56,-3.69
1791083447934,109805,-1.5493,-0.6743,0.9468,1.54,5.13,-1.89
1791083447944,109829,-1.5684,-0.667,0.9473,10.37,14.79,-1.69
1791083447954,109825,-1.5923,-0.6396,0.9375,17.33,23.51,-2.14
1791083447964,109820,-1.6157,-0.6201,0.8657,23.39,26.73,0.14
1791083447974,109763,-1.6396,-0.6045,0.7964,26.27,21.77,4.56
1791083447984,109652,-1.6294,-0.5825,0.7847,22.82,11.98,6.55
1791083447994,109526,-1.6445,-0.5781,0.8057,11.1,-1.82,7.34
1791083448004,109364,-1.6411,-0.5801,0.8413,-7.08,-19.77,7.44
1791083448014,109174,-1.6216,-0.6064,0.9775,-22.81,-31.83,5.68
1791083448024,108987,-1.6079,-0.6196,1.0942,-33.25,-33.69,1.74
1791083448034,108792,-1.6045,-0.6499,1.1768,-36.11,-30.18,-1.21
1791083448044,108607,-1.5913,-0.6533,1.2168,-31.08,-23.88,-1.39
1791083448054,108435,-1.5938,-0.6616,1.1934,-17.88,-12.92,0.17
1791083448064,108298,-1.5977,-0.6724,1.1157,-3.71,0.12,3.76
1791083448074,108212,-1.585,-0.6416,1.0884,5.82,6.82,4.85
1791083448084,108178,-1.5874,-0.6357,1.0225,11.21,13.51,4.84
1791083448094,108173,-1.5806,-0.6387,0.959,11.33,15.57,5.63
1791083448104,108166,-1.5811,-0.625,0.9668,11.44,15.89,5.34
1791083448114,108170,-1.5928,-0.6089,0.9336,12.76,17.6,4.32
1791083448124,108184,-1.6001,-0.5771,0.8955,16.63,17.1,4.17
1791083448134,108211,-1.5938,-0.5732,0.8716,19.77,16.24,4.08
1791083448144,108236,-1.6035,-0.5259,0.8623,20.84,18.06,5.21
1791083448154,108271,-1.624,-0.5098,0.8398,16.06,12.14,0.72
1791083448164,108321,-1.6519,-0.5244,0.792,0.76,-3.05,0.4
1791083448174,108381,-1.6606,-0.5312,0.8994,-12.26,-16.98,-1.05
1791083448184,108459,-1.6489,-0.5483,0.9561,-23.45,-24.49,-4.4
1791083448194,108518,-1.6499,-0.5928,1.0498,-32.58,-26.14,-4.9
1791083448204,108595,-1.6494,-0.6333,1.1084,-34.41,-22.52,-5.24
1791083448214,108682,-1.6602,-0.6235,1.1401,-29.77,-21.57,-5.25
1791083448224,108789,-1.6279,-0.6357,1.1641,-16.12,-12.4,-1.89
1791083448234,108881,-1.6289,-0.6299,1.0952,2.53,-0.17,-1.69
1791083448244,108979,-1.6084,-0.6338,1.0474,19.13,13.73,-0.46
1791083448254,109073,-1.6348,-0.6162,0.9717,22.75,16.9,0.0
1791083448264,109161,-1.6396,-0.6323,0.918,15.77,15.04,-1.51
1791083448274,109234,-1.623,-0.6367,0.8862,4.85,10.47,-2.4
1791083448284,109322,-1.6187,-0.6455,0.8525,-8.79,1.13,-4.92
1791083448294,109378,-1.6182,-0.6421,0.8857,-19.57,0.31,-5.07
1791083448304,109422,-1.6479,-0.6553,0.8823,-25.18,-9.48,-4.69
1791083448314,109455,-1.6138,-0.6655,0.9116,-23.59,-17.8,-2.23
1791083448324,109464,-1.6289,-0.6709,0.9595,-23.95,-10.58,-1.1
1791083448334,109444,-1.6758,-0.6675,0.9878,-25.57,-10.81,-1.76
1791083448344,109419,-1.5869,-0.6611,1.0317,-13.56,-8.99,-1.91
1791083448354,109410,-1.6021,-0.6509,1.064,-8.32,-3.66,-0.84
1791083448364,109413,-1.6108,-0.6709,1.0742,-6.82,-0.21,-1.62
1791083448374,109424,-1.6113,-0.6499,1.0747,-6.03,-0.84,-1.02
1791083448384,109439,-1.5918,-0.6621,1.0566,-3.36,2.61,-0.26
1791083448394,109460,-1.585,-0.6655,1.0054,1.86,7.47,3.3
1791083448404,109475,-1.5894,-0.6494,0.9614,9.19,11.6,6.11
1791083448414,109506,-1.5835,-0.6353,0.9077,16.53,13.25,9.05
1791083448424,109555,-1.5879,-0.6138,0.8862,23.65,12.85,12.96
1791083448434,109621,-1.5737,-0.5981,0.8848,28.58,11.85,13.91
1791083448444,109698,-1.5918,-0.5732,0.8945,28.98,8.92,13.11
1791083448454,109798,-1.5815,-0.5537,0.9087,23.53,4.05,11.24
1791083448464,109893,-1.5898,-0.54,0.9541,14.15,-3.15,7.76
1791083448474,109965,-1.6182,-0.5532,0.9648,1.6,-10.43,3.89
1791083448484,110035,-1.6025,-0.5874,0.9722,-8.92,-14.58,3.08
1791083448494,110074,-1.5928,-0.585,0.9897,-14.15,-15.07,0.93
1791083448504,110110,-1.5913,-0.5864,0.9917,-15.92,-13.88,1.33
1791083448514,110143,-1.5962,-0.5859,0.9736,-12.61,-14.06,2.11
1791083448524,110187,-1.5957,-0.5991,0.9438,-6.89,-12.23,2.76
1791083448534,110222,-1.585,-0.5898,0.9395,0.11,-8.89,3.57
1791083448544,110268,-1.6021,-0.6147,0.9082,4.69,-6.18,3.13
1791083448554,110312,-1.6011,-0.6157,0.9224,7.21,-7.44,4.38
1791083448564,110347,-1.626,-0.6138,0.9736,7.68,-7.54,3.77
1791083448574,110370,-1.6289,-0.6221,1.0137,7.1,-8.95,3.77
1791083448584,110379,-1.6357,-0.6206,1.0747,7.51,-5.59,2.15
1791083448594,110378,-1.6367,-0.6157,1.0762,7.95,-2.24,0.75
1791083448604,110384,-1.6489,-0.6177,1.0625,7.36,-0.26,-1.31
1791083448614,110390,-1.6431,-0.6274,1.043,2.61,-0.14,-0.85
1791083448624,110397,-1.6475,-0.6177,1.0396,-1.6,2.03,-2.61
1791083448634,110411,-1.6475,-0.6191,1.0151,-1.95,1.71,-2.99
1791083448644,110451,-1.6367,-0.6079,0.9854,-0.52,0.14,-2.05
1791083448654,110491,-1.6143,-0.6099,0.9375,2.44,-0.44,-0.27
1791083448664,110534,-1.6216,-0.6138,0.9282,6.29,-2.02,1.53
1791083448674,110575,-1.6235,-0.6133,0.9165,8.02,-3.48,3.16
1791083448684,110635,-1.5933,-0.6108,0.9297,7.04,-4.21,3.22
1791083448694,110694,-1.5972,-0.6069,0.9604,5.97,-2.93,2.75
1791083448704,110748,-1.5928,-0.5996,0.9917,3.66,-5.19,1.16
1791083448714,110787,-1.5967,-0.6152,1.0166,1.51,-6.02,1.27
1791083448724,110797,-1.6001,-0.6172,1.062,1.4,-5.08,-0.67
1791083448734,110735,-1.5898,-0.6157,1.0791,3.02,-1.21,-0.99
1791083448744,110629,-1.6064,-0.6123,1.0669,4.43,1.27,-0.84
1791083448754,110467,-1.6084,-0.6128,1.0093,4.76,2.73,-1.34
1791083448764,110298,-1.6006,-0.605,0.9741,3.13,2.2,-0.95
1791083448774,110147,-1.5918,-0.6182,0.959,3.47,1.24,0.89
1791083448784,110001,-1.5947,-0.6274,0.9316,4.73,3.68,1.5
1791083448794,109879,-1.5962,-0.6113,0.916,3.98,2.75,1.91
1791083448804,109787,-1.5962,-0.6035,0.9565,6.02,1.05,2.05
1791083448814,109713,-1.5742,-0.6743,1.0122,10.24,-2.37,5.57
1791083448824,109671,-1.626,-0.6191,0.9995,12.85,4.89,3.25
1791083448834,109672,-1.6343,-0.6182,0.9683,8.5,0.21,4.44
1791083448844,109685,-1.6021,-0.6084,0.9824,2.6,-5.27,5.04
1791083448854,109714,-1.6177,-0.6187,1.0063,0.43,-5.73,3.48
1791083448864,109748,-1.6177,-0.6147,1.0303,1.25,-5.86,4.09
1791083448874,109777,-1.6216,-0.6079,1.021,1.24,-6.38,4.76
1791083448884,109821,-1.6064,-0.6128,1.0039,1.01,-3.44,3.63
1791083448894,109859,-1.5889,-0.5947,0.9854,0.4,0.18,2.9
1791083448904,109897,-1.6001,-0.5967,0.9541,1.11,-0.78,2.73
1791083448914,109938,-1.5923,-0.5835,0.9443,1.4,-0.24,2.92
1791083448924,109988,-1.6021,-0.5918,0.9331,0.14,-1.16,2.12
1791083448934,110025,-1.6006,-0.5874,0.9487,0.09,-4.23,2.9
1791083448944,110048,-1.6055,-0.5811,0.96,-0.69,-6.34,3.1
1791083448954,110071,-1.6216,-0.5796,0.9771,-0.34,-4.92,3.15
1791083448964,110120,-1.6294,-0.5762,1.0278,0.63,-4.55,2.84
1791083448974,110157,-1.6255,-0.5801,1.0312,2.09,-4.98,3.69
1791083448984,110184,-1.6348,-0.5693,1.0444,1.83,-3.01,3.18
1791083448994,110213,-1.6147,-0.5908,1.0264,1.68,-3.47,3.77
1791083449004,110222,-1.6182,-0.5811,0.998,1.8,-2.52,4.67
1791083449014,110238,-1.6299,-0.5781,0.981,1.31,-2.87,3.5
1791083449024,110253,-1.6309,-0.5835,0.9731,-2.85,-4.76,3.59
1791083449034,110256,-1.6113,-0.5796,0.9707,-4.41,-4.4,1.45
1791083449044,110261,-1.6123,-0.5918,0.9331,-3.85,-4.23,1.11
1791083449054,110244,-1.6167,-0.5894,0.9683,-1.74,-5.08,1.33
1791083449064,110231,-1.6138,-0.5903,0.9785,0.72,-5.83,2.18
1791083449074,110219,-1.6255,-0.5864,0.9868,0.56,-6.38,1.31
1791083449084,110206,-1.6147,-0.5898,1.0103,0.27,-6.26,2.26
1791083449094,110204,-1.6143,-0.5918,1.0073,2.89,-5.57,1.88
1791083449104,110216,-1.5996,-0.5947,1.0049,5.65,-3.36,2.56
1791083449114,110235,-1.5986,-0.5874,1.0068,5.73,-1.07,2.06
1791083449124,110287,-1.6152,-0.5928,1.0093,4.34,-2.29,2.03
1791083449134,110410,-1.6074,-0.6045,0.9917,2.15,-3.53,2.35
1791083449144,110479,-1.6108,-0.5869,1.0068,-0.46,-2.46,-0.26
1791083449154,110544,-1.6123,-0.5957,0.9893,-2.78,-2.18,-1.04
1791083449164,110616,-1.6079,-0.606,0.999,-3.11,-0.84,-3.19
1791083449174,110684,-1.6118,-0.6001,0.9824,-3.07,0.7,-4.98
1791083449184,110753,-1.6064,-0.5991,0.9609,-1.16,-0.58,-3.74
1791083449194,110811,-1.6084,-0.6084,0.9546,0.92,-1.71,-3.04
1791083449204,110866,-1.6011,-0.5957,0.9561,1.04,-0.85,-2.38
1791083449214,110917,-1.6006,-0.6016,0.9849,3.57,-0.2,-1.83
1791083449224,110973,-1.5986,-0.5957,0.9932,6.02,1.48,-1.73
1791083449234,111023,-1.6211,-0.5845,1.0005,3.94,0.82,-1.19
1791083449244,111088,-1.6069,-0.5884,1.0176,0.14,-2.35,-1.3
1791083449254,111152,-1.6157,-0.6074,1.0029,-4.23,-3.16,-1.44
1791083449264,111217,-1.6104,-0.6104,0.9985,-6.78,-4.12,-1.02
1791083449274,111274,-1.6152,-0.6182,0.9834,-7.8,-4.34,-0.6
1791083449284,111338,-1.627,-0.6211,0.9937,-6.03,-6.6,0.85
1791083449294,111390,-1.6147,-0.6099,1.0068,-2.14,-6.31,2.63
1791083449304,111438,-1.6128,-0.6216,1.04,2.81,-2.85,3.74
1791083449314,111470,-1.6113,-0.6089,1.02,7.97,-0.14,5.05
1791083449324,111504,-1.6006,-0.6001,1.0137,9.79,-0.11,5.37
1791083449334,111543,-1.6035,-0.5933,1.0254,7.47,0.17,5.13
1791083449344,111579,-1.6021,-0.5903,1.0044,5.07,1.82,4.32
1791083449354,111622,-1.5957,-0.5947,1.0273,2.67,2.43,3.54
1791083449364,111657,-1.6172,-0.5859,0.9907,-0.26,0.03,2.7
1791083449374,111703,-1.6006,-0.5977,0.9985,-4.56,-2.84,3.88
1791083449384,111758,-1.585,-0.5913,0.9727,-4.02,-1.92,2.82
1791083449394,111818,-1.5977,-0.5796,0.9673,-3.11,-1.13,2.6
1791083449404,111885,-1.5918,-0.585,0.9585,-1.01,-3.13,2.58
1791083449414,111946,-1.603,-0.5894,0.9419,1.22,-5.34,2.63
1791083449424,111997,-1.5864,-0.5952,0.9453,2.0,-6.89,2.72
1791083449434,112025,-1.5947,-0.5908,0.9766,1.1,-7.56,2.23
1791083449444,112043,-1.605,-0.5991,1.0112,-1.62,-6.17,1.54
1791083449454,112027,-1.6069,-0.6064,1.0557,-2.95,-4.66,0.5
1791083449464,111945,-1.6133,-0.5986,1.0659,-3.37,-3.69,1.01
1791083449474,111800,-1.6108,-0.5938,1.084,-3.74,-3.05,0.2
1791083449484,111621,-1.606,-0.5967,1.082,-3.83,-0.32,-0.52
1791083449494,111423,-1.6016,-0.5957,1.0791,-3.76,1.6,-1.16
1791083449504,111257,-1.6069,-0.5938,1.0415,-1.85,2.06,-0.31
1791083449514,111110,-1.5952,-0.5996,0.9858,0.37,1.63,-0.23
1791083449524,110988,-1.5967,-0.5986,0.9751,1.24,2.26,0.64
1791083449534,110888,-1.6006,-0.5884,0.9536,1.77,2.06,0.81
1791083449544,110819,-1.5977,-0.5923,0.9497,5.3,1.22,1.44
1791083449554,110758,-1.5889,-0.5874,0.9702,8.08,-0.4,2.0
1791083449564,110729,-1.5796,-0.585,0.9697,9.6,-0.03,2.18
1791083449574,110713,-1.5962,-0.5845,0.9932,7.02,-0.73,1.11
1791083449584,110722,-1.6016,-0.5796,0.9985,2.41,-1.16,1.08
1791083449594,110732,-1.5996,-0.5845,0.9917,-2.4,-3.15,-0.06
1791083449604,110774,-1.6152,-0.6035,1.002,-7.21,-6.66,-0.08
1791083449614,110805,-1.6079,-0.582,1.0195,-12.0,-9.13,0.75
1791083449624,110843,-1.604,-0.5957,1.0303,-14.81,-8.03,0.26
1791083449634,110880,-1.6118,-0.5947,1.0601,-12.12,-5.5,-0.34
1791083449644,110933,-1.5942,-0.6133,1.0581,-5.94,-4.56,0.2
1791083449654,110981,-1.5967,-0.6079,1.0371,-0.6,-1.8,-0.08
1791083449664,111025,-1.5933,-0.6226,1.0112,1.47,2.4,0.55
1791083449674,111067,-1.6016,-0.6084,0.9956,5.18,0.85,0.55
1791083449684,111115,-1.5981,-0.6113,0.999,6.52,0.2,1.59
1791083449694,111177,-1.6011,-0.6079,0.9868,5.74,0.26,1.07
1791083449704,111239,-1.5972,-0.5903,0.9912,5.47,-1.13,1.82
1791083449714,111299,-1.606,-0.5894,1.0044,2.89,-1.5,-0.38
1791083449724,111356,-1.6104,-0.6025,0.9971,2.05,-3.5,0.52
1791083449734,111390,-1.6016,-0.5776,1.0435,1.63,-3.54,-1.02
1791083449744,111386,-1.6099,-0.5854,1.0391,0.87,-0.99,-0.32
1791083449754,111360,-1.6182,-0.5913,1.0234,-0.06,0.29,-0.55
1791083449764,111330,-1.6196,-0.5869,1.0117,-1.74,-0.34,0.03
1791083449774,111308,-1.627,-0.5991,1.0186,-3.08,0.18,-0.41
1791083449784,111284,-1.6099,-0.5923,1.0225,-1.42,0.75,-0.87
1791083449794,111270,-1.6069,-0.5967,0.9985,-1.18,1.47,0.09
1791083449804,111265,-1.6108,-0.5933,0.9995,0.7,0.64,0.6
1791083449814,111260,-1.6094,-0.6021,1.0137,1.77,1.18,1.04
1791083449824,111266,-1.6128,-0.5986,1.0005,3.97,0.55,2.12
1791083449834,111263,-1.6484,-0.6069,1.0615,4.46,1.69,3.16
1791083449844,111275,-1.6211,-0.5938,0.9941,1.68,-1.34,3.08
1791083449854,111288,-1.6025,-0.5879,0.9897,-0.37,0.31,2.56
1791083449864,111314,-1.6279,-0.5903,1.0068,-2.96,-2.0,1.77
1791083449874,111357,-1.5737,-0.5796,1.0127,-0.15,-6.82,3.48
1791083449884,111410,-1.6079,-0.5859,1.0166,-1.51,-1.88,2.37
1791083449894,111487,-1.604,-0.6016,0.9834,-0.11,0.81,-0.58
1791083449904,111554,-1.5986,-0.5811,0.9961,-0.41,-0.95,-0.75
1791083449914,111642,-1.6147,-0.5791,0.9805,1.63,-1.28,0.17
1791083449924,111723,-1.5918,-0.5933,0.9858,4.67,-2.53,2.11
1791083449934,111790,-1.5962,-0.5913,1.0039,2.99,-3.95,3.73
1791083449944,111853,-1.6079,-0.5972,1.0,4.05,-3.15,3.15
1791083449954,111909,-1.6558,-0.6074,1.0127,5.34,-5.33,2.99
1791083449964,111948,-1.6484,-0.5747,1.0312,4.96,-6.37,4.55
1791083449974,111980,-1.5835,-0.6035,1.0259,6.41,-5.05,7.3
1791083449984,112030,-1.6113,-0.5869,0.9941,4.72,2.66,2.69
1791083449994,112086,-1.6167,-0.5957,0.9717,1.44,1.22,4.64
1791083450004,112153,-1.6235,-0.5908,0.9868,0.06,-3.69,2.79
1791083450014,112235,-1.6011,-0.584,0.978,-2.05,-3.69,2.44
1791083450024,112340,-1.606,-0.5864,1.02,-2.4,-0.73,2.02
1791083450034,112460,-1.604,-0.5771,1.0054,-1.74,-0.72,1.45
1791083450044,112509,-1.6089,-0.5669,1.0259,-2.11,-3.28,2.17
1791083450054,112554,-1.6089,-0.5825,1.0088,-1.59,-5.92,2.63
1791083450064,112571,-1.603,-0.582,1.0029,-0.69,-6.66,2.05
1791083450074,112578,-1.605,-0.5908,1.0078,-0.58,-4.11,2.44
1791083450084,112581,-1.5859,-0.5859,0.9814,-0.6,-2.93,1.56
1791083450094,112581,-1.5903,-0.603,0.9653,-1.83,-3.05,1.97
1791083450104,112587,-1.5825,-0.5962,0.9668,-2.61,-4.78,1.15
1791083450114,112591,-1.584,-0.6128,0.9658,-3.91,-2.92,0.81
1791083450124,112590,-1.5908,-0.5894,0.9956,-2.96,0.58,1.05
1791083450134,112584,-1.6143,-0.5962,1.0176,-2.73,1.54,1.28
1791083450144,112535,-1.6069,-0.6045,1.0337,-1.28,1.39,1.94
1791083450154,112406,-1.6191,-0.5889,1.0688,2.12,3.04,1.76
1791083450164,112218,-1.6279,-0.6011,1.0488,4.6,3.19,2.26
1791083450174,112022,-1.6235,-0.582,1.0645,6.49,2.67,2.93
1791083450184,111802,-1.6138,-0.585,1.0244,6.53,2.69,2.49
1791083450194,111587,-1.6094,-0.5767,1.0278,6.44,4.14,2.81
1791083450204,111428,-1.6138,-0.5728,1.0039,2.96,3.6,2.24
1791083450214,111318,-1.6152,-0.5806,0.9824,-1.98,-0.05,1.28
1791083450224,111234,-1.6001,-0.584,0.9839,-4.9,-2.03,1.04
1791083450234,111174,-1.6006,-0.5806,0.9731,-7.31,-2.08,0.78
1791083450244,111147,-1.5986,-0.5815,0.9575,-8.2,-3.18,0.49
1791083450254,111129,-1.6021,-0.582,0.9878,-8.72,-1.92,0.46
1791083450264,111130,-1.5986,-0.5874,0.9912,-7.34,-0.09,1.34
1791083450274,111159,-1.6172,-0.5981,1.0059,-6.17,-0.73,1.15
1791083450284,111200,-1.6118,-0.5967,1.0171,-4.85,-3.16,3.08
1791083450294,111254,-1.6133,-0.603,1.0122,-4.4,-3.94,2.64
1791083450304,111306,-1.6099,-0.603,1.0405,-3.54,-2.23,3.42
1791083450314,111346,-1.606,-0.5952,1.0552,-1.08,1.85,3.07
1791083450324,111396,-1.6045,-0.583,1.0557,1.77,4.44,2.64
1791083450334,111456,-1.6001,-0.5854,1.0259,4.11,3.56,1.85
1791083450344,111512,-1.6021,-0.5737,0.9907,3.08,0.34,1.71
1791083450354,111562,-1.5884,-0.5874,0.9668,-0.6,2.15,1.39
1791083450364,111604,-1.6045,-0.5786,0.959,-5.97,2.67,-0.43
1791083450374,111661,-1.6196,-0.5806,0.9556,-9.39,-1.4,-0.87
1791083450384,111722,-1.6152,-0.5811,0.9526,-9.5,-7.54,0.49
1791083450394,111767,-1.6133,-0.5767,0.9795,-7.59,-7.95,0.9
1791083450404,111796,-1.6128,-0.5972,0.999,-3.73,-5.76,1.6
1791083450414,111786,-1.6069,-0.582,0.999,-0.47,-0.24,2.31
1791083450424,111774,-1.6177,-0.5835,1.0059,1.98,3.19,2.12
1791083450434,111749,-1.6128,-0.5845,1.0,5.16,3.22,1.97
1791083450444,111729,-1.6113,-0.5728,1.0132,5.07,0.9,1.69
1791083450454,111704,-1.6123,-0.5732,1.0264,0.9,0.72,2.02
1791083450464,111681,-1.6147,-0.5645,1.0063,-2.5,1.1,-0.69
1791083450474,111645,-1.6182,-0.5762,0.9893,-4.99,-1.56,-0.66
1791083450484,111617,-1.6152,-0.5757,0.9956,-9.62,-5.62,-0.21
1791083450494,111585,-1.626,-0.5791,0.978,-13.76,-5.25,-0.96
1791083450504,111559,-1.6279,-0.5869,0.9712,-15.28,-11.24,-0.31
1791083450514,111532,-1.6172,-0.5972,0.9893,-14.69,-11.54,0.69
1791083450524,111516,-1.6206,-0.6069,1.0298,-9.16,-7.15,2.03
1791083450534,111510,-1.6089,-0.6113,1.0415,-1.16,-2.2,2.75
1791083450544,111522,-1.6104,-0.6099,1.0308,4.37,2.82,2.64
1791083450554,111548,-1.6123,-0.5977,1.0117,7.5,4.93,1.51
1791083450564,111587,-1.605,-0.6001,0.9917,7.92,10.81,0.82
1791083450574,111636,-1.6152,-0.5864,0.9688,4.52,9.07,0.38
1791083450584,111706,-1.6138,-0.585,0.9805,1.07,4.61,0.26
1791083450594,111775,-1.6196,-0.5737,0.9663,-0.72,0.31,-0.64
1791083450604,111846,-1.5986,-0.585,0.9678,-4.75,-4.34,0.38
1791083450614,111915,-1.5972,-0.5737,0.9775,-7.01,-1.89,-0.98
1791083450624,111965,-1.6123,-0.5781,0.9761,-6.98,-2.14,-0.17
1791083450634,112008,-1.603,-0.5732,0.9712,-5.44,-3.3,-0.14
1791083450644,112052,-1.6084,-0.5957,0.9819,-2.27,-3.28,1.63
1791083450654,112087,-1.6055,-0.6099,0.9702,-0.75,-4.05,1.74
1791083450664,112145,-1.6006,-0.6084,0.9746,-0.89,-1.83,2.23
1791083450674,112195,-1.6035,-0.6006,0.957,-0.82,-1.71,1.53
1791083450684,112245,-1.604,-0.6089,0.999,0.37,-4.4,1.39
1791083450694,112284,-1.5845,-0.6016,1.0352,-0.38,-2.14,0.21
1791083450704,112321,-1.6074,-0.5942,1.0269,0.43,0.27,0.08
1791083450714,112346,-1.6162,-0.5825,1.0493,-0.98,0.09,-0.85
1791083450724,112366,-1.6157,-0.5854,1.0435,-0.24,1.53,-0.52
1791083450734,112399,-1.6104,-0.5869,0.9839,-1.45,0.06,-1.33
1791083450744,112426,-1.6162,-0.603,0.9878,-3.33,-2.24,-0.34
1791083450754,112453,-1.5986,-0.6104,0.9609,-5.37,-1.25,-0.6
1791083450764,112484,-1.6025,-0.6021,0.9556,-5.91,-1.3,0.2
1791083450774,112520,-1.5991,-0.6157,0.9556,-4.67,-4.99,1.65
1791083450784,112539,-1.5928,-0.6089,0.9761,-3.66,-3.73,0.75
1791083450794,112541,-1.604,-0.6123,0.9731,-2.76,-1.92,0.31
1791083450804,112534,-1.5981,-0.6216,0.9922,-0.5,-2.78,1.5
1791083450814,112458,-1.6108,-0.5986,1.0142,0.55,-1.59,1.59
1791083450824,112312,-1.5894,-0.5977,0.9985,3.88,2.81,0.11
1791083450834,112122,-1.6021,-0.5942,0.9873,5.25,7.15,0.29
1791083450844,111913,-1.6182,-0.5845,0.9956,3.66,2.92,1.34
1791083450854,111720,-1.626,-0.5942,0.9971,0.84,0.41,1.53
1791083450864,111565,-1.6196,-0.5835,0.9995,-2.11,-1.04,1.44
1791083450874,111445,-1.6162,-0.5981,1.0063,-4.75,-5.4,1.28
1791083450884,111350,-1.6206,-0.606,1.0142,-4.53,-7.18,1.83
1791083450894,111276,-1.6055,-0.603,0.9873,-6.95,-5.8,1.88
1791083450904,111218,-1.6016,-0.6055,0.999,-6.34,-4.55,1.45
1791083450914,111178,-1.6084,-0.5986,0.981,-4.0,-4.6,2.0
1791083450924,111154,-1.6099,-0.5986,0.9834,-2.15,-3.83,1.31
1791083450934,111149,-1.6021,-0.6187,0.9678,-0.06,-2.58,1.69
1791083450944,111151,-1.5952,-0.6143,0.9829,2.38,-0.75,2.6
1791083450954,111165,-1.5894,-0.5986,0.9878,3.86,1.22,2.46
1791083450964,111196,-1.645,-0.5591,1.085,6.87,4.06,2.75
1791083450974,111229,-1.7192,-0.5879,1.0503,19.97,-3.16,1.39
1791083450984,111238,-1.5151,-0.5986,0.999,15.34,-14.21,4.75
1791083450994,111218,-1.5513,-0.5791,0.9575,7.01,3.65,0.44
1791083451004,111202,-1.5918,-0.5894,0.8755,-7.01,0.15,-1.53
1791083451014,111218,-1.6064,-0.564,0.8936,-19.85,-8.21,-0.92
1791083451024,111235,-1.6274,-0.5962,1.0015,-22.81,-11.44,-3.57
1791083451034,111252,-1.6123,-0.6064,1.0332,-18.44,-11.88,-2.66
1791083451044,111268,-1.604,-0.6235,1.0107,-7.71,-6.79,-1.22
1791083451054,111277,-1.6045,-0.6279,0.9863,-0.49,0.0,1.04
1791083451064,111297,-1.5918,-0.6187,0.9683,3.51,4.6,2.27
1791083451074,111324,-1.5874,-0.5991,0.9673,7.25,5.6,3.21
1791083451084,111341,-1.6074,-0.5859,0.979,7.27,1.5,3.6
1791083451094,111355,-1.6108,-0.5811,1.0059,5.62,-2.23,3.08
1791083451104,111344,-1.6157,-0.5728,1.0244,2.61,-3.27,2.26
1791083451114,111323,-1.6245,-0.5771,1.0117,-1.65,-4.6,0.38
1791083451124,111286,-1.6172,-0.5933,1.0044,-6.63,-6.67,-0.87
1791083451134,111236,-1.6167,-0.5845,1.0078,-10.72,-5.47,-1.56
1791083451144,111186,-1.6167,-0.5991,0.9966,-12.05,-5.07,-3.11
1791083451154,111131,-1.6318,-0.6079,0.9839,-12.35,-5.88,-1.54
1791083451164,111090,-1.5952,-0.6069,0.9907,-8.75,-4.23,-1.28
1791083451174,111065,-1.6055,-0.6147,0.9849,-2.6,-1.42,-0.43
1791083451184,111047,-1.6055,-0.6128,0.9751,2.63,1.22,1.24
1791083451194,111036,-1.6025,-0.6206,0.9766,5.36,3.5,1.45
1791083451204,111057,-1.5977,-0.6182,0.9634,7.48,5.21,1.13
1791083451214,111079,-1.603,-0.5962,0.9902,5.21,4.52,1.89
1791083451224,111125,-1.6074,-0.6064,0.9922,3.16,2.5,1.82
1791083451234,111182,-1.623,-0.603,1.0024,0.02,-0.12,2.15
1791083451244,111229,-1.6133,-0.6045,1.0254,-0.61,-2.43,2.31
1791083451254,111278,-1.5996,-0.5942,1.0215,-1.54,-4.73,2.15
1791083451264,111320,-1.6025,-0.5996,1.0132,-3.08,-3.83,0.98
1791083451274,111361,-1.6084,-0.5952,1.0088,-3.27,-1.31,-1.04
1791083451284,111389,-1.5918,-0.5908,1.0073,-2.75,2.06,-1.27
1791083451294,111424,-1.6069,-0.5957,0.9932,-0.17,0.24,-1.6
1791083451304,111469,-1.5938,-0.6011,0.9688,-0.66,-0.08,-0.98
1791083451314,111500,-1.6069,-0.6113,0.939,-2.85,-2.03,-1.15
1791083451324,111543,-1.6069,-0.6123,0.9604,-5.82,-4.37,-0.56
1791083451334,111562,-1.6196,-0.6138,0.9653,-8.06,-6.32,0.61
1791083451344,111600,-1.6138,-0.6187,0.96,-7.18,-7.94,1.44
1791083451354,111615,-1.6074,-0.6094,0.9976,-4.73,-7.15,3.31
1791083451364,111630,-1.6035,-0.6196,1.021,0.34,-2.69,2.87
1791083451374,111644,-1.6206,-0.6045,1.0239,3.85,0.76,2.49
1791083451384,111676,-1.6021,-0.5977,1.0298,6.49,1.95,1.94
1791083451394,111698,-1.603,-0.6025,1.0391,5.65,2.66,0.76
1791083451404,111722,-1.6201,-0.6021,1.001,1.33,2.87,0.4
1791083451414,111749,-1.6177,-0.5903,0.9736,-0.7,-0.26,0.21
1791083451424,111773,-1.6089,-0.6069,0.9751,-5.89,-3.88,0.99
1791083451434,111791,-1.6123,-0.6021,0.9502,-8.6,-5.79,0.66
1791083451444,111806,-1.6055,-0.6099,0.9429,-10.47,-7.76,0.37
1791083451454,111798,-1.5991,-0.6187,0.9517,-8.93,-9.63,1.27
1791083451464,111801,-1.5908,-0.627,0.9824,-5.11,-7.36,2.4
1791083451474,111784,-1.5918,-0.6162,0.9961,-1.5,-2.63,0.92
1791083451484,111776,-1.5938,-0.6133,1.0273,2.05,-1.18,0.61
1791083451494,111755,-1.6069,-0.6143,1.0205,3.73,0.53,0.61
1791083451504,111692,-1.6084,-0.6045,1.0327,3.07,2.03,0.9
1791083451514,111570,-1.623,-0.6089,1.0337,0.52,3.27,0.35
1791083451524,111414,-1.624,-0.5957,1.0059,-2.2,1.6,0.02
1791083451534,111236,-1.6235,-0.5938,0.9961,-5.34,-1.4,0.37
1791083451544,111068,-1.6089,-0.605,1.0156,-7.57,0.24,-0.52
1791083451554,110898,-1.5996,-0.6099,1.0073,-6.06,4.72,-1.27
1791083451564,110736,-1.6094,-0.5933,0.9888,-3.73,5.54,0.46
1791083451574,110587,-1.5791,-0.5977,0.9731,-0.72,2.69,3.28
1791083451584,110462,-1.6304,-0.5854,0.9663,1.11,-1.45,2.82
1791083451594,110361,-1.5933,-0.585,0.9844,1.74,-0.53,1.71
1791083451604,110277,-1.6167,-0.5908,0.9692,1.91,-2.69,4.26
1791083451614,110225,-1.6216,-0.5864,0.9814,1.13,-2.43,2.78
1791083451624,110193,-1.6216,-0.5923,1.0,-1.16,-1.53,2.41
1791083451634,110155,-1.6289,-0.5874,1.0146,-2.18,-3.08,2.27
1791083451644,110160,-1.6206,-0.5942,1.0337,-2.26,-3.11,3.08
1791083451654,110185,-1.6069,-0.6006,1.0376,-3.71,-0.67,1.34
1791083451664,110218,-1.6064,-0.6084,1.0259,-3.42,3.13,-0.27
1791083451674,110251,-1.606,-0.6089,1.0088,-2.9,3.07,-0.56
1791083451684,110289,-1.6104,-0.6133,0.9849,-3.95,1.13,-0.41
1791083451694,110334,-1.6152,-0.626,1.0103,-7.4,-0.37,-1.63
1791083451704,110388,-1.6069,-0.6265,0.9829,-9.79,-0.14,-2.27
1791083451714,110438,-1.5928,-0.6406,0.9731,-7.57,-0.72,-1.44
1791083451724,110485,-1.6001,-0.6299,0.9771,-2.24,0.46,-2.2
1791083451734,110518,-1.5986,-0.6299,0.9707,1.36,1.27,-0.37
1791083451744,110555,-1.5933,-0.6172,0.9814,3.36,6.27,-0.32
1791083451754,110574,-1.6011,-0.6191,0.9756,5.15,7.16,-0.11
1791083451764,110590,-1.6074,-0.6211,0.9658,5.13,4.93,1.13
1791083451774,110588,-1.6104,-0.6006,0.9521,2.38,1.54,1.34
1791083451784,110574,-1.6074,-0.6089,0.9521,-1.54,0.64,1.22
1791083451794,110547,-1.6025,-0.6094,0.9619,-3.66,-1.15,1.83
1791083451804,110515,-1.5972,-0.6064,0.9692,-4.75,-2.81,1.39
1791083451814,110478,-1.5972,-0.6079,0.9868,-5.5,-3.68,2.12
1791083451824,110447,-1.6167,-0.606,0.9941,-6.15,-3.76,1.86
1791083451834,110416,-1.6196,-0.6182,0.9717,-5.83,-3.83,0.98
1791083451844,110389,-1.605,-0.6206,0.9805,-3.97,-4.03,2.05
1791083451854,110365,-1.6064,-0.6074,0.9663,-2.6,-3.21,0.93
1791083451864,110339,-1.6021,-0.6147,0.9712,-1.01,-1.13,1.54
1791083451874,110314,-1.6055,-0.6113,0.9917,0.26,-1.05,1.11
1791083451884,110299,-1.603,-0.6196,0.9878,1.62,-2.12,1.98
1791083451894,110291,-1.5938,-0.6201,0.9849,1.5,-0.12,1.98
1791083451904,110302,-1.6094,-0.6162,0.98,-0.4,1.45,1.71
1791083451914,110340,-1.6113,-0.6118,0.959,-1.69,-0.2,2.47
1791083451924,110374,-1.6172,-0.6104,0.9639,-3.74,-2.61,3.51
1791083451934,110424,-1.6099,-0.6108,0.9561,-2.95,-2.7,2.35
1791083451944,110474,-1.6118,-0.6196,0.9644,-1.91,-2.26,2.12
1791083451954,110516,-1.5977,-0.6025,0.9863,-1.37,-2.34,1.24
1791083451964,110553,-1.6147,-0.6094,0.9966,-3.01,-3.08,1.27
1791083451974,110591,-1.6211,-0.6025,1.0142,-3.4,-2.46,-0.32
1791083451984,110620,-1.6201,-0.6147,1.0112,-0.98,0.31,-1.33
1791083451994,110661,-1.6304,-0.6084,1.0034,-2.34,-0.44,0.11
1791083452004,110699,-1.6245,-0.6182,0.9634,-4.58,0.26,-0.18
1791083452014,110740,-1.6133,-0.6162,0.9521,-5.37,-0.98,0.64
1791083452024,110770,-1.6172,-0.6172,0.939,-3.98,-3.91,2.32
1791083452034,110805,-1.6108,-0.6123,0.959,-1.59,-3.86,3.89
1791083452044,110835,-1.6006,-0.6157,0.9834,2.99,-2.58,4.21
1791083452054,110871,-1.5996,-0.6084,0.9888,8.32,-0.93,4.32
1791083452064,110899,-1.5928,-0.6011,0.9917,9.44,2.03,3.76
1791083452074,110937,-1.6133,-0.6035,0.9756,4.32,2.46,2.29
1791083452084,110978,-1.6128,-0.6021,0.9824,-0.14,-3.01,0.58
1791083452094,111008,-1.6147,-0.6001,0.9702,-7.08,-6.43,-0.87
1791083452104,111033,-1.6128,-0.6069,0.9561,-11.08,-9.3,-1.04
1791083452114,111035,-1.6011,-0.6216,0.959,-13.59,-11.34,-1.24
1791083452124,111043,-1.603,-0.6191,0.9658,-14.15,-10.41,-1.57
1791083452134,111033,-1.5918,-0.6221,0.9731,-11.02,-8.38,-0.43
1791083452144,111015,-1.5791,-0.6099,0.9785,-3.74,-4.85,0.89
1791083452154,110991,-1.5967,-0.6177,1.0107,2.92,-0.05,2.52
1791083452164,110966,-1.6143,-0.6196,1.0063,7.21,0.75,3.18
1791083452174,110917,-1.6157,-0.6304,1.0093,5.74,1.16,4.58
1791083452184,110820,-1.6216,-0.6265,1.0034,2.47,0.98,3.34
1791083452194,110679,-1.6191,-0.6348,1.0117,0.09,-1.48,3.71
1791083452204,110513,-1.6201,-0.624,0.9927,-1.24,-2.89,4.21
1791083452214,110337,-1.6235,-0.6113,1.0107,-3.22,-2.37,2.64
1791083452224,110165,-1.6118,-0.6108,0.9673,-5.94,-0.85,0.69
1791083452234,109993,-1.6113,-0.6177,0.9346,-6.23,-2.63,0.35
1791083452244,109836,-1.6074,-0.6196,0.9463,-5.69,-4.5,0.05
1791083452254,109688,-1.5957,-0.6172,0.9609,-2.92,-3.83,0.72
1791083452264,109575,-1.6025,-0.6196,0.9761,-0.84,0.26,1.83
1791083452274,109470,-1.6201,-0.627,0.9819,1.74,-0.52,3.68
1791083452284,109405,-1.605,-0.6187,1.0,2.66,-3.68,4.53
1791083452294,109371,-1.6099,-0.605,1.0303,-0.24,-2.02,4.98
1791083452304,109369,-1.6055,-0.6104,1.0386,-1.24,-2.61,5.42
1791083452314,109382,-1.6006,-0.6138,1.0195,-4.67,-3.88,5.69
1791083452324,109412,-1.5986,-0.6133,1.0137,-5.83,-5.33,4.53
1791083452334,109457,-1.604,-0.6064,1.001,-6.29,-4.26,3.01
1791083452344,109502,-1.5918,-0.6191,0.9639,-5.69,-5.8,3.5
1791083452354,109537,-1.5962,-0.6143,0.9614,-4.69,-4.14,3.1
1791083452364,109576,-1.5938,-0.6089,0.9385,-0.87,-4.21,1.63
1791083452374,109601,-1.6016,-0.6221,0.957,0.46,-3.98,2.41
1791083452384,109628,-1.5913,-0.6157,0.9595,0.14,0.53,1.02
1791083452394,109656,-1.604,-0.6172,0.9307,-1.07,1.47,0.78
1791083452404,109689,-1.5947,-0.6177,0.9482,-0.64,-0.99,1.86
1791083452414,109734,-1.5981,-0.6079,0.9819,-0.69,-2.15,0.73
1791083452424,109772,-1.6025,-0.606,1.0156,-1.68,-2.17,0.95
1791083452434,109788,-1.6099,-0.6011,1.0181,-4.43,-2.92,0.15
1791083452444,109807,-1.6216,-0.6084,1.0312,-7.28,-4.0,-0.08
1791083452454,109806,-1.6216,-0.6147,1.0215,-8.14,-5.13,-1.1
1791083452464,109815,-1.6152,-0.6133,1.0171,-8.5,-4.08,-0.78
1791083452474,109807,-1.6123,-0.6118,1.02,-7.37,-3.62,-0.09
1791083452484,109786,-1.6099,-0.6055,1.002,-7.19,-3.39,0.84
1791083452494,109755,-1.6094,-0.6011,0.9634,-6.7,-6.35,1.73
1791083452504,109715,-1.6055,-0.6167,0.9414,-4.79,-8.78,3.01
1791083452514,109667,-1.6035,-0.6294,0.9443,-1.71,-7.08,3.62
1791083452524,109625,-1.5952,-0.6382,0.9561,2.03,-1.86,5.34
1791083452534,109589,-1.6113,-0.627,0.9634,5.85,-1.83,5.65
1791083452544,109576,-1.6016,-0.627,0.9858,4.72,-1.91,5.57
1791083452554,109578,-1.6182,-0.626,1.0103,3.05,0.89,4.53
1791083452564,109588,-1.6133,-0.6191,0.9893,3.33,-0.03,4.73
1791083452574,109606,-1.6104,-0.6113,1.0391,2.79,0.14,4.32
1791083452584,109637,-1.6289,-0.603,1.0571,-0.23,4.96,0.79
1791083452594,109673,-1.6196,-0.605,1.0205,-0.78,3.59,-0.52
1791083452604,109719,-1.6187,-0.603,0.9893,-1.89,2.84,-1.36
1791083452614,109765,-1.6079,-0.6006,0.9722,-3.24,1.13,-1.13
1791083452624,109818,-1.5996,-0.6074,0.9668,-4.82,-1.65,-0.46
1791083452634,109865,-1.6025,-0.6045,0.9473,-3.31,-2.76,0.11
1791083452644,109905,-1.5894,-0.6206,0.9263,-0.32,-4.43,1.51
1791083452654,109938,-1.5771,-0.6118,0.9351,2.02,-3.74,1.92
1791083452664,109953,-1.5962,-0.6104,0.9307,1.54,-0.37,3.54
1791083452674,109978,-1.605,-0.6147,0.9526,0.26,-1.28,3.36
1791083452684,110006,-1.6006,-0.6118,0.9692,-2.03,-1.4,2.47
1791083452694,110038,-1.6079,-0.6055,1.0005,-2.41,-4.15,2.73
1791083452704,110071,-1.6167,-0.6147,1.0332,-5.53,-5.73,3.18
1791083452714,110104,-1.6089,-0.6191,1.0234,-5.45,-4.67,2.43
1791083452724,110117,-1.6079,-0.6221,1.022,-5.44,-3.95,1.33
1791083452734,110130,-1.6108,-0.6206,1.0327,-4.14,-3.63,1.48
1791083452744,110145,-1.5957,-0.6309,0.9849,-3.4,-1.76,2.08
1791083452754,110161,-1.5923,-0.6255,0.9839,-1.48,1.02,1.27
1791083452764,110183,-1.5898,-0.6191,0.96,1.4,-0.09,1.34
1791083452774,110227,-1.6021,-0.6055,0.9502,0.05,-3.05,1.05
1791083452784,110251,-1.6128,-0.6104,0.9478,-2.78,-6.08,1.05
1791083452794,110272,-1.5957,-0.603,0.9351,-4.72,-8.35,1.02
1791083452804,110281,-1.6001,-0.6157,0.9355,-6.23,-10.96,1.63
1791083452814,110281,-1.6045,-0.6133,0.9658,-9.57,-10.78,2.58
1791083452824,110269,-1.6011,-0.6279,1.002,-11.33,-9.08,1.24
1791083452834,110264,-1.5928,-0.626,1.0322,-7.57,-6.76,1.27
1791083452844,110267,-1.6035,-0.623,1.0381,-2.73,-3.04,0.49
1791083452854,110269,-1.5962,-0.6274,1.0532,-1.82,1.08,-0.52
1791083452864,110229,-1.5991,-0.624,1.0244,0.21,4.31,-2.5
1791083452874,110132,-1.5977,-0.6157,1.0078,1.6,5.89,-2.6
1791083452884,109992,-1.6035,-0.6191,0.978,-0.31,4.14,-1.83
1791083452894,109823,-1.606,-0.6304,0.9766,-1.39,2.63,-1.07
1791083452904,109652,-1.6133,-0.625,0.9683,-0.76,1.22,-1.07
1791083452914,109473,-1.6104,-0.627,0.9688,0.17,-0.5,1.85
1791083452924,109306,-1.6172,-0.6152,0.9829,-0.52,-1.33,2.5
1791083452934,109149,-1.6152,-0.6113,1.0015,0.67,0.27,2.37
1791083452944,109010,-1.6055,-0.6167,0.9814,2.95,1.56,2.24
1791083452954,108889,-1.5967,-0.5967,0.9805,5.11,1.39,3.25
1791083452964,108800,-1.6084,-0.5933,0.9761,1.42,1.56,3.13
1791083452974,108756,-1.6021,-0.6006,0.9644,0.21,3.05,0.9
1791083452984,108736,-1.5962,-0.6079,0.959,-0.09,1.13,1.57
1791083452994,108748,-1.6074,-0.6157,0.9624,-2.17,-1.3,1.73
1791083453004,108780,-1.6113,-0.6255,0.9629,-3.19,-4.08,1.34
1791083453014,108815,-1.6045,-0.6274,0.9907,-3.44,-7.05,1.97
1791083453024,108850,-1.6074,-0.626,1.0269,0.47,-3.8,2.26
1791083453034,108867,-1.6016,-0.6216,1.0049,5.82,-0.67,2.11
1791083453044,108888,-1.583,-0.6167,0.9951,11.98,3.57,3.25
1791083453054,108908,-1.5791,-0.604,0.998,16.85,8.75,4.64
1791083453064,108914,-1.5854,-0.6206,1.0425,15.42,16.47,4.75
1791083453074,108943,-1.6104,-0.5952,1.0723,12.02,20.32,2.95
1791083453084,109011,-1.6187,-0.5894,1.0864,7.08,22.93,-1.53
1791083453094,109095,-1.6543,-0.5415,1.1558,-14.37,11.92,-1.28
1791083453104,109174,-1.5435,-0.5723,1.1646,-16.98,33.45,-6.79
1791083453114,109227,-1.6641,-0.6113,1.0234,-12.93,26.46,-0.38
1791083453124,109269,-1.7153,-0.6157,0.9897,-23.89,12.95,-0.72
1791083453134,109297,-1.645,-0.6367,0.9707,-32.63,6.92,-1.01
1791083453144,109304,-1.6519,-0.6533,0.9771,-32.56,4.32,2.79
1791083453154,109282,-1.6499,-0.6431,1.0405,-26.92,17.18,0.64
1791083453164,109235,-1.6763,-0.6548,0.9414,-20.79,18.21,1.59
1791083453174,109181,-1.6548,-0.6367,0.9556,-14.34,17.22,1.34
1791083453184,109126,-1.6533,-0.6533,0.9058,-5.89,24.09,-3.3
1791083453194,109049,-1.605,-0.6807,0.9917,3.83,39.08,-0.93
1791083453204,108994,-1.6187,-0.6445,1.0713,13.92,61.86,-3.68
1791083453214,108981,-1.6992,-0.6309,0.9409,22.79,67.66,-6.17
1791083453224,109011,-1.6484,-0.7295,1.0107,32.47,71.89,-8.05
1791083453234,109006,-1.6372,-0.5986,0.9053,23.54,79.88,-5.19
1791083453244,109008,-1.6685,-0.6299,0.8286,24.14,65.25,-6.24
1791083453254,109071,-1.7046,-0.6143,0.8247,13.77,45.97,1.39
1791083453264,109136,-1.6616,-0.6113,0.8901,7.08,35.47,4.69
1791083453274,109202,-1.6304,-0.627,0.8965,4.76,36.56,2.61
1791083453284,109261,-1.6641,-0.6069,0.9126,2.17,38.46,4.14
1791083453294,109322,-1.6709,-0.5957,0.8882,4.73,32.89,3.28
1791083453304,109381,-1.6641,-0.6064,0.8628,9.53,25.56,5.74
1791083453314,109404,-1.6328,-0.6255,0.8159,4.64,19.05,6.53
1791083453324,109437,-1.6616,-0.6206,0.8184,-2.53,21.8,4.89
1791083453334,109478,-1.6611,-0.6177,0.8003,-16.52,24.76,0.95
1791083453344,109508,-1.6392,-0.6152,0.7773,-24.31,28.43,-0.55
1791083453354,109525,-1.6611,-0.6187,0.7544,-21.6,32.08,-2.98
1791083453364,109535,-1.6621,-0.6255,0.7637,-19.83,31.24,-3.18
1791083453374,109534,-1.6572,-0.6104,0.8247,-25.83,33.94,-3.13
1791083453384,109540,-1.6851,-0.625,0.8657,-30.6,35.88,-4.66
1791083453394,109549,-1.6777,-0.6328,0.9697,-34.21,44.81,-5.39
1791083453404,109547,-1.6938,-0.6401,0.9233,-25.05,59.92,-6.03
1791083453414,109548,-1.7334,-0.6475,0.8633,-10.06,57.66,-1.53
1791083453424,109556,-1.6025,-0.647,0.7227,8.32,47.47,6.66
1791083453434,109553,-1.8076,-0.5962,0.7212,-3.3,51.51,0.23
1791083453444,109518,-1.709,-0.689,0.7344,6.73,45.56,3.85
1791083453454,109497,-1.7148,-0.6211,0.7754,-3.89,56.85,7.95
1791083453464,109461,-1.7798,-0.667,0.6777,-11.37,56.15,0.43
1791083453474,109417,-1.7578,-0.6748,0.6807,-19.3,50.9,-0.08
1791083453484,109390,-1.7598,-0.6729,0.7275,-22.11,48.7,0.46
1791083453494,109352,-1.7495,-0.6919,0.7373,-18.17,57.01,1.21
1791083453504,109308,-1.6313,-0.6694,0.7603,-4.17,65.83,2.81
1791083453514,109285,-1.793,-0.6646,0.8369,1.08,78.6,2.66
1791083453524,109292,-1.7466,-0.6738,0.8213,17.85,77.51,2.96
1791083453534,109337,-1.7202,-0.6572,0.8057,31.86,84.14,5.01
1791083453544,109360,-1.7661,-0.6367,0.7485,47.33,82.92,9.6
1791083453554,109357,-1.8062,-0.6284,0.7349,46.6,80.46,11.44
1791083453564,109332,-1.8003,-0.6396,0.689,42.99,78.98,12.87
1791083453574,109260,-1.7642,-0.623,0.6748,42.69,88.0,13.22
1791083453584,109155,-1.7861,-0.646,0.6006,45.11,88.46,13.66
1791083453594,109034,-1.7773,-0.6538,0.5264,35.66,73.04,16.31
1791083453604,108921,-1.7583,-0.5479,0.6079,30.11,78.23,11.76
1791083453614,108826,-1.8066,-0.5718,0.4829,10.69,63.51,7.11
1791083453624,108759,-1.7734,-0.5747,0.4741,-2.98,52.43,8.06
1791083453634,108686,-1.7598,-0.5884,0.498,-10.78,49.98,5.3
1791083453644,108624,-1.7661,-0.6016,0.5024,-10.82,50.24,4.35
1791083453654,108583,-1.7866,-0.5952,0.4736,-13.4,44.69,4.09
1791083453664,108593,-1.7876,-0.5962,0.4688,-17.51,36.34,4.58
1791083453674,108608,-1.8149,-0.6123,0.4644,-21.79,28.12,3.8
1791083453684,108646,-1.7754,-0.6289,0.4526,-21.22,23.42,5.05
1791083453694,108666,-1.791,-0.6475,0.458,-14.87,21.5,7.04
1791083453704,108687,-1.772,-0.6216,0.5288,-12.56,26.05,5.51
1791083453714,108711,-1.7822,-0.6133,0.5527,-8.87,38.81,3.33
1791083453724,108769,-1.7871,-0.6167,0.519,-0.53,44.89,2.67
1791083453734,108839,-1.8008,-0.605,0.4814,8.46,40.17,3.42
1791083453744,108933,-1.8149,-0.6108,0.438,15.34,31.98,5.01
1791083453754,109006,-1.7734,-0.6089,0.4272,23.27,23.68,7.39
1791083453764,109074,-1.8008,-0.5879,0.4185,18.78,19.65,8.08
1791083453774,109136,-1.7866,-0.5972,0.4272,13.18,13.51,8.92
1791083453784,109221,-1.7915,-0.5903,0.4717,9.68,13.37,8.27
1791083453794,109308,-1.79,-0.5898,0.48,7.98,18.17,5.47
1791083453804,109407,-1.7988,-0.5859,0.4453,8.49,18.38,2.96
1791083453814,109486,-1.8086,-0.5825,0.3911,6.69,10.37,3.3
1791083453824,109533,-1.7939,-0.5654,0.4097,-1.73,-2.17,3.11
1791083453834,109530,-1.8027,-0.5688,0.4062,-11.53,-7.07,1.25
1791083453844,109474,-1.77,-0.5806,0.4575,-18.09,-4.11,1.37
1791083453854,109378,-1.7539,-0.561,0.5479,-14.11,7.24,-1.57
1791083453864,109289,-1.7817,-0.5625,0.5479,-7.5,10.72,-2.84
1791083453874,109223,-1.8105,-0.561,0.4839,-3.45,13.31,-4.18
1791083453884,109161,-1.8408,-0.5649,0.4629,-4.14,3.76,-4.21
1791083453894,109135,-1.8813,-0.6357,0.3438,-7.24,-16.2,-3.51
1791083453904,109115,-1.812,-0.6055,0.4961,-12.31,-14.17,1.8
1791083453914,109062,-1.8149,-0.6235,0.4673,-17.47,-11.71,-1.24
1791083453924,109047,-1.7812,-0.627,0.4468,-16.05,-14.03,-0.26
1791083453934,109024,-1.7876,-0.6016,0.5776,-18.84,-3.05,-1.56
1791083453944,109025,-1.8491,-0.6079,0.5083,-12.56,3.22,-3.07
1791083453954,109011,-1.8315,-0.6221,0.5049,-7.08,3.97,-1.95
1791083453964,109009,-1.8457,-0.6143,0.4092,-6.9,-2.29,-0.35
1791083453974,108985,-1.5088,-0.623,0.4224,-5.73,3.39,3.15
1791083453984,108963,-1.9141,-0.6094,0.4414,-26.72,-2.24,-3.76
1791083453994,108961,-1.8369,-0.6333,0.4639,-25.74,-11.74,-2.98
1791083454004,108995,-1.8013,-0.6577,0.5503,-23.66,-4.95,-2.89
1791083454014,109031,-1.8047,-0.6143,0.5156,-13.47,-0.87,-2.73
1791083454024,109075,-1.8345,-0.6465,0.4561,-9.5,1.05,-1.33
1791083454034,109099,-1.8257,-0.6187,0.5107,-2.69,3.47,-0.26
1791083454044,109144,-1.8076,-0.6182,0.4766,3.53,3.51,2.84
1791083454054,109192,-1.8257,-0.6133,0.4985,8.47,6.38,3.91
1791083454064,109250,-1.8232,-0.6113,0.5112,7.25,7.01,2.95
1791083454074,109313,-1.8042,-0.6123,0.5093,4.56,12.31,2.92
1791083454084,109379,-1.8203,-0.6001,0.4678,5.71,14.46,1.3
1791083454094,109443,-1.8218,-0.6006,0.4277,1.11,8.2,2.37
1791083454104,109506,-1.8306,-0.6035,0.4141,-4.49,1.57,1.05
1791083454114,109557,-1.8066,-0.6216,0.4238,-6.92,-1.18,0.89
1791083454124,109618,-1.8101,-0.6055,0.4395,-10.99,-4.99,0.44
1791083454134,109668,-1.7915,-0.626,0.5059,-16.15,0.7,-0.29
1791083454144,109710,-1.7744,-0.604,0.5723,-7.6,18.64,-5.82
1791083454154,109753,-1.8374,-0.6143,0.5244,5.01,22.44,-3.63
1791083454164,109798,-1.832,-0.5986,0.5229,12.61,23.82,-2.4
1791083454174,109850,-1.8408,-0.6211,0.4458,17.91,18.09,-2.89
1791083454184,109928,-1.8149,-0.6201,0.3906,22.49,11.39,0.05
1791083454194,109998,-1.7896,-0.6226,0.373,23.16,6.43,0.85
1791083454204,110072,-1.7993,-0.5981,0.4023,20.63,3.37,-0.15
1791083454214,110138,-1.7896,-0.5996,0.458,21.83,7.66,-3.48
1791083454224,110183,-1.8101,-0.5264,0.4131,20.03,4.31,-4.81
1791083454234,110185,-1.8472,-0.6147,0.3887,19.44,-12.15,-5.37
1791083454244,110181,-1.7983,-0.6304,0.4497,12.72,-10.2,-2.26
1791083454254,110124,-1.8564,-0.6001,0.4653,-3.98,-3.51,-5.21
1791083454264,110023,-1.8364,-0.6045,0.4761,-16.73,0.53,-7.71
1791083454274,109869,-1.8604,-0.6157,0.4297,-19.39,-1.39,-8.53
1791083454284,109681,-1.8364,-0.6284,0.4507,-16.53,-7.95,-6.35
1791083454294,109478,-1.8271,-0.6113,0.4658,-11.77,-6.75,-4.24
1791083454304,109276,-1.8154,-0.6274,0.4614,-6.95,-1.56,-3.5
1791083454314,109099,-1.8193,-0.6265,0.4756,-0.99,1.22,-3.36
1791083454324,108980,-1.8345,-0.6206,0.4937,4.41,-3.69,-4.21
1791083454334,108902,-1.8384,-0.647,0.5,6.79,0.92,-3.1
1791083454344,108828,-1.8457,-0.6479,0.5,10.0,1.92,-1.24
1791083454354,108773,-1.8228,-0.6362,0.4824,14.58,-0.78,0.46
1791083454364,108763,-1.8242,-0.6445,0.4468,16.98,-5.4,0.64
1791083454374,108747,-1.8257,-0.6309,0.4487,10.99,-0.24,1.25
1791083454384,108719,-1.8491,-0.6377,0.4048,1.07,-1.53,1.48
1791083454394,108702,-1.832,-0.6338,0.4048,-6.5,-9.04,2.08
1791083454404,108716,-1.8174,-0.6265,0.4507,-12.09,-11.13,2.05
1791083454414,108736,-1.7979,-0.6309,0.4878,-13.74,-9.01,1.56
1791083454424,108764,-1.7959,-0.6167,0.5098,-7.3,-3.1,0.23
1791083454434,108791,-1.8042,-0.6284,0.4683,-3.25,0.37,-0.79
1791083454444,108838,-1.8052,-0.6265,0.4619,-1.3,1.31,-1.16
1791083454454,108895,-1.8057,-0.6245,0.458,2.49,6.31,-3.42
1791083454464,108993,-1.8105,-0.625,0.4551,2.85,10.53,-3.6
1791083454474,109111,-1.8296,-0.6313,0.4023,3.51,7.82,-2.76
1791083454484,109238,-1.8257,-0.6387,0.4121,3.48,4.61,-1.18
1791083454494,109357,-1.8262,-0.6206,0.4097,2.9,0.53,-0.98
1791083454504,109445,-1.8369,-0.6299,0.4116,2.2,-5.48,0.63
1791083454514,109496,-1.8452,-0.6255,0.4365,-3.68,-7.34,0.81
1791083454524,109516,-1.8359,-0.6245,0.4448,-6.44,-6.26,-0.27
1791083454534,109501,-1.8281,-0.6172,0.4731,-5.04,-7.66,-0.08
1791083454544,109472,-1.8311,-0.6099,0.4932,-8.29,-9.6,0.0
1791083454554,109427,-1.8311,-0.6245,0.5117,-9.8,-4.69,-1.82
1791083454564,109354,-1.8286,-0.6382,0.4868,-5.6,0.52,-2.53
1791083454574,109292,-1.833,-0.6289,0.4644,-4.15,1.48,-1.54
1791083454584,109253,-1.8384,-0.6372,0.4287,-2.14,0.76,-0.67
1791083454594,109233,-1.8228,-0.6416,0.436,-1.31,0.08,0.85
1791083454604,109233,-1.8057,-0.6372,0.4751,-0.37,4.05,0.96
1791083454614,109259,-1.8042,-0.6343,0.4766,0.35,8.46,-0.67
1791083454624,109318,-1.8198,-0.6289,0.4663,1.73,10.17,-1.04
1791083454634,109386,-1.8184,-0.6245,0.4663,5.8,5.3,-0.27
1791083454644,109479,-1.8174,-0.6177,0.4238,6.73,2.58,0.4
1791083454654,109555,-1.8169,-0.6216,0.3892,5.3,-0.81,0.34
1791083454664,109626,-1.8125,-0.627,0.3716,-0.08,-6.37,0.9
1791083454674,109679,-1.8008,-0.6294,0.3784,-5.04,-8.76,0.5
1791083454684,109738,-1.7974,-0.6182,0.4058,-9.36,-10.79,0.32
1791083454694,109793,-1.8022,-0.6289,0.4253,-11.13,-13.83,-0.24
1791083454704,109855,-1.8032,-0.6406,0.4482,-12.58,-15.47,-0.58
1791083454714,109924,-1.7969,-0.6372,0.521,-14.67,-9.02,-2.29
1791083454724,110001,-1.8154,-0.6348,0.5171,-11.69,-0.92,-4.85
1791083454734,110083,-1.8325,-0.6401,0.4746,-7.95,-0.32,-4.55
1791083454744,110159,-1.8267,-0.6382,0.4736,-5.47,-4.81,-3.31
1791083454754,110232,-1.8169,-0.644,0.4419,-6.06,-5.91,-1.77
1791083454764,110296,-1.8237,-0.6475,0.4536,-6.11,-6.26,-1.56
1791083454774,110362,-1.8057,-0.6523,0.4683,-6.35,-5.36,-0.15
1791083454784,110423,-1.8286,-0.645,0.4985,-4.03,-3.19,0.64
1791083454794,110483,-1.8237,-0.665,0.4795,-4.21,-1.05,0.46
1791083454804,110532,-1.8281,-0.6621,0.4629,-0.37,0.26,1.01
1791083454814,110568,-1.8101,-0.6514,0.4609,2.46,1.95,2.26
1791083454824,110612,-1.8145,-0.6558,0.4297,4.27,-0.15,2.81
1791083454834,110636,-1.8135,-0.6494,0.4238,3.28,-2.61,3.07
1791083454844,110664,-1.8188,-0.6436,0.4009,0.75,-5.51,2.7
1791083454854,110680,-1.8198,-0.6343,0.4561,-3.82,-5.98,1.28
1791083454864,110689,-1.8086,-0.6367,0.4995,-6.56,-0.63,0.02
1791083454874,110687,-1.8257,-0.6348,0.5146,-5.47,2.14,-1.39
1791083454884,110707,-1.8462,-0.6372,0.4893,-6.34,1.31,-1.13
1791083454894,110734,-1.8423,-0.6523,0.457,-6.76,-3.88,-0.24
1791083454904,110761,-1.8135,-0.6611,0.4575,-6.43,-4.87,1.04
1791083454914,110777,-1.8169,-0.6587,0.4565,-5.47,-3.4,0.99
1791083454924,110795,-1.8047,-0.6665,0.418,-3.73,-4.06,1.92
1791083454934,110808,-1.7974,-0.6592,0.4595,-2.58,-2.26,1.6
1791083454944,110795,-1.8013,-0.6528,0.4771,-1.37,2.43,0.55
1791083454954,110741,-1.8057,-0.646,0.4756,1.77,7.56,-1.16
1791083454964,110628,-1.8374,-0.6416,0.4634,5.71,5.82,-0.15
1791083454974,110489,-1.8379,-0.6436,0.4321,7.02,1.1,1.48
1791083454984,110317,-1.8291,-0.6299,0.4419,4.08,-0.11,1.27
1791083454994,110131,-1.8179,-0.623,0.4619,-1.01,3.98,1.1
1791083455004,109941,-1.8364,-0.6406,0.4214,-4.87,0.24,1.1
1791083455014,109778,-1.8257,-0.6479,0.4199,-5.54,-6.78,2.9
1791083455024,109647,-1.7944,-0.647,0.4526,-6.89,-9.47,4.26
1791083455034,109545,-1.7979,-0.6475,0.4736,-7.59,-3.95,2.64
1791083455044,109465,-1.7891,-0.6533,0.4883,-5.19,2.32,1.66
1791083455054,109418,-1.7993,-0.646,0.5005,-3.24,7.91,-0.67
1791083455064,109428,-1.8105,-0.666,0.4673,-1.19,9.45,-1.76
1791083455074,109466,-1.8013,-0.6621,0.437,2.84,6.0,-0.67
1791083455084,109549,-1.8057,-0.6392,0.4194,3.34,2.84,-0.31
1791083455094,109641,-1.8135,-0.644,0.4282,2.79,0.93,0.49
1791083455104,109756,-1.8086,-0.6299,0.4077,1.91,-0.5,1.05
1791083455114,109865,-1.8174,-0.6328,0.4238,1.4,-2.52,0.02
1791083455124,109966,-1.8052,-0.6328,0.4209,0.7,-4.15,1.25
1791083455134,110051,-1.8091,-0.6489,0.4443,0.11,-5.79,3.21
1791083455144,110120,-1.8164,-0.6416,0.457,-1.83,-8.29,2.53
1791083455154,110184,-1.8115,-0.6533,0.4512,-3.66,-8.03,2.05
1791083455164,110246,-1.8125,-0.6646,0.4541,-4.84,-5.3,1.44
1791083455174,110314,-1.811,-0.6587,0.4639,-7.44,1.66,-1.1
1791083455184,110380,-1.8203,-0.6577,0.4497,-7.48,2.99,-2.44
1791083455194,110446,-1.8364,-0.6587,0.4146,-5.73,-0.84,-0.72
1791083455204,110493,-1.8379,-0.6499,0.4634,-3.82,-3.56,-1.21
1791083455214,110507,-1.8335,-0.6514,0.4824,-1.33,-1.19,0.32
1791083455224,110499,-1.8174,-0.6382,0.4722,4.17,-0.47,1.42
1791083455234,110464,-1.8296,-0.646,0.4844,6.17,5.08,2.38
1791083455244,110411,-1.8301,-0.644,0.459,11.89,7.83,2.32
1791083455254,110364,-1.8311,-0.627,0.4385,12.9,2.67,4.09
1791083455264,110325,-1.833,-0.6245,0.4053,7.62,-4.76,5.3
1791083455274,110290,-1.8257,-0.623,0.4038,-2.15,-9.18,4.14
1791083455284,110270,-1.8154,-0.6392,0.4141,-9.8,-8.09,1.33
1791083455294,110237,-1.813,-0.626,0.4165,-17.47,-10.89,-0.32
1791083455304,110203,-1.8271,-0.6489,0.4297,-20.37,-14.7,0.34
1791083455314,110159,-1.8091,-0.6567,0.4663,-17.3,-15.24,1.08
1791083455324,110134,-1.8008,-0.6724,0.4736,-10.29,-8.9,0.96
1791083455334,110128,-1.8066,-0.6738,0.4844,-3.11,-2.85,1.82
1791083455344,110148,-1.8081,-0.6675,0.4902,-1.71,4.82,1.1
1791083455354,110189,-1.8262,-0.6621,0.4663,3.82,5.19,1.77
1791083455364,110261,-1.8193,-0.6699,0.4634,7.82,3.59,3.59
1791083455374,110340,-1.8213,-0.647,0.4399,11.45,-1.11,4.49
1791083455384,110432,-1.8096,-0.6479,0.4521,10.9,-2.14,4.44
1791083455394,110502,-1.8174,-0.6357,0.4424,7.28,-2.4,3.08
1791083455404,110586,-1.8203,-0.6313,0.4526,1.15,-3.89,3.21
1791083455414,110646,-1.8145,-0.6294,0.4297,-3.79,-6.82,2.92
1791083455424,110691,-1.8022,-0.6309,0.4351,-6.49,-9.45,2.17
1791083455434,110733,-1.7983,-0.6348,0.4297,-7.39,-8.93,1.15
1791083455444,110763,-1.7974,-0.6426,0.4292,-6.81,-10.02,1.16
1791083455454,110803,-1.7915,-0.6455,0.4478,-6.93,-10.4,0.37
1791083455464,110832,-1.8003,-0.6543,0.46,-8.63,-8.78,0.24
1791083455474,110856,-1.8096,-0.6558,0.4482,-8.27,-7.42,-1.04
1791083455484,110885,-1.8169,-0.6631,0.4526,-7.11,-10.49,0.9
1791083455494,110905,-1.8027,-0.6582,0.4907,-4.79,-11.19,2.6
1791083455504,110924,-1.7998,-0.6592,0.5186,-1.31,-5.18,2.08
1791083455514,110947,-1.8052,-0.6494,0.5186,0.44,1.92,1.44
1791083455524,110965,-1.8198,-0.665,0.4756,3.48,3.82,1.39
1791083455534,110998,-1.8281,-0.6587,0.4678,4.2,0.0,3.25
1791083455544,111035,-1.8213,-0.6484,0.4307,2.84,-0.87,2.79
1791083455554,111062,-1.8218,-0.6514,0.4424,3.28,-2.09,3.71
1791083455564,111095,-1.814,-0.6382,0.4546,4.53,-3.51,4.18
1791083455574,111116,-1.8013,-0.6323,0.4839,1.88,-1.79,3.08
1791083455584,111129,-1.8271,-0.6294,0.4746,-2.0,-0.7,1.16
1791083455594,111143,-1.8252,-0.6416,0.4678,-2.66,-2.93,1.36
1791083455604,111151,-1.8047,-0.644,0.4746,-1.98,-1.4,1.25
1791083455614,111175,-1.8193,-0.6475,0.4673,-5.19,-2.79,0.44
1791083455624,111206,-1.8335,-0.6631,0.4448,-8.43,-5.57,0.52
1791083455634,111241,-1.8135,-0.6606,0.4409,-6.67,-6.96,1.1
1791083455644,111271,-1.8008,-0.6558,0.4556,-2.84,-6.23,1.28
1791083455654,111289,-1.8101,-0.6489,0.4614,-0.9,-5.63,2.89
1791083455664,111286,-1.8008,-0.6509,0.4692,0.11,-2.32,2.41
1791083455674,111217,-1.8076,-0.6523,0.4629,3.11,0.76,1.57
1791083455684,111081,-1.8198,-0.6523,0.4697,5.77,2.23,2.81
1791083455694,110912,-1.8052,-0.6328,0.4707,6.24,3.1,2.52
1791083455704,110726,-1.8242,-0.6318,0.4644,3.31,1.27,2.58
1791083455714,110539,-1.8271,-0.6128,0.4722,-4.49,-3.21,1.69
1791083455724,110371,-1.8198,-0.6309,0.4385,-8.87,-6.21,1.3
1791083455734,110208,-1.8145,-0.6284,0.458,-13.07,-7.98,0.09
1791083455744,110052,-1.8086,-0.6401,0.4507,-13.86,-12.9,0.99
1791083455754,109919,-1.8008,-0.6523,0.4766,-14.09,-13.11,0.55
1791083455764,109812,-1.7949,-0.6641,0.4644,-12.14,-8.82,-0.03
1791083455774,109738,-1.7856,-0.666,0.4756,-6.17,-5.89,0.85
1791083455784,109696,-1.7891,-0.6602,0.4692,-0.2,-0.7,0.63
1791083455794,109686,-1.8003,-0.6616,0.458,-0.7,0.78,0.72
1791083455804,109716,-1.7993,-0.6475,0.4609,1.73,0.29,1.31
1791083455814,109760,-1.791,-0.6465,0.4482,3.47,1.69,0.95
1791083455824,109823,-1.8042,-0.6328,0.4653,4.6,0.21,1.82
1791083455834,109882,-1.8213,-0.6431,0.4595,0.32,-4.32,2.78
1791083455844,109961,-1.8237,-0.6431,0.4561,-4.56,-8.12,2.72
1791083455854,110023,-1.8281,-0.6636,0.481,-9.62,-13.25,2.27
1791083455864,110092,-1.7939,-0.6431,0.5161,-11.3,-9.8,1.73
1791083455874,110137,-1.8066,-0.6401,0.502,-7.28,-4.17,-0.05
1791083455884,110200,-1.8154,-0.6646,0.502,-1.56,-3.24,1.48
1791083455894,110264,-1.811,-0.6616,0.481,3.89,-1.11,1.05
1791083455904,110345,-1.8047,-0.6558,0.4663,6.58,4.27,0.15
1791083455914,110411,-1.8101,-0.6646,0.4409,10.05,6.75,1.28
1791083455924,110472,-1.8125,-0.6392,0.4263,9.91,7.25,0.69
1791083455934,110513,-1.8193,-0.6299,0.4219,7.44,2.79,1.59
1791083455944,110531,-1.8408,-0.6436,0.4136,3.07,-6.37,2.9
1791083455954,110519,-1.811,-0.6328,0.4526,-2.32,-10.78,2.61
1791083455964,110491,-1.7949,-0.6289,0.4883,-6.34,-7.92,1.73
1791083455974,110445,-1.8247,-0.6382,0.5054,-8.12,-6.49,1.16
1791083455984,110392,-1.8276,-0.6309,0.5166,-7.01,-6.23,1.05
1791083455994,110329,-1.8218,-0.645,0.5146,-4.49,-7.27,1.08
1791083456004,110262,-1.7974,-0.6484,0.4692,-2.79,-4.24,2.38
1791083456014,110200,-1.8037,-0.6562,0.4424,0.84,-2.11,1.71
1791083456024,110157,-1.8013,-0.6523,0.4258,0.47,-2.89,0.98
1791083456034,110130,-1.8198,-0.6582,0.4331,-2.95,-4.49,0.64
1791083456044,110124,-1.8091,-0.6548,0.4565,-4.75,-6.11,0.0
1791083456054,110131,-1.7949,-0.6699,0.4561,-3.62,-5.8,-0.18
1791083456064,110143,-1.7915,-0.6543,0.4829,-3.31,-5.47,1.34
1791083456074,110164,-1.7993,-0.6514,0.5112,-3.05,-3.57,0.53
1791083456084,110203,-1.8057,-0.6406,0.4912,-0.85,-0.85,1.66
1791083456094,110230,-1.8022,-0.6509,0.4731,0.34,-1.56,0.93
1791083456104,110278,-1.7993,-0.6382,0.4375,-0.35,-3.57,1.44
1791083456114,110326,-1.8154,-0.6313,0.4663,-4.96,-6.63,0.5
1791083456124,110381,-1.8115,-0.6494,0.458,-10.08,-7.74,0.03
1791083456134,110435,-1.8164,-0.6675,0.4487,-12.31,-12.9,0.08
1791083456144,110471,-1.7993,-0.6558,0.5107,-10.12,-10.99,0.23
1791083456154,110500,-1.7993,-0.6665,0.5088,-8.23,-5.59,-0.87
1791083456164,110539,-1.8062,-0.6611,0.4956,-6.27,-1.28,-1.01
1791083456174,110581,-1.8042,-0.6587,0.5063,0.08,3.6,-1.16
1791083456184,110620,-1.8018,-0.6611,0.4761,4.11,4.92,0.11
1791083456194,110661,-1.811,-0.6567,0.4668,5.53,2.87,2.17
1791083456204,110716,-1.812,-0.665,0.4653,5.31,1.37,3.16
1791083456214,110768,-1.8198,-0.6445,0.4492,4.84,-3.24,4.95
1791083456224,110827,-1.8223,-0.6509,0.4951,0.17,-7.88,5.6
1791083456234,110875,-1.7881,-0.6548,0.4907,-3.76,-6.21,4.99
1791083456244,110908,-1.7979,-0.6509,0.4956,-4.67,-2.69,2.12
1791083456254,110919,-1.7988,-0.6367,0.4819,-3.71,-4.43,1.91
1791083456264,110922,-1.7988,-0.6484,0.4761,-0.98,-6.11,2.31
1791083456274,110912,-1.7915,-0.6382,0.4863,-0.79,-4.79,1.79
1791083456284,110902,-1.8003,-0.6392,0.4731,-3.42,-3.34,0.84
1791083456294,110912,-1.792,-0.6353,0.4697,-4.18,-1.74,-0.17
1791083456304,110923,-1.8071,-0.6528,0.4458,-4.05,-2.85,-0.05
1791083456314,110930,-1.8062,-0.6694,0.4268,-1.6,-6.87,1.07
1791083456324,110956,-1.8013,-0.6758,0.4375,-1.88,-8.4,3.85
1791083456334,110972,-1.7939,-0.6641,0.4629,-4.11,-9.24,4.05
1791083456344,110999,-1.8022,-0.6631,0.4863,-5.79,-7.56,3.1
1791083456354,111018,-1.8008,-0.6782,0.5171,-4.21,-4.35,2.64
1791083456364,111047,-1.8047,-0.6611,0.5264,0.11,-1.65,2.35
1791083456374,111069,-1.8193,-0.6587,0.5352,1.77,-0.69,2.49
1791083456384,111075,-1.8145,-0.6587,0.5269,4.35,1.8,1.08
1791083456394,111029,-1.8223,-0.6567,0.4844,5.71,2.46,-0.66
1791083456404,110912,-1.8252,-0.6489,0.4688,3.57,0.06,1.13
1791083456414,110749,-1.8188,-0.6582,0.4717,0.23,-1.65,1.25
1791083456424,110546,-1.8105,-0.6445,0.4478,-0.82,-4.34,2.09
1791083456434,110329,-1.8018,-0.6504,0.4507,-2.38,-7.1,3.11
1791083456444,110127,-1.7891,-0.6431,0.4482,-4.95,-10.14,3.59
1791083456454,109919,-1.7837,-0.6445,0.4448,-8.84,-10.02,3.91
1791083456464,109744,-1.7944,-0.6431,0.4448,-11.68,-8.85,2.21
1791083456474,109603,-1.7905,-0.6582,0.4614,-12.9,-8.17,1.33
1791083456484,109507,-1.7915,-0.6631,0.4888,-7.98,-6.7,2.96
1791083456494,109443,-1.7886,-0.6582,0.5278,-2.12,-2.06,3.15
1791083456504,109415,-1.8174,-0.6675,0.5269,1.31,-1.47,2.44
1791083456514,109424,-1.7969,-0.6621,0.5425,2.14,0.08,2.99
1791083456524,109465,-1.8081,-0.6528,0.5215,2.63,0.58,2.32
1791083456534,109518,-1.8013,-0.6304,0.5029,1.48,-1.1,1.97
1791083456544,109595,-1.8018,-0.6357,0.4844,-1.07,-2.37,1.63
1791083456554,109667,-1.8115,-0.6328,0.4536,-3.05,-5.88,1.5
1791083456564,109746,-1.7905,-0.644,0.4565,-6.93,-8.82,1.62
1791083456574,109820,-1.7979,-0.6465,0.4438,-9.98,-9.19,1.5
1791083456584,109881,-1.7915,-0.6494,0.4448,-10.52,-9.95,0.99
1791083456594,109923,-1.7788,-0.6523,0.4922,-9.22,-9.01,1.66
1791083456604,109964,-1.7793,-0.6426,0.5029,-8.47,-4.02,0.11
1791083456614,110013,-1.7964,-0.6411,0.4688,-6.84,-3.16,-0.75
1791083456624,110058,-1.7979,-0.6421,0.4424,-7.66,-8.9,-1.57
1791083456634,110103,-1.8003,-0.6426,0.4575,-10.63,-11.94,-0.61
1791083456644,110134,-1.8179,-0.6431,0.4673,-14.43,-12.32,-2.23
1791083456654,110138,-1.8228,-0.6577,0.4883,-13.01,-13.08,-1.5
1791083456664,110130,-1.8057,-0.666,0.5352,-10.7,-8.61,-1.24
1791083456674,110094,-1.8198,-0.6538,0.561,-9.28,-7.57,0.17
1791083456684,110066,-1.8164,-0.6733,0.5459,-6.03,-4.21,0.78
1791083456694,110028,-1.8086,-0.6665,0.5337,-0.35,-1.4,1.85
1791083456704,109987,-1.8115,-0.6724,0.5059,4.29,-1.31,1.53
1791083456714,109944,-1.8027,-0.6675,0.4868,3.97,0.08,1.08
1791083456724,109908,-1.8081,-0.6719,0.4497,1.51,-0.46,1.53
1791083456734,109865,-1.8179,-0.6787,0.4302,-0.64,-5.4,2.2
1791083456744,109831,-1.8047,-0.6646,0.4487,-2.23,-8.24,3.39
1791083456754,109804,-1.834,-0.6509,0.5264,1.5,-5.68,3.39
1791083456764,109785,-1.8008,-0.6714,0.4854,1.45,-11.62,4.09
1791083456774,109763,-1.7744,-0.6362,0.5483,0.92,-4.56,3.02
1791083456784,109767,-1.8066,-0.6465,0.4546,-0.06,-3.95,-0.09
1791083456794,109784,-1.7788,-0.6499,0.4897,-4.64,-5.63,1.57
1791083456804,109813,-1.7812,-0.6436,0.5259,-9.42,-2.0,-1.31
1791083456814,109861,-1.8008,-0.6602,0.5068,-11.98,-2.6,-3.45
1791083456824,109914,-1.8027,-0.6807,0.5361,-7.28,-3.63,-1.48
1791083456834,109952,-1.7988,-0.6753,0.519,-1.4,-3.28,-0.81
1791083456844,109999,-1.7988,-0.6836,0.4956,4.64,-2.87,2.4
1791083456854,110040,-1.7861,-0.647,0.48,8.18,-3.63,4.49
1791083456864,110065,-1.7505,-0.6602,0.4634,8.52,-2.85,3.56
1791083456874,110090,-1.7593,-0.6572,0.478,7.47,0.92,2.93
1791083456884,110100,-1.7666,-0.6519,0.4526,6.78,-0.78,2.99
1791083456894,110106,-1.7632,-0.6367,0.4653,3.85,-2.31,2.99
1791083456904,110107,-1.7695,-0.6299,0.4551,-1.79,-6.24,1.92
1791083456914,110102,-1.7729,-0.626,0.436,-5.18,-11.69,2.73
1791083456924,110088,-1.7656,-0.6304,0.4312,-9.54,-16.66,2.63
1791083456934,110080,-1.7759,-0.6274,0.4487,-15.25,-18.38,1.82
1791083456944,110065,-1.7861,-0.6323,0.4473,-18.78,-21.44,1.8
1791083456954,110062,-1.793,-0.6553,0.459,-21.15,-25.48,1.16
1791083456964,110070,-1.7681,-0.6577,0.4946,-24.67,-24.4,-0.46
1791083456974,110071,-1.7964,-0.6802,0.5146,-22.75,-27.21,-0.55
1791083456984,110083,-1.7671,-0.6597,0.5576,-25.63,-21.34,-3.05
1791083456994,110097,-1.7812,-0.688,0.5381,-22.34,-13.57,-5.27
1791083457004,110107,-1.792,-0.6885,0.5063,-14.84,-10.87,-5.88
1791083457014,110124,-1.8086,-0.7119,0.4956,-6.44,-10.38,-3.42
1791083457024,110149,-1.7588,-0.6743,0.4727,0.53,-10.93,-2.55
1791083457034,110174,-1.7817,-0.6709,0.4756,6.43,-6.37,-1.4
1791083457044,110205,-1.8257,-0.6494,0.5093,14.37,-14.2,-1.47
1791083457054,110203,-1.7681,-0.6489,0.5195,9.05,-24.87,3.73
1791083457064,110159,-1.7832,-0.6616,0.5288,0.37,-23.04,1.39
1791083457074,110081,-1.7949,-0.6616,0.5649,-14.43,-13.94,-1.31
1791083457084,109962,-1.8472,-0.6719,0.5757,-15.69,-12.23,-3.22
1791083457094,109797,-1.8188,-0.6792,0.6006,-14.63,-15.34,-2.6
1791083457104,109604,-1.8022,-0.6909,0.6265,-8.27,-9.45,-2.6
1791083457114,109386,-1.813,-0.6865,0.5811,-1.56,-5.01,-2.93
1791083457124,109165,-1.8003,-0.688,0.5601,3.18,-4.12,0.24
1791083457134,108977,-1.8228,-0.6831,0.5479,10.15,-6.15,2.52
1791083457144,108791,-1.7759,-0.7012,0.5381,8.78,-10.41,5.44
1791083457154,108636,-1.7891,-0.6787,0.5723,6.43,-1.77,2.5
1791083457164,108545,-1.7749,-0.6958,0.5156,2.95,-3.5,3.94
1791083457174,108462,-1.7856,-0.6831,0.5596,4.64,-3.94,4.2
1791083457184,108414,-1.7822,-0.687,0.5669,5.83,-4.6,4.32
1791083457194,108397,-1.7617,-0.6738,0.5874,9.6,0.89,3.02
1791083457204,108402,-1.7739,-0.6626,0.5708,14.58,8.53,0.87
1791083457214,108417,-1.7944,-0.6523,0.5903,13.07,9.36,1.56
1791083457224,108466,-1.8101,-0.6436,0.5879,5.47,6.53,-0.11
1791083457234,108515,-1.8057,-0.6611,0.5693,1.16,6.41,0.56
1791083457244,108573,-1.8003,-0.6533,0.5371,2.66,1.63,0.99
1791083457254,108620,-1.7817,-0.6562,0.5312,3.53,-2.47,2.29
1791083457264,108671,-1.7974,-0.6572,0.5288,4.12,-6.47,2.58
1791083457274,108728,-1.7852,-0.6567,0.5347,4.18,-6.75,2.61
1791083457284,108799,-1.7632,-0.6597,0.5376,5.36,-4.43,1.36
1791083457294,108866,-1.7671,-0.6553,0.5298,7.51,-1.71,0.5
1791083457304,108930,-1.7417,-0.6631,0.5386,11.86,-0.49,1.47
1791083457314,108977,-1.7505,-0.647,0.5474,14.78,0.41,0.99
1791083457324,109027,-1.7705,-0.6616,0.5571,9.51,1.28,0.63
1791083457334,109055,-1.7749,-0.6626,0.5405,0.61,-1.71,-0.85
1791083457344,109070,-1.7988,-0.668,0.5488,-5.92,-7.74,0.37
1791083457354,109063,-1.7949,-0.6562,0.5708,-8.96,-8.58,-0.56
1791083457364,109035,-1.7788,-0.6606,0.5806,-7.36,-7.42,0.9
1791083457374,108981,-1.8013,-0.6553,0.5708,-3.65,-6.72,1.11
1791083457384,108927,-1.7959,-0.6533,0.5576,0.52,-5.6,1.22
1791083457394,108869,-1.7847,-0.6528,0.5171,2.21,-6.26,2.53
1791083457404,108800,-1.77,-0.6475,0.5518,3.21,-4.08,2.09
1791083457414,108743,-1.7612,-0.6558,0.5283,6.09,-2.14,1.22
1791083457424,108696,-1.7744,-0.6748,0.4946,6.29,-5.73,0.76
1791083457434,108661,-1.7666,-0.6768,0.4985,7.08,-10.81,0.09
1791083457444,108645,-1.7651,-0.6768,0.5522,2.63,-11.82,-0.63
1791083457454,108647,-1.7705,-0.6733,0.5942,-3.19,-6.4,-4.4
1791083457464,108652,-1.8086,-0.6865,0.5786,-4.41,-5.53,-4.92
1791083457474,108662,-1.812,-0.6763,0.5884,-4.4,-7.71,-4.98
1791083457484,108675,-1.7983,-0.6719,0.6289,-3.42,-2.73,-5.37
1791083457494,108702,-1.8027,-0.6685,0.6211,0.47,3.31,-5.63
1791083457504,108741,-1.7988,-0.668,0.5913,6.78,3.44,-2.37
1791083457514,108781,-1.8115,-0.6665,0.5757,13.47,0.82,1.25
1791083457524,108836,-1.7935,-0.6685,0.52,15.28,-0.12,4.06
1791083457534,108889,-1.7764,-0.6699,0.52,14.34,-2.82,6.02
1791083457544,108952,-1.7856,-0.6738,0.5171,8.11,-3.83,5.88
1791083457554,109015,-1.7852,-0.6812,0.5264,-1.04,-7.74,3.92
1791083457564,109079,-1.7798,-0.6758,0.5469,-9.44,-8.55,2.64
1791083457574,109133,-1.7759,-0.6714,0.5708,-11.33,-7.89,-0.38
1791083457584,109189,-1.7778,-0.6738,0.5996,-8.95,-5.94,-3.15
1791083457594,109244,-1.7778,-0.666,0.5767,-4.08,-4.79,-2.38
1791083457604,109280,-1.771,-0.6777,0.5781,1.16,-3.59,-0.85
1791083457614,109302,-1.7705,-0.6641,0.5864,4.7,4.55,-1.05
1791083457624,109326,-1.7915,-0.6567,0.5562,5.05,2.98,1.6
1791083457634,109347,-1.8062,-0.6562,0.5342,5.47,-5.18,5.5
1791083457644,109400,-1.7983,-0.6606,0.5396,5.69,-11.24,7.31
1791083457654,109440,-1.7676,-0.6655,0.543,8.67,-10.92,7.15
1791083457664,109472,-1.7441,-0.6479,0.5527,10.0,-10.61,6.81
1791083457674,109497,-1.7637,-0.6416,0.5776,1.24,-9.05,4.31
1791083457684,109534,-1.7686,-0.6479,0.5547,-5.3,-6.11,1.62
1791083457694,109557,-1.7666,-0.6626,0.541,-3.08,-3.85,0.56
1791083457704,109564,-1.7734,-0.6641,0.5625,-0.82,-4.93,1.51
1791083457714,109554,-1.7666,-0.6602,0.582,4.52,-4.38,2.73
1791083457724,109565,-1.7749,-0.6504,0.5688,7.68,-3.15,2.84
1791083457734,109589,-1.7808,-0.6401,0.5742,5.59,-2.84,1.71
1791083457744,109600,-1.7881,-0.6396,0.562,-0.08,-6.29,0.03
1791083457754,109615,-1.7861,-0.6445,0.5425,-6.08,-13.94,-2.23
1791083457764,109626,-1.7686,-0.6514,0.5571,-12.67,-18.43,-3.77
1791083457774,109615,-1.7734,-0.6616,0.5562,-16.67,-18.31,-4.49
1791083457784,109566,-1.7769,-0.6821,0.5596,-16.08,-18.96,-4.08
1791083457794,109460,-1.7529,-0.7104,0.5464,-12.63,-21.36,-1.18
1791083457804,109301,-1.7544,-0.7158,0.5259,-7.62,-19.24,1.33
1791083457814,109095,-1.7642,-0.7266,0.5283,-0.96,-19.25,4.11
1791083457824,108873,-1.7852,-0.6968,0.6006,9.74,-19.57,6.56
1791083457834,108639,-1.7256,-0.7168,0.5967,15.59,-19.42,9.8
1791083457844,108393,-1.7622,-0.6885,0.6372,19.89,-4.53,6.84
1791083457854,108186,-1.7563,-0.6807,0.5918,16.78,-8.05,8.38
1791083457864,108025,-1.7607,-0.6802,0.5981,12.12,-5.42,9.25
1791083457874,107900,-1.772,-0.7021,0.6323,11.56,-6.76,9.45
1791083457884,107871,-1.7852,-0.6938,0.6416,11.15,-6.99,9.53
1791083457894,107886,-1.7764,-0.6914,0.647,12.14,-7.01,8.66
1791083457904,107949,-1.8115,-0.668,0.6763,7.44,-1.54,5.34
1791083457914,108045,-1.8281,-0.6616,0.6777,-1.62,-4.76,3.01
1791083457924,108162,-1.7646,-0.6235,0.6587,-6.34,-6.26,2.34
1791083457934,108263,-1.7837,-0.6255,0.6362,-8.27,-6.24,0.5
1791083457944,108357,-1.7949,-0.6401,0.6099,-11.21,-12.03,0.76
1791083457954,108451,-1.7622,-0.626,0.6279,-11.3,-15.47,0.53
1791083457964,108506,-1.7466,-0.6265,0.6396,-7.37,-13.77,1.18
1791083457974,108558,-1.7515,-0.6357,0.6079,-1.91,-13.68,2.53
1791083457984,108608,-1.7402,-0.6313,0.6294,-3.18,-8.47,2.32
1791083457994,108652,-1.7529,-0.646,0.6084,-4.55,-4.06,-0.43
1791083458004,108705,-1.7485,-0.6636,0.5464,-6.26,-8.11,-0.17
1791083458014,108759,-1.7598,-0.6665,0.563,-11.62,-12.61,-0.35
1791083458024,108816,-1.7422,-0.6851,0.5664,-14.55,-14.49,-0.63
1791083458034,108858,-1.7563,-0.6636,0.5928,-15.36,-14.67,-0.43
1791083458044,108884,-1.7617,-0.6655,0.6025,-14.49,-14.0,-0.89
1791083458054,108895,-1.7544,-0.6685,0.6284,-10.89,-11.83,0.02
1791083458064,108885,-1.7603,-0.6611,0.6709,-7.04,-5.01,-0.29
1791083458074,108861,-1.7534,-0.6504,0.6797,0.69,1.94,0.72
1791083458084,108850,-1.7886,-0.6357,0.667,4.35,1.74,0.06
1791083458094,108843,-1.7915,-0.647,0.6445,4.14,-1.97,-0.08
1791083458104,108847,-1.7671,-0.6704,0.5752,4.85,-10.53,2.4
1791083458114,108842,-1.7681,-0.6489,0.6279,-9.92,-8.73,3.73
1791083458124,108868,-1.7817,-0.6748,0.5776,-18.95,-7.42,1.6
1791083458134,108880,-1.7827,-0.6816,0.5791,-18.27,-12.82,4.38
1791083458144,108899,-1.7778,-0.6523,0.5918,-18.03,-15.68,6.38
1791083458154,108909,-1.7739,-0.6768,0.6304,-16.05,-15.77,6.99
1791083458164,108930,-1.7905,-0.6348,0.6343,-13.47,-11.34,6.15
1791083458174,108947,-1.7661,-0.6621,0.625,-11.92,-11.4,7.16
1791083458184,108968,-1.7632,-0.6543,0.6494,-8.58,-10.47,6.35
1791083458194,108993,-1.7617,-0.6484,0.6382,-4.79,-10.64,6.15
1791083458204,109033,-1.7676,-0.6499,0.6533,-6.72,-8.05,4.84
1791083458214,109083,-1.7529,-0.6655,0.627,-7.92,-6.31,3.01
1791083458224,109145,-1.7593,-0.6553,0.6069,-8.82,-6.87,2.52
1791083458234,109201,-1.7456,-0.6499,0.625,-10.24,-10.84,2.69
1791083458244,109277,-1.7529,-0.6572,0.6265,-8.98,-8.92,3.07
1791083458254,109332,-1.7495,-0.6353,0.6191,-7.24,-5.66,1.85
1791083458264,109382,-1.752,-0.6309,0.6069,-4.41,-5.71,2.75
1791083458274,109418,-1.751,-0.6245,0.6152,0.17,-3.57,5.01
1791083458284,109456,-1.7544,-0.6299,0.6411,7.3,-0.34,5.3
1791083458294,109488,-1.7686,-0.6235,0.644,11.73,2.92,5.57
1791083458304,109547,-1.7803,-0.6211,0.6479,10.02,3.19,5.69
1791083458314,109616,-1.7715,-0.6318,0.6445,7.76,0.87,4.87
1791083458324,109686,-1.8042,-0.6338,0.6655,5.24,3.22,3.07
1791083458334,109745,-1.7856,-0.6606,0.6494,-2.31,-5.69,2.72
1791083458344,109795,-1.7695,-0.6606,0.646,-6.47,-6.37,1.82
1791083458354,109823,-1.7739,-0.668,0.6191,-8.75,-5.47,-0.15
1791083458364,109864,-1.7539,-0.6729,0.6235,-5.88,-6.72,1.88
1791083458374,109890,-1.7305,-0.6694,0.6001,3.3,-5.4,2.67
1791083458384,109906,-1.7349,-0.6543,0.6206,8.95,-2.09,3.88
1791083458394,109922,-1.7583,-0.6753,0.5796,13.27,-2.24,6.53
1791083458404,109956,-1.7476,-0.6602,0.603,16.34,-2.6,6.23
1791083458414,109996,-1.7505,-0.6597,0.6611,13.63,-2.4,6.38
1791083458424,110052,-1.7388,-0.6572,0.6772,6.18,-3.68,6.53
1791083458434,110096,-1.7686,-0.6606,0.6934,-0.08,-3.28,4.66
1791083458444,110142,-1.7676,-0.6646,0.6572,-2.85,-3.82,4.53
1791083458454,110176,-1.7495,-0.6641,0.6748,-4.05,-1.88,2.18
1791083458464,110196,-1.7417,-0.6479,0.6401,-4.7,0.11,0.26
1791083458474,110171,-1.7476,-0.6553,0.6118,-2.95,-1.44,0.79
1791083458484,110096,-1.751,-0.644,0.6113,-1.6,-2.73,1.45
1791083458494,109984,-1.7617,-0.6494,0.6011,-1.95,-4.53,1.22
1791083458504,109841,-1.77,-0.6416,0.6196,-5.16,-5.98,0.09
1791083458514,109675,-1.7666,-0.6553,0.6304,-8.02,-10.02,1.11
1791083458524,109496,-1.7588,-0.6577,0.6494,-8.63,-10.02,1.39
1791083458534,109307,-1.7568,-0.6567,0.6611,-6.34,-8.4,2.08
1791083458544,109136,-1.749,-0.6616,0.6396,-5.24,-7.42,3.45
1791083458554,109002,-1.7446,-0.6528,0.6572,-3.3,-1.77,2.87
1791083458564,108901,-1.7456,-0.6499,0.627,-1.76,1.47,2.67
1791083458574,108855,-1.7515,-0.6572,0.6357,0.6,1.45,3.21
1791083458584,108849,-1.7544,-0.6558,0.6499,2.61,2.75,2.58
1791083458594,108862,-1.7559,-0.6499,0.6318,3.22,4.38,0.96
1791083458604,108897,-1.7617,-0.6479,0.626,2.53,4.46,0.14
1791083458614,108941,-1.7705,-0.6689,0.6221,0.15,1.13,-0.18
1791083458624,108994,-1.7695,-0.6567,0.6279,-2.2,-1.1,-0.66
1791083458634,109033,-1.7627,-0.6694,0.6191,-1.98,-2.14,0.17
1791083458644,109084,-1.7534,-0.6631,0.6162,1.33,-3.73,0.93
1791083458654,109113,-1.7446,-0.6646,0.6284,2.67,-2.95,1.97
1791083458664,109156,-1.7422,-0.6562,0.6367,0.84,-1.91,0.96
1791083458674,109195,-1.7476,-0.6504,0.6377,-0.78,-3.54,1.63
1791083458684,109250,-1.7393,-0.6514,0.646,-2.78,-5.33,1.68
1791083458694,109286,-1.7305,-0.6577,0.6611,-5.82,-4.72,0.17
1791083458704,109340,-1.7427,-0.6562,0.687,-4.58,-1.31,-0.81
1791083458714,109373,-1.7515,-0.6416,0.6802,-2.84,-1.18,-0.27
1791083458724,109383,-1.7749,-0.6528,0.647,-1.56,-1.86,1.74
1791083458734,109368,-1.7578,-0.6401,0.6299,-1.57,-2.96,4.15
1791083458744,109327,-1.77,-0.6362,0.6235,-5.57,-4.7,4.73
1791083458754,109280,-1.7676,-0.6343,0.6255,-7.22,-8.47,4.56
1791083458764,109217,-1.7559,-0.6274,0.6411,-8.46,-9.85,2.66
1791083458774,109146,-1.7402,-0.6357,0.6558,-8.41,-9.28,1.07
1791083458784,109067,-1.7422,-0.6416,0.6587,-5.51,-7.39,-0.89
1791083458794,108978,-1.7124,-0.6641,0.6509,-2.43,0.63,-0.93
1791083458804,108899,-1.7251,-0.6597,0.6279,5.01,6.26,-1.27
1791083458814,108834,-1.7251,-0.6567,0.6196,10.4,6.29,-0.56
1791083458824,108814,-1.7295,-0.6655,0.5776,13.48,5.92,-0.56
1791083458834,108812,-1.7373,-0.6694,0.5518,13.13,3.3,-0.63
1791083458844,108847,-1.7676,-0.6538,0.5859,5.48,-2.9,-0.21
1791083458854,108889,-1.7817,-0.6523,0.582,-3.77,-10.02,1.77
1791083458864,108946,-1.7793,-0.6543,0.5874,-11.16,-17.98,4.76
1791083458874,109002,-1.7695,-0.6504,0.647,-16.18,-21.56,7.94
1791083458884,109055,-1.7798,-0.6528,0.7144,-16.37,-20.61,9.76
1791083458894,109103,-1.7729,-0.6519,0.772,-10.52,-12.84,9.44
1791083458904,109160,-1.7686,-0.6484,0.7676,-0.58,-7.42,10.12
1791083458914,109208,-1.7695,-0.6475,0.7661,9.02,-3.27,10.02
1791083458924,109265,-1.7349,-0.6401,0.7554,12.7,1.6,8.27
1791083458934,109325,-1.7622,-0.6406,0.7158,16.24,8.93,5.53
1791083458944,109398,-1.75,-0.6187,0.6797,17.94,11.13,2.7
1791083458954,109474,-1.7661,-0.6162,0.6348,14.29,12.14,0.58
1791083458964,109555,-1.7603,-0.6177,0.624,11.19,9.4,-2.02
1791083458974,109620,-1.7695,-0.6206,0.5962,7.82,7.01,-2.75
1791083458984,109666,-1.7476,-0.6328,0.5938,7.22,5.88,-3.4
1791083458994,109692,-1.748,-0.6323,0.5625,6.14,6.03,-3.42
1791083459004,109719,-1.7422,-0.6323,0.5693,7.66,8.24,-3.39
1791083459014,109725,-1.7524,-0.6265,0.5952,6.53,7.24,-2.84
1791083459024,109745,-1.7676,-0.6138,0.6362,4.58,4.78,-1.79
1791083459034,109763,-1.7681,-0.6221,0.6543,4.46,1.73,-0.82
1791083459044,109786,-1.7856,-0.6387,0.6729,5.88,-0.37,-0.12
1791083459054,109797,-1.7803,-0.6509,0.6587,2.37,-5.39,-0.44
1791083459064,109823,-1.8286,-0.5981,0.8159,2.99,-0.78,-2.09
1791083459074,109824,-1.8101,-0.6626,0.688,5.68,-17.59,-2.5
1791083459084,109801,-1.6743,-0.6177,0.7939,1.71,-6.02,-1.94
1791083459094,109734,-1.7529,-0.6592,0.6768,2.0,4.23,-5.31
1791083459104,109676,-1.7632,-0.6626,0.5933,1.3,0.82,-3.95
1791083459114,109626,-1.7139,-0.6528,0.5815,-1.25,2.44,-2.95
1791083459124,109560,-1.7163,-0.6416,0.6016,-2.15,8.93,-4.05
1791083459134,109472,-1.7363,-0.6406,0.604,3.44,8.46,-2.64
1791083459144,109347,-1.7476,-0.6494,0.5957,6.34,4.34,0.0
1791083459154,109169,-1.769,-0.6611,0.583,7.59,-1.07,1.31
1791083459164,108981,-1.7451,-0.6519,0.5815,4.12,-5.13,2.29
1791083459174,108772,-1.7324,-0.6504,0.5874,-1.95,-5.24,3.08
1791083459184,108554,-1.7524,-0.6514,0.6167,-4.69,-9.27,2.9
1791083459194,108365,-1.7515,-0.6475,0.6597,-6.92,-8.34,2.17
1791083459204,108210,-1.7471,-0.6558,0.6841,-3.3,-4.2,0.0
1791083459214,108075,-1.7397,-0.6611,0.6548,1.39,-1.8,0.53
1791083459224,107974,-1.7451,-0.6602,0.666,7.53,2.49,-0.32
1791083459234,107910,-1.7603,-0.6562,0.6572,10.47,6.56,-1.97
1791083459244,107891,-1.7563,-0.6353,0.6909,9.89,9.19,-3.34
1791083459254,107919,-1.7896,-0.6499,0.6558,7.79,8.52,-3.36
1791083459264,107970,-1.7896,-0.6519,0.6426,5.42,0.58,-1.08
1791083459274,108023,-1.7778,-0.6328,0.6631,-1.71,-3.95,0.43
1791083459284,108084,-1.7788,-0.6445,0.6582,-7.8,-6.9,-0.15
1791083459294,108137,-1.7593,-0.6548,0.6558,-7.98,-9.11,1.54
1791083459304,108191,-1.7427,-0.6455,0.6709,-3.94,-5.42,2.2
1791083459314,108219,-1.7358,-0.6514,0.6372,2.66,-0.87,2.64
1791083459324,108250,-1.7402,-0.6465,0.6343,9.19,2.5,2.27
1791083459334,108271,-1.7397,-0.644,0.6113,10.69,2.73,3.62
1791083459344,108302,-1.7446,-0.6479,0.5869,11.37,4.56,2.15
1791083459354,108344,-1.7617,-0.6504,0.5732,10.24,3.48,1.82
1791083459364,108373,-1.7705,-0.6504,0.5669,6.44,-1.44,2.87
1791083459374,108413,-1.7671,-0.6597,0.6089,0.0,-5.31,2.58
1791083459384,108432,-1.7642,-0.6514,0.6714,-5.4,-5.71,0.76
1791083459394,108439,-1.7769,-0.6318,0.6934,-7.91,-4.41,-1.6
1791083459404,108431,-1.7739,-0.6484,0.7383,-9.86,-2.32,-3.19
1791083459414,108415,-1.7803,-0.6606,0.7358,-8.82,0.56,-4.11
1791083459424,108381,-1.7715,-0.6543,0.73,-5.51,2.99,-5.5
1791083459434,108337,-1.7695,-0.6543,0.6938,-2.34,4.76,-3.98
1791083459444,108288,-1.7583,-0.6597,0.6377,0.61,5.18,-1.88
1791083459454,108249,-1.7559,-0.6597,0.583,2.08,2.89,0.21
1791083459464,108217,-1.7607,-0.6626,0.5693,2.09,0.12,2.27
1791083459474,108191,-1.7373,-0.6641,0.5381,2.32,-3.5,4.09
1791083459484,108181,-1.7261,-0.6719,0.5337,2.56,-4.56,4.52
1791083459494,108170,-1.7261,-0.6523,0.5605,2.76,-4.75,4.85
1791083459504,108176,-1.7397,-0.6489,0.584,0.53,-7.22,4.76
1791083459514,108186,-1.7339,-0.6553,0.6392,-3.27,-5.33,2.64
1791083459524,108199,-1.7476,-0.6401,0.6763,-3.66,-2.92,1.07
1791083459534,108231,-1.7432,-0.6294,0.7324,-4.15,-0.89,-0.31
1791083459544,108255,-1.7681,-0.6362,0.7139,-2.55,2.14,-1.13
1791083459554,108296,-1.7783,-0.6494,0.6919,3.04,4.08,-0.78
1791083459564,108349,-1.7852,-0.6562,0.6758,5.69,5.13,0.64
1791083459574,108401,-1.7808,-0.6509,0.6553,5.88,6.11,0.76
1791083459584,108461,-1.769,-0.6421,0.6201,6.63,4.9,2.61
1791083459594,108539,-1.7466,-0.6333,0.5991,6.92,2.31,2.93
1791083459604,108609,-1.7534,-0.647,0.5952,5.94,1.27,1.82
1791083459614,108671,-1.7554,-0.6455,0.585,3.04,-1.44,1.53
1791083459624,108717,-1.7505,-0.6436,0.6118,0.53,-1.71,1.54
1791083459634,108758,-1.7559,-0.6494,0.6509,-1.21,2.08,-0.14
1791083459644,108798,-1.7012,-0.6533,0.6255,-1.62,5.45,-3.1
1791083459654,108842,-1.7891,-0.6567,0.6274,-1.05,2.93,0.7
1791083459664,108884,-1.7529,-0.6543,0.6216,1.57,3.28,0.78
1791083459674,108930,-1.7754,-0.6523,0.627,3.8,2.7,2.61
1791083459684,108975,-1.751,-0.6357,0.6304,4.82,-1.28,4.08
1791083459694,109014,-1.748,-0.6362,0.6294,7.88,-2.53,4.79
1791083459704,109031,-1.7354,-0.626,0.627,9.5,-1.08,4.29
1791083459714,109039,-1.7412,-0.624,0.6392,5.48,-1.21,3.71
1791083459724,109060,-1.7305,-0.6401,0.6416,0.98,-0.11,1.56
1791083459734,109062,-1.7407,-0.6387,0.6577,-1.62,-2.12,-0.56
1791083459744,109075,-1.7402,-0.6396,0.6406,-6.14,-2.08,-0.96
1791083459754,109087,-1.7646,-0.6514,0.6108,-6.37,-4.26,-1.11
1791083459764,109095,-1.7529,-0.6504,0.6436,-5.08,-7.22,-0.96
1791083459774,109118,-1.7412,-0.6523,0.6499,-2.49,-5.27,-0.11
1791083459784,109132,-1.7539,-0.6519,0.6426,-0.02,-3.05,-0.17
1791083459794,109122,-1.7549,-0.6455,0.6465,2.34,-1.28,-0.15
1791083459804,109124,-1.7559,-0.6523,0.6733,4.11,0.64,-0.34
1791083459814,109136,-1.7593,-0.644,0.6533,2.81,1.85,-0.75
1791083459824,109147,-1.7764,-0.6494,0.6294,0.29,0.96,-1.28
1791083459834,109166,-1.7822,-0.644,0.6177,-2.18,-3.13,-0.41
1791083459844,109181,-1.7661,-0.6494,0.6177,-5.3,-5.37,1.39
1791083459854,109193,-1.7749,-0.6567,0.6157,-5.86,-9.3,1.97
1791083459864,109201,-1.7603,-0.6553,0.6572,-7.54,-9.66,2.75
1791083459874,109200,-1.7676,-0.668,0.6631,-7.24,-5.94,1.95
1791083459884,109176,-1.7549,-0.6548,0.6621,-2.21,-1.83,1.66
1791083459894,109100,-1.751,-0.6494,0.6543,3.47,1.01,1.95
1791083459904,108967,-1.7422,-0.6572,0.6421,6.38,5.13,0.79
1791083459914,108795,-1.7417,-0.6519,0.6187,7.04,6.5,-0.37
1791083459924,108578,-1.7524,-0.6294,0.6187,4.75,4.2,-2.24
1791083459934,108358,-1.7607,-0.6421,0.6143,-0.11,-0.34,-2.64
1791083459944,108139,-1.7617,-0.6411,0.6309,-5.77,-2.08,-2.92
1791083459954,107923,-1.7632,-0.6519,0.6626,-8.46,-3.11,-3.94
1791083459964,107737,-1.7583,-0.6465,0.6592,-10.76,-3.24,-2.31
1791083459974,107587,-1.7725,-0.6699,0.6665,-9.27,-4.46,-0.92
1791083459984,107461,-1.7476,-0.6396,0.6597,-6.75,-3.04,-0.81
1791083459994,107372,-1.7397,-0.6582,0.6582,-2.92,-0.41,0.75
1791083460004,107304,-1.7305,-0.6538,0.6353,0.47,-0.17,2.58
1791083460014,107270,-1.7432,-0.6582,0.6211,4.4,0.37,3.6
1791083460024,107270,-1.7451,-0.6626,0.5996,6.46,-0.4,4.15
1791083460034,107288,-1.7485,-0.6655,0.6045,6.9,-3.37,5.76
1791083460044,107337,-1.7495,-0.6699,0.6079,3.82,-2.21,4.66
1791083460054,107386,-1.7612,-0.6577,0.623,-0.78,-3.08,3.8
1791083460064,107443,-1.7583,-0.6523,0.6572,-3.39,-3.91,5.07
1791083460074,107483,-1.7646,-0.644,0.6533,-3.92,-5.83,4.2
1791083460084,107537,-1.7573,-0.627,0.6885,-2.85,-4.6,4.18
1791083460094,107574,-1.7607,-0.6265,0.7017,-1.77,-3.88,2.76
1791083460104,107618,-1.7578,-0.6392,0.7056,-1.94,-2.37,1.77
1791083460114,107644,-1.7754,-0.6484,0.6631,-1.65,-2.03,0.81
1791083460124,107700,-1.7783,-0.6616,0.6606,-3.07,-4.84,2.17
1791083460134,107757,-1.7739,-0.6558,0.6694,-6.4,-5.16,1.08
1791083460144,107799,-1.7725,-0.6675,0.6396,-5.1,-4.44,1.34
1791083460154,107828,-1.7612,-0.666,0.6206,-2.43,-3.39,1.89
1791083460164,107832,-1.751,-0.6562,0.5977,1.44,-1.08,2.21
1791083460174,107829,-1.7393,-0.6533,0.6177,6.61,4.23,1.74
1791083460184,107824,-1.7598,-0.6274,0.6055,9.82,8.08,2.03
1791083460194,107821,-1.7681,-0.6299,0.6025,11.28,7.54,2.76
1791083460204,107838,-1.7822,-0.6338,0.6147,9.73,1.57,2.98
1791083460214,107856,-1.7852,-0.6187,0.6167,4.82,-2.5,2.55
1791083460224,107875,-1.7866,-0.6221,0.6675,-3.8,-4.4,1.33
1791083460234,107887,-1.791,-0.6313,0.6807,-10.09,-4.15,0.95
1791083460244,107899,-1.79,-0.6392,0.6904,-10.55,-6.17,0.75
1791083460254,107905,-1.7876,-0.6455,0.686,-7.42,-6.17,1.59
1791083460264,107909,-1.7695,-0.6616,0.6826,-4.85,-2.72,2.26
1791083460274,107920,-1.7734,-0.6606,0.6934,-4.21,2.82,1.94
1791083460284,107948,-1.7676,-0.6567,0.6372,-3.11,6.79,1.04
1791083460294,107980,-1.7661,-0.6616,0.6099,0.69,1.37,2.64
1791083460304,108013,-1.7476,-0.6631,0.5791,2.47,-1.5,3.65
1791083460314,108044,-1.7202,-0.6494,0.5977,1.04,0.6,3.76
1791083460324,108091,-1.7402,-0.6572,0.6045,2.27,1.53,3.85
1791083460334,108151,-1.7485,-0.6396,0.5957,1.92,0.38,3.59
1791083460344,108217,-1.7651,-0.6396,0.625,-1.69,-1.65,4.17
1791083460354,108288,-1.7646,-0.6538,0.6431,-2.09,1.24,2.49
1791083460364,108351,-1.771,-0.6499,0.6445,-1.19,0.67,1.95
1791083460374,108403,-1.7749,-0.6484,0.6519,-2.78,-1.54,3.21
1791083460384,108458,-1.7744,-0.6401,0.6816,-4.56,-2.5,3.4
1791083460394,108505,-1.7563,-0.6372,0.7075,-3.88,1.51,1.94
1791083460404,108561,-1.7588,-0.6426,0.6812,-1.8,2.49,1.3
1791083460414,108609,-1.7573,-0.6416,0.6431,-1.47,0.32,1.25
1791083460424,108653,-1.7524,-0.6631,0.623,-2.38,0.64,1.04
1791083460434,108688,-1.7422,-0.6387,0.6123,-3.91,4.24,0.5
1791083460444,108746,-1.7539,-0.6543,0.5771,-5.07,4.61,1.48
1791083460454,108801,-1.7666,-0.6611,0.5547,-4.46,-3.47,3.88
1791083460464,108857,-1.7603,-0.6572,0.5854,-2.63,-5.42,4.46
1791083460474,108903,-1.7358,-0.6455,0.6089,1.4,-2.5,5.36
1791083460484,108937,-1.7368,-0.6367,0.6167,4.79,1.82,5.1
1791083460494,108968,-1.7568,-0.6318,0.624,7.3,1.07,5.18
1791083460504,108991,-1.7559,-0.6235,0.6558,4.35,3.83,3.42
1791083460514,109029,-1.7646,-0.6187,0.6616,4.4,4.5,1.5
1791083460524,109057,-1.771,-0.6172,0.6538,2.96,-1.86,2.21
1791083460534,109092,-1.7803,-0.6343,0.6572,-3.48,-3.98,1.6
1791083460544,109120,-1.7754,-0.625,0.6597,-9.79,-5.5,-0.31
1791083460554,109148,-1.7617,-0.6309,0.6299,-12.03,-7.82,0.53
1791083460564,109174,-1.748,-0.6367,0.6094,-10.66,-6.09,1.73
1791083460574,109190,-1.748,-0.6436,0.5801,-5.04,-3.57,2.63
1791083460584,109217,-1.7285,-0.6396,0.5439,2.34,-0.52,3.15
1791083460594,109259,-1.7251,-0.6406,0.5396,8.84,0.27,4.52
1791083460604,109300,-1.7285,-0.6509,0.5581,10.53,-0.15,4.15
1791083460614,109351,-1.7529,-0.644,0.5972,6.32,4.24,2.49
1791083460624,109419,-1.7944,-0.6387,0.6274,-1.25,2.03,0.23
1791083460634,109480,-1.772,-0.6294,0.6436,-2.69,-0.73,1.11
1791083460644,109534,-1.8086,-0.6514,0.5732,-3.45,-6.79,2.85
1791083460654,109526,-1.8428,-0.6567,0.584,-2.64,-13.36,7.92
1791083460664,109464,-1.8091,-0.6455,0.6274,-5.01,-18.29,9.11
1791083460674,109332,-1.7778,-0.6387,0.6914,-6.55,-13.28,8.69
1791083460684,109149,-1.7632,-0.6299,0.7334,-6.17,-7.77,4.87
1791083460694,108938,-1.7612,-0.6182,0.7729,-6.15,-6.61,1.05
1791083460704,108705,-1.7671,-0.6191,0.772,-7.11,-3.79,-1.44
1791083460714,108468,-1.748,-0.6206,0.7383,-6.37,3.79,-4.47
1791083460724,108247,-1.7378,-0.6357,0.6577,-3.74,7.3,-6.55
1791083460734,108044,-1.7344,-0.6455,0.6138,-4.61,4.53,-3.73
1791083460744,107883,-1.7451,-0.6494,0.5415,-5.86,-0.99,-0.69
1791083460754,107766,-1.7393,-0.647,0.5366,-8.82,-4.27,1.47
1791083460764,107694,-1.7241,-0.6558,0.5454,-10.06,-7.53,3.37
1791083460774,107674,-1.7266,-0.6543,0.5996,-9.79,-10.14,3.92
1791083460784,107690,-1.7236,-0.6514,0.6328,-9.83,-9.47,2.89
1791083460794,107722,-1.7319,-0.6587,0.6816,-6.89,-5.68,0.47
1791083460804,107766,-1.7334,-0.6621,0.708,-0.52,0.89,-0.32
1791083460814,107802,-1.7427,-0.6543,0.7021,4.67,4.24,-0.63
1791083460824,107855,-1.7676,-0.6582,0.6831,8.66,6.67,-0.14
1791083460834,107903,-1.7695,-0.6548,0.6543,13.65,8.23,-0.14
1791083460844,107964,-1.7632,-0.6353,0.6294,13.13,8.15,0.0
1791083460854,108022,-1.7646,-0.6245,0.5957,9.54,3.56,1.21
1791083460864,108093,-1.7578,-0.6323,0.5854,6.08,-0.41,1.11
1791083460874,108157,-1.7617,-0.6201,0.5967,-0.08,-6.66,2.12
1791083460884,108221,-1.7671,-0.6255,0.6206,-7.53,-10.37,1.45
1791083460894,108285,-1.7568,-0.6323,0.6245,-9.83,-11.85,0.61
1791083460904,108336,-1.7471,-0.6382,0.6172,-9.39,-12.63,1.05
1791083460914,108380,-1.7539,-0.6455,0.6313,-8.32,-11.21,2.37
1791083460924,108419,-1.77,-0.6567,0.645,-7.25,-9.36,1.73
1791083460934,108428,-1.772,-0.6504,0.6611,-5.97,-7.71,2.09
1791083460944,108421,-1.7881,-0.6621,0.6899,-5.92,-6.6,1.85
1791083460954,108408,-1.7739,-0.6606,0.686,-1.63,-3.57,0.99
1791083460964,108380,-1.7661,-0.6616,0.6733,2.76,2.52,1.05
1791083460974,108360,-1.79,-0.6592,0.6748,5.22,7.53,0.14
1791083460984,108329,-1.7788,-0.6597,0.6201,5.42,7.45,-0.84
1791083460994,108306,-1.7871,-0.6548,0.6162,3.39,5.16,-0.55
1791083461004,108288,-1.7656,-0.6416,0.5801,0.5,1.39,-1.59
1791083461014,108279,-1.7583,-0.6357,0.5825,-2.96,-2.15,0.49
1791083461024,108284,-1.7627,-0.6504,0.6123,-5.95,-5.04,1.34
1791083461034,108280,-1.7549,-0.6548,0.6064,-5.27,-4.89,1.24
1791083461044,108291,-1.7617,-0.644,0.6265,-3.37,-4.0,2.03
1791083461054,108305,-1.7495,-0.646,0.6558,-0.61,-2.87,4.26
1791083461064,108322,-1.751,-0.6343,0.6782,3.08,-0.34,4.56
1791083461074,108361,-1.7607,-0.6382,0.6616,1.53,2.6,2.76
1791083461084,108413,-1.7607,-0.6401,0.6377,0.34,1.6,2.15
1791083461094,108453,-1.7603,-0.6406,0.645,-0.96,-0.78,1.65
1791083461104,108501,-1.749,-0.6299,0.6543,-1.39,-1.6,2.02
1791083461114,108540,-1.7515,-0.6313,0.6187,-1.65,-3.16,1.89
1791083461124,108576,-1.751,-0.6294,0.5972,-1.28,-4.17,1.08
1791083461134,108611,-1.7456,-0.6338,0.6226,-2.79,-3.1,1.33
1791083461144,108647,-1.7314,-0.6396,0.6099,-0.31,-1.25,0.06
1791083461154,108694,-1.7378,-0.6416,0.6177,2.9,1.3,-0.55
1791083461164,108738,-1.7461,-0.6484,0.6099,3.77,3.6,-1.01
1791083461174,108788,-1.7495,-0.6479,0.6069,5.94,2.24,-1.01
1791083461184,108841,-1.7432,-0.6353,0.6104,4.38,0.81,-1.34
1791083461194,108868,-1.7549,-0.6348,0.6226,1.65,0.78,-0.6
1791083461204,108899,-1.7622,-0.6426,0.6113,-1.04,-2.61,0.27
1791083461214,108920,-1.7637,-0.6489,0.6157,-2.95,-6.23,0.95
1791083461224,108944,-1.7466,-0.6562,0.623,-4.38,-6.99,0.44
1791083461234,108963,-1.7637,-0.6533,0.6392,-5.39,-6.67,1.3
1791083461244,108990,-1.7686,-0.6641,0.6572,-5.25,-8.79,1.56
1791083461254,109011,-1.7598,-0.6733,0.6855,-4.95,-8.75,2.14
1791083461264,109025,-1.749,-0.6567,0.6685,-1.88,-4.26,1.36
1791083461274,109034,-1.7427,-0.645,0.6772,5.25,2.03,0.89
1791083461284,109041,-1.7476,-0.6494,0.6499,10.31,4.15,2.03
1791083461294,109040,-1.7505,-0.6514,0.623,12.41,8.24,1.89
1791083461304,109046,-1.771,-0.6406,0.5737,10.61,7.74,1.98
1791083461314,109065,-1.7539,-0.6289,0.5566,6.31,3.42,2.02
1791083461324,109094,-1.7646,-0.6172,0.5854,-0.32,-3.56,2.61
1791083461334,109122,-1.7681,-0.6392,0.5903,-6.4,-10.29,0.87
1791083461344,109153,-1.7588,-0.6475,0.6328,-9.45,-12.49,0.82
1791083461354,109177,-1.7637,-0.6479,0.6768,-10.56,-8.52,-1.73
1791083461364,109207,-1.7559,-0.6514,0.6611,-8.95,-2.34,-2.95
1791083461374,109242,-1.7729,-0.6655,0.6196,-2.95,-1.77,-2.67
1791083461384,109269,-1.7471,-0.668,0.6187,0.63,-0.79,-1.85
1791083461394,109289,-1.7549,-0.6538,0.5933,3.21,-0.41,-0.63
1791083461404,109313,-1.7422,-0.6543,0.5811,5.59,0.67,0.43
1791083461414,109333,-1.7446,-0.6367,0.5801,8.09,-1.53,0.72
1791083461424,109348,-1.7656,-0.6328,0.6382,7.13,-2.63,1.94
1791083461434,109329,-1.7866,-0.6216,0.6523,1.91,-5.79,1.63
1791083461444,109268,-1.7969,-0.6274,0.6636,-5.92,-8.12,0.76
1791083461454,109144,-1.8179,-0.6401,0.6792,-10.47,-12.96,0.21
1791083461464,108976,-1.7866,-0.6528,0.6895,-16.14,-19.51,1.04
1791083461474,108762,-1.8364,-0.625,0.8042,-12.63,-11.34,-0.41
1791083461484,108534,-1.77,-0.6714,0.6987,-10.18,-16.14,1.44
1791083461494,108281,-1.7314,-0.6597,0.7314,-6.06,-0.64,1.05
1791083461504,108052,-1.7837,-0.6704,0.6895,1.44,7.42,-0.12
1791083461514,107853,-1.7446,-0.6479,0.6626,9.53,4.52,3.62
1791083461524,107718,-1.7217,-0.6558,0.6401,17.88,9.5,3.44
1791083461534,107624,-1.7153,-0.6494,0.5913,23.63,11.82,4.08
1791083461544,107588,-1.7207,-0.646,0.5596,24.76,9.97,3.98
1791083461554,107588,-1.7407,-0.6201,0.5557,16.55,6.15,4.14
1791083461564,107638,-1.7554,-0.6104,0.5859,6.06,-2.02,2.82
1791083461574,107714,-1.7529,-0.6099,0.6445,-3.59,-7.34,1.91
1791083461584,107799,-1.7749,-0.6108,0.6719,-10.15,-9.44,-0.98
1791083461594,107871,-1.7725,-0.6177,0.6846,-14.0,-12.53,-1.44
1791083461604,107933,-1.7646,-0.6455,0.7324,-14.67,-12.03,-1.15
1791083461614,107979,-1.7666,-0.6392,0.748,-11.53,-7.68,-1.04
1791083461624,108014,-1.752,-0.6567,0.7173,-4.14,-3.02,-0.4
1791083461634,108027,-1.7402,-0.6509,0.7065,1.83,2.63,0.11
1791083461644,108057,-1.7231,-0.6509,0.6499,7.73,6.27,-1.05
1791083461654,108081,-1.7246,-0.6602,0.5981,9.92,5.65,0.47
1791083461664,108118,-1.7261,-0.6685,0.5576,9.19,2.09,0.63
1791083461674,108161,-1.7207,-0.6587,0.5562,7.24,-2.46,1.25
1791083461684,108208,-1.7246,-0.6577,0.5718,4.03,-4.99,2.75
1791083461694,108243,-1.7227,-0.6479,0.606,0.98,-3.53,1.86
1791083461704,108263,-1.7671,-0.6494,0.626,-0.41,-8.09,2.79
1791083461714,108266,-1.7573,-0.6299,0.6675,-2.2,-9.01,2.63
1791083461724,108276,-1.7568,-0.625,0.7144,-2.5,-6.29,1.95
1791083461734,108280,-1.7637,-0.6255,0.7378,0.09,-2.7,0.63
1791083461744,108279,-1.7729,-0.625,0.7319,2.0,-0.18,-0.41
1791083461754,108274,-1.7788,-0.6509,0.6992,0.93,-1.88,-0.43
1791083461764,108265,-1.7646,-0.6592,0.6543,-3.04,-3.53,-0.31
1791083461774,108251,-1.7646,-0.6602,0.6172,-5.8,-5.22,0.06
1791083461784,108250,-1.7515,-0.6587,0.6035,-6.06,-5.42,-0.11
1791083461794,108254,-1.7642,-0.668,0.5923,-6.08,-5.91,-0.09
1791083461804,108263,-1.7578,-0.668,0.5747,-5.18,-7.68,0.44
1791083461814,108259,-1.7344,-0.666,0.5898,-0.84,-4.21,1.34
1791083461824,108275,-1.7319,-0.6475,0.6094,4.69,-1.39,2.81
1791083461834,108304,-1.7407,-0.646,0.6304,6.6,-0.84,3.88
1791083461844,108360,-1.7578,-0.6445,0.646,3.69,-1.31,3.92
1791083461854,108416,-1.7642,-0.6499,0.6577,2.12,-2.82,3.11
1791083461864,108480,-1.7856,-0.6431,0.6904,0.14,-4.49,2.34
1791083461874,108548,-1.7939,-0.6421,0.6719,-5.13,-5.89,2.15
1791083461884,108615,-1.7891,-0.6475,0.6543,-8.64,-7.5,1.82
1791083461894,108671,-1.7778,-0.6465,0.6899,-10.95,-6.79,1.1
1791083461904,108728,-1.7759,-0.6406,0.6885,-9.56,-5.05,0.61
1791083461914,108771,-1.769,-0.6436,0.6895,-7.04,-3.65,1.59
1791083461924,108816,-1.77,-0.6396,0.6943,-4.44,-1.69,0.64
1791083461934,108853,-1.7544,-0.6426,0.6689,-0.63,0.99,0.21
1791083461944,108896,-1.7451,-0.6445,0.6479,3.48,0.9,1.16
1791083461954,108933,-1.7437,-0.6401,0.6279,4.47,3.56,1.08
1791083461964,108969,-1.7485,-0.6431,0.6133,3.01,2.5,0.44
1791083461974,109012,-1.7422,-0.6274,0.5884,0.84,-1.47,1.95
1791083461984,109055,-1.7427,-0.6299,0.6074,-2.66,-6.37,2.5
1791083461994,109089,-1.7319,-0.6279,0.6226,-2.6,-9.3,2.55
1791083462004,109129,-1.7207,-0.6304,0.6533,-2.72,-9.48,1.27
1791083462014,109165,-1.7427,-0.6367,0.6714,-3.01,-5.98,0.41
1791083462024,109198,-1.7593,-0.6436,0.6792,-2.76,-5.44,-0.82
1791083462034,109220,-1.7588,-0.6528,0.6772,-2.12,-6.23,0.7
1791083462044,109255,-1.7544,-0.6484,0.6768,-1.73,-5.1,1.83
1791083462054,109274,-1.75,-0.6621,0.6665,-2.96,-2.64,1.54
1791083462064,109294,-1.7456,-0.647,0.6768,-0.98,-1.42,2.18
1791083462074,109307,-1.7471,-0.6475,0.6646,-0.14,-1.59,2.03
1791083462084,109320,-1.728,-0.6479,0.6509,2.55,0.02,1.71
1791083462094,109337,-1.7192,-0.646,0.6348,2.96,1.47,0.99
1791083462104,109347,-1.73,-0.6436,0.625,3.24,-0.69,0.99
1791083462114,109351,-1.728,-0.6582,0.6104,1.25,-2.73,1.21
1791083462124,109379,-1.7334,-0.6445,0.6182,-2.0,-7.21,1.3
1791083462134,109412,-1.731,-0.646,0.6396,-4.63,-12.15,2.67
1791083462144,109447,-1.7329,-0.6445,0.6865,-7.65,-13.42,2.89
1791083462154,109469,-1.729,-0.6479,0.7109,-7.24,-10.64,2.76
1791083462164,109512,-1.7334,-0.625,0.7412,-4.84,-8.02,2.06
1791083462174,109546,-1.7378,-0.6357,0.7266,-1.6,-6.5,3.02
1791083462184,109582,-1.7178,-0.6343,0.6899,1.88,-3.89,2.95
1791083462194,109634,-1.7212,-0.6479,0.6401,3.04,-4.06,3.25
1791083462204,109681,-1.71,-0.6538,0.5732,4.03,-7.8,2.93
1791083462214,109741,-1.7139,-0.6558,0.6011,1.04,-10.15,2.21
1791083462224,109796,-1.7295,-0.6626,0.5898,-1.79,-13.68,1.85
1791083462234,109817,-1.7212,-0.6758,0.6216,-2.12,-16.49,1.82
1791083462244,109811,-1.729,-0.6802,0.6841,-0.6,-12.2,1.27
1791083462254,109747,-1.7412,-0.6592,0.7358,1.63,-4.53,0.02
1791083462264,109644,-1.7549,-0.6479,0.731,7.45,0.12,0.06
1791083462274,109489,-1.7681,-0.6362,0.7007,11.95,2.14,-0.75
1791083462284,109316,-1.7949,-0.6313,0.6748,13.94,2.69,0.09
1791083462294,109132,-1.7964,-0.6167,0.6743,10.52,0.69,0.96
1791083462304,108957,-1.8081,-0.6104,0.6489,6.66,-3.36,2.09
1791083462314,108804,-1.7998,-0.624,0.6514,0.93,-9.45,5.05
1791083462324,108681,-1.7939,-0.6357,0.6602,-5.1,-13.01,5.01
1791083462334,108582,-1.7876,-0.6431,0.6694,-9.1,-15.92,5.18
1791083462344,108527,-1.7744,-0.6509,0.6909,-11.5,-15.91,4.98
1791083462354,108495,-1.7734,-0.6621,0.7124,-10.98,-10.87,2.17
1791083462364,108493,-1.7686,-0.6631,0.7173,-5.94,-4.52,-0.18
1791083462374,108513,-1.7505,-0.6665,0.7114,0.26,-0.84,-1.74
1791083462384,108547,-1.7554,-0.6562,0.6826,6.78,4.05,-2.15
1791083462394,108590,-1.748,-0.6445,0.6553,13.4,7.69,-1.44
1791083462404,108654,-1.7383,-0.6436,0.6479,16.96,8.69,1.25
1791083462414,108717,-1.7427,-0.6343,0.6396,19.51,6.89,3.24
1791083462424,108790,-1.7524,-0.623,0.6406,15.91,2.58,4.49
1791083462434,108847,-1.749,-0.6196,0.6519,8.23,-0.18,5.21
1791083462444,108918,-1.7427,-0.6187,0.6699,-0.05,-2.55,4.21
1791083462454,108969,-1.7539,-0.6167,0.6973,-6.92,-6.21,4.14
1791083462464,109011,-1.7588,-0.6284,0.7119,-9.42,-10.9,4.05
1791083462474,109048,-1.7515,-0.6401,0.7065,-10.56,-11.88,4.14
1791083462484,109090,-1.7578,-0.6411,0.7178,-10.02,-11.01,3.77
1791083462494,109121,-1.7485,-0.6489,0.6792,-6.47,-7.94,4.96
1791083462504,109145,-1.7476,-0.6592,0.689,0.27,-7.65,6.67
1791083462514,109161,-1.7368,-0.646,0.7041,8.69,-3.82,8.31
1791083462524,109173,-1.7393,-0.6382,0.6953,16.66,-1.18,8.11
1791083462534,109182,-1.7202,-0.6328,0.7275,22.64,-0.12,8.72
1791083462544,109187,-1.7129,-0.5991,0.7354,23.69,0.14,6.7
1791083462554,109186,-1.7427,-0.6011,0.7476,17.01,3.83,4.4
1791083462564,109199,-1.7485,-0.6147,0.6841,8.7,2.17,-0.08
1791083462574,109203,-1.7417,-0.626,0.6797,2.17,-3.66,-0.61
1791083462584,109213,-1.7417,-0.6079,0.6748,-5.47,-6.7,-1.42
1791083462594,109221,-1.7446,-0.6099,0.6655,-8.63,-8.55,-1.98
1791083462604,109221,-1.7466,-0.6069,0.6621,-7.47,-11.44,-1.01
1791083462614,109224,-1.7134,-0.6221,0.6636,-4.49,-10.06,0.41
1791083462624,109241,-1.7144,-0.6201,0.6631,-0.61,-7.16,0.63
1791083462634,109264,-1.7222,-0.6372,0.6377,4.23,-6.44,0.18
1791083462644,109306,-1.7168,-0.6475,0.6665,6.35,-5.44,1.04
1791083462654,109354,-1.71,-0.6431,0.6978,5.56,-5.25,-0.11
1791083462664,109414,-1.7334,-0.6465,0.6992,1.6,-6.43,-1.59
1791083462674,109479,-1.7329,-0.6616,0.7285,0.2,-5.95,-2.99
1791083462684,109536,-1.7412,-0.6523,0.7373,0.29,-4.14,-3.45
1791083462694,109587,-1.7441,-0.6504,0.7222,1.77,-4.08,-3.89
1791083462704,109647,-1.7432,-0.647,0.7197,1.25,-3.94,-4.05
1791083462714,109703,-1.7451,-0.6445,0.7212,0.09,-4.35,-3.36
1791083462724,109746,-1.7505,-0.646,0.7227,-0.47,-3.31,-2.32
1791083462734,109800,-1.7607,-0.644,0.7085,-0.29,-2.87,-1.88
1791083462744,109851,-1.7681,-0.6445,0.7051,1.68,-3.76,-0.82
1791083462754,109896,-1.7568,-0.6519,0.708,5.3,-2.58,-0.06
1791083462764,109933,-1.7563,-0.6567,0.7212,8.82,-2.72,1.94
1791083462774,109973,-1.7456,-0.6479,0.7002,9.28,-2.31,3.57
1791083462784,110012,-1.7432,-0.6392,0.6978,8.75,-1.63,4.11
1791083462794,110044,-1.7319,-0.625,0.6777,7.22,-2.99,3.94
1791083462804,110074,-1.7388,-0.623,0.6738,4.11,-4.89,2.85
1791083462814,110110,-1.7417,-0.6138,0.6724,-0.93,-5.92,0.85
1791083462824,110141,-1.7349,-0.624,0.6792,-3.57,-2.85,0.05
1791083462834,110157,-1.7373,-0.625,0.6895,-4.56,-2.27,-0.87
1791083462844,110176,-1.7534,-0.6362,0.7036,-6.03,-4.21,-1.08
1791083462854,110191,-1.7603,-0.6309,0.7246,-5.16,-5.37,-0.82
1791083462864,110209,-1.7456,-0.6284,0.7407,-4.11,-4.96,-0.24
1791083462874,110213,-1.752,-0.6348,0.7295,-1.79,-2.81,-0.08
1791083462884,110217,-1.7544,-0.6479,0.7358,0.08,-2.5,1.27
1791083462894,110224,-1.749,-0.644,0.7231,1.71,-1.82,2.64
1791083462904,110228,-1.7295,-0.6431,0.7222,5.44,0.26,2.64
1791083462914,110227,-1.7236,-0.6372,0.7212,7.63,2.81,3.56
1791083462924,110238,-1.7275,-0.6265,0.6973,11.71,4.17,3.71
1791083462934,110258,-1.7192,-0.6201,0.6802,12.76,4.98,3.31
1791083462944,110281,-1.7158,-0.6084,0.6748,11.42,7.27,1.94
1791083462954,110319,-1.7388,-0.6079,0.6743,6.7,2.85,0.44
1791083462964,110358,-1.7432,-0.6084,0.6753,0.66,-3.34,-1.18
1791083462974,110394,-1.7417,-0.6138,0.6655,-7.07,-7.73,-2.5
1791083462984,110430,-1.7437,-0.6289,0.6528,-13.54,-10.93,-2.6
1791083462994,110444,-1.7432,-0.6465,0.7046,-17.71,-12.27,-3.24
1791083463004,110463,-1.7495,-0.6421,0.7173,-16.44,-8.99,-3.4
1791083463014,110484,-1.7559,-0.6558,0.7524,-10.99,-5.74,-3.34
1791083463024,110485,-1.7554,-0.6655,0.7451,-4.02,-1.95,-2.93
1791083463034,110444,-1.7485,-0.6626,0.748,4.41,2.89,-1.16
1791083463044,110354,-1.7495,-0.6567,0.7393,11.27,8.34,-1.13
1791083463054,110226,-1.7446,-0.6436,0.7349,13.54,10.0,0.26
1791083463064,110056,-1.749,-0.6289,0.7095,10.63,8.55,0.43
1791083463074,109876,-1.7656,-0.6436,0.6772,3.54,4.82,0.95
1791083463084,109699,-1.7783,-0.6504,0.6636,-4.99,-2.4,0.38
1791083463094,109531,-1.7812,-0.6401,0.6641,-11.47,-9.88,2.95
1791083463104,109377,-1.7769,-0.6484,0.7075,-16.12,-11.57,2.84
1791083463114,109252,-1.7505,-0.6406,0.728,-15.5,-9.22,2.32
1791083463124,109136,-1.7603,-0.6509,0.7642,-13.98,-7.88,2.75
1791083463134,109056,-1.7495,-0.6562,0.8032,-10.46,-2.2,2.27
1791083463144,109003,-1.7559,-0.6631,0.7734,-2.9,5.8,0.79
1791083463154,108970,-1.7344,-0.6621,0.7212,3.51,8.53,1.22
1791083463164,108967,-1.7192,-0.6685,0.6729,9.05,11.71,2.78
1791083463174,108990,-1.7275,-0.6504,0.6533,10.82,11.04,2.72
1791083463184,109025,-1.7168,-0.6235,0.6636,7.37,6.66,3.44
1791083463194,109081,-1.7134,-0.6133,0.6699,2.03,3.6,1.3
1791083463204,109156,-1.7012,-0.5991,0.6924,-1.73,-1.51,-1.19
1791083463214,109248,-1.7065,-0.5981,0.7275,-6.38,-4.32,-3.13
1791083463224,109340,-1.6919,-0.604,0.7441,-9.45,-1.62,-5.59
1791083463234,109398,-1.7261,-0.625,0.7222,-12.24,2.18,-8.58
1791083463244,109482,-1.7212,-0.6353,0.6948,-14.53,-0.85,-7.92
1791083463254,109553,-1.7202,-0.6587,0.6626,-13.8,-2.79,-6.76
1791083463264,109638,-1.7246,-0.6611,0.647,-7.91,-1.82,-5.5
1791083463274,109716,-1.7202,-0.6553,0.6323,-2.76,-1.85,-3.51
1791083463284,109797,-1.7285,-0.6577,0.6577,6.9,1.33,-1.44
1791083463294,109887,-1.7139,-0.6558,0.6406,17.47,4.99,0.56
1791083463304,109959,-1.7188,-0.6367,0.6758,20.99,7.63,1.66
1791083463314,110017,-1.7422,-0.627,0.689,17.59,8.6,-0.05
1791083463324,110082,-1.7554,-0.6055,0.71,11.15,4.79,-0.85
1791083463334,110123,-1.7866,-0.5986,0.7305,1.66,-0.63,-2.87
1791083463344,110170,-1.79,-0.6045,0.7432,-8.56,-7.42,-4.41
1791083463354,110197,-1.7788,-0.6055,0.7681,-14.43,-8.23,-4.69
1791083463364,110202,-1.7925,-0.6211,0.7593,-14.41,-6.67,-5.15
1791083463374,110201,-1.7935,-0.6465,0.7207,-13.42,-7.79,-2.2
1791083463384,110200,-1.7812,-0.6646,0.6689,-11.95,-6.18,-0.61
1791083463394,110200,-1.7578,-0.6782,0.6411,-7.82,-5.53,2.31
1791083463404,110194,-1.7402,-0.6802,0.5933,-2.2,-2.38,5.63
1791083463414,110203,-1.7207,-0.6694,0.605,3.62,-1.65,6.76
1791083463424,110212,-1.7266,-0.667,0.6514,1.42,-2.87,6.29
1791083463434,110234,-1.7334,-0.6558,0.7222,0.18,1.89,3.5
1791083463444,110257,-1.7422,-0.6499,0.7485,2.78,4.82,1.15
1791083463454,110288,-1.75,-0.644,0.7725,4.79,5.79,-0.14
1791083463464,110323,-1.7729,-0.6479,0.7476,3.11,6.78,-1.39
1791083463474,110353,-1.7578,-0.6489,0.686,3.01,4.4,0.56
1791083463484,110395,-1.7725,-0.6548,0.6348,3.05,1.3,3.69
1791083463494,110421,-1.731,-0.6484,0.5991,2.41,-4.64,6.46
1791083463504,110460,-1.7402,-0.6436,0.6318,-1.47,-9.95,7.02
1791083463514,110495,-1.7222,-0.6274,0.6802,-6.43,-15.13,6.61
1791083463524,110518,-1.6958,-0.6353,0.7222,-11.82,-16.76,5.02
1791083463534,110531,-1.7139,-0.6387,0.7749,-14.76,-15.08,1.66
1791083463544,110521,-1.6973,-0.6445,0.8198,-15.08,-12.95,-0.43
1791083463554,110492,-1.6816,-0.6504,0.8472,-9.28,-3.24,-2.37
1791083463564,110455,-1.6919,-0.6689,0.7627,1.25,5.19,-2.92
1791083463574,110417,-1.6611,-0.688,0.6924,13.08,8.03,-0.72
1791083463584,110386,-1.6992,-0.6548,0.6328,14.27,0.96,3.4
1791083463594,110362,-1.668,-0.6611,0.6055,13.54,0.69,5.54
1791083463604,110347,-1.6592,-0.645,0.5913,16.55,3.65,6.61
1791083463614,110330,-1.6807,-0.626,0.5586,16.81,1.89,6.41
1791083463624,110322,-1.7129,-0.6123,0.5923,11.5,-6.35,6.92
1791083463634,110310,-1.7329,-0.623,0.6538,-0.93,-13.24,5.48
1791083463644,110326,-1.7305,-0.6245,0.6968,-9.57,-13.69,2.99
1791083463654,110333,-1.7461,-0.6392,0.7485,-12.14,-12.92,2.61
1791083463664,110329,-1.7793,-0.6338,0.8086,-12.02,-12.5,2.53
1791083463674,110332,-1.772,-0.6387,0.8291,-10.34,-11.1,2.67
1791083463684,110352,-1.7754,-0.6436,0.8042,-9.24,-9.73,0.53
1791083463694,110363,-1.7515,-0.6387,0.7764,-8.93,-8.5,0.43
1791083463704,110382,-1.7515,-0.6577,0.7471,-8.15,-7.34,0.14
1791083463714,110401,-1.7344,-0.6367,0.688,-5.86,-5.47,-0.24
1791083463724,110419,-1.7314,-0.6514,0.6514,-5.47,-5.21,-0.41
1791083463734,110436,-1.7227,-0.6514,0.6333,-3.91,-8.49,0.85
1791083463744,110449,-1.7231,-0.645,0.6523,-6.43,-10.0,1.08
1791083463754,110461,-1.729,-0.6616,0.6743,-9.33,-9.85,-0.35
1791083463764,110490,-1.7354,-0.6831,0.7261,-10.14,-9.04,-0.11
1791083463774,110494,-1.7417,-0.667,0.7808,-9.91,-6.15,-0.17
1791083463784,110474,-1.7476,-0.6714,0.792,-7.16,-1.71,-1.01
1791083463794,110398,-1.7607,-0.6597,0.8076,-4.15,-0.79,-0.99
1791083463804,110289,-1.751,-0.668,0.8018,-3.69,1.62,-1.95
1791083463814,110135,-1.7393,-0.6479,0.7534,-2.9,5.8,-3.76
1791083463824,109963,-1.7231,-0.6558,0.7368,-4.24,7.08,-4.47
1791083463834,109782,-1.7393,-0.6538,0.6899,-5.59,5.11,-3.88
1791083463844,109599,-1.7329,-0.6611,0.6519,-8.02,0.78,-2.64
1791083463854,109427,-1.7305,-0.6641,0.6602,-7.83,-2.15,-0.41
1791083463864,109292,-1.7061,-0.6499,0.6611,-5.4,-3.22,1.34
1791083463874,109177,-1.708,-0.6577,0.7041,0.49,-0.21,4.73
1791083463884,109085,-1.7329,-0.6655,0.6943,6.56,2.18,4.2
1791083463894,109037,-1.7192,-0.6538,0.7021,8.7,1.48,5.05
1791083463904,109018,-1.7324,-0.6382,0.7168,6.24,0.55,5.8
1791083463914,109018,-1.7334,-0.6372,0.708,1.88,-0.02,4.02
1791083463924,109033,-1.7437,-0.6475,0.7124,-1.31,-2.05,3.76
1791083463934,109070,-1.7461,-0.6328,0.75,-5.16,-3.57,3.21
1791083463944,109110,-1.7446,-0.6294,0.7622,-7.27,-3.54,2.23
1791083463954,109146,-1.7495,-0.6294,0.7847,-6.2,0.08,1.04
1791083463964,109194,-1.7441,-0.6538,0.7471,-4.99,1.53,2.5
1791083463974,109237,-1.7358,-0.6431,0.7285,-3.76,3.27,1.36
1791083463984,109281,-1.7256,-0.6543,0.6895,-3.19,3.86,1.48
1791083463994,109310,-1.728,-0.6602,0.6611,-2.6,2.49,2.34
1791083464004,109358,-1.7109,-0.6401,0.626,-1.28,0.92,1.4
1791083464014,109403,-1.7251,-0.6436,0.6235,-3.4,-1.16,1.37
1791083464024,109452,-1.7363,-0.6655,0.6455,-6.96,-2.49,1.15
1791083464034,109488,-1.7339,-0.6636,0.6377,-8.0,-4.6,0.52
1791083464044,109502,-1.7397,-0.6646,0.6743,-5.42,-3.98,2.35
1791083464054,109499,-1.7368,-0.6523,0.7041,-1.68,-0.44,1.95
1791083464064,109493,-1.7539,-0.6489,0.7437,0.34,1.94,0.0
1791083464074,109473,-1.7524,-0.6577,0.7539,1.97,3.65,-0.58
1791083464084,109445,-1.7554,-0.6567,0.7612,1.59,4.56,-1.73
1791083464094,109406,-1.7476,-0.6431,0.7573,-0.93,3.34,-1.92
1791083464104,109364,-1.7466,-0.6377,0.7441,-4.5,3.04,-2.63
1791083464114,109320,-1.7393,-0.645,0.7075,-5.36,0.61,-0.92
1791083464124,109267,-1.729,-0.6348,0.6807,-5.5,-0.75,-0.49
1791083464134,109240,-1.7383,-0.6499,0.6519,-5.5,-1.95,0.67
1791083464144,109214,-1.7275,-0.6621,0.5996,-3.91,-4.82,2.4
1791083464154,109199,-1.6934,-0.6406,0.6226,-7.25,-4.93,3.95
1791083464164,109182,-1.728,-0.6572,0.6465,-7.86,-7.08,4.27
1791083464174,109193,-1.7148,-0.6553,0.6675,-2.79,-5.18,3.85
1791083464184,109217,-1.7114,-0.645,0.6895,1.54,-3.24,2.98
1791083464194,109246,-1.7188,-0.6538,0.7183,5.05,-1.47,2.06
1791083464204,109293,-1.7349,-0.6528,0.7266,6.27,0.44,1.5
1791083464214,109355,-1.7368,-0.668,0.7354,4.08,3.66,0.27
1791083464224,109418,-1.7422,-0.6807,0.7339,3.05,4.15,-1.3
1791083464234,109466,-1.751,-0.666,0.7144,0.96,0.32,-1.02
1791083464244,109529,-1.7637,-0.665,0.7246,-3.4,-2.98,-0.38
1791083464254,109579,-1.7427,-0.6689,0.7114,-5.68,-3.28,-1.02
1791083464264,109623,-1.7466,-0.6665,0.709,-8.53,-1.94,-1.79
1791083464274,109642,-1.7275,-0.667,0.7217,-7.39,-0.49,-1.05
1791083464284,109694,-1.7261,-0.6724,0.6963,-1.8,2.05,-0.2
1791083464294,109717,-1.728,-0.6523,0.6987,2.37,4.38,-0.24
1791083464304,109753,-1.7349,-0.6528,0.6758,4.47,3.08,0.05
1791083464314,109785,-1.7192,-0.6504,0.6416,4.9,1.91,1.28
1791083464324,109823,-1.7139,-0.6504,0.627,3.33,0.02,2.49
1791083464334,109852,-1.7065,-0.6582,0.6289,1.69,-3.05,2.98
1791083464344,109885,-1.7065,-0.6611,0.6235,0.58,-4.37,2.78
1791083464354,109909,-1.7061,-0.6616,0.6514,0.92,-6.24,3.01
1791083464364,109920,-1.7188,-0.6406,0.6792,-2.34,-10.05,3.74
1791083464374,109948,-1.7305,-0.6455,0.7271,-9.11,-12.26,3.19
1791083464384,109978,-1.73,-0.6514,0.7339,-9.71,-11.51,2.37
1791083464394,110002,-1.7305,-0.6562,0.7446,-7.76,-8.67,1.89
1791083464404,110045,-1.7231,-0.6631,0.7075,-4.56,-2.09,1.59
1791083464414,110080,-1.7256,-0.6626,0.6919,0.81,-3.11,2.75
1791083464424,110107,-1.7427,-0.6787,0.688,2.47,-5.83,4.98
1791083464434,110124,-1.7393,-0.6606,0.6875,2.14,-6.69,5.1
1791083464444,110154,-1.7358,-0.6582,0.7021,0.58,-7.68,4.98
1791083464454,110174,-1.7393,-0.6689,0.6929,0.37,-6.15,4.41
1791083464464,110189,-1.75,-0.6626,0.7061,-1.1,-6.78,3.47
1791083464474,110173,-1.7593,-0.6704,0.7046,-1.82,-4.84,1.31
1791083464484,110112,-1.7466,-0.6709,0.7339,-0.26,-3.54,1.42
1791083464494,110001,-1.7505,-0.6538,0.7588,1.44,-0.44,0.73
1791083464504,109863,-1.7578,-0.6641,0.7583,2.12,2.02,0.14
1791083464514,109719,-1.77,-0.6509,0.7417,4.55,0.87,0.32
1791083464524,109577,-1.7627,-0.6406,0.7417,3.66,-3.24,1.66
1791083464534,109457,-1.7246,-0.6528,0.6841,2.17,-3.77,5.22
1791083464544,109348,-1.7324,-0.646,0.6851,3.1,-1.62,2.95
1791083464554,109259,-1.7021,-0.6484,0.6606,-0.06,0.98,1.33
1791083464564,109193,-1.6958,-0.646,0.5996,-2.96,-3.48,1.07
1791083464574,109160,-1.6919,-0.6646,0.6191,-5.74,-6.09,-0.55
1791083464584,109140,-1.7114,-0.6616,0.6519,-7.66,-5.22,-2.81
1791083464594,109136,-1.7197,-0.6689,0.7041,-6.53,-5.19,-2.44
1791083464604,109138,-1.7319,-0.6528,0.7534,0.18,-4.92,-1.4
1791083464614,109161,-1.7417,-0.6733,0.7646,2.23,-1.8,0.72
1791083464624,109190,-1.7202,-0.6655,0.7788,3.71,2.47,1.77
1791083464634,109227,-1.7344,-0.6631,0.751,7.5,5.48,3.3
1791083464644,109265,-1.7344,-0.6479,0.7148,5.53,3.45,4.4
1791083464654,109323,-1.7266,-0.647,0.6836,4.06,2.85,5.16
1791083464664,109374,-1.7271,-0.6528,0.6743,2.73,1.63,5.91
1791083464674,109407,-1.7271,-0.6562,0.6338,2.02,-0.7,6.11
1791083464684,109443,-1.7222,-0.6572,0.6411,2.21,-3.05,7.59
1791083464694,109483,-1.7354,-0.6558,0.6401,2.24,-5.85,7.94
1791083464704,109530,-1.7349,-0.6494,0.6548,1.77,-7.86,8.41
1791083464714,109594,-1.7539,-0.6641,0.6885,2.56,-9.79,7.65
1791083464724,109654,-1.7524,-0.6528,0.7271,6.2,-6.09,6.99
1791083464734,109706,-1.6484,-0.6699,0.7549,4.67,-2.61,3.4
1791083464744,109753,-1.8545,-0.6729,0.7407,2.5,3.22,2.72
1791083464754,109777,-1.7729,-0.6475,0.8008,3.5,1.48,2.99
1791083464764,109796,-1.771,-0.6211,0.7935,0.79,7.3,-1.48
1791083464774,109809,-1.7734,-0.6357,0.7271,-1.88,5.85,-2.55
1791083464784,109811,-1.7612,-0.6309,0.7227,-3.19,2.08,-1.71
1791083464794,109814,-1.7485,-0.644,0.709,-3.85,-1.91,-1.36
1791083464804,109819,-1.7192,-0.6377,0.686,-7.04,-6.63,-1.21
1791083464814,109827,-1.7104,-0.6313,0.6689,-8.34,-9.88,-0.35
1791083464824,109843,-1.7271,-0.6421,0.7007,-7.15,-14.26,0.76
1791083464834,109872,-1.6006,-0.6782,0.542,0.43,-9.94,-3.45
1791083464844,109899,-1.688,-0.6265,0.6714,-5.11,-3.25,2.49
1791083464854,109944,-1.6997,-0.6562,0.686,0.03,-4.06,-0.38
1791083464864,109984,-1.6987,-0.6431,0.6704,0.58,-5.16,1.47
1791083464874,110033,-1.7183,-0.6543,0.7109,6.49,-13.59,2.87
1791083464884,110108,-1.6909,-0.6396,0.6963,0.15,-9.25,3.36
1791083464894,110187,-1.7075,-0.6626,0.6978,-2.61,-11.48,1.44
1791083464904,110246,-1.709,-0.6616,0.7183,-5.08,-14.31,2.69
1791083464914,110308,-1.7007,-0.665,0.6992,-5.15,-19.01,2.76
1791083464924,110360,-1.6968,-0.6787,0.7495,0.47,-25.65,2.98
1791083464934,110447,-1.6924,-0.6675,0.7461,-0.2,-22.64,5.65
1791083464944,110544,-1.7041,-0.6689,0.7407,1.45,-18.63,4.6
1791083464954,110632,-1.7007,-0.6753,0.6997,3.92,-17.08,3.3
1791083464964,110740,-1.7021,-0.6504,0.6929,0.18,-12.34,4.06
1791083464974,110850,-1.7554,-0.6445,0.6694,-0.37,-18.43,3.63
1791083464984,110973,-1.7388,-0.6382,0.6997,1.11,-30.26,7.05
1791083464994,111104,-1.7256,-0.6309,0.7271,-1.59,-35.89,7.25
1791083465004,111217,-1.7168,-0.6479,0.6978,-4.58,-40.27,7.34
1791083465014,111324,-1.7515,-0.6519,0.7104,-2.69,-49.36,9.88
1791083465024,111454,-1.79,-0.6768,0.6987,-8.41,-57.44,17.27
1791083465034,111591,-1.6758,-0.6299,0.7935,-15.68,-62.32,13.57
1791083465044,111737,-1.7578,-0.646,0.8115,-17.05,-41.98,6.08
1791083465054,111840,-1.6577,-0.6631,0.7729,-17.73,-38.99,2.6
1791083465064,111930,-1.6885,-0.6646,0.7368,-16.14,-42.38,1.56
1791083465074,112009,-1.6904,-0.6279,0.7861,-19.47,-45.21,1.8
1791083465084,112086,-1.7812,-0.5981,0.8618,-0.85,-46.95,-1.16
1791083465094,112133,-1.7822,-0.6841,0.8174,12.85,-67.65,6.72
1791083465104,112105,-1.7129,-0.5625,0.8491,13.34,-88.67,11.69
1791083465114,112049,-1.7017,-0.5801,0.8213,0.69,-88.27,12.02
1791083465124,111988,-1.6519,-0.6284,0.8457,-6.26,-94.63,11.8
1791083465134,111871,-1.5962,-0.5498,0.6758,-21.82,-103.73,6.26
1791083465144,111712,-1.5806,-0.5874,0.686,-39.04,-116.46,5.51
1791083465154,111558,-1.6606,-0.6255,0.7881,-43.77,-128.49,5.39
1791083465164,111410,-1.5933,-0.6431,0.7539,-56.81,-133.4,3.68
1791083465174,111262,-1.5591,-0.6489,0.769,-71.54,-126.08,0.24
1791083465184,111122,-1.6104,-0.6646,0.8047,-89.37,-121.05,-5.48
1791083465194,110981,-1.5425,-0.6841,0.8682,-90.21,-115.74,-8.21
1791083465204,110838,-1.5923,-0.7178,0.9189,-92.03,-108.7,-7.77
1791083465214,110675,-1.5723,-0.7686,0.9966,-78.87,-110.5,1.01
1791083465224,110464,-1.5498,-0.7236,1.0625,-64.76,-102.34,0.73
1791083465234,110219,-1.5522,-0.7319,1.1177,-42.92,-95.4,3.07
1791083465244,109973,-1.5439,-0.7676,1.1123,-24.35,-84.69,3.88
1791083465254,109690,-1.5542,-0.7446,1.0977,-0.92,-88.7,9.92
1791083465264,109419,-1.5503,-0.7036,1.0996,8.12,-98.08,10.46
1791083465274,109178,-1.4951,-0.6958,1.0522,9.22,-95.27,11.3
1791083465284,108958,-1.5186,-0.6919,1.043,13.6,-102.34,10.82
1791083465294,108807,-1.4399,-0.541,0.9067,21.74,-96.96,4.63
1791083465304,108719,-1.4644,-0.6899,1.0786,26.12,-91.31,10.15
1791083465314,108682,-1.4961,-0.6548,1.0342,24.55,-87.18,8.47
1791083465324,108707,-1.5054,-0.6455,1.02,11.42,-83.1,6.67
1791083465334,108741,-1.4634,-0.6392,1.0039,-3.59,-85.24,2.14
1791083465344,108789,-1.5044,-0.6636,1.0278,-16.55,-89.45,2.78
1791083465354,108866,-1.4795,-0.6753,1.0225,-20.5,-95.85,2.76
1791083465364,108943,-1.4785,-0.6694,1.0493,-25.62,-104.99,4.89
1791083465374,109027,-1.4585,-0.6909,1.0488,-24.47,-111.66,5.08
1791083465384,109108,-1.4365,-0.6812,1.0562,-19.91,-113.25,3.07
1791083465394,109170,-1.415,-0.7041,1.0557,-9.13,-109.65,2.82
1791083465404,109247,-1.4116,-0.689,1.0483,7.73,-108.72,0.05
1791083465414,109340,-1.3076,-0.6553,1.124,11.8,-105.66,1.25
1791083465424,109465,-1.3145,-0.6313,1.1724,-10.69,-97.48,-0.7
1791083465434,109602,-1.3472,-0.6362,1.1802,-35.74,-88.44,-2.37
1791083465444,109735,-1.4033,-0.6499,1.1816,-48.67,-91.59,-4.43
1791083465454,109856,-1.3877,-0.6729,1.2012,-51.59,-105.53,-4.03
1791083465464,109950,-1.3535,-0.6597,1.3242,-47.59,-109.08,-1.95
1791083465474,110006,-1.3379,-0.6963,1.3364,-34.84,-110.73,-1.34
1791083465484,110020,-1.3223,-0.7231,1.3472,-17.54,-110.27,-1.37
1791083465494,110015,-1.3491,-0.7271,1.3555,-4.64,-105.27,-1.59
1791083465504,110016,-1.3521,-0.7358,1.4062,-2.61,-104.24,-2.06
1791083465514,110027,-1.3281,-0.7407,1.4365,-12.82,-102.4,-2.72
1791083465524,110023,-1.3242,-0.749,1.4683,-29.11,-90.64,-3.13
1791083465534,109991,-1.4438,-0.7627,1.4067,-41.74,-75.97,-0.37
1791083465544,109935,-1.2656,-0.7852,1.498,-42.61,-59.59,-2.73
1791083465554,109879,-1.3447,-0.7603,1.4561,-31.73,-41.97,-4.9
1791083465564,109831,-1.3374,-0.7646,1.4858,-19.94,-32.24,-2.31
1791083465574,109795,-1.3179,-0.7617,1.4814,-5.37,-23.48,-1.6
1791083465584,109769,-1.3354,-0.7764,1.4688,13.33,-19.69,-0.12
1791083465594,109768,-1.311,-0.7622,1.4653,25.33,-14.85,0.17
1791083465604,109789,-1.3101,-0.7422,1.4771,24.58,-9.48,1.16
1791083465614,109845,-1.2969,-0.7524,1.4341,19.73,-9.71,2.85
1791083465624,109905,-1.291,-0.7451,1.4131,14.17,-14.06,4.75
1791083465634,109964,-1.291,-0.7397,1.3994,7.3,-17.01,6.85
1791083465644,110035,-1.2769,-0.7383,1.4004,0.05,-15.73,6.47
1791083465654,110095,-1.2681,-0.73,1.3843,-2.96,-11.74,6.37
1791083465664,110149,-1.2617,-0.7417,1.3633,0.84,-11.51,6.93
1791083465674,110200,-1.2559,-0.7207,1.3823,5.01,-11.95,5.59
1791083465684,110278,-1.2593,-0.709,1.3789,5.89,-10.5,5.47
1791083465694,110350,-1.2915,-0.7153,1.3887,5.89,-12.66,3.95
1791083465704,110421,-1.2393,-0.7085,1.3706,10.7,-6.85,2.95
1791083465714,110476,-1.2212,-0.7178,1.3496,15.95,5.66,3.27
1791083465724,110520,-1.2515,-0.7051,1.3525,14.18,3.36,3.86
1791083465734,110551,-1.2305,-0.7148,1.3545,12.67,0.08,4.52
1791083465744,110597,-1.2319,-0.7163,1.3657,9.04,4.06,4.41
1791083465754,110628,-1.2163,-0.7036,1.3921,6.02,9.1,2.73
1791083465764,110652,-1.2129,-0.6948,1.3809,-0.61,10.26,2.44
1791083465774,110667,-1.2266,-0.709,1.3667,-4.23,13.05,0.58
1791083465784,110677,-1.2515,-0.71,1.3418,-4.31,3.02,3.65
1791083465794,110685,-1.2544,-0.686,1.3716,-1.5,-2.12,4.76
1791083465804,110700,-1.2544,-0.7036,1.3789,-1.11,-1.45,4.08
1791083465814,110718,-1.2466,-0.7271,1.3438,4.05,0.84,3.31
1791083465824,110732,-1.2554,-0.7158,1.3379,8.21,3.42,3.01
1791083465834,110741,-1.2617,-0.7109,1.3149,11.24,0.9,2.35
1791083465844,110762,-1.2505,-0.6992,1.3315,8.32,1.19,1.44
1791083465854,110790,-1.252,-0.708,1.3286,4.44,4.49,-0.82
1791083465864,110812,-1.2422,-0.7212,1.3105,0.85,1.86,-0.95
1791083465874,110821,-1.2588,-0.6987,1.334,-4.96,-0.53,-0.21
1791083465884,110847,-1.2573,-0.7056,1.3301,-9.79,-4.14,-0.41
1791083465894,110864,-1.2749,-0.707,1.3838,-13.91,-9.04,1.37
1791083465904,110859,-1.272,-0.7153,1.3911,-11.01,-13.18,1.36
1791083465914,110855,-1.2476,-0.7266,1.4067,-3.36,-17.71,3.16
1791083465924,110850,-1.2466,-0.7402,1.4053,3.45,-14.4,3.37
1791083465934,110823,-1.2622,-0.7305,1.3994,10.15,-9.48,2.32
1791083465944,110783,-1.2666,-0.7129,1.3774,12.61,-3.89,1.57
1791083465954,110707,-1.2598,-0.7104,1.3564,14.37,0.03,0.17
1791083465964,110593,-1.269,-0.7041,1.3428,16.58,2.6,0.38
1791083465974,110453,-1.2461,-0.6973,1.3511,17.24,3.86,-0.52
1791083465984,110296,-1.2549,-0.7026,1.356,15.22,-0.17,0.23
1791083465994,110136,-1.2676,-0.6943,1.3638,11.56,-7.16,1.88
1791083466004,109977,-1.2568,-0.6982,1.4092,2.53,-8.18,1.57
1791083466014,109846,-1.2607,-0.6694,1.3315,-5.11,-6.27,-0.35
1791083466024,109722,-1.2515,-0.6919,1.4053,-6.75,-8.73,4.24
1791083466034,109633,-1.2505,-0.7017,1.4165,-7.95,-11.74,4.0
1791083466044,109574,-1.2495,-0.6978,1.416,-8.6,-8.67,3.27
1791083466054,109554,-1.2451,-0.709,1.3882,-4.11,-6.23,3.51
1791083466064,109554,-1.2461,-0.7026,1.3662,1.54,-3.59,3.3
1791083466074,109575,-1.2471,-0.7139,1.3555,5.59,0.24,2.09
1791083466084,109615,-1.2529,-0.7188,1.3604,9.31,2.95,1.69
1791083466094,109674,-1.252,-0.7085,1.3608,10.44,4.95,0.9
1791083466104,109749,-1.248,-0.7065,1.3574,10.38,4.2,1.16
1791083466114,109837,-1.2397,-0.7002,1.3926,9.1,2.46,1.74
1791083466124,109922,-1.2495,-0.6831,1.4038,4.08,0.67,1.71
1791083466134,110000,-1.251,-0.6782,1.4038,-1.77,-2.96,1.54
1791083466144,110085,-1.2578,-0.6841,1.4141,-6.96,-5.73,2.6
1791083466154,110146,-1.2393,-0.6909,1.3926,-9.39,-5.92,2.78
1791083466164,110199,-1.2397,-0.6797,1.3809,-7.18,-6.89,3.01
1791083466174,110266,-1.2407,-0.6763,1.3579,-5.36,-5.6,2.55
1791083466184,110330,-1.2388,-0.6904,1.3438,-2.64,-4.4,1.73
1791083466194,110377,-1.2529,-0.6973,1.3369,-2.53,-3.6,0.84
1791083466204,110420,-1.2593,-0.6943,1.3296,-2.03,-2.82,-0.26
1791083466214,110445,-1.2642,-0.7051,1.3477,-1.31,-4.41,0.76
1791083466224,110464,-1.2583,-0.7017,1.376,0.75,-5.19,0.31
1791083466234,110466,-1.2588,-0.6899,1.4111,-1.65,-4.27,0.55
1791083466244,110444,-1.2554,-0.6958,1.4106,-4.05,-4.5,1.22
1791083466254,110407,-1.2568,-0.6929,1.4409,-4.15,-3.69,0.9
1791083466264,110349,-1.2432,-0.6978,1.4287,-3.95,-3.48,2.6
1791083466274,110299,-1.2358,-0.7026,1.4316,-1.3,-4.34,3.39
1791083466284,110244,-1.2622,-0.6978,1.4429,1.02,-0.09,2.7
1791083466294,110204,-1.2671,-0.707,1.4204,4.46,1.42,2.08
1791083466304,110180,-1.2671,-0.6992,1.4146,6.34,5.62,2.52
1791083466314,110173,-1.2559,-0.6968,1.3813,8.7,10.46,0.49
1791083466324,110179,-1.2656,-0.6851,1.3613,7.98,10.6,2.31
1791083466334,110201,-1.2744,-0.6826,1.3516,7.94,7.01,3.57
1791083466344,110240,-1.2583,-0.6909,1.3506,6.32,4.58,3.44
1791083466354,110283,-1.2573,-0.6929,1.3853,2.58,3.97,2.15
1791083466364,110337,-1.2642,-0.687,1.3799,-2.21,5.33,2.03
1791083466374,110388,-1.249,-0.6812,1.3545,0.75,3.15,1.15
1791083466384,110444,-1.2808,-0.7036,1.3599,-3.1,-9.08,1.44
1791083466394,110510,-1.2148,-0.666,1.3594,3.01,-7.18,-0.38
1791083466404,110599,-1.2432,-0.6841,1.3647,-0.17,-1.24,1.31
1791083466414,110660,-1.2417,-0.6812,1.3657,-2.6,-2.0,1.1
1791083466424,110715,-1.2729,-0.6821,1.3618,-9.31,-5.01,1.3
1791083466434,110751,-1.2437,-0.6895,1.3735,-16.5,-9.86,0.67
1791083466444,110776,-1.2349,-0.688,1.3755,-17.83,-9.22,0.23
1791083466454,110795,-1.2539,-0.6934,1.3687,-15.95,-7.98,-0.72
1791083466464,110807,-1.2446,-0.6948,1.3936,-13.68,-5.92,0.11
1791083466474,110815,-1.2622,-0.7061,1.3892,-10.69,-1.39,0.02
1791083466484,110838,-1.2642,-0.71,1.3848,-4.55,-0.2,-0.41
1791083466494,110865,-1.2529,-0.7217,1.3589,1.69,2.66,1.24
1791083466504,110899,-1.248,-0.7129,1.3521,6.32,4.49,0.96
1791083466514,110937,-1.252,-0.7021,1.373,7.07,5.62,1.05
1791083466524,110980,-1.2524,-0.6987,1.3652,3.51,3.86,0.53
1791083466534,111025,-1.2559,-0.6934,1.3921,-0.73,0.58,0.84
1791083466544,111068,-1.2476,-0.7061,1.3984,-6.96,-1.47,0.29
1791083466554,111088,-1.2354,-0.7056,1.3755,-10.75,-3.08,0.55
1791083466564,111106,-1.2676,-0.6909,1.3989,-13.4,-8.55,0.49
1791083466574,111106,-1.2573,-0.7134,1.3936,-15.48,-10.29,1.63
1791083466584,111107,-1.2573,-0.7241,1.3779,-14.67,-7.08,2.17
1791083466594,111109,-1.2485,-0.7236,1.3579,-13.27,-2.2,1.42
1791083466604,111114,-1.2568,-0.7329,1.3647,-10.66,2.96,2.17
1791083466614,111116,-1.2554,-0.7295,1.3374,-4.24,4.17,1.98
1791083466624,111122,-1.2495,-0.729,1.3521,1.53,4.05,1.45
1791083466634,111107,-1.252,-0.7251,1.3613,4.17,4.4,3.22
1791083466644,111098,-1.25,-0.7065,1.3828,4.67,2.98,3.4
1791083466654,111074,-1.2539,-0.7095,1.3921,1.31,1.59,2.35
1791083466664,111009,-1.2583,-0.7046,1.3857,0.26,-0.18,2.98
1791083466674,110899,-1.2544,-0.6787,1.3828,1.3,1.01,2.08
1791083466684,110763,-1.2471,-0.6855,1.3848,1.83,1.34,2.14
1791083466694,110605,-1.2563,-0.6802,1.3579,1.97,-0.52,2.58
1791083466704,110445,-1.2646,-0.6978,1.3481,-2.49,-0.89,2.0
1791083466714,110296,-1.2666,-0.7021,1.3701,-5.16,-1.56,1.39
1791083466724,110146,-1.2573,-0.7144,1.3501,-6.41,-1.4,0.98
1791083466734,110016,-1.2607,-0.709,1.3525,-7.92,1.07,1.28
1791083466744,109892,-1.248,-0.7075,1.3276,-5.02,0.24,0.53
1791083466754,109820,-1.2485,-0.7056,1.335,-1.53,0.23,0.31
1791083466764,109757,-1.2612,-0.6929,1.3218,-1.63,0.87,-0.24
1791083466774,109737,-1.2544,-0.6797,1.3638,-0.98,0.29,-0.6
1791083466784,109755,-1.2607,-0.6831,1.3735,-2.24,-0.85,-0.29
1791083466794,109787,-1.2603,-0.6904,1.3838,-1.98,-2.2,0.06
1791083466804,109834,-1.2529,-0.6973,1.3848,-2.96,-4.44,0.67
1791083466814,109884,-1.2505,-0.7134,1.3921,-4.5,-4.61,1.94
1791083466824,109925,-1.2471,-0.7197,1.3857,-4.17,-3.76,1.89
1791083466834,109981,-1.2397,-0.7021,1.3979,-4.23,-3.59,1.16
1791083466844,110025,-1.251,-0.709,1.3843,-4.66,-3.11,1.22
1791083466854,110070,-1.2573,-0.7075,1.3799,-4.05,-3.13,-0.6
1791083466864,110108,-1.2554,-0.7192,1.3647,-6.52,-2.38,0.15
1791083466874,110137,-1.2549,-0.7158,1.3613,-4.08,-1.65,-0.79
1791083466884,110182,-1.2554,-0.7095,1.3628,0.27,0.44,-0.79
1791083466894,110214,-1.2588,-0.708,1.3506,3.66,-0.21,-0.66
1791083466904,110246,-1.2725,-0.7144,1.3423,6.41,-1.21,-0.2
1791083466914,110273,-1.2627,-0.7124,1.3496,6.26,1.15,-0.76
1791083466924,110292,-1.2632,-0.7012,1.3374,6.35,1.79,0.49
1791083466934,110295,-1.2598,-0.7075,1.3379,2.47,-0.99,1.33
1791083466944,110286,-1.2603,-0.7012,1.3569,-1.85,-1.21,1.34
1791083466954,110277,-1.2627,-0.6934,1.3516,-4.95,-5.27,1.19
1791083466964,110243,-1.2539,-0.7051,1.377,-8.21,-10.2,0.99
1791083466974,110206,-1.2495,-0.708,1.3901,-10.58,-8.52,1.6
1791083466984,110158,-1.2563,-0.7192,1.3853,-10.49,-7.27,1.01
1791083466994,110094,-1.2646,-0.7178,1.3979,-9.47,-5.5,0.64
1791083467004,110048,-1.2622,-0.7261,1.3809,-7.11,-3.82,2.08
1791083467014,109999,-1.2559,-0.7344,1.3774,-5.51,2.2,1.79
1791083467024,109965,-1.2554,-0.7319,1.3447,-1.76,2.61,3.11
1791083467034,109964,-1.2563,-0.7275,1.3267,2.73,-1.31,3.74
1791083467044,109978,-1.252,-0.7178,1.3433,3.77,-1.47,3.36
1791083467054,110013,-1.2466,-0.7227,1.3467,1.97,-0.27,2.81
1791083467064,110054,-1.2656,-0.7168,1.3579,-1.05,0.35,2.53
1791083467074,110086,-1.2769,-0.7188,1.3628,-3.86,-0.92,2.73
1791083467084,110140,-1.2378,-0.7217,1.3936,-5.94,-2.23,1.45
1791083467094,110184,-1.2861,-0.7056,1.3867,-5.79,-3.76,2.49
1791083467104,110226,-1.2363,-0.6987,1.4277,-3.21,-2.12,2.09
1791083467114,110260,-1.2612,-0.689,1.418,-1.18,0.11,1.45
1791083467124,110283,-1.2505,-0.6958,1.3984,1.42,0.66,0.35
1791083467134,110302,-1.2539,-0.7061,1.394,0.5,1.3,0.38
1791083467144,110312,-1.2554,-0.7217,1.3535,-0.32,-1.65,0.66
1791083467154,110311,-1.2603,-0.7222,1.3569,-3.04,-3.19,1.05
1791083467164,110332,-1.2627,-0.728,1.333,-5.37,-4.08,0.66
1791083467174,110349,-1.2651,-0.7402,1.3271,-5.79,-5.53,0.9
1791083467184,110365,-1.2642,-0.728,1.3501,-4.82,-5.82,0.53
1791083467194,110369,-1.2598,-0.7266,1.3511,-3.83,-3.98,0.27
1791083467204,110372,-1.2598,-0.7251,1.3613,-2.87,-2.15,1.05
1791083467214,110375,-1.2529,-0.7158,1.3447,0.46,-2.15,0.95
1791083467224,110370,-1.252,-0.707,1.3657,3.07,-0.82,1.31
1791083467234,110372,-1.2397,-0.7065,1.3882,5.42,-0.18,1.31
1791083467244,110381,-1.2412,-0.7109,1.3779,4.87,0.64,0.98
1791083467254,110395,-1.2324,-0.6997,1.396,0.41,-0.75,0.02
1791083467264,110399,-1.2383,-0.7114,1.3677,-3.74,-2.21,-0.37
1791083467274,110395,-1.2378,-0.7114,1.3486,-7.88,-4.5,-0.14
1791083467284,110384,-1.249,-0.7168,1.3599,-12.61,-7.45,-0.31
1791083467294,110377,-1.2554,-0.731,1.3472,-13.36,-9.05,0.72
1791083467304,110361,-1.2559,-0.729,1.3447,-12.27,-10.15,1.18
1791083467314,110338,-1.2471,-0.729,1.375,-7.27,-9.76,2.4
1791083467324,110325,-1.2441,-0.7461,1.3628,0.12,-5.18,1.25
1791083467334,110314,-1.2388,-0.7412,1.3691,7.4,0.06,0.46
1791083467344,110306,-1.2441,-0.7261,1.3726,11.53,3.04,-0.95
1791083467354,110285,-1.252,-0.731,1.3618,12.49,2.85,-0.55
1791083467364,110232,-1.248,-0.7246,1.3599,10.6,1.45,-0.85
1791083467374,110128,-1.2607,-0.7168,1.3682,6.58,-1.91,0.11
1791083467384,109982,-1.2583,-0.7202,1.375,-1.73,-3.77,1.05
1791083467394,109796,-1.2769,-0.7183,1.3921,-9.79,-6.26,0.89
1791083467404,109588,-1.2593,-0.7139,1.4082,-13.39,-7.95,2.02
1791083467414,109363,-1.2432,-0.7231,1.4155,-12.17,-7.33,2.24
1791083467424,109150,-1.231,-0.707,1.4126,-9.92,-1.59,1.16
1791083467434,108967,-1.2466,-0.709,1.3857,-7.62,2.06,0.02
1791083467444,108807,-1.2378,-0.7183,1.3706,-5.6,3.1,-0.27
1791083467454,108692,-1.2402,-0.7148,1.3433,-4.43,1.48,-0.76
1791083467464,108616,-1.2471,-0.7178,1.3276,-3.83,1.24,-0.85
1791083467474,108561,-1.2593,-0.7319,1.3091,-1.36,-1.16,-0.58
1791083467484,108540,-1.2568,-0.7461,1.3247,-0.78,-5.3,1.22
1791083467494,108526,-1.2588,-0.7402,1.3516,-2.64,-4.61,2.95
1791083467504,108533,-1.2598,-0.7461,1.3774,-1.15,-5.02,4.15
1791083467514,108541,-1.2339,-0.7339,1.3896,4.29,-4.9,5.22
1791083467524,108567,-1.2354,-0.7222,1.4014,9.95,-1.18,5.05
1791083467534,108607,-1.2417,-0.7134,1.397,12.24,2.02,4.55
1791083467544,108654,-1.2407,-0.7129,1.3857,10.64,3.73,2.49
1791083467554,108708,-1.2388,-0.7061,1.3726,5.25,6.06,1.22
1791083467564,108774,-1.2681,-0.7051,1.3623,-1.89,4.17,-0.7
1791083467574,108838,-1.2588,-0.7158,1.3706,-5.57,2.44,-1.97
1791083467584,108916,-1.2612,-0.7251,1.3828,-6.7,-1.44,-0.52
1791083467594,108987,-1.2622,-0.7158,1.3887,-6.85,-1.27,-0.29
1791083467604,109052,-1.2705,-0.7241,1.3638,-2.73,-3.16,-0.02
1791083467614,109099,-1.2656,-0.7134,1.3506,2.18,-5.76,0.61
1791083467624,109125,-1.2563,-0.7114,1.3457,4.6,-2.78,0.31
1791083467634,109117,-1.2739,-0.7178,1.3398,2.56,1.07,0.14
1791083467644,109100,-1.269,-0.7183,1.3354,0.99,0.63,0.47
1791083467654,109058,-1.2549,-0.7148,1.3433,1.15,-0.38,0.78
1791083467664,109007,-1.2573,-0.7256,1.3389,-0.53,-1.34,0.89
1791083467674,108953,-1.2578,-0.7246,1.3701,-3.74,-1.31,1.28
1791083467684,108903,-1.2515,-0.7275,1.3926,-5.21,-3.57,1.36
1791083467694,108844,-1.2446,-0.7188,1.4023,-6.38,-2.85,0.6
1791083467704,108784,-1.2573,-0.7266,1.4067,-7.02,-3.31,0.5
1791083467714,108736,-1.2573,-0.7295,1.3979,-7.63,-2.56,1.18
1791083467724,108705,-1.2578,-0.731,1.4087,-4.69,-1.89,0.11
1791083467734,108687,-1.2451,-0.7354,1.376,-1.11,2.32,0.61
1791083467744,108678,-1.2593,-0.7285,1.3521,2.14,4.55,0.24
1791083467754,108698,-1.2495,-0.7256,1.3481,4.79,7.39,0.92
1791083467764,108723,-1.2563,-0.7173,1.3364,8.41,9.62,0.08
1791083467774,108763,-1.2559,-0.7217,1.334,9.83,9.92,0.84
1791083467784,108817,-1.2651,-0.7222,1.3145,10.81,6.98,0.75
1791083467794,108863,-1.2656,-0.7231,1.3325,7.27,6.6,1.63
1791083467804,108926,-1.2627,-0.7197,1.3354,2.4,1.48,2.2
1791083467814,108994,-1.2637,-0.7139,1.3618,-2.99,-1.98,1.89
1791083467824,109064,-1.2534,-0.7153,1.3726,-6.82,-4.37,2.6
1791083467834,109122,-1.2437,-0.7114,1.3901,-8.21,-6.76,1.69
1791083467844,109175,-1.2422,-0.7212,1.3887,-8.23,-5.66,0.7
1791083467854,109220,-1.2466,-0.7192,1.3823,-7.13,-3.73,-0.46
1791083467864,109252,-1.2471,-0.7227,1.3369,-6.15,-4.58,-0.84
1791083467874,109260,-1.249,-0.7324,1.3535,-7.37,-4.79,0.58
1791083467884,109282,-1.2529,-0.7354,1.3267,-7.83,-3.63,1.44
1791083467894,109301,-1.2651,-0.7314,1.3135,-6.0,-4.52,1.48
1791083467904,109314,-1.2422,-0.7451,1.3267,-1.79,-2.31,1.66
1791083467914,109336,-1.2461,-0.728,1.3418,2.32,-0.82,2.43
1791083467924,109357,-1.2646,-0.7231,1.3608,2.75,-2.7,2.69
1791083467934,109371,-1.248,-0.7207,1.3662,2.85,-0.18,2.03
1791083467944,109392,-1.2456,-0.7148,1.353,4.0,0.43,1.73
1791083467954,109417,-1.25,-0.7173,1.3716,3.24,0.55,1.08
1791083467964,109450,-1.2559,-0.7188,1.3672,0.5,0.11,1.13
1791083467974,109475,-1.2583,-0.7183,1.3916,-1.83,-4.32,1.22
1791083467984,109508,-1.2466,-0.7178,1.397,-2.38,-5.39,1.5
1791083467994,109530,-1.2476,-0.7197,1.3887,-1.92,-4.78,0.2
1791083468004,109563,-1.2495,-0.7236,1.3511,-4.55,-3.25,-0.82
1791083468014,109580,-1.2563,-0.7305,1.3228,-8.24,-3.3,0.18
1791083468024,109608,-1.2549,-0.7285,1.3135,-8.26,-4.11,-0.76
1791083468034,109631,-1.2568,-0.7358,1.3486,-7.25,-4.09,-0.95
1791083468044,109663,-1.2603,-0.7383,1.3545,-5.79,-4.26,-1.01
1791083468054,109660,-1.2578,-0.7432,1.3672,-2.12,-4.67,-0.08
1791083468064,109627,-1.248,-0.7393,1.3931,0.96,-0.87,0.52
1791083468074,109545,-1.2656,-0.73,1.4097,4.82,3.37,-0.32
1791083468084,109432,-1.2637,-0.7188,1.4038,8.24,4.34,0.96
1791083468094,109285,-1.2695,-0.7065,1.3789,6.32,1.85,1.6
1791083468104,109116,-1.2695,-0.7144,1.3687,1.56,-2.46,2.44
1791083468114,108919,-1.2598,-0.7188,1.3867,-4.82,-4.66,3.56
1791083468124,108721,-1.2686,-0.7197,1.3789,-11.63,-3.24,3.39
1791083468134,108535,-1.2485,-0.7261,1.355,-12.23,-5.01,3.66
1791083468144,108395,-1.2437,-0.7314,1.3667,-9.57,-3.98,3.34
1791083468154,108282,-1.25,-0.7305,1.3525,-4.32,-1.37,2.56
1791083468164,108218,-1.2554,-0.7295,1.356,-1.48,-1.24,1.73
1791083468174,108181,-1.2495,-0.7319,1.3613,0.75,-0.72,-0.41
1791083468184,108176,-1.2461,-0.73,1.3281,2.29,2.49,-0.08
1791083468194,108179,-1.2417,-0.73,1.3276,4.58,2.21,-0.4
1791083468204,108218,-1.2583,-0.7319,1.3242,4.37,-0.05,0.85
1791083468214,108268,-1.2407,-0.7397,1.3467,2.11,-1.91,0.87
1791083468224,108330,-1.2217,-0.7285,1.3545,0.15,0.26,1.19
1791083468234,108390,-1.2588,-0.7207,1.3906,-3.42,-1.51,2.14
1791083468244,108464,-1.252,-0.7212,1.4102,-6.26,-4.58,2.32
1791083468254,108537,-1.2466,-0.7241,1.3984,-6.09,-2.73,1.74
1791083468264,108609,-1.2344,-0.7339,1.3965,-2.31,-0.55,1.92
1791083468274,108677,-1.2461,-0.7319,1.3672,0.4,0.05,2.5
1791083468284,108753,-1.2686,-0.731,1.353,-0.69,0.47,1.44
1791083468294,108837,-1.2729,-0.7246,1.3364,-1.13,-0.47,0.21
1791083468304,108914,-1.2642,-0.728,1.3252,1.56,-2.23,-0.11
1791083468314,108971,-1.2563,-0.7295,1.3291,4.95,-0.14,-0.38
1791083468324,108994,-1.2686,-0.7358,1.332,6.26,2.47,-0.32
1791083468334,109008,-1.2695,-0.7168,1.3398,4.66,0.99,-0.63
1791083468344,109010,-1.2671,-0.7163,1.3506,2.44,-0.09,-0.15
1791083468354,109007,-1.2563,-0.7236,1.3604,2.02,-1.92,0.11
1791083468364,108980,-1.2632,-0.7173,1.3892,-3.97,-1.77,0.63
1791083468374,108951,-1.2612,-0.7222,1.3823,-6.78,-2.64,0.9
1791083468384,108902,-1.2627,-0.7178,1.4053,-8.93,-4.81,2.24
1791083468394,108853,-1.2651,-0.7266,1.3955,-8.63,-5.27,2.95
1791083468404,108811,-1.2485,-0.7417,1.3984,-4.18,-3.77,2.99
1791083468414,108780,-1.2485,-0.7441,1.3926,-0.24,-1.19,2.44
1791083468424,108758,-1.2651,-0.7397,1.3896,3.22,1.27,2.5
1791083468434,108737,-1.2539,-0.7373,1.355,5.16,2.34,1.76
1791083468444,108740,-1.248,-0.7432,1.3516,7.07,6.0,1.28
1791083468454,108753,-1.2451,-0.7305,1.3247,7.34,6.09,0.52
1791083468464,108807,-1.2544,-0.7202,1.3228,5.31,2.99,0.03
1791083468474,108855,-1.2642,-0.7217,1.3057,1.76,2.6,-0.49
1791083468484,108920,-1.2573,-0.7085,1.3213,-0.37,-1.68,-0.21
1791083468494,108980,-1.2549,-0.7178,1.3477,-3.39,-3.82,1.94
1791083468504,109037,-1.2534,-0.7251,1.3486,-3.42,-5.82,2.34
1791083468514,109070,-1.252,-0.729,1.374,-4.18,-5.63,1.86
1791083468524,109117,-1.2559,-0.7339,1.3994,-2.49,-3.82,2.24
1791083468534,109154,-1.2544,-0.7354,1.3975,0.31,-3.34,2.43
1791083468544,109196,-1.2573,-0.7271,1.3882,0.82,-2.24,2.47
1791083468554,109234,-1.2495,-0.7324,1.3721,0.15,-0.34,1.97
1791083468564,109270,-1.2437,-0.731,1.3691,-1.22,2.06,0.52
1791083468574,109315,-1.2485,-0.7378,1.3452,0.47,4.17,-0.79
1791083468584,109352,-1.2568,-0.7383,1.3237,2.58,3.07,-1.04
1791083468594,109394,-1.269,-0.7271,1.3198,1.22,0.61,-1.51
1791083468604,109446,-1.2812,-0.7402,1.3193,-1.98,-4.55,0.23
1791083468614,109471,-1.2607,-0.7373,1.3428,-4.34,-3.45,-0.05
1791083468624,109492,-1.2544,-0.7319,1.3374,-5.22,-3.36,2.18
1791083468634,109520,-1.2559,-0.7271,1.3589,-6.08,-2.64,2.53
1791083468644,109553,-1.2666,-0.7158,1.3667,-5.5,-5.1,2.24
1791083468654,109575,-1.2612,-0.7246,1.3877,-4.06,-6.44,2.27
1791083468664,109591,-1.2573,-0.7173,1.4185,-2.53,-3.74,3.45
1791083468674,109602,-1.2515,-0.7227,1.3945,1.01,-0.64,3.8
1791083468684,109618,-1.2632,-0.7197,1.3862,3.89,-2.27,4.32
1791083468694,109643,-1.2686,-0.7295,1.3545,5.85,-3.18,3.68
1791083468704,109673,-1.2539,-0.731,1.3208,4.98,-5.4,2.96
1791083468714,109695,-1.2314,-0.7402,1.314,1.73,-3.21,1.76
1791083468724,109716,-1.2437,-0.731,1.3169,-0.82,-1.44,-0.75
1791083468734,109729,-1.2354,-0.7266,1.3433,-5.48,-1.08,-0.85
1791083468744,109742,-1.2451,-0.7319,1.354,-8.27,0.67,-2.23
1791083468754,109732,-1.2588,-0.7319,1.3706,-8.64,-2.26,-1.98
1791083468764,109690,-1.2603,-0.7256,1.3955,-4.7,-4.24,-0.63
1791083468774,109607,-1.2607,-0.7197,1.4102,-0.56,-1.63,1.18
1791083468784,109449,-1.2773,-0.7246,1.4111,2.55,-0.82,3.79
1791083468794,109253,-1.2808,-0.7329,1.3921,1.5,1.6,4.84
1791083468804,109046,-1.272,-0.7251,1.3706,3.25,1.97,5.37
1791083468814,108837,-1.2495,-0.7163,1.3569,3.04,-0.73,4.98
1791083468824,108653,-1.2505,-0.7178,1.3491,2.7,-1.74,4.08
1791083468834,108482,-1.249,-0.7231,1.3335,-0.17,-2.69,1.51
1791083468844,108347,-1.2441,-0.7197,1.3354,-5.39,-3.5,-0.08
1791083468854,108243,-1.2593,-0.7207,1.3071,-9.02,-4.29,-1.05
1791083468864,108182,-1.2583,-0.7256,1.3228,-10.5,-5.33,-1.88
1791083468874,108152,-1.2568,-0.731,1.3335,-9.08,-6.76,-1.05
1791083468884,108153,-1.2544,-0.7266,1.3716,-6.87,-7.24,-0.46
1791083468894,108158,-1.2451,-0.7324,1.3833,-3.82,-5.25,0.69
1791083468904,108174,-1.252,-0.7476,1.3838,-0.15,-2.31,2.35
1791083468914,108187,-1.2505,-0.7417,1.4077,3.57,1.27,3.15
1791083468924,108241,-1.2549,-0.7251,1.3936,6.55,1.76,3.19
1791083468934,108299,-1.2432,-0.7329,1.376,7.02,2.75,3.37
1791083468944,108376,-1.249,-0.7305,1.3442,6.99,1.57,2.29
1791083468954,108448,-1.2505,-0.7183,1.3369,2.55,-0.17,2.38
1791083468964,108519,-1.2588,-0.7241,1.3525,-3.33,-1.05,1.45
1791083468974,108583,-1.2593,-0.7183,1.3354,-7.77,-5.31,0.11
1791083468984,108659,-1.2466,-0.7212,1.3506,-8.78,-4.78,-0.31
1791083468994,108723,-1.2598,-0.7358,1.3535,-7.18,-2.67,-0.81
1791083469004,108785,-1.2617,-0.731,1.3257,-2.21,-2.66,-1.36
1791083469014,108818,-1.2676,-0.7349,1.3252,0.47,-3.73,-1.13
1791083469024,108845,-1.2637,-0.7432,1.3315,0.18,-3.94,-0.21
1791083469034,108838,-1.2651,-0.7422,1.3413,-1.13,-3.79,-0.26
1791083469044,108827,-1.2466,-0.7529,1.3584,-1.74,-2.69,1.02
1791083469054,108791,-1.2441,-0.7539,1.4111,-1.48,-1.48,1.15
1791083469064,108759,-1.2554,-0.7314,1.4028,0.96,-3.68,1.71
1791083469074,108694,-1.2612,-0.7295,1.394,1.21,-4.53,1.76
1791083469084,108641,-1.2485,-0.7144,1.3774,2.44,0.92,2.11
1791083469094,108578,-1.2588,-0.7129,1.3633,6.46,3.71,2.08
1791083469104,108540,-1.2627,-0.7021,1.3574,8.43,2.79,2.29
1791083469114,108519,-1.2563,-0.7021,1.3403,8.56,2.18,1.79
1791083469124,108503,-1.2617,-0.7109,1.3545,6.7,1.31,1.5
1791083469134,108507,-1.2607,-0.7197,1.3486,4.5,-1.02,1.28
1791083469144,108525,-1.248,-0.7217,1.3452,-0.64,-3.15,2.55
1791083469154,108535,-1.2544,-0.7134,1.3413,-7.37,-5.65,2.29
1791083469164,108576,-1.2559,-0.7378,1.3306,-10.79,-10.17,2.15
1791083469174,108607,-1.2534,-0.7383,1.3418,-11.79,-10.27,2.24
1791083469184,108624,-1.2598,-0.7344,1.3491,-9.94,-8.9,2.27
1791083469194,108644,-1.27,-0.751,1.3535,-8.23,-6.85,2.76
1791083469204,108667,-1.2617,-0.7451,1.3706,-3.1,-1.82,2.55
1791083469214,108694,-1.2637,-0.7437,1.3667,4.09,1.65,1.91
1791083469224,108746,-1.2637,-0.7373,1.3696,9.88,3.1,3.05
1791083469234,108785,-1.2676,-0.7397,1.3735,14.14,5.28,3.36
1791083469244,108844,-1.2534,-0.7314,1.3677,10.87,8.0,3.34
1791083469254,108908,-1.2661,-0.7241,1.3813,7.1,5.83,3.01
1791083469264,108978,-1.25,-0.7095,1.3921,2.02,1.28,2.66
1791083469274,109053,-1.248,-0.7085,1.3516,-1.98,-1.45,1.04
1791083469284,109104,-1.2549,-0.7051,1.356,-5.42,-4.31,0.37
1791083469294,109139,-1.2568,-0.7056,1.3813,-6.05,-3.91,0.05
1791083469304,109154,-1.271,-0.7202,1.3652,-5.68,-3.02,0.06
1791083469314,109166,-1.2554,-0.7271,1.333,-4.23,-2.12,-0.32
1791083469324,109196,-1.2476,-0.7275,1.3091,0.37,-2.26,0.34
1791083469334,109230,-1.251,-0.7271,1.3193,4.72,-0.31,0.69
1791083469344,109268,-1.2476,-0.7246,1.3506,6.34,3.37,-0.26
1791083469354,109293,-1.2544,-0.7236,1.3618,5.15,6.93,-0.37
1791083469364,109320,-1.2554,-0.7285,1.3911,1.42,5.47,0.66
1791083469374,109328,-1.2549,-0.7246,1.4258,-0.5,3.51,1.05
1791083469384,109347,-1.2544,-0.7266,1.3882,0.17,3.62,1.53
1791083469394,109375,-1.2407,-0.7168,1.3545,2.46,1.56,2.08
1791083469404,109399,-1.2476,-0.7095,1.3164,2.15,-0.82,2.47
1791083469414,109447,-1.2549,-0.7178,1.2949,-1.05,-3.39,1.69
1791083469424,109486,-1.2559,-0.7168,1.2935,-4.95,-6.79,0.2
1791083469434,109514,-1.2505,-0.731,1.3076,-7.13,-6.32,-0.26
1791083469444,109526,-1.2456,-0.7388,1.3379,-6.81,-5.68,-1.94
1791083469454,109493,-1.2544,-0.7397,1.3662,-3.11,-3.22,-2.02
1791083469464,109411,-1.2437,-0.7261,1.3926,2.11,-1.79,-1.8
1791083469474,109289,-1.2383,-0.7183,1.4048,7.07,0.26,-1.57
1791083469484,109118,-1.2529,-0.7197,1.3774,10.78,0.55,-1.92
1791083469494,108914,-1.2549,-0.7041,1.3799,9.56,-0.09,0.2
1791083469504,108692,-1.2637,-0.7031,1.3579,4.64,-1.94,0.73
1791083469514,108457,-1.2676,-0.7144,1.3296,-1.27,-8.14,1.1
1791083469524,108248,-1.2612,-0.7212,1.3511,-6.37,-12.55,2.06
1791083469534,108052,-1.25,-0.7285,1.335,-9.19,-11.98,1.16
1791083469544,107884,-1.2515,-0.7339,1.3647,-9.08,-7.77,0.73
1791083469554,107765,-1.2466,-0.7354,1.3647,-5.39,-4.43,-0.02
1791083469564,107693,-1.2637,-0.7329,1.3838,-0.31,-1.27,-1.3
1791083469574,107663,-1.25,-0.7354,1.3813,6.21,3.36,-2.47
1791083469584,107677,-1.2573,-0.7349,1.3853,9.5,7.15,-1.4
1791083469594,107722,-1.2729,-0.7261,1.3447,10.85,7.66,-0.66
1791083469604,107806,-1.2681,-0.7168,1.3711,9.25,3.97,0.41
1791083469614,107915,-1.2856,-0.7153,1.373,4.34,-0.2,0.64
1791083469624,108022,-1.2759,-0.7241,1.3643,-1.3,-3.28,1.6
1791083469634,108124,-1.2681,-0.7173,1.354,-5.8,-5.15,1.22
1791083469644,108225,-1.2607,-0.7173,1.3467,-11.45,-8.99,1.3
1791083469654,108290,-1.2632,-0.7476,1.3398,-19.11,-12.03,0.98
1791083469664,108334,-1.2554,-0.7573,1.3516,-22.78,-14.73,-0.2
1791083469674,108365,-1.2397,-0.7627,1.3813,-23.95,-12.95,-0.21
1791083469684,108408,-1.2246,-0.7788,1.3823,-20.0,-10.79,-0.67
1791083469694,108431,-1.2271,-0.7671,1.3848,-12.11,-8.7,-0.52
1791083469704,108447,-1.2407,-0.7671,1.3643,-4.43,-7.37,0.9
1791083469714,108432,-1.2314,-0.7627,1.3564,2.67,-4.44,2.11
1791083469724,108408,-1.2275,-0.7451,1.3862,8.15,3.94,2.52
1791083469734,108365,-1.2339,-0.7349,1.3687,12.67,6.79,2.46
1791083469744,108308,-1.2354,-0.7036,1.356,15.02,9.48,2.27
1791083469754,108241,-1.249,-0.7021,1.3325,13.25,8.11,1.82
1791083469764,108171,-1.2397,-0.6987,1.3179,10.27,3.97,2.85
1791083469774,108093,-1.2456,-0.6973,1.3296,5.42,0.27,2.79
1791083469784,108019,-1.2607,-0.6987,1.3159,-3.16,-4.15,1.21
1791083469794,107940,-1.2603,-0.7085,1.3647,-12.38,-8.79,1.13
1791083469804,107886,-1.269,-0.7271,1.3809,-14.69,-11.98,1.05
1791083469814,107852,-1.2549,-0.7285,1.3809,-13.62,-10.61,0.43
1791083469824,107825,-1.2593,-0.73,1.3848,-10.43,-7.97,0.41
1791083469834,107809,-1.269,-0.7432,1.3955,-4.84,-4.55,0.27
1791083469844,107834,-1.2686,-0.7397,1.3896,2.52,-1.37,0.55
1791083469854,107861,-1.2607,-0.7417,1.3916,7.54,2.81,0.46
1791083469864,107918,-1.2544,-0.7354,1.3916,12.09,4.66,0.34
1791083469874,107975,-1.2583,-0.7202,1.4004,13.31,8.06,1.45
1791083469884,108037,-1.2695,-0.728,1.3677,12.44,7.59,1.44
1791083469894,108113,-1.2622,-0.7095,1.3872,9.19,2.89,1.31
1791083469904,108186,-1.2515,-0.7026,1.3643,3.57,3.33,1.45
1791083469914,108261,-1.252,-0.7065,1.3516,-0.12,-0.56,1.25
1791083469924,108330,-1.2598,-0.7119,1.3408,-3.89,-2.93,1.25
1791083469934,108395,-1.2476,-0.709,1.334,-7.4,-5.21,2.24
1791083469944,108445,-1.2402,-0.7339,1.3511,-8.66,-7.54,1.82
1791083469954,108480,-1.2466,-0.7334,1.3574,-7.07,-3.19,0.96
1791083469964,108505,-1.2432,-0.7339,1.3545,-2.93,-2.05,-0.05
1791083469974,108542,-1.2275,-0.7363,1.3457,1.48,-2.61,0.21
1791083469984,108562,-1.2261,-0.731,1.3613,2.82,-1.91,-0.73
1791083469994,108584,-1.2437,-0.7295,1.3604,0.75,-1.05,-1.15
1791083470004,108604,-1.2393,-0.7339,1.3843,-0.2,-0.14,-2.12
1791083470014,108610,-1.2378,-0.7329,1.3975,1.91,2.0,-1.5
1791083470024,108621,-1.2466,-0.7407,1.395,5.18,3.08,-1.85
1791083470034,108628,-1.2476,-0.7246,1.3813,6.12,2.63,-0.11
1791083470044,108657,-1.248,-0.7231,1.3828,4.37,5.11,0.15
1791083470054,108678,-1.2559,-0.729,1.3496,1.73,3.59,0.7
1791083470064,108710,-1.2607,-0.7188,1.3198,0.46,-0.35,2.03
1791083470074,108743,-1.252,-0.7231,1.3003,-1.5,-3.25,2.96
1791083470084,108774,-1.27,-0.7363,1.2954,-3.59,-4.2,3.42
1791083470094,108801,-1.2578,-0.75,1.2979,-4.21,-8.08,3.48
1791083470104,108817,-1.2588,-0.7495,1.312,-5.68,-11.77,3.65
1791083470114,108812,-1.2441,-0.7598,1.3569,-8.4,-10.32,3.28
1791083470124,108799,-1.2368,-0.7559,1.4067,-10.67,-5.69,1.5
1791083470134,108769,-1.2471,-0.7446,1.4106,-9.08,-4.89,1.21
1791083470144,108716,-1.2485,-0.749,1.4248,-5.97,-2.66,0.44
1791083470154,108620,-1.2461,-0.7583,1.4087,-1.1,-0.17,0.61
1791083470164,108480,-1.2505,-0.7388,1.4141,3.27,2.67,0.82
1791083470174,108308,-1.2598,-0.7393,1.3979,6.11,5.16,1.51
1791083470184,108128,-1.2666,-0.7349,1.376,6.41,5.79,2.32
1791083470194,107959,-1.2651,-0.7324,1.3413,7.39,5.8,1.86
1791083470204,107807,-1.2583,-0.7285,1.3408,7.83,4.81,2.58
1791083470214,107675,-1.2524,-0.7002,1.3296,6.79,3.69,3.15
1791083470224,107567,-1.2534,-0.7031,1.3198,2.98,3.56,2.84
1791083470234,107502,-1.2427,-0.7012,1.3081,0.09,-0.31,2.21
1791083470244,107475,-1.2383,-0.7065,1.3267,-4.66,-5.37,1.98
1791083470254,107482,-1.251,-0.7085,1.3677,-10.24,-8.09,0.49
1791083470264,107509,-1.249,-0.7227,1.3682,-13.95,-9.08,0.73
1791083470274,107533,-1.2314,-0.7251,1.4009,-13.65,-9.07,0.27
1791083470284,107573,-1.2402,-0.7319,1.4292,-10.92,-5.65,0.37
1791083470294,107620,-1.2437,-0.7212,1.4243,-6.09,-1.39,0.17
1791083470304,107697,-1.2446,-0.731,1.3892,1.37,1.1,0.99
1791083470314,107770,-1.252,-0.7104,1.3652,8.52,3.39,1.85
1791083470324,107852,-1.2563,-0.7251,1.3481,12.23,6.26,3.04
1791083470334,107937,-1.2656,-0.7192,1.3125,11.31,5.07,4.26
1791083470344,108044,-1.2725,-0.7134,1.3105,7.42,-0.6,4.63
1791083470354,108141,-1.2583,-0.7139,1.3286,0.98,-5.13,4.73
1791083470364,108245,-1.2612,-0.7231,1.3608,-2.6,-7.24,2.63
1791083470374,108313,-1.2505,-0.7114,1.3843,-4.0,-7.62,2.73
1791083470384,108354,-1.2578,-0.7202,1.4082,-4.32,-6.84,0.66
1791083470394,108378,-1.2544,-0.7231,1.3979,-5.92,-2.17,-0.34
1791083470404,108372,-1.2534,-0.7114,1.3721,-5.71,2.05,-2.49
1791083470414,108355,-1.2676,-0.7168,1.3662,-4.7,2.03,-2.78
1791083470424,108342,-1.27,-0.7266,1.3584,-5.05,1.79,-2.73
1791083470434,108303,-1.2769,-0.7344,1.3579,-3.11,1.01,-0.96
1791083470444,108272,-1.2773,-0.7334,1.3643,-0.98,1.44,0.87
1791083470454,108224,-1.2935,-0.7412,1.356,-1.51,1.39,1.95
1791083470464,108170,-1.2773,-0.7378,1.3643,-0.7,0.09,3.39
1791083470474,108125,-1.2725,-0.731,1.3745,1.77,1.62,4.63
1791083470484,108079,-1.2617,-0.7202,1.3599,3.86,3.48,4.6
1791083470494,108054,-1.2549,-0.7168,1.377,6.92,4.03,4.09
1791083470504,108045,-1.2607,-0.709,1.3828,6.69,3.68,3.34
1791083470514,108057,-1.2617,-0.7153,1.3682,3.65,2.73,1.25
1791083470524,108095,-1.2505,-0.7173,1.3501,0.66,0.9,1.19
1791083470534,108141,-1.2529,-0.729,1.3374,-3.62,-2.43,1.27
1791083470544,108198,-1.2627,-0.7285,1.3276,-9.11,-4.44,0.93
1791083470554,108256,-1.2534,-0.7344,1.3232,-10.78,-6.56,1.66
1791083470564,108300,-1.2378,-0.7349,1.3398,-9.28,-4.73,1.54
1791083470574,108340,-1.2471,-0.7368,1.3711,-1.42,-0.31,2.47
1791083470584,108391,-1.2485,-0.7378,1.3774,6.5,4.2,2.35
1791083470594,108428,-1.251,-0.728,1.3608,13.48,6.7,2.55
1791083470604,108503,-1.251,-0.7163,1.3579,16.69,8.73,2.6
1791083470614,108578,-1.248,-0.7148,1.3306,16.58,10.89,2.47
1791083470624,108669,-1.2495,-0.7051,1.3418,12.44,6.2,2.66
1791083470634,108748,-1.2686,-0.6987,1.3369,4.31,-0.4,2.6
1791083470644,108830,-1.2661,-0.7129,1.3467,-3.54,-6.02,2.08
1791083470654,108882,-1.2524,-0.7139,1.356,-9.86,-9.44,1.34
1791083470664,108907,-1.2422,-0.7173,1.3442,-11.98,-10.41,1.05
1791083470674,108911,-1.2407,-0.7134,1.3711,-12.95,-8.08,0.58
1791083470684,108904,-1.2646,-0.7256,1.3643,-12.99,-5.57,0.12
1791083470694,108916,-1.2656,-0.73,1.3628,-9.91,-5.36,-0.11
1791083470704,108937,-1.252,-0.7373,1.3696,-3.6,-2.63,0.09
1791083470714,108971,-1.252,-0.7354,1.3638,1.95,1.83,1.07
1791083470724,109007,-1.2617,-0.7231,1.3599,6.99,3.3,-0.14
1791083470734,109053,-1.269,-0.7271,1.3496,9.48,4.06,-0.17
